account_id,customer_id,credit_limit,current_balance,account_status
10000,1,2000,1226.6,Active
10001,1,15000,2678.58,Active
10002,2,15000,1323.12,Closed
10003,2,30000,5126.46,Active
10004,3,10000,3674.75,Closed
10005,3,2000,495.94,Closed
10006,4,5000,1891.53,Active
10007,5,2000,657.95,Active
10008,5,30000,24580.29,Active
10009,6,10000,1223.03,Closed
10010,7,15000,165.14,Closed
10011,7,15000,10991.88,Active
10012,7,15000,3685.75,Active
10013,8,15000,7154.38,Closed
10014,8,30000,9549.31,Active
10015,8,2000,1492.44,Closed
10016,9,15000,12401.98,Active
10017,9,5000,33.04,Active
10018,9,5000,2445.76,Closed
10019,10,2000,883.05,Active
10020,10,2000,1649.0,Closed
10021,11,2000,1689.42,Active
10022,11,10000,4044.17,Active
10023,12,20000,5077.47,Active
10024,13,15000,249.65,Active
10025,13,10000,6041.84,Active
10026,14,30000,1043.45,Closed
10027,14,5000,832.36,Active
10028,15,30000,4122.36,Closed
10029,16,10000,3281.17,Closed
10030,16,30000,17591.37,Closed
10031,17,2000,620.52,Active
10032,18,20000,18560.02,Active
10033,19,20000,18625.06,Active
10034,19,10000,8810.69,Active
10035,20,15000,318.96,Active
10036,20,30000,18607.52,Active
10037,21,2000,1507.93,Active
10038,21,10000,5848.02,Active
10039,22,2000,711.05,Closed
10040,22,5000,3613.42,Closed
10041,22,10000,7095.26,Active
10042,23,20000,12757.35,Closed
10043,23,5000,3221.49,Active
10044,24,15000,2951.69,Closed
10045,25,5000,1305.15,Closed
10046,25,20000,15014.91,Active
10047,25,2000,420.52,Active
10048,26,10000,2100.05,Active
10049,26,30000,20292.96,Closed
10050,26,20000,7994.53,Active
10051,27,15000,6777.34,Active
10052,27,10000,3235.66,Active
10053,27,15000,2162.85,Closed
10054,28,20000,13256.78,Closed
10055,29,15000,459.8,Active
10056,29,30000,13866.35,Active
10057,30,5000,3553.05,Active
10058,31,10000,7133.15,Closed
10059,31,30000,13320.33,Active
10060,32,20000,3167.95,Active
10061,32,20000,8199.09,Active
10062,32,10000,5286.18,Closed
10063,33,15000,13126.76,Active
10064,34,20000,18027.56,Active
10065,34,2000,751.92,Active
10066,35,20000,5497.63,Active
10067,36,15000,7838.5,Active
10068,36,5000,1986.35,Active
10069,36,10000,7319.75,Active
10070,37,30000,27366.82,Active
10071,37,20000,10176.91,Closed
10072,37,5000,4080.52,Closed
10073,38,10000,7848.32,Closed
10074,38,5000,4388.58,Active
10075,39,10000,31.71,Active
10076,39,15000,9350.72,Active
10077,40,20000,12408.98,Closed
10078,40,15000,2691.47,Active
10079,41,5000,658.22,Active
10080,41,20000,10841.11,Closed
10081,41,2000,617.54,Active
10082,42,20000,11884.41,Active
10083,43,2000,1411.63,Closed
10084,43,20000,9715.37,Active
10085,44,15000,5259.17,Active
10086,45,15000,13354.26,Active
10087,46,5000,1391.66,Active
10088,46,5000,2743.61,Closed
10089,47,30000,17192.6,Active
10090,48,15000,7128.06,Active
10091,49,10000,8284.81,Active
10092,49,5000,2195.51,Active
10093,49,2000,1422.36,Closed
10094,50,15000,12285.91,Active
10095,50,15000,13645.44,Active
10096,50,30000,22133.0,Active
10097,51,15000,11795.49,Active
10098,51,10000,7710.79,Active
10099,52,15000,10211.9,Closed
10100,52,15000,11220.79,Active
10101,53,10000,7200.43,Active
10102,54,5000,1740.71,Active
10103,54,5000,4336.63,Closed
10104,54,5000,1256.41,Active
10105,55,30000,2110.98,Closed
10106,55,5000,3595.66,Active
10107,55,10000,6547.34,Active
10108,56,30000,7350.77,Active
10109,56,20000,679.15,Active
10110,57,20000,5480.18,Active
10111,58,20000,6891.76,Active
10112,58,10000,8975.52,Active
10113,59,30000,8685.13,Closed
10114,59,30000,8404.07,Active
10115,59,5000,2885.38,Closed
10116,60,30000,6495.66,Active
10117,60,20000,5756.17,Active
10118,61,10000,6850.82,Closed
10119,61,15000,8813.05,Active
10120,62,30000,4442.49,Active
10121,62,20000,7112.89,Closed
10122,63,5000,4136.22,Closed
10123,63,5000,2298.99,Closed
10124,63,2000,1270.62,Active
10125,64,5000,1469.21,Active
10126,64,5000,1322.0,Active
10127,65,5000,1693.38,Closed
10128,65,20000,17341.35,Active
10129,65,30000,24103.76,Active
10130,66,5000,1726.91,Active
10131,66,15000,8926.23,Active
10132,66,20000,1276.76,Active
10133,67,15000,8075.51,Active
10134,68,10000,7574.06,Active
10135,69,30000,24439.39,Active
10136,69,30000,20445.34,Active
10137,69,2000,1860.82,Active
10138,70,10000,867.91,Active
10139,70,30000,23674.73,Active
10140,70,5000,2482.15,Active
10141,71,5000,1158.72,Closed
10142,72,2000,1020.17,Active
10143,72,10000,7505.15,Active
10144,73,15000,1658.79,Active
10145,74,5000,474.41,Active
10146,74,20000,9257.38,Active
10147,75,15000,12271.23,Active
10148,75,30000,25265.75,Active
10149,75,20000,15309.55,Closed
10150,76,10000,7168.32,Active
10151,77,30000,5031.16,Closed
10152,77,20000,5391.36,Active
10153,78,20000,4731.42,Active
10154,78,30000,15996.03,Active
10155,79,15000,1588.45,Active
10156,79,15000,92.87,Closed
10157,79,15000,2324.61,Active
10158,80,30000,8682.27,Closed
10159,80,10000,6059.89,Active
10160,81,2000,1449.42,Active
10161,82,20000,5802.29,Closed
10162,82,2000,1301.02,Active
10163,83,30000,4406.03,Active
10164,83,5000,3640.39,Active
10165,83,5000,2898.09,Active
10166,84,20000,18641.93,Closed
10167,84,30000,7677.42,Active
10168,85,10000,3522.52,Active
10169,85,10000,6903.74,Active
10170,86,10000,4040.33,Closed
10171,86,15000,80.83,Closed
10172,87,15000,5038.97,Active
10173,88,10000,185.06,Active
10174,88,5000,3144.76,Active
10175,89,10000,224.95,Closed
10176,89,15000,4641.01,Active
10177,90,20000,9555.93,Active
10178,91,2000,461.96,Active
10179,92,15000,13416.29,Closed
10180,92,2000,1484.33,Closed
10181,92,30000,27352.35,Closed
10182,93,10000,9375.83,Closed
10183,94,2000,106.62,Active
10184,95,20000,7019.53,Active
10185,95,2000,896.5,Active
10186,96,30000,11792.66,Active
10187,96,5000,2801.59,Active
10188,97,2000,832.7,Active
10189,97,20000,10385.12,Active
10190,97,20000,10089.52,Active
10191,98,2000,266.89,Active
10192,98,30000,20274.98,Active
10193,98,10000,8598.48,Closed
10194,99,5000,874.67,Closed
10195,99,5000,2188.82,Active
10196,99,5000,3218.93,Active
10197,100,20000,14205.36,Active
10198,100,5000,566.15,Closed
10199,101,15000,11486.42,Active
10200,101,20000,1145.44,Active
10201,102,20000,8306.93,Active
10202,103,10000,7506.31,Closed
10203,103,10000,5460.75,Active
10204,103,30000,2153.25,Active
10205,104,2000,1010.35,Active
10206,104,20000,17527.44,Active
10207,104,2000,1457.52,Closed
10208,105,15000,6430.86,Active
10209,105,30000,9417.24,Active
10210,106,20000,6456.38,Closed
10211,106,2000,762.79,Active
10212,106,2000,1185.01,Closed
10213,107,2000,427.94,Closed
10214,108,10000,8127.96,Active
10215,109,15000,9313.98,Active
10216,109,20000,17581.77,Active
10217,109,5000,3671.71,Active
10218,110,5000,479.26,Active
10219,110,5000,2565.36,Active
10220,111,10000,8820.42,Active
10221,111,5000,1438.92,Closed
10222,112,5000,4447.44,Active
10223,112,10000,259.32,Closed
10224,113,15000,362.29,Active
10225,114,2000,848.94,Closed
10226,114,5000,976.75,Closed
10227,115,2000,176.42,Active
10228,115,20000,17352.38,Active
10229,115,5000,3593.88,Active
10230,116,30000,17238.18,Active
10231,116,15000,2721.48,Active
10232,117,10000,4540.8,Active
10233,117,15000,230.07,Closed
10234,117,15000,5704.39,Active
10235,118,10000,8984.45,Active
10236,118,15000,13479.65,Active
10237,119,30000,2406.87,Closed
10238,120,2000,1807.49,Active
10239,120,30000,18449.75,Active
10240,121,5000,4025.22,Active
10241,122,2000,243.1,Active
10242,122,5000,3301.58,Active
10243,122,2000,1132.79,Active
10244,123,30000,8352.91,Closed
10245,123,5000,1991.39,Active
10246,123,20000,18340.7,Active
10247,124,2000,1494.46,Active
10248,124,15000,2908.1,Closed
10249,125,10000,8635.32,Active
10250,125,20000,6100.38,Active
10251,125,10000,270.72,Closed
10252,126,30000,24852.8,Closed
10253,127,20000,7163.7,Active
10254,128,2000,28.38,Active
10255,129,15000,14081.73,Active
10256,130,15000,14013.01,Closed
10257,130,5000,4070.35,Active
10258,131,15000,6690.19,Active
10259,131,5000,1533.66,Active
10260,132,30000,20414.99,Closed
10261,132,15000,10669.24,Active
10262,132,5000,1041.73,Active
10263,133,5000,3131.25,Active
10264,134,15000,4022.77,Active
10265,134,5000,1074.56,Active
10266,134,30000,18792.03,Active
10267,135,15000,9524.08,Active
10268,135,5000,1557.73,Active
10269,135,30000,4138.8,Active
10270,136,15000,9004.29,Active
10271,136,5000,68.03,Active
10272,136,5000,768.95,Active
10273,137,20000,9134.75,Active
10274,138,30000,24781.49,Closed
10275,139,5000,2152.67,Active
10276,139,20000,8357.4,Active
10277,140,20000,17553.83,Active
10278,140,5000,1212.6,Closed
10279,140,20000,8670.0,Active
10280,141,10000,7251.06,Active
10281,141,2000,1485.71,Closed
10282,141,30000,724.3,Active
10283,142,5000,4631.67,Active
10284,143,20000,13541.21,Active
10285,144,10000,4299.37,Active
10286,144,20000,3469.64,Active
10287,145,30000,6322.93,Active
10288,146,30000,21220.98,Active
10289,147,20000,9975.86,Active
10290,147,20000,4378.05,Active
10291,147,10000,1508.12,Active
10292,148,30000,24479.81,Active
10293,148,30000,4333.46,Closed
10294,148,5000,1322.5,Closed
10295,149,15000,12838.63,Closed
10296,149,15000,6669.06,Active
10297,150,10000,3.36,Active
10298,150,30000,15839.09,Active
10299,150,5000,4384.5,Active
10300,151,15000,1999.32,Closed
10301,152,5000,1858.38,Active
10302,153,15000,5571.75,Active
10303,153,5000,3963.06,Active
10304,153,5000,4575.95,Active
10305,154,15000,1759.47,Active
10306,155,15000,2029.32,Active
10307,156,2000,1209.84,Active
10308,156,20000,1949.63,Closed
10309,157,30000,12490.75,Active
10310,158,30000,17386.02,Active
10311,158,2000,1672.43,Active
10312,158,10000,9020.14,Active
10313,159,10000,1071.96,Closed
10314,159,15000,8335.94,Closed
10315,160,5000,2483.49,Active
10316,160,30000,17194.51,Active
10317,161,30000,14094.16,Closed
10318,162,2000,1212.31,Active
10319,162,30000,20874.62,Active
10320,163,20000,6247.76,Active
10321,163,10000,789.39,Active
10322,163,30000,22970.76,Active
10323,164,15000,3154.78,Closed
10324,164,30000,7573.99,Closed
10325,164,20000,11526.17,Closed
10326,165,20000,16537.48,Closed
10327,165,2000,1143.16,Active
10328,165,20000,1803.36,Active
10329,166,20000,12779.58,Closed
10330,166,15000,10235.62,Active
10331,167,30000,22461.89,Closed
10332,167,20000,16404.81,Active
10333,168,30000,21215.01,Closed
10334,168,30000,25880.32,Active
10335,169,5000,114.69,Active
10336,169,2000,555.33,Closed
10337,169,2000,1385.21,Active
10338,170,30000,9805.42,Active
10339,170,10000,4237.07,Active
10340,171,15000,9962.24,Active
10341,171,5000,994.56,Active
10342,172,15000,10734.8,Active
10343,172,15000,12207.21,Active
10344,172,10000,5855.83,Active
10345,173,10000,962.33,Active
10346,173,30000,11572.86,Closed
10347,174,5000,3593.68,Active
10348,174,10000,8131.77,Closed
10349,174,10000,3201.51,Closed
10350,175,5000,4556.71,Active
10351,175,2000,211.81,Active
10352,176,30000,18305.77,Active
10353,176,20000,10226.83,Closed
10354,176,20000,13217.09,Active
10355,177,2000,1352.16,Closed
10356,178,5000,3400.47,Active
10357,178,15000,1895.71,Closed
10358,179,30000,23215.33,Active
10359,180,20000,18444.16,Active
10360,180,5000,2102.05,Active
10361,180,5000,2602.94,Active
10362,181,15000,3198.68,Active
10363,182,5000,2091.69,Active
10364,183,2000,563.91,Active
10365,184,15000,11940.51,Closed
10366,184,20000,10473.3,Active
10367,184,15000,2651.33,Closed
10368,185,20000,16883.48,Closed
10369,185,30000,7452.53,Active
10370,185,10000,4097.49,Active
10371,186,10000,5133.51,Active
10372,187,5000,1527.9,Active
10373,187,20000,11000.21,Active
10374,187,20000,13458.72,Active
10375,188,20000,4328.66,Active
10376,189,30000,18381.53,Active
10377,189,15000,3835.15,Active
10378,189,15000,8817.98,Closed
10379,190,15000,921.37,Active
10380,190,2000,1063.92,Active
10381,190,10000,4527.95,Active
10382,191,30000,10100.75,Active
10383,192,10000,8999.84,Active
10384,192,30000,17035.55,Closed
10385,192,30000,21784.41,Active
10386,193,5000,3143.55,Active
10387,193,20000,13246.91,Active
10388,194,5000,2706.82,Closed
10389,194,5000,3639.93,Active
10390,195,20000,1006.45,Active
10391,196,2000,1471.78,Active
10392,196,20000,1208.95,Closed
10393,196,30000,4594.41,Active
10394,197,20000,14700.95,Active
10395,198,2000,1233.87,Closed
10396,199,2000,630.4,Active
10397,199,15000,8179.54,Closed
10398,199,15000,5433.39,Closed
10399,200,10000,1738.4,Active
10400,201,5000,3359.5,Active
10401,201,15000,1292.97,Active
10402,202,5000,1076.54,Active
10403,202,10000,4291.41,Active
10404,203,10000,193.81,Active
10405,203,20000,1123.78,Active
10406,203,2000,320.17,Active
10407,204,10000,3655.16,Active
10408,205,20000,7121.88,Active
10409,205,5000,895.29,Closed
10410,205,5000,2542.27,Active
10411,206,30000,26009.52,Active
10412,207,5000,4234.32,Active
10413,207,20000,2828.15,Closed
10414,207,2000,1181.96,Active
10415,208,10000,1023.86,Active
10416,208,20000,9851.29,Active
10417,209,5000,2866.64,Active
10418,209,15000,13232.64,Closed
10419,210,2000,1270.54,Active
10420,210,10000,2339.11,Active
10421,211,15000,2683.85,Closed
10422,212,10000,556.93,Closed
10423,213,30000,21506.43,Active
10424,213,20000,1728.12,Active
10425,213,20000,10696.94,Closed
10426,214,30000,5726.56,Active
10427,214,5000,2127.55,Active
10428,214,10000,8970.35,Closed
10429,215,15000,5373.2,Closed
10430,215,2000,933.35,Active
10431,216,15000,8687.7,Active
10432,216,15000,14140.09,Active
10433,216,30000,19918.7,Active
10434,217,2000,583.53,Active
10435,218,10000,7022.94,Active
10436,218,2000,1836.86,Closed
10437,218,5000,1670.89,Active
10438,219,15000,10524.2,Active
10439,219,20000,7045.65,Active
10440,219,5000,468.59,Active
10441,220,30000,9128.85,Active
10442,221,5000,2712.94,Active
10443,221,2000,1751.96,Active
10444,222,2000,1756.19,Active
10445,222,5000,3133.07,Active
10446,222,5000,4688.66,Active
10447,223,15000,637.78,Active
10448,223,20000,4677.29,Active
10449,224,30000,16260.38,Active
10450,224,5000,4466.3,Active
10451,225,30000,291.48,Closed
10452,225,15000,3962.74,Active
10453,226,10000,5701.23,Closed
10454,226,2000,1322.4,Closed
10455,227,30000,19650.73,Active
10456,228,2000,219.03,Closed
10457,228,2000,348.38,Active
10458,228,5000,4481.64,Active
10459,229,30000,26522.65,Closed
10460,229,10000,5094.47,Active
10461,229,20000,4968.48,Active
10462,230,5000,4513.49,Closed
10463,230,5000,603.8,Active
10464,231,15000,1558.15,Active
10465,231,2000,1582.88,Active
10466,232,30000,22982.66,Active
10467,233,20000,7047.14,Active
10468,233,15000,8507.27,Active
10469,234,20000,14569.01,Active
10470,234,5000,3443.32,Active
10471,234,20000,270.01,Active
10472,235,10000,8757.48,Active
10473,235,15000,2859.25,Active
10474,236,15000,2181.64,Active
10475,236,20000,1209.34,Active
10476,237,5000,1595.47,Closed
10477,237,2000,1655.54,Active
10478,237,5000,2857.89,Active
10479,238,5000,680.98,Active
10480,238,2000,211.6,Active
10481,238,15000,7382.17,Active
10482,239,30000,4842.58,Active
10483,239,10000,365.09,Active
10484,239,30000,6659.37,Closed
10485,240,20000,1109.93,Closed
10486,241,2000,1628.31,Active
10487,241,20000,10366.07,Active
10488,241,30000,23483.95,Closed
10489,242,30000,11002.56,Closed
10490,242,15000,12970.94,Active
10491,242,30000,13981.03,Active
10492,243,30000,12967.05,Active
10493,243,15000,7644.48,Active
10494,244,5000,1362.6,Active
10495,245,10000,8378.41,Active
10496,245,30000,596.71,Active
10497,246,2000,873.87,Active
10498,247,5000,3990.64,Active
10499,247,5000,4473.94,Closed
10500,248,15000,10451.65,Closed
10501,248,15000,6605.12,Active
10502,249,30000,11368.17,Active
10503,249,5000,1030.56,Active
10504,250,5000,4503.02,Active
10505,250,15000,7811.93,Closed
10506,250,10000,6118.0,Active
10507,251,5000,2233.6,Closed
10508,251,10000,8594.42,Closed
10509,252,5000,1031.6,Active
10510,253,15000,13353.99,Closed
10511,253,5000,4480.2,Active
10512,253,30000,5883.92,Active
10513,254,30000,19397.96,Active
10514,254,30000,11453.48,Active
10515,255,15000,4509.99,Active
10516,256,5000,3622.45,Closed
10517,256,10000,5798.4,Active
10518,256,30000,2766.34,Active
10519,257,2000,16.47,Active
10520,258,2000,595.26,Active
10521,258,5000,3532.03,Active
10522,259,2000,689.59,Active
10523,259,20000,17185.79,Closed
10524,260,10000,6684.23,Active
10525,260,10000,964.25,Active
10526,261,5000,1972.13,Closed
10527,262,20000,10494.1,Closed
10528,263,10000,6554.66,Active
10529,263,2000,1261.35,Active
10530,263,15000,1383.23,Active
10531,264,15000,6737.59,Closed
10532,265,2000,1113.73,Active
10533,266,20000,10866.29,Closed
10534,266,2000,1843.56,Active
10535,267,2000,1684.33,Active
10536,267,5000,640.98,Active
10537,268,15000,13063.89,Active
10538,268,30000,5618.26,Active
10539,268,10000,6758.38,Active
10540,269,20000,18687.85,Closed
10541,269,2000,1181.54,Closed
10542,270,10000,8086.9,Active
10543,271,10000,9329.35,Active
10544,271,15000,4539.59,Active
10545,271,2000,1233.87,Active
10546,272,15000,14195.19,Active
10547,272,2000,518.39,Closed
10548,273,2000,632.55,Active
10549,273,5000,4142.19,Active
10550,273,30000,16349.1,Active
10551,274,5000,4296.54,Closed
10552,274,15000,512.76,Active
10553,275,15000,4782.8,Closed
10554,275,15000,10078.75,Active
10555,275,10000,6831.61,Active
10556,276,10000,2533.39,Closed
10557,276,30000,2416.67,Active
10558,277,2000,43.71,Active
10559,277,2000,461.63,Active
10560,277,10000,617.11,Active
10561,278,2000,18.33,Active
10562,279,10000,8266.52,Active
10563,279,5000,2768.09,Closed
10564,279,30000,24891.94,Active
10565,280,2000,106.72,Active
10566,280,5000,4360.51,Active
10567,280,5000,435.59,Active
10568,281,15000,11280.2,Active
10569,282,2000,1362.26,Closed
10570,283,30000,15086.0,Closed
10571,283,5000,3364.13,Closed
10572,284,30000,5302.85,Active
10573,284,30000,19270.54,Active
10574,284,15000,2635.22,Active
10575,285,5000,4627.4,Active
10576,286,20000,10933.25,Active
10577,287,2000,1335.45,Active
10578,287,5000,888.48,Active
10579,287,5000,771.51,Active
10580,288,15000,7219.83,Active
10581,288,5000,2025.99,Active
10582,288,30000,6861.96,Active
10583,289,30000,7172.54,Active
10584,289,2000,117.08,Closed
10585,289,10000,8575.59,Active
10586,290,15000,1139.31,Closed
10587,290,2000,1856.62,Active
10588,290,10000,5587.32,Active
10589,291,30000,17256.95,Active
10590,291,20000,4986.31,Active
10591,291,15000,5103.1,Closed
10592,292,15000,4278.52,Closed
10593,292,10000,5186.21,Active
10594,293,20000,3240.51,Active
10595,294,15000,12539.64,Active
10596,294,15000,6606.64,Closed
10597,295,5000,674.89,Closed
10598,295,15000,13532.29,Active
10599,296,15000,14104.11,Active
10600,296,15000,5211.37,Closed
10601,297,5000,717.43,Active
10602,297,5000,450.52,Closed
10603,297,15000,2136.07,Active
10604,298,2000,944.91,Active
10605,299,20000,5275.72,Active
10606,299,15000,8647.26,Closed
10607,300,15000,13499.47,Active
10608,300,15000,13809.67,Active
10609,301,2000,127.12,Active
10610,301,30000,13585.96,Active
10611,302,5000,2464.12,Closed
10612,303,15000,6989.72,Active
10613,304,5000,1608.26,Active
10614,304,30000,17626.69,Active
10615,304,20000,2459.13,Active
10616,305,30000,10640.61,Active
10617,305,10000,5370.61,Closed
10618,306,2000,849.45,Closed
10619,307,5000,4486.74,Active
10620,308,30000,26098.53,Closed
10621,308,10000,5272.46,Active
10622,309,5000,4283.82,Active
10623,309,30000,16309.84,Active
10624,309,30000,16895.79,Active
10625,310,15000,8027.0,Active
10626,311,20000,16733.84,Closed
10627,311,5000,2962.13,Active
10628,312,15000,6593.32,Active
10629,312,2000,854.02,Active
10630,312,10000,6763.12,Active
10631,313,15000,3513.85,Active
10632,314,10000,7835.95,Closed
10633,314,20000,2776.28,Active
10634,315,15000,14040.31,Active
10635,315,30000,5363.56,Active
10636,316,30000,1726.04,Active
10637,316,20000,15178.12,Active
10638,317,15000,6027.63,Active
10639,318,10000,1940.28,Active
10640,318,2000,54.76,Closed
10641,319,10000,4416.93,Active
10642,320,30000,10887.55,Active
10643,320,20000,8438.65,Active
10644,321,10000,4331.46,Active
10645,322,20000,8613.34,Active
10646,322,20000,2442.18,Active
10647,322,2000,99.6,Active
10648,323,15000,5255.71,Active
10649,323,30000,10688.33,Active
10650,323,30000,12376.4,Active
10651,324,5000,1551.4,Active
10652,324,30000,8062.9,Active
10653,325,2000,1373.28,Active
10654,325,15000,910.26,Active
10655,325,5000,719.96,Active
10656,326,5000,436.33,Active
10657,326,10000,3212.5,Closed
10658,326,10000,7133.08,Closed
10659,327,20000,1180.86,Closed
10660,327,30000,22507.27,Active
10661,328,2000,1547.29,Closed
10662,328,5000,547.43,Active
10663,328,5000,1136.51,Active
10664,329,30000,24022.46,Active
10665,330,2000,80.13,Active
10666,330,5000,4533.5,Active
10667,331,10000,3068.03,Closed
10668,331,2000,969.47,Active
10669,331,15000,335.06,Closed
10670,332,2000,76.25,Active
10671,332,5000,1090.15,Closed
10672,332,2000,663.82,Active
10673,333,10000,4836.91,Active
10674,333,15000,3032.09,Active
10675,333,30000,21211.24,Active
10676,334,20000,7111.71,Closed
10677,334,5000,3965.41,Active
10678,335,5000,1553.53,Active
10679,335,15000,1698.14,Active
10680,336,2000,846.53,Closed
10681,336,5000,877.95,Active
10682,337,2000,1411.35,Active
10683,337,5000,3608.86,Active
10684,338,30000,6108.76,Active
10685,338,10000,4405.91,Active
10686,338,20000,16913.92,Active
10687,339,20000,452.44,Active
10688,340,5000,4086.7,Active
10689,341,30000,11074.29,Active
10690,341,15000,14025.27,Active
10691,342,15000,7991.83,Active
10692,342,30000,24434.73,Active
10693,343,20000,2037.97,Active
10694,344,20000,950.53,Active
10695,345,2000,576.55,Closed
10696,345,30000,16191.16,Active
10697,346,2000,699.29,Active
10698,347,30000,24978.67,Active
10699,347,10000,3966.13,Active
10700,348,2000,1707.19,Active
10701,348,5000,1247.95,Active
10702,349,30000,21211.43,Active
10703,350,5000,68.13,Active
10704,350,30000,6691.88,Active
10705,351,2000,1335.47,Closed
10706,351,2000,1389.72,Active
10707,352,2000,755.32,Closed
10708,353,2000,945.1,Closed
10709,354,5000,4621.31,Active
10710,354,30000,1795.79,Active
10711,355,10000,6829.27,Active
10712,355,10000,231.92,Active
10713,355,5000,1115.39,Closed
10714,356,30000,1257.51,Closed
10715,357,30000,13923.04,Active
10716,357,30000,24181.01,Active
10717,357,10000,3458.33,Active
10718,358,15000,7760.42,Active
10719,358,30000,25701.9,Active
10720,359,30000,18220.45,Closed
10721,359,5000,2756.01,Active
10722,360,10000,7289.48,Active
10723,360,30000,21422.29,Closed
10724,361,20000,7748.69,Closed
10725,361,2000,1144.09,Active
10726,361,10000,8784.83,Closed
10727,362,20000,16374.2,Active
10728,362,2000,652.56,Active
10729,363,10000,5132.0,Active
10730,363,20000,2650.9,Active
10731,363,30000,11295.98,Closed
10732,364,20000,10335.94,Active
10733,365,2000,483.96,Active
10734,365,30000,6463.3,Active
10735,365,15000,1666.13,Active
10736,366,15000,7454.47,Closed
10737,366,5000,2740.84,Closed
10738,366,30000,21419.62,Active
10739,367,30000,18351.21,Active
10740,368,5000,3401.96,Active
10741,368,15000,2057.07,Active
10742,368,30000,27078.15,Active
10743,369,10000,7839.7,Active
10744,369,5000,111.65,Active
10745,370,2000,393.47,Active
10746,370,2000,481.52,Active
10747,371,10000,6285.06,Active
10748,371,30000,17030.48,Active
10749,372,10000,1980.26,Closed
10750,372,20000,11204.13,Closed
10751,373,20000,11273.39,Closed
10752,373,2000,949.99,Active
10753,373,2000,485.99,Closed
10754,374,20000,14625.96,Closed
10755,374,30000,16733.05,Active
10756,375,15000,14173.6,Closed
10757,375,2000,1829.26,Active
10758,375,15000,3593.23,Active
10759,376,5000,3440.32,Active
10760,377,15000,10673.99,Active
10761,377,20000,18696.0,Active
10762,378,10000,5249.94,Closed
10763,378,5000,2915.16,Active
10764,379,30000,3658.95,Active
10765,380,15000,984.67,Active
10766,380,15000,3915.06,Closed
10767,380,20000,12420.34,Active
10768,381,20000,2235.7,Closed
10769,381,5000,4285.74,Active
10770,382,2000,551.54,Active
10771,383,2000,1304.93,Active
10772,383,5000,2290.19,Active
10773,384,15000,11054.3,Active
10774,385,2000,574.33,Active
10775,385,10000,8222.87,Closed
10776,386,30000,12672.99,Active
10777,387,5000,661.23,Active
10778,388,15000,5225.13,Closed
10779,388,2000,1345.98,Active
10780,389,20000,2020.23,Closed
10781,389,2000,529.91,Closed
10782,389,2000,123.83,Active
10783,390,10000,4508.94,Active
10784,390,5000,574.8,Active
10785,390,2000,1083.8,Active
10786,391,30000,28400.83,Active
10787,391,20000,4997.13,Active
10788,392,5000,2765.07,Active
10789,392,20000,755.36,Active
10790,392,5000,1426.63,Closed
10791,393,10000,569.94,Active
10792,394,20000,12652.31,Active
10793,395,5000,1517.76,Active
10794,395,15000,11417.46,Active
10795,396,15000,6815.42,Active
10796,396,2000,327.59,Active
10797,396,5000,3168.64,Active
10798,397,15000,7315.73,Active
10799,398,5000,1173.57,Closed
10800,398,30000,10309.09,Active
10801,398,10000,3860.72,Closed
10802,399,10000,7416.0,Active
10803,400,30000,20705.11,Active
10804,401,15000,8641.72,Active
10805,401,30000,25863.98,Closed
10806,402,20000,16886.14,Active
10807,402,5000,2845.15,Active
10808,402,15000,11016.66,Closed
10809,403,2000,792.9,Active
10810,403,30000,25412.04,Active
10811,403,30000,1138.53,Active
10812,404,10000,4412.82,Active
10813,404,10000,7945.08,Active
10814,405,15000,7288.02,Closed
10815,405,30000,16802.49,Active
10816,406,10000,864.38,Closed
10817,406,10000,5061.02,Active
10818,407,30000,7644.03,Active
10819,407,10000,5647.12,Active
10820,408,10000,8618.57,Active
10821,408,10000,9237.24,Active
10822,409,20000,12845.9,Active
10823,409,10000,5678.72,Active
10824,410,5000,3810.66,Active
10825,410,5000,3263.74,Active
10826,410,30000,15469.11,Active
10827,411,15000,8289.92,Active
10828,412,30000,20598.16,Active
10829,413,5000,977.24,Active
10830,413,5000,4214.55,Closed
10831,413,10000,2333.52,Closed
10832,414,10000,8858.6,Closed
10833,414,20000,6486.59,Active
10834,414,20000,1368.95,Active
10835,415,20000,18693.48,Active
10836,415,2000,358.96,Active
10837,416,15000,13320.2,Active
10838,416,20000,10781.62,Active
10839,417,2000,1865.0,Closed
10840,417,20000,2053.5,Closed
10841,418,10000,1134.73,Active
10842,418,2000,686.54,Active
10843,419,2000,526.98,Active
10844,420,2000,1758.92,Closed
10845,421,2000,1693.49,Active
10846,422,2000,641.45,Active
10847,423,15000,3429.69,Active
10848,423,20000,11469.56,Active
10849,424,10000,7987.3,Active
10850,424,2000,1052.05,Active
10851,424,5000,816.25,Closed
10852,425,20000,11709.64,Active
10853,426,20000,14068.67,Active
10854,427,2000,181.8,Closed
10855,427,5000,1149.62,Active
10856,428,5000,1327.49,Active
10857,429,30000,8792.09,Closed
10858,430,5000,1102.86,Active
10859,430,15000,10152.06,Closed
10860,431,30000,25311.37,Closed
10861,432,20000,14536.06,Active
10862,433,15000,6222.27,Active
10863,433,10000,196.8,Closed
10864,433,15000,8643.39,Active
10865,434,30000,2204.67,Closed
10866,435,15000,2951.62,Active
10867,436,15000,3906.52,Active
10868,436,5000,1802.36,Closed
10869,437,30000,26655.07,Active
10870,438,30000,1843.81,Active
10871,438,15000,8146.11,Active
10872,438,15000,292.04,Closed
10873,439,15000,12955.93,Active
10874,439,15000,3632.69,Active
10875,439,10000,3482.65,Active
10876,440,5000,800.57,Active
10877,440,2000,1860.41,Active
10878,441,5000,427.37,Active
10879,442,20000,13210.94,Active
10880,443,2000,997.98,Active
10881,443,15000,2123.67,Active
10882,444,10000,8274.58,Active
10883,444,5000,1944.96,Active
10884,445,2000,440.45,Active
10885,445,20000,990.78,Active
10886,445,10000,5205.42,Closed
10887,446,5000,81.61,Active
10888,447,30000,2195.85,Active
10889,447,10000,7764.25,Active
10890,447,20000,2358.61,Closed
10891,448,10000,6870.48,Active
10892,448,20000,17710.85,Active
10893,448,2000,618.41,Active
10894,449,20000,15452.81,Active
10895,449,15000,1923.02,Active
10896,450,5000,4021.05,Active
10897,450,20000,15851.32,Active
10898,451,5000,2160.98,Active
10899,451,30000,7074.12,Active
10900,452,15000,1936.64,Active
10901,453,20000,15177.92,Closed
10902,453,20000,10287.91,Closed
10903,454,15000,13709.99,Active
10904,454,20000,10971.97,Closed
10905,454,10000,4972.97,Closed
10906,455,20000,16300.61,Active
10907,456,5000,348.73,Active
10908,457,2000,1148.35,Closed
10909,457,15000,5357.21,Active
10910,458,10000,4628.61,Active
10911,459,15000,11044.78,Active
10912,460,20000,15019.96,Active
10913,460,30000,22622.17,Closed
10914,461,5000,77.8,Active
10915,462,10000,4624.37,Closed
10916,462,30000,13258.33,Active
10917,463,5000,1975.05,Active
10918,463,5000,4501.7,Active
10919,464,10000,504.63,Closed
10920,464,15000,12640.41,Closed
10921,465,20000,5585.07,Closed
10922,466,15000,965.52,Active
10923,467,10000,8758.86,Active
10924,468,2000,277.28,Active
10925,469,2000,968.06,Active
10926,470,15000,5748.62,Closed
10927,471,20000,6204.35,Active
10928,471,2000,1522.33,Active
10929,472,15000,6176.07,Active
10930,472,30000,22210.27,Active
10931,473,15000,4704.67,Closed
10932,474,30000,18103.33,Active
10933,474,5000,3620.02,Active
10934,474,2000,1172.06,Active
10935,475,5000,198.99,Active
10936,475,2000,1811.76,Active
10937,476,20000,3679.62,Active
10938,476,15000,7795.55,Active
10939,477,2000,1882.95,Active
10940,478,10000,6908.76,Active
10941,479,15000,13040.66,Active
10942,480,15000,1627.88,Closed
10943,480,10000,5859.58,Active
10944,480,15000,13618.28,Active
10945,481,20000,10410.58,Active
10946,481,30000,18950.83,Active
10947,481,30000,19435.78,Active
10948,482,5000,1074.44,Active
10949,482,15000,6888.39,Active
10950,482,20000,5710.81,Closed
10951,483,20000,5706.51,Active
10952,484,5000,2636.32,Active
10953,485,15000,12898.74,Active
10954,486,20000,9611.03,Closed
10955,486,30000,11395.75,Active
10956,486,10000,770.73,Active
10957,487,15000,13516.01,Active
10958,487,10000,8798.18,Active
10959,487,15000,5784.43,Closed
10960,488,15000,6742.73,Active
10961,489,10000,1123.15,Active
10962,489,15000,12527.26,Closed
10963,490,20000,4066.54,Closed
10964,490,5000,1360.72,Active
10965,491,5000,2840.42,Closed
10966,491,2000,191.25,Active
10967,492,2000,285.09,Closed
10968,492,15000,12776.28,Active
10969,492,2000,3.97,Active
10970,493,5000,1384.26,Active
10971,494,30000,26165.38,Active
10972,494,30000,16301.92,Active
10973,494,5000,4241.18,Active
10974,495,2000,1893.0,Active
10975,496,20000,4.05,Active
10976,497,15000,11744.72,Closed
10977,498,10000,5637.02,Active
10978,499,10000,1316.85,Closed
10979,499,20000,16195.51,Active
10980,499,30000,22118.14,Active
10981,500,20000,4252.05,Active
10982,500,2000,747.45,Active
10983,501,5000,3300.82,Closed
10984,501,10000,9041.19,Active
10985,501,10000,6208.15,Closed
10986,502,5000,3772.72,Active
10987,502,30000,9308.38,Active
10988,503,5000,3340.36,Active
10989,503,2000,111.62,Active
10990,504,2000,1896.63,Active
10991,505,30000,2093.1,Active
10992,506,10000,5503.07,Closed
10993,506,15000,5840.8,Active
10994,506,30000,5978.5,Closed
10995,507,2000,692.0,Closed
10996,507,5000,1639.16,Active
10997,507,2000,1598.13,Active
10998,508,5000,3859.46,Closed
10999,508,30000,27546.75,Active
11000,509,5000,3874.96,Closed
11001,509,30000,8971.47,Active
11002,510,5000,4532.88,Closed
11003,511,15000,12476.17,Active
11004,512,2000,1680.02,Active
11005,513,20000,9411.8,Active
11006,513,5000,3423.73,Closed
11007,513,2000,1464.63,Active
11008,514,10000,7601.98,Active
11009,514,10000,26.0,Closed
11010,514,20000,3832.55,Active
11011,515,30000,18771.97,Active
11012,515,20000,7423.11,Active
11013,516,30000,22807.96,Closed
11014,516,30000,16842.79,Active
11015,517,15000,634.32,Active
11016,517,2000,773.94,Active
11017,517,15000,11821.13,Closed
11018,518,20000,10866.06,Active
11019,518,20000,4235.09,Active
11020,519,30000,24286.69,Active
11021,519,30000,25774.84,Active
11022,520,10000,40.71,Active
11023,520,2000,421.42,Closed
11024,521,15000,32.07,Active
11025,522,10000,5084.95,Closed
11026,523,20000,16502.37,Active
11027,524,30000,1459.08,Active
11028,524,20000,12564.48,Active
11029,524,2000,1624.94,Closed
11030,525,30000,9364.74,Active
11031,525,2000,1301.66,Active
11032,525,10000,6145.01,Closed
11033,526,2000,246.77,Active
11034,527,30000,8331.02,Active
11035,528,5000,4303.28,Active
11036,528,30000,4671.36,Active
11037,529,10000,9479.91,Active
11038,529,2000,1867.35,Active
11039,530,5000,313.42,Active
11040,531,2000,1453.31,Active
11041,532,20000,14554.0,Closed
11042,533,2000,914.36,Active
11043,533,2000,676.89,Active
11044,533,10000,1675.79,Active
11045,534,10000,6890.49,Active
11046,534,2000,308.36,Active
11047,534,5000,2479.91,Active
11048,535,30000,10014.4,Active
11049,535,15000,11295.48,Closed
11050,536,20000,14741.38,Closed
11051,537,5000,903.18,Closed
11052,538,30000,19874.61,Active
11053,538,30000,26613.19,Closed
11054,538,20000,14645.94,Closed
11055,539,30000,10512.82,Active
11056,539,2000,860.53,Active
11057,540,10000,162.65,Active
11058,540,30000,9653.68,Active
11059,540,10000,8189.07,Active
11060,541,2000,1129.83,Active
11061,542,5000,2248.79,Active
11062,542,2000,1187.4,Active
11063,542,30000,9036.41,Active
11064,543,15000,4181.68,Active
11065,543,2000,1784.19,Active
11066,543,30000,7361.02,Closed
11067,544,10000,3229.44,Closed
11068,545,20000,6911.92,Closed
11069,546,30000,8544.87,Active
11070,546,2000,1864.38,Active
11071,547,30000,2652.67,Active
11072,548,20000,11391.37,Active
11073,548,10000,1077.05,Active
11074,548,10000,3023.96,Active
11075,549,20000,4033.9,Active
11076,550,2000,525.38,Active
11077,551,20000,17768.98,Active
11078,551,20000,12500.09,Active
11079,551,15000,10720.3,Active
11080,552,15000,1324.79,Active
11081,552,10000,7040.4,Active
11082,553,2000,1803.07,Active
11083,554,15000,605.98,Active
11084,555,20000,2030.93,Active
11085,555,20000,17853.49,Active
11086,556,10000,1599.61,Active
11087,557,2000,893.6,Active
11088,557,5000,3504.84,Active
11089,557,15000,75.33,Active
11090,558,30000,22123.48,Active
11091,558,15000,7802.78,Active
11092,558,15000,3006.86,Closed
11093,559,20000,5561.42,Active
11094,560,20000,7819.32,Active
11095,560,10000,2365.79,Active
11096,561,15000,3633.74,Closed
11097,561,2000,1857.85,Closed
11098,561,20000,3632.13,Active
11099,562,5000,2738.93,Active
11100,562,30000,7090.23,Active
11101,562,5000,4741.19,Active
11102,563,2000,1299.73,Active
11103,563,5000,1313.61,Active
11104,563,20000,53.54,Active
11105,564,2000,1576.94,Active
11106,564,15000,1524.09,Active
11107,564,15000,2057.47,Active
11108,565,10000,9283.88,Closed
11109,565,30000,14787.68,Active
11110,566,30000,5744.14,Active
11111,566,5000,1848.75,Active
11112,567,30000,6918.9,Closed
11113,567,10000,4155.78,Active
11114,567,2000,823.26,Active
11115,568,2000,1421.82,Active
11116,569,15000,1573.43,Active
11117,570,10000,2653.62,Closed
11118,571,15000,11196.16,Active
11119,572,15000,4956.76,Active
11120,572,15000,2863.17,Active
11121,572,15000,13729.99,Active
11122,573,15000,3143.06,Active
11123,574,5000,3064.8,Closed
11124,575,20000,9684.26,Active
11125,576,10000,6851.81,Active
11126,577,2000,516.44,Active
11127,577,30000,11505.87,Active
11128,577,20000,18185.93,Active
11129,578,10000,2394.94,Active
11130,579,20000,16261.15,Active
11131,579,30000,14165.55,Active
11132,579,5000,4553.45,Active
11133,580,20000,7974.8,Active
11134,580,2000,913.94,Active
11135,580,2000,1391.98,Closed
11136,581,30000,22930.91,Active
11137,581,30000,11455.68,Active
11138,582,15000,6723.93,Active
11139,583,10000,435.13,Active
11140,584,15000,10814.7,Active
11141,584,15000,3242.98,Active
11142,585,2000,196.07,Active
11143,585,5000,1950.99,Active
11144,585,5000,2218.64,Active
11145,586,30000,28208.58,Closed
11146,587,5000,1048.48,Active
11147,587,5000,1761.67,Active
11148,587,10000,111.13,Closed
11149,588,10000,6108.68,Closed
11150,589,2000,647.55,Active
11151,590,2000,177.67,Active
11152,590,20000,10200.93,Active
11153,590,2000,904.42,Active
11154,591,5000,3122.16,Active
11155,591,15000,11643.18,Active
11156,591,15000,12646.42,Active
11157,592,20000,11074.7,Active
11158,593,15000,9923.4,Active
11159,594,20000,13222.84,Active
11160,594,30000,2779.07,Active
11161,595,10000,1829.17,Active
11162,595,5000,3503.01,Active
11163,595,5000,3929.57,Active
11164,596,10000,4378.12,Closed
11165,597,20000,2555.79,Active
11166,598,30000,5818.66,Active
11167,598,30000,12306.94,Active
11168,598,5000,2250.22,Active
11169,599,10000,333.73,Active
11170,600,15000,1546.47,Active
11171,600,5000,347.76,Closed
11172,600,2000,825.78,Active
11173,601,30000,14827.46,Active
11174,601,15000,2242.91,Active
11175,602,15000,2452.92,Closed
11176,602,10000,2999.44,Active
11177,603,2000,372.91,Active
11178,603,15000,11008.95,Closed
11179,603,2000,1661.98,Active
11180,604,5000,4278.95,Active
11181,604,30000,19957.68,Active
11182,604,20000,9107.11,Active
11183,605,20000,3416.06,Active
11184,606,5000,4313.01,Active
11185,607,20000,10493.27,Active
11186,608,20000,1777.19,Active
11187,608,10000,5214.62,Active
11188,608,2000,812.67,Active
11189,609,5000,3319.18,Active
11190,610,5000,2967.99,Active
11191,610,15000,10273.11,Active
11192,610,30000,21663.98,Closed
11193,611,30000,7874.87,Active
11194,612,2000,1454.41,Active
11195,613,30000,689.91,Active
11196,613,2000,612.74,Active
11197,613,2000,1307.12,Closed
11198,614,15000,11167.01,Active
11199,615,30000,21331.44,Active
11200,616,5000,4694.91,Active
11201,616,15000,9578.54,Active
11202,616,10000,2477.64,Active
11203,617,5000,2851.65,Closed
11204,617,10000,4665.82,Active
11205,617,5000,834.69,Active
11206,618,20000,14977.89,Active
11207,618,15000,6681.46,Closed
11208,618,15000,374.08,Active
11209,619,30000,7446.63,Active
11210,620,10000,6048.35,Active
11211,620,10000,6877.04,Active
11212,621,5000,1924.62,Active
11213,621,5000,1961.62,Active
11214,621,20000,4329.05,Active
11215,622,30000,1396.44,Active
11216,622,5000,3729.41,Closed
11217,623,2000,1049.83,Active
11218,623,30000,13388.42,Closed
11219,623,5000,1141.85,Closed
11220,624,10000,7471.97,Active
11221,624,20000,14793.66,Active
11222,624,5000,306.44,Active
11223,625,2000,1643.98,Active
11224,626,2000,1691.39,Active
11225,626,10000,5942.99,Active
11226,626,30000,5057.18,Closed
11227,627,5000,2449.4,Closed
11228,627,30000,21769.81,Active
11229,628,10000,2301.16,Active
11230,628,5000,3309.06,Active
11231,629,5000,2478.19,Active
11232,629,15000,4240.61,Active
11233,629,5000,4177.37,Active
11234,630,30000,20669.01,Closed
11235,630,5000,494.44,Active
11236,631,15000,12446.58,Closed
11237,632,30000,11111.6,Active
11238,632,10000,7197.75,Active
11239,633,15000,11238.39,Active
11240,634,20000,12980.48,Active
11241,634,5000,4556.29,Active
11242,635,2000,892.68,Active
11243,635,15000,11287.34,Active
11244,635,20000,10938.48,Active
11245,636,30000,3105.51,Active
11246,637,30000,14277.64,Active
11247,637,10000,3149.74,Active
11248,637,15000,8693.86,Active
11249,638,30000,9687.98,Active
11250,638,30000,18213.82,Active
11251,638,5000,972.04,Active
11252,639,10000,1846.12,Active
11253,640,10000,8393.06,Active
11254,640,15000,10380.43,Active
11255,640,2000,171.11,Closed
11256,641,15000,10277.84,Active
11257,641,20000,918.28,Active
11258,641,5000,2818.26,Active
11259,642,5000,639.86,Active
11260,642,5000,186.25,Closed
11261,643,30000,2189.96,Active
11262,644,20000,9436.66,Active
11263,644,15000,1358.14,Closed
11264,644,20000,13685.44,Active
11265,645,5000,991.34,Active
11266,646,20000,2028.17,Closed
11267,647,20000,2430.23,Active
11268,648,30000,10752.8,Closed
11269,649,30000,14174.52,Active
11270,649,20000,2274.32,Closed
11271,649,2000,1676.33,Active
11272,650,10000,5792.55,Active
11273,650,5000,4207.95,Active
11274,651,20000,1347.34,Active
11275,651,20000,12146.48,Active
11276,652,20000,5552.63,Active
11277,653,20000,9069.59,Active
11278,653,20000,2646.58,Closed
11279,654,5000,3871.0,Active
11280,655,20000,11437.33,Active
11281,656,5000,2143.64,Active
11282,657,15000,1093.61,Active
11283,657,2000,1321.29,Active
11284,658,20000,10186.0,Active
11285,659,30000,605.74,Active
11286,659,5000,2338.78,Closed
11287,660,15000,13769.6,Active
11288,660,20000,13180.04,Active
11289,661,5000,2025.95,Active
11290,661,2000,1793.31,Active
11291,661,20000,16813.81,Active
11292,662,15000,12604.69,Active
11293,662,2000,733.94,Closed
11294,663,10000,8932.94,Active
11295,664,5000,3646.07,Active
11296,665,10000,494.49,Closed
11297,665,20000,10455.54,Closed
11298,666,2000,922.23,Closed
11299,666,15000,10873.49,Active
11300,666,20000,4006.31,Active
11301,667,30000,27449.18,Active
11302,667,5000,1444.03,Active
11303,668,15000,11118.47,Active
11304,668,10000,2255.54,Active
11305,668,15000,657.22,Active
11306,669,10000,5837.83,Active
11307,669,2000,194.7,Active
11308,669,15000,9848.29,Active
11309,670,2000,964.06,Active
11310,670,10000,2714.76,Active
11311,670,2000,1357.84,Closed
11312,671,20000,15339.17,Closed
11313,671,20000,13417.07,Closed
11314,672,20000,15353.33,Active
11315,672,20000,12193.24,Closed
11316,672,2000,1689.39,Active
11317,673,20000,14887.08,Closed
11318,674,20000,4715.82,Active
11319,674,20000,1955.94,Active
11320,674,20000,16859.43,Active
11321,675,5000,514.69,Active
11322,676,5000,3687.28,Closed
11323,676,15000,8035.79,Active
11324,677,20000,13293.87,Closed
11325,677,5000,1890.47,Active
11326,678,15000,13855.88,Active
11327,678,30000,12596.7,Active
11328,679,20000,17917.6,Active
11329,679,20000,11527.89,Active
11330,680,30000,17168.4,Active
11331,680,30000,6952.91,Active
11332,680,30000,25566.37,Active
11333,681,2000,1704.78,Closed
11334,681,30000,3357.45,Active
11335,682,20000,11590.13,Active
11336,682,2000,1043.58,Active
11337,682,15000,8414.8,Active
11338,683,30000,4178.45,Active
11339,683,2000,1488.84,Closed
11340,683,20000,7187.63,Closed
11341,684,2000,1754.58,Active
11342,684,2000,1067.41,Closed
11343,684,2000,1276.82,Active
11344,685,20000,5960.2,Active
11345,686,10000,8011.42,Active
11346,687,20000,2830.09,Active
11347,687,20000,5166.13,Active
11348,688,5000,2272.48,Active
11349,689,2000,1268.66,Closed
11350,690,15000,12929.58,Closed
11351,690,2000,1897.04,Active
11352,690,15000,7180.57,Active
11353,691,30000,5509.99,Active
11354,692,2000,1796.15,Closed
11355,693,2000,1162.93,Active
11356,693,2000,556.77,Active
11357,693,30000,9159.69,Closed
11358,694,5000,4098.77,Active
11359,694,20000,18039.05,Closed
11360,695,5000,238.92,Active
11361,695,5000,3028.14,Active
11362,695,2000,1701.87,Closed
11363,696,20000,5348.52,Active
11364,696,2000,1357.2,Closed
11365,697,30000,11491.75,Closed
11366,698,5000,2832.48,Active
11367,698,2000,1055.38,Active
11368,698,30000,24864.78,Closed
11369,699,2000,1865.77,Active
11370,699,10000,215.98,Active
11371,700,5000,942.59,Closed
11372,701,2000,1780.76,Active
11373,702,30000,26522.41,Active
11374,702,10000,8700.28,Closed
11375,703,15000,7761.77,Active
11376,704,2000,389.34,Active
11377,704,30000,2897.21,Active
11378,705,15000,1604.84,Closed
11379,706,20000,18611.34,Active
11380,707,15000,7064.41,Active
11381,708,2000,361.74,Closed
11382,708,2000,1693.66,Active
11383,709,10000,5629.27,Active
11384,709,20000,6137.43,Active
11385,710,10000,4847.55,Active
11386,710,15000,3924.33,Active
11387,711,15000,2919.69,Active
11388,712,15000,6703.17,Active
11389,713,15000,10558.06,Closed
11390,714,20000,3236.05,Active
11391,714,2000,26.63,Active
11392,714,30000,2629.65,Closed
11393,715,20000,15719.13,Active
11394,715,30000,5511.48,Closed
11395,715,5000,2719.47,Active
11396,716,15000,11177.62,Closed
11397,716,5000,3599.92,Active
11398,716,20000,4617.56,Active
11399,717,5000,2581.68,Active
11400,717,15000,415.49,Active
11401,717,20000,14255.15,Active
11402,718,30000,16775.43,Closed
11403,718,15000,9700.62,Active
11404,719,15000,9976.59,Closed
11405,719,15000,3362.29,Closed
11406,720,5000,4085.48,Active
11407,720,10000,7263.09,Closed
11408,720,20000,2728.96,Active
11409,721,5000,2988.58,Active
11410,722,5000,409.4,Closed
11411,722,30000,24893.34,Active
11412,722,2000,1476.84,Closed
11413,723,30000,7549.9,Active
11414,724,2000,993.39,Active
11415,724,2000,1865.23,Active
11416,724,10000,5394.74,Closed
11417,725,2000,1059.3,Active
11418,725,5000,2042.32,Active
11419,725,20000,16493.48,Active
11420,726,2000,1616.66,Active
11421,727,30000,20794.65,Closed
11422,727,30000,17049.35,Active
11423,727,20000,18412.25,Active
11424,728,20000,6416.7,Active
11425,728,30000,2394.4,Active
11426,729,30000,15552.23,Closed
11427,729,2000,1321.03,Closed
11428,730,10000,8774.67,Active
11429,731,15000,6378.0,Closed
11430,731,5000,2561.53,Active
11431,731,2000,1774.42,Closed
11432,732,15000,11118.53,Active
11433,732,30000,17892.84,Closed
11434,733,20000,10111.75,Closed
11435,733,20000,2848.42,Closed
11436,734,15000,10239.19,Active
11437,734,5000,1520.55,Active
11438,734,15000,14167.23,Active
11439,735,20000,6046.82,Active
11440,735,15000,9170.58,Active
11441,735,10000,492.78,Active
11442,736,30000,25499.43,Active
11443,737,15000,10369.56,Active
11444,737,30000,13014.11,Active
11445,738,30000,3557.53,Active
11446,739,5000,3697.3,Active
11447,739,10000,2549.06,Active
11448,739,20000,7470.29,Closed
11449,740,5000,1676.84,Active
11450,741,30000,7028.81,Active
11451,742,20000,14047.85,Active
11452,742,15000,11831.89,Active
11453,742,5000,2594.36,Active
11454,743,15000,2343.01,Active
11455,743,30000,19395.09,Active
11456,744,20000,14468.47,Closed
11457,745,10000,3696.23,Active
11458,746,20000,4211.39,Active
11459,746,10000,5032.54,Active
11460,747,5000,4087.14,Active
11461,748,30000,11149.75,Active
11462,748,2000,1808.09,Closed
11463,748,20000,4994.14,Closed
11464,749,10000,148.51,Active
11465,749,15000,11015.3,Active
11466,749,10000,2129.96,Active
11467,750,30000,17760.64,Active
11468,750,2000,1736.37,Closed
11469,751,2000,378.38,Active
11470,752,5000,1278.39,Active
11471,752,2000,1593.27,Active
11472,752,15000,4383.02,Active
11473,753,15000,1532.2,Active
11474,753,5000,509.31,Active
11475,754,20000,16835.88,Closed
11476,754,15000,10371.74,Active
11477,755,15000,6374.41,Active
11478,756,2000,1823.62,Active
11479,757,30000,24631.38,Active
11480,758,2000,66.87,Active
11481,758,5000,2169.01,Active
11482,759,20000,9950.7,Active
11483,759,20000,13917.53,Active
11484,759,15000,95.85,Active
11485,760,5000,4012.34,Active
11486,761,5000,4228.38,Active
11487,761,20000,15372.86,Closed
11488,762,2000,1815.54,Closed
11489,762,15000,7679.54,Active
11490,763,5000,656.54,Active
11491,763,20000,6408.42,Active
11492,764,30000,9676.78,Closed
11493,764,10000,7567.72,Active
11494,764,30000,23984.93,Active
11495,765,20000,2449.04,Active
11496,766,30000,12201.06,Active
11497,767,5000,4429.73,Active
11498,768,2000,296.29,Active
11499,769,30000,6542.84,Active
11500,769,2000,1821.08,Active
11501,770,2000,1518.69,Active
11502,770,2000,395.85,Active
11503,770,10000,4565.03,Active
11504,771,30000,12131.96,Active
11505,771,30000,2860.53,Active
11506,771,10000,8085.66,Closed
11507,772,20000,11779.28,Closed
11508,772,5000,2373.03,Active
11509,773,15000,12808.88,Closed
11510,773,30000,27059.54,Closed
11511,774,30000,181.41,Active
11512,775,30000,20055.0,Active
11513,775,10000,1986.93,Active
11514,775,20000,4150.33,Active
11515,776,20000,15346.85,Active
11516,776,30000,3811.18,Active
11517,776,5000,950.86,Active
11518,777,2000,1191.13,Active
11519,777,2000,716.6,Active
11520,777,2000,987.22,Closed
11521,778,15000,2282.15,Closed
11522,778,10000,230.14,Active
11523,779,15000,7391.21,Active
11524,779,30000,12996.78,Active
11525,780,15000,6615.73,Active
11526,780,30000,27738.94,Active
11527,781,5000,1799.82,Active
11528,781,10000,1353.23,Active
11529,782,30000,21144.19,Closed
11530,782,30000,15783.29,Active
11531,782,15000,756.62,Active
11532,783,15000,13685.0,Closed
11533,783,5000,300.78,Active
11534,783,5000,2103.77,Active
11535,784,30000,16602.8,Active
11536,784,2000,619.06,Active
11537,784,5000,2739.08,Active
11538,785,15000,12562.21,Active
11539,785,30000,12172.35,Active
11540,785,30000,24335.22,Active
11541,786,10000,2244.58,Active
11542,786,5000,4259.36,Active
11543,786,30000,10365.23,Active
11544,787,20000,3860.54,Active
11545,787,10000,3969.82,Closed
11546,787,30000,18371.28,Closed
11547,788,5000,3839.15,Active
11548,789,2000,1084.98,Active
11549,790,20000,15404.51,Closed
11550,790,20000,13594.33,Active
11551,791,15000,8601.41,Closed
11552,792,5000,2712.46,Closed
11553,793,5000,263.33,Active
11554,794,20000,8901.71,Closed
11555,794,30000,3206.62,Closed
11556,794,30000,25518.41,Active
11557,795,20000,18073.48,Active
11558,796,5000,133.37,Active
11559,797,10000,3772.75,Active
11560,798,5000,823.02,Active
11561,798,10000,7229.47,Closed
11562,798,20000,15405.82,Closed
11563,799,20000,9612.39,Closed
11564,799,10000,6494.17,Active
11565,799,30000,14658.53,Active
11566,800,30000,15247.2,Active
11567,801,5000,82.35,Active
11568,802,15000,9197.05,Active
11569,803,15000,946.32,Active
11570,804,30000,16259.71,Active
11571,805,5000,3053.83,Active
11572,806,20000,14236.29,Active
11573,806,2000,575.3,Closed
11574,806,10000,6210.67,Active
11575,807,20000,15641.73,Active
11576,808,15000,14138.54,Active
11577,808,5000,3262.17,Closed
11578,808,2000,1156.52,Active
11579,809,15000,689.93,Active
11580,810,5000,548.91,Active
11581,810,2000,1646.79,Closed
11582,810,15000,6648.38,Active
11583,811,2000,1151.09,Active
11584,812,2000,726.91,Active
11585,813,5000,198.79,Active
11586,814,5000,3434.25,Closed
11587,814,5000,940.27,Active
11588,815,10000,5432.9,Closed
11589,816,10000,1979.82,Active
11590,816,30000,5096.87,Active
11591,817,2000,284.3,Active
11592,817,5000,477.18,Active
11593,817,2000,1500.69,Closed
11594,818,20000,2671.61,Active
11595,818,2000,1095.22,Active
11596,818,5000,713.11,Active
11597,819,5000,81.3,Active
11598,819,30000,24135.88,Active
11599,820,15000,11964.96,Active
11600,820,30000,20975.52,Active
11601,820,5000,3399.45,Active
11602,821,30000,16628.58,Active
11603,822,5000,4602.21,Active
11604,823,10000,1812.19,Active
11605,824,10000,5126.57,Closed
11606,824,10000,7244.44,Active
11607,824,5000,4020.13,Active
11608,825,30000,22187.85,Active
11609,826,15000,13255.14,Closed
11610,827,10000,5835.39,Closed
11611,828,20000,9402.28,Active
11612,829,20000,11769.07,Closed
11613,830,30000,27473.83,Closed
11614,830,15000,12282.99,Active
11615,830,15000,3251.87,Active
11616,831,20000,12351.79,Active
11617,831,10000,3034.63,Active
11618,832,30000,18298.17,Active
11619,832,30000,20244.45,Active
11620,832,2000,474.43,Active
11621,833,20000,6900.55,Closed
11622,834,20000,17369.92,Closed
11623,834,10000,4020.3,Active
11624,835,2000,704.69,Active
11625,835,10000,2707.91,Active
11626,835,5000,1193.59,Active
11627,836,10000,4386.59,Active
11628,837,2000,1054.39,Active
11629,838,2000,73.59,Active
11630,838,30000,22587.1,Active
11631,838,2000,853.72,Active
11632,839,15000,2306.71,Active
11633,840,2000,982.02,Active
11634,840,15000,1530.48,Active
11635,840,30000,3083.18,Active
11636,841,2000,880.57,Active
11637,841,20000,806.56,Closed
11638,841,2000,468.36,Closed
11639,842,5000,1577.66,Active
11640,842,10000,3430.65,Active
11641,842,15000,4278.37,Closed
11642,843,2000,1337.72,Active
11643,844,20000,8266.83,Active
11644,845,20000,12850.96,Closed
11645,845,15000,10023.56,Active
11646,845,15000,423.0,Active
11647,846,2000,634.15,Active
11648,846,20000,7649.02,Closed
11649,846,10000,7964.14,Closed
11650,847,5000,374.93,Active
11651,847,20000,4570.41,Active
11652,848,15000,270.47,Active
11653,848,10000,3828.35,Closed
11654,848,2000,590.14,Active
11655,849,20000,473.73,Active
11656,849,2000,96.1,Closed
11657,849,30000,13319.72,Active
11658,850,2000,1423.14,Active
11659,851,5000,2583.42,Active
11660,851,30000,16043.24,Active
11661,851,20000,57.51,Active
11662,852,30000,1874.7,Active
11663,852,2000,485.49,Active
11664,852,20000,5654.95,Closed
11665,853,20000,10054.57,Closed
11666,853,30000,6374.9,Active
11667,854,15000,8412.02,Active
11668,855,15000,8592.56,Active
11669,855,2000,780.69,Closed
11670,856,5000,1027.35,Active
11671,857,15000,6838.46,Active
11672,858,5000,3946.85,Active
11673,859,5000,1001.94,Active
11674,859,20000,10800.79,Active
11675,860,15000,11499.94,Active
11676,860,30000,23442.56,Active
11677,860,5000,4196.27,Active
11678,861,5000,2219.53,Closed
11679,862,5000,502.03,Closed
11680,862,2000,1597.95,Active
11681,862,30000,22892.61,Active
11682,863,20000,17930.57,Active
11683,864,10000,6501.29,Closed
11684,865,2000,158.65,Closed
11685,866,30000,23833.99,Active
11686,867,20000,580.18,Active
11687,867,20000,17633.44,Active
11688,867,10000,5083.49,Active
11689,868,15000,13491.94,Active
11690,869,20000,14011.47,Active
11691,869,20000,18674.26,Active
11692,869,15000,13288.22,Active
11693,870,2000,493.05,Active
11694,871,15000,4562.82,Active
11695,871,5000,4000.06,Closed
11696,872,2000,569.16,Closed
11697,872,2000,1452.76,Active
11698,872,5000,2426.77,Closed
11699,873,20000,5137.91,Active
11700,873,20000,12737.83,Active
11701,873,15000,10348.43,Closed
11702,874,30000,26511.13,Closed
11703,874,30000,18108.57,Active
11704,874,2000,1118.8,Active
11705,875,2000,491.44,Active
11706,875,20000,8046.93,Active
11707,875,15000,627.3,Active
11708,876,15000,4048.67,Active
11709,877,30000,10755.52,Active
11710,877,15000,8279.73,Closed
11711,878,10000,6079.99,Closed
11712,879,30000,8066.64,Closed
11713,879,15000,7791.88,Active
11714,879,20000,8156.86,Active
11715,880,20000,5935.48,Active
11716,880,15000,165.52,Active
11717,881,15000,2028.34,Active
11718,882,5000,3921.22,Closed
11719,882,10000,5154.89,Active
11720,882,2000,954.81,Active
11721,883,20000,7602.48,Active
11722,883,20000,780.67,Closed
11723,884,10000,3754.29,Active
11724,885,15000,8577.68,Active
11725,885,15000,314.28,Active
11726,885,2000,569.81,Active
11727,886,20000,17025.13,Active
11728,887,30000,21531.5,Active
11729,887,5000,3394.99,Active
11730,888,5000,2256.77,Closed
11731,889,10000,1772.51,Active
11732,890,10000,3051.57,Active
11733,891,10000,7407.71,Active
11734,891,5000,1711.5,Active
11735,892,15000,2061.18,Active
11736,892,20000,1849.87,Active
11737,893,2000,1658.78,Active
11738,893,10000,268.42,Closed
11739,893,15000,12043.07,Closed
11740,894,15000,12776.2,Active
11741,894,20000,2408.77,Active
11742,894,20000,10226.56,Active
11743,895,20000,18172.1,Active
11744,895,15000,6579.58,Active
11745,895,2000,515.85,Closed
11746,896,15000,7366.85,Active
11747,896,5000,3988.74,Active
11748,897,30000,10731.16,Active
11749,897,20000,8021.52,Active
11750,898,20000,7520.72,Closed
11751,898,10000,8837.94,Closed
11752,898,20000,5934.66,Active
11753,899,10000,5589.35,Active
11754,899,30000,1405.07,Active
11755,900,5000,3431.31,Active
11756,900,2000,1605.16,Closed
11757,900,10000,2340.77,Closed
11758,901,2000,667.4,Active
11759,901,15000,1120.14,Active
11760,901,5000,3954.49,Closed
11761,902,15000,4480.03,Closed
11762,903,30000,3584.25,Active
11763,903,10000,3537.69,Active
11764,903,15000,6918.49,Active
11765,904,20000,12465.22,Active
11766,905,10000,5038.35,Active
11767,906,2000,557.3,Closed
11768,907,30000,24657.74,Closed
11769,907,15000,7089.42,Active
11770,908,15000,3735.36,Active
11771,908,10000,2990.1,Active
11772,909,15000,4843.81,Active
11773,909,20000,8561.8,Active
11774,910,5000,913.37,Active
11775,910,15000,1864.7,Active
11776,911,15000,12481.37,Active
11777,911,30000,5253.27,Closed
11778,912,30000,8241.93,Active
11779,912,15000,9014.89,Active
11780,913,2000,17.4,Closed
11781,914,5000,562.47,Active
11782,915,5000,4575.58,Closed
11783,915,15000,13741.76,Closed
11784,916,30000,13507.53,Closed
11785,916,5000,3628.09,Active
11786,916,15000,395.42,Active
11787,917,10000,6736.84,Active
11788,918,10000,8651.83,Active
11789,919,20000,12148.94,Active
11790,919,2000,1444.94,Active
11791,919,2000,901.71,Closed
11792,920,30000,14094.23,Active
11793,920,5000,4154.44,Active
11794,921,20000,16767.09,Active
11795,921,15000,13262.83,Active
11796,921,10000,4238.1,Closed
11797,922,5000,3033.32,Closed
11798,922,2000,279.82,Active
11799,923,2000,387.39,Active
11800,924,30000,21652.08,Closed
11801,925,5000,2042.9,Closed
11802,925,20000,913.78,Active
11803,926,5000,1750.35,Active
11804,926,20000,3321.74,Active
11805,926,2000,1276.32,Active
11806,927,10000,8347.17,Active
11807,927,10000,447.92,Closed
11808,927,10000,2902.28,Active
11809,928,30000,13315.89,Active
11810,928,5000,4016.17,Active
11811,929,5000,4486.21,Active
11812,930,15000,4067.89,Closed
11813,930,30000,26792.42,Active
11814,930,15000,6247.03,Closed
11815,931,5000,3156.37,Active
11816,932,5000,145.85,Closed
11817,932,30000,4836.9,Active
11818,933,10000,6785.06,Active
11819,933,2000,1152.81,Closed
11820,934,2000,484.37,Active
11821,935,15000,8676.55,Active
11822,936,30000,15541.58,Active
11823,936,10000,5929.23,Active
11824,937,5000,4185.21,Active
11825,937,2000,1629.89,Active
11826,938,2000,1358.8,Closed
11827,938,15000,6756.93,Active
11828,938,20000,17195.06,Closed
11829,939,5000,1324.56,Active
11830,939,30000,27232.08,Active
11831,940,15000,762.19,Active
11832,940,20000,16701.16,Active
11833,941,20000,11771.28,Closed
11834,941,30000,22351.93,Active
11835,942,30000,19557.85,Active
11836,943,30000,16979.06,Active
11837,944,15000,13684.92,Active
11838,944,20000,13971.48,Closed
11839,944,20000,10026.18,Active
11840,945,20000,1157.5,Active
11841,945,15000,8247.55,Active
11842,945,15000,1491.32,Closed
11843,946,5000,1205.52,Active
11844,946,2000,1539.43,Closed
11845,946,30000,7200.05,Active
11846,947,5000,3950.3,Active
11847,948,15000,2318.96,Active
11848,948,5000,2698.06,Active
11849,948,5000,4634.98,Closed
11850,949,15000,13109.3,Active
11851,950,5000,4671.18,Active
11852,950,30000,16475.11,Active
11853,950,5000,692.1,Active
11854,951,2000,351.72,Active
11855,952,2000,119.76,Closed
11856,953,15000,5406.48,Active
11857,953,2000,965.05,Closed
11858,954,15000,1734.26,Active
11859,954,10000,1798.83,Closed
11860,954,2000,548.65,Active
11861,955,10000,8821.28,Active
11862,955,30000,26887.05,Active
11863,955,15000,3938.18,Active
11864,956,10000,2938.64,Active
11865,957,2000,66.25,Active
11866,957,30000,22033.2,Active
11867,957,15000,11903.04,Closed
11868,958,2000,703.11,Active
11869,959,30000,16767.3,Closed
11870,959,2000,629.67,Active
11871,960,15000,13857.33,Closed
11872,960,15000,3828.58,Active
11873,961,30000,11200.14,Active
11874,962,2000,1347.02,Active
11875,962,10000,15.06,Closed
11876,963,10000,955.43,Active
11877,963,20000,8919.24,Active
11878,963,10000,7343.55,Active
11879,964,15000,7812.35,Active
11880,964,20000,2675.71,Closed
11881,965,15000,8648.8,Active
11882,966,5000,2564.69,Active
11883,966,15000,7540.23,Closed
11884,966,20000,1380.31,Active
11885,967,20000,8146.33,Active
11886,967,15000,12025.47,Closed
11887,968,2000,1317.11,Active
11888,968,5000,105.82,Active
11889,969,15000,12556.81,Active
11890,970,30000,14876.33,Active
11891,970,15000,209.37,Active
11892,971,2000,1446.0,Active
11893,971,5000,4468.54,Closed
11894,971,10000,3188.34,Active
11895,972,15000,6934.88,Active
11896,973,2000,1274.83,Active
11897,973,15000,4229.37,Active
11898,973,2000,183.49,Active
11899,974,2000,1156.25,Closed
11900,974,5000,2069.78,Active
11901,975,5000,2865.0,Closed
11902,976,20000,11165.06,Closed
11903,976,2000,1541.21,Active
11904,977,30000,10443.58,Active
11905,977,2000,1564.28,Active
11906,977,30000,8368.98,Closed
11907,978,10000,4133.62,Active
11908,979,20000,2689.18,Active
11909,980,2000,1349.58,Active
11910,980,30000,1418.76,Closed
11911,981,30000,25606.58,Closed
11912,982,2000,872.78,Active
11913,982,5000,1322.62,Closed
11914,983,20000,3096.15,Active
11915,984,10000,48.04,Active
11916,984,15000,7412.43,Active
11917,984,5000,3272.02,Closed
11918,985,2000,258.87,Closed
11919,986,15000,13417.76,Active
11920,987,15000,939.23,Active
11921,988,30000,19893.43,Active
11922,988,2000,220.72,Active
11923,988,2000,1159.79,Closed
11924,989,30000,2455.95,Active
11925,990,2000,1420.31,Active
11926,990,30000,10337.73,Closed
11927,991,20000,2587.12,Active
11928,992,15000,1010.04,Closed
11929,993,10000,6464.61,Active
11930,993,15000,3654.07,Active
11931,993,20000,10906.05,Active
11932,994,30000,9326.02,Active
11933,994,5000,3850.96,Active
11934,994,20000,9916.16,Closed
11935,995,20000,10888.6,Closed
11936,995,10000,1249.3,Active
11937,995,10000,9087.22,Active
11938,996,30000,2510.59,Active
11939,996,15000,2881.13,Active
11940,997,2000,405.11,Active
11941,997,2000,489.85,Active
11942,997,5000,1671.03,Closed
11943,998,30000,5220.51,Closed
11944,999,5000,4611.4,Active
11945,999,15000,3648.48,Active
11946,1000,5000,1998.22,Active
11947,1000,15000,12284.13,Closed
11948,1001,30000,12234.11,Active
11949,1002,20000,4161.56,Active
11950,1002,10000,8844.01,Active
11951,1002,20000,5769.15,Active
11952,1003,5000,1817.47,Active
11953,1003,15000,13038.81,Active
11954,1004,10000,504.19,Closed
11955,1004,10000,6694.54,Closed
11956,1005,15000,8833.21,Active
11957,1005,2000,692.02,Closed
11958,1006,5000,2681.71,Active
11959,1007,2000,1027.6,Active
11960,1007,10000,1017.83,Closed
11961,1007,30000,19945.36,Active
11962,1008,20000,1932.62,Active
11963,1008,2000,1806.98,Active
11964,1008,15000,11099.46,Closed
11965,1009,20000,18739.32,Active
11966,1010,10000,7651.69,Closed
11967,1011,15000,769.26,Active
11968,1011,5000,3010.77,Closed
11969,1011,30000,17698.0,Active
11970,1012,10000,6637.01,Active
11971,1012,30000,5048.1,Active
11972,1013,30000,3854.15,Closed
11973,1014,20000,6789.54,Active
11974,1014,2000,300.03,Closed
11975,1015,2000,149.99,Active
11976,1015,10000,2038.69,Active
11977,1015,10000,9182.82,Active
11978,1016,30000,25382.01,Active
11979,1016,2000,832.32,Active
11980,1017,2000,1453.47,Active
11981,1017,5000,2202.55,Active
11982,1018,30000,21180.16,Active
11983,1018,30000,799.43,Active
11984,1019,2000,91.47,Closed
11985,1019,10000,9095.23,Active
11986,1019,10000,7342.18,Active
11987,1020,30000,25571.98,Active
11988,1021,10000,3307.99,Active
11989,1022,15000,649.9,Active
11990,1023,2000,1031.25,Active
11991,1024,30000,9599.11,Active
11992,1025,10000,3288.03,Active
11993,1025,10000,6517.23,Active
11994,1025,5000,217.1,Closed
11995,1026,2000,112.72,Closed
11996,1027,20000,247.92,Active
11997,1027,15000,8139.5,Active
11998,1027,2000,1038.8,Closed
11999,1028,10000,418.84,Active
12000,1028,15000,7138.59,Active
12001,1029,5000,3145.51,Active
12002,1029,10000,5520.01,Active
12003,1029,5000,97.43,Closed
12004,1030,15000,5371.92,Active
12005,1030,10000,3116.87,Active
12006,1031,30000,9916.26,Active
12007,1032,15000,3028.36,Closed
12008,1033,10000,1235.07,Closed
12009,1033,5000,1357.88,Closed
12010,1034,10000,1745.82,Active
12011,1034,30000,5322.95,Active
12012,1034,5000,3749.06,Active
12013,1035,2000,132.51,Active
12014,1035,20000,756.84,Closed
12015,1036,2000,676.72,Active
12016,1036,30000,21782.7,Closed
12017,1036,20000,4812.26,Active
12018,1037,2000,167.93,Closed
12019,1038,5000,3774.25,Active
12020,1038,10000,8515.65,Active
12021,1039,10000,7165.25,Closed
12022,1039,10000,8143.49,Active
12023,1040,5000,2818.74,Closed
12024,1041,5000,1877.4,Active
12025,1041,5000,1990.63,Active
12026,1042,30000,4031.76,Active
12027,1043,20000,3544.23,Active
12028,1043,15000,14012.07,Active
12029,1044,20000,2395.56,Closed
12030,1044,2000,172.58,Active
12031,1044,5000,1071.84,Active
12032,1045,5000,2049.38,Active
12033,1046,30000,22664.96,Active
12034,1047,10000,8615.59,Active
12035,1048,20000,17287.36,Active
12036,1048,30000,10432.2,Active
12037,1048,15000,1516.43,Active
12038,1049,15000,3012.96,Active
12039,1049,10000,5227.26,Active
12040,1049,30000,16773.43,Active
12041,1050,30000,13216.88,Closed
12042,1050,5000,3343.89,Active
12043,1050,15000,7923.18,Active
12044,1051,2000,1425.78,Active
12045,1051,5000,2274.06,Active
12046,1051,2000,1040.23,Closed
12047,1052,5000,2415.47,Closed
12048,1052,5000,3817.6,Active
12049,1052,10000,9133.73,Active
12050,1053,30000,2735.27,Active
12051,1054,30000,21488.79,Active
12052,1055,2000,337.5,Active
12053,1056,10000,5098.22,Active
12054,1056,5000,3146.81,Active
12055,1056,2000,478.73,Active
12056,1057,15000,14070.49,Active
12057,1057,30000,3752.85,Active
12058,1058,15000,13878.62,Active
12059,1059,20000,13500.26,Active
12060,1059,30000,3606.19,Active
12061,1059,5000,171.55,Active
12062,1060,10000,8902.49,Active
12063,1061,5000,620.28,Closed
12064,1062,10000,8079.62,Active
12065,1062,30000,24960.6,Active
12066,1063,30000,5527.95,Active
12067,1063,20000,1777.2,Active
12068,1064,15000,3611.89,Active
12069,1065,30000,28054.29,Active
12070,1066,30000,22601.85,Active
12071,1066,15000,6511.08,Active
12072,1067,20000,1823.12,Active
12073,1067,5000,3647.55,Active
12074,1068,5000,4705.67,Active
12075,1068,15000,9727.57,Active
12076,1068,15000,4254.17,Active
12077,1069,20000,14232.41,Active
12078,1070,2000,500.97,Active
12079,1071,20000,7354.89,Active
12080,1072,20000,1542.04,Active
12081,1073,15000,6937.58,Active
12082,1074,15000,7939.82,Active
12083,1074,15000,11990.44,Closed
12084,1075,2000,728.01,Closed
12085,1075,5000,399.54,Closed
12086,1076,10000,574.22,Active
12087,1076,10000,2854.78,Active
12088,1077,15000,5579.11,Active
12089,1077,30000,8725.83,Active
12090,1078,5000,2695.88,Active
12091,1078,2000,574.37,Closed
12092,1078,5000,2154.67,Active
12093,1079,15000,1919.33,Active
12094,1080,10000,9202.25,Active
12095,1081,15000,9482.87,Active
12096,1082,20000,13213.1,Active
12097,1082,30000,4312.21,Active
12098,1082,20000,13964.09,Active
12099,1083,20000,17675.8,Active
12100,1083,30000,6842.91,Active
12101,1083,30000,2412.11,Closed
12102,1084,5000,954.81,Active
12103,1084,5000,4214.97,Active
12104,1085,5000,4222.58,Active
12105,1085,10000,5050.47,Active
12106,1086,10000,9017.73,Active
12107,1087,5000,368.35,Active
12108,1087,30000,15076.56,Closed
12109,1087,2000,710.34,Active
12110,1088,15000,11091.66,Closed
12111,1088,30000,16065.89,Active
12112,1089,10000,7562.63,Closed
12113,1089,20000,13530.02,Active
12114,1090,30000,9561.85,Active
12115,1090,10000,9187.02,Closed
12116,1090,10000,5361.02,Active
12117,1091,15000,13269.5,Closed
12118,1091,2000,818.73,Active
12119,1092,2000,336.46,Active
12120,1093,2000,1017.42,Active
12121,1093,20000,6308.77,Active
12122,1094,2000,1548.06,Active
12123,1094,15000,8492.21,Active
12124,1094,10000,5469.31,Closed
12125,1095,15000,2589.56,Active
12126,1095,2000,861.08,Active
12127,1096,5000,1747.73,Active
12128,1097,5000,1827.83,Active
12129,1097,2000,1895.62,Active
12130,1098,20000,11086.9,Active
12131,1098,5000,4469.55,Active
12132,1098,10000,7379.14,Active
12133,1099,30000,23073.41,Closed
12134,1100,15000,3135.15,Closed
12135,1100,5000,495.19,Active
12136,1100,2000,1014.9,Active
12137,1101,20000,15617.08,Active
12138,1101,5000,4426.63,Active
12139,1102,30000,15646.01,Active
12140,1102,20000,5336.18,Active
12141,1103,10000,7748.63,Active
12142,1104,5000,2056.49,Closed
12143,1104,10000,2537.06,Closed
12144,1104,2000,213.61,Active
12145,1105,5000,4131.04,Active
12146,1105,30000,15077.55,Active
12147,1105,30000,23380.14,Active
12148,1106,15000,6454.77,Closed
12149,1106,15000,9718.05,Closed
12150,1107,5000,2223.15,Active
12151,1108,2000,1226.84,Active
12152,1108,30000,19957.58,Active
12153,1109,20000,1194.75,Active
12154,1109,10000,6166.23,Active
12155,1110,2000,1749.47,Closed
12156,1111,5000,3465.07,Active
12157,1111,10000,1769.93,Closed
12158,1111,30000,24130.43,Active
12159,1112,15000,377.19,Active
12160,1113,20000,13153.69,Active
12161,1114,15000,7539.48,Active
12162,1115,5000,4315.06,Active
12163,1115,2000,376.42,Active
12164,1116,30000,4393.98,Closed
12165,1116,5000,4305.8,Active
12166,1117,30000,5314.88,Closed
12167,1117,5000,1633.85,Active
12168,1117,20000,6692.73,Active
12169,1118,5000,802.64,Closed
12170,1119,30000,17554.54,Active
12171,1120,10000,3454.11,Closed
12172,1121,30000,23606.71,Active
12173,1121,10000,2142.27,Active
12174,1121,15000,6082.21,Active
12175,1122,15000,5658.62,Active
12176,1123,15000,649.25,Active
12177,1123,15000,8651.66,Active
12178,1123,20000,15331.59,Active
12179,1124,2000,187.47,Closed
12180,1124,2000,296.34,Active
12181,1125,30000,24091.67,Active
12182,1125,20000,12877.65,Active
12183,1126,2000,1830.95,Closed
12184,1126,30000,22622.04,Closed
12185,1126,30000,21718.28,Active
12186,1127,15000,2854.33,Closed
12187,1127,10000,1244.73,Active
12188,1128,30000,28000.44,Active
12189,1129,30000,14488.21,Active
12190,1130,10000,2410.68,Active
12191,1130,10000,5322.02,Active
12192,1130,30000,23247.07,Active
12193,1131,30000,27313.1,Closed
12194,1132,15000,2608.33,Active
12195,1133,10000,6232.85,Closed
12196,1134,30000,22525.14,Closed
12197,1135,2000,1624.66,Active
12198,1136,2000,515.96,Closed
12199,1136,10000,993.14,Active
12200,1136,2000,922.58,Active
12201,1137,20000,18045.78,Active
12202,1138,20000,6155.22,Active
12203,1138,30000,2044.51,Closed
12204,1138,5000,1906.14,Active
12205,1139,10000,6307.72,Active
12206,1139,20000,15735.27,Closed
12207,1139,30000,10413.19,Active
12208,1140,30000,7890.19,Closed
12209,1140,2000,686.91,Active
12210,1141,2000,1518.64,Active
12211,1141,10000,821.54,Active
12212,1141,2000,147.24,Active
12213,1142,15000,3870.57,Active
12214,1142,20000,13697.03,Active
12215,1143,10000,4283.16,Closed
12216,1143,10000,7646.11,Active
12217,1143,15000,11448.85,Active
12218,1144,10000,1602.91,Active
12219,1145,2000,135.13,Closed
12220,1145,2000,258.31,Active
12221,1145,5000,1460.53,Active
12222,1146,5000,3571.51,Closed
12223,1146,20000,7667.14,Closed
12224,1146,15000,517.78,Closed
12225,1147,2000,313.45,Closed
12226,1148,5000,379.54,Active
12227,1148,5000,2079.78,Closed
12228,1149,2000,874.73,Active
12229,1149,30000,16438.11,Closed
12230,1149,30000,15523.85,Active
12231,1150,30000,26675.13,Active
12232,1151,2000,1144.97,Closed
12233,1152,10000,1789.57,Active
12234,1152,5000,1107.58,Active
12235,1153,5000,574.99,Active
12236,1154,2000,1471.73,Closed
12237,1154,15000,3880.1,Active
12238,1155,30000,12998.7,Active
12239,1155,15000,98.15,Active
12240,1155,2000,266.53,Closed
12241,1156,10000,2937.27,Closed
12242,1156,15000,5713.02,Closed
12243,1157,15000,13157.84,Active
12244,1157,15000,11631.07,Closed
12245,1157,10000,4052.99,Active
12246,1158,10000,313.75,Closed
12247,1158,5000,1676.77,Active
12248,1159,5000,178.77,Closed
12249,1159,10000,5367.94,Active
12250,1160,15000,1126.86,Active
12251,1160,5000,2704.22,Closed
12252,1161,10000,1955.94,Active
12253,1162,15000,10245.98,Active
12254,1162,10000,3322.76,Active
12255,1162,20000,3060.94,Closed
12256,1163,5000,2026.19,Active
12257,1163,2000,1621.32,Active
12258,1163,20000,11794.53,Active
12259,1164,15000,4968.7,Active
12260,1164,15000,9368.79,Active
12261,1164,10000,9237.56,Active
12262,1165,30000,6310.09,Active
12263,1165,2000,1504.24,Active
12264,1166,2000,751.49,Active
12265,1166,20000,4606.7,Active
12266,1166,10000,5494.03,Active
12267,1167,20000,16737.43,Closed
12268,1168,2000,999.07,Active
12269,1168,5000,1066.51,Active
12270,1169,15000,1828.33,Closed
12271,1169,30000,26652.61,Active
12272,1169,2000,473.44,Active
12273,1170,20000,8465.32,Active
12274,1171,5000,546.93,Closed
12275,1171,2000,909.97,Active
12276,1171,20000,6607.21,Active
12277,1172,30000,22354.52,Active
12278,1172,10000,4489.87,Active
12279,1172,5000,177.14,Active
12280,1173,10000,2642.31,Closed
12281,1174,15000,13236.83,Active
12282,1174,30000,17411.74,Active
12283,1175,5000,4261.88,Active
12284,1176,5000,3699.23,Active
12285,1177,15000,4749.79,Closed
12286,1177,10000,5023.27,Closed
12287,1177,5000,1571.14,Active
12288,1178,30000,23928.11,Active
12289,1178,20000,17858.49,Active
12290,1178,20000,11580.19,Active
12291,1179,30000,10274.14,Active
12292,1179,5000,1232.03,Active
12293,1180,15000,3153.34,Active
12294,1180,5000,4439.11,Active
12295,1181,5000,1408.96,Active
12296,1182,15000,2245.39,Active
12297,1183,5000,925.79,Closed
12298,1184,5000,1259.33,Active
12299,1184,30000,3071.77,Active
12300,1185,30000,12846.72,Closed
12301,1186,30000,19754.67,Closed
12302,1186,20000,15792.71,Active
12303,1186,20000,15037.92,Active
12304,1187,30000,25569.81,Active
12305,1187,15000,10734.0,Active
12306,1187,5000,4209.07,Active
12307,1188,30000,27709.95,Closed
12308,1188,10000,611.91,Active
12309,1188,5000,4719.35,Active
12310,1189,10000,555.23,Active
12311,1190,10000,8998.87,Active
12312,1190,5000,3871.57,Active
12313,1190,15000,5569.52,Active
12314,1191,10000,6933.41,Active
12315,1191,5000,954.95,Active
12316,1192,5000,44.27,Active
12317,1192,5000,1568.4,Active
12318,1192,5000,970.95,Active
12319,1193,2000,416.97,Active
12320,1194,15000,6283.87,Active
12321,1194,30000,25675.76,Closed
12322,1195,2000,831.33,Closed
12323,1195,5000,3685.55,Active
12324,1196,5000,4268.56,Active
12325,1196,5000,1320.47,Active
12326,1197,2000,148.66,Active
12327,1198,30000,16579.05,Active
12328,1199,5000,1116.19,Active
12329,1199,10000,6809.02,Active
12330,1200,5000,2565.87,Closed
12331,1201,20000,15380.49,Active
12332,1202,15000,10227.22,Active
12333,1203,5000,1390.2,Active
12334,1203,2000,834.76,Closed
12335,1203,10000,6275.26,Closed
12336,1204,2000,1580.22,Closed
12337,1204,30000,18127.78,Closed
12338,1204,10000,7835.98,Closed
12339,1205,20000,14946.54,Active
12340,1206,2000,734.0,Active
12341,1206,20000,16575.55,Closed
12342,1207,30000,13371.09,Active
12343,1208,20000,16571.99,Active
12344,1208,5000,738.87,Active
12345,1209,30000,9782.4,Closed
12346,1209,20000,5353.2,Active
12347,1209,20000,13769.43,Active
12348,1210,15000,3549.73,Active
12349,1211,20000,14619.0,Active
12350,1211,5000,473.72,Active
12351,1212,2000,226.53,Closed
12352,1213,2000,447.84,Active
12353,1213,30000,15754.77,Active
12354,1213,30000,26115.43,Active
12355,1214,2000,1639.61,Closed
12356,1214,10000,6589.07,Active
12357,1215,5000,1674.48,Active
12358,1215,30000,10116.35,Active
12359,1215,30000,25243.86,Active
12360,1216,2000,328.06,Active
12361,1216,15000,13471.19,Active
12362,1217,5000,2648.39,Active
12363,1218,2000,685.36,Active
12364,1219,5000,536.69,Active
12365,1220,30000,9134.33,Active
12366,1220,20000,16702.33,Closed
12367,1221,5000,3515.18,Active
12368,1222,20000,15512.63,Active
12369,1222,10000,2797.06,Closed
12370,1222,2000,578.99,Closed
12371,1223,20000,11022.1,Active
12372,1223,2000,514.83,Active
12373,1223,5000,49.04,Active
12374,1224,30000,10759.41,Active
12375,1224,2000,1162.95,Active
12376,1224,5000,3743.11,Closed
12377,1225,10000,5927.18,Active
12378,1225,15000,6086.73,Active
12379,1226,20000,14080.54,Closed
12380,1227,10000,1757.37,Closed
12381,1228,10000,7550.51,Active
12382,1228,10000,5388.77,Active
12383,1229,2000,1683.06,Active
12384,1229,20000,1590.58,Active
12385,1230,30000,10513.24,Active
12386,1231,20000,5430.91,Active
12387,1232,15000,3111.72,Active
12388,1232,20000,6037.18,Closed
12389,1233,15000,3482.18,Active
12390,1234,15000,2456.14,Active
12391,1234,30000,21772.45,Active
12392,1234,2000,819.78,Active
12393,1235,30000,7387.45,Active
12394,1235,30000,19061.46,Active
12395,1236,5000,972.62,Active
12396,1237,30000,15341.83,Active
12397,1238,10000,5452.02,Active
12398,1239,5000,305.1,Active
12399,1239,5000,4039.89,Active
12400,1239,5000,3715.03,Active
12401,1240,10000,4857.94,Active
12402,1240,30000,10615.95,Active
12403,1240,15000,7744.02,Closed
12404,1241,10000,8489.48,Active
12405,1241,20000,2084.97,Active
12406,1242,20000,10207.44,Closed
12407,1242,10000,9393.81,Active
12408,1243,2000,80.9,Closed
12409,1243,5000,2707.58,Closed
12410,1243,15000,9095.5,Closed
12411,1244,10000,4947.42,Closed
12412,1245,15000,4015.21,Closed
12413,1245,30000,8857.58,Active
12414,1245,20000,8271.54,Active
12415,1246,10000,6255.79,Active
12416,1247,5000,3395.58,Closed
12417,1247,5000,850.47,Active
12418,1247,5000,81.26,Active
12419,1248,10000,1549.4,Active
12420,1249,5000,3780.23,Active
12421,1249,10000,6961.02,Active
12422,1249,2000,895.01,Closed
12423,1250,15000,8380.82,Active
12424,1251,30000,15015.11,Active
12425,1251,20000,13267.87,Active
12426,1251,30000,15662.25,Active
12427,1252,15000,6017.04,Active
12428,1253,30000,21236.09,Active
12429,1253,2000,10.23,Active
12430,1253,30000,4596.87,Active
12431,1254,20000,7524.56,Active
12432,1255,10000,6002.18,Active
12433,1256,10000,2320.58,Active
12434,1257,30000,54.46,Active
12435,1257,20000,13093.14,Closed
12436,1257,20000,3247.41,Active
12437,1258,15000,5673.03,Closed
12438,1259,15000,10777.08,Active
12439,1260,5000,4008.22,Active
12440,1261,20000,16966.18,Active
12441,1261,5000,3869.15,Closed
12442,1261,30000,2374.1,Active
12443,1262,2000,1678.22,Closed
12444,1262,5000,1888.83,Active
12445,1262,5000,2061.75,Active
12446,1263,2000,1848.98,Active
12447,1264,30000,14416.48,Active
12448,1265,5000,3405.26,Active
12449,1266,30000,15406.08,Active
12450,1267,5000,2190.16,Active
12451,1267,20000,9060.54,Active
12452,1268,15000,7025.37,Active
12453,1268,30000,1238.29,Active
12454,1269,5000,29.8,Active
12455,1269,30000,23176.73,Active
12456,1269,2000,1180.22,Closed
12457,1270,15000,13630.45,Active
12458,1270,15000,13084.65,Active
12459,1270,10000,9214.4,Closed
12460,1271,20000,12221.78,Active
12461,1271,10000,6277.04,Active
12462,1271,30000,19253.37,Active
12463,1272,15000,5370.4,Closed
12464,1272,20000,7304.97,Active
12465,1272,20000,16527.67,Active
12466,1273,10000,4258.07,Active
12467,1274,20000,11270.36,Active
12468,1274,10000,3098.43,Active
12469,1274,30000,12401.93,Active
12470,1275,30000,8489.05,Active
12471,1275,20000,16371.41,Active
12472,1276,10000,5960.32,Active
12473,1276,20000,7828.11,Active
12474,1277,15000,8180.84,Closed
12475,1278,2000,1068.63,Closed
12476,1278,10000,6517.02,Closed
12477,1279,20000,6686.92,Active
12478,1279,15000,3930.14,Active
12479,1280,20000,16092.62,Active
12480,1280,15000,6584.12,Active
12481,1280,15000,7395.57,Active
12482,1281,15000,10446.33,Active
12483,1282,10000,7375.85,Active
12484,1282,10000,2755.15,Active
12485,1283,5000,3148.69,Closed
12486,1283,2000,620.67,Active
12487,1283,2000,1587.82,Active
12488,1284,15000,1988.46,Closed
12489,1285,15000,5703.06,Active
12490,1286,20000,3403.69,Active
12491,1287,20000,1983.12,Active
12492,1287,2000,1056.94,Active
12493,1288,2000,626.77,Active
12494,1288,30000,23221.9,Active
12495,1288,20000,11305.08,Closed
12496,1289,30000,28353.04,Active
12497,1289,15000,14025.53,Active
12498,1290,5000,4395.91,Closed
12499,1291,2000,89.76,Active
12500,1291,2000,1291.35,Closed
12501,1292,15000,1450.97,Active
12502,1292,30000,5794.21,Active
12503,1292,15000,4172.17,Active
12504,1293,5000,3920.97,Active
12505,1293,15000,6395.76,Active
12506,1293,20000,14462.23,Active
12507,1294,2000,1008.56,Active
12508,1294,15000,12514.16,Active
12509,1294,2000,214.7,Active
12510,1295,10000,8441.28,Active
12511,1295,2000,438.76,Active
12512,1296,10000,1249.5,Active
12513,1296,15000,6896.26,Active
12514,1297,20000,17145.35,Closed
12515,1297,10000,1565.93,Active
12516,1298,5000,3740.14,Active
12517,1298,2000,614.85,Active
12518,1299,20000,8287.57,Closed
12519,1299,5000,1498.28,Closed
12520,1299,5000,875.12,Active
12521,1300,20000,150.37,Active
12522,1301,30000,18454.21,Active
12523,1302,2000,491.38,Active
12524,1302,15000,12835.92,Active
12525,1303,10000,6504.98,Active
12526,1303,10000,5674.23,Closed
12527,1303,10000,1621.86,Active
12528,1304,5000,1484.56,Closed
12529,1304,2000,1841.95,Active
12530,1304,10000,6922.21,Active
12531,1305,5000,3332.2,Active
12532,1306,30000,7100.4,Active
12533,1307,5000,4495.9,Active
12534,1307,30000,22205.28,Active
12535,1307,30000,4080.81,Closed
12536,1308,5000,2021.59,Active
12537,1308,20000,12208.22,Active
12538,1309,10000,5279.01,Active
12539,1309,20000,6169.76,Active
12540,1309,20000,12703.27,Active
12541,1310,10000,1329.46,Active
12542,1310,2000,771.55,Active
12543,1310,15000,5247.47,Active
12544,1311,2000,104.0,Active
12545,1311,20000,16181.91,Active
12546,1312,10000,5693.22,Active
12547,1312,15000,6471.04,Active
12548,1313,5000,3632.26,Active
12549,1313,10000,7337.58,Active
12550,1314,20000,13904.2,Active
12551,1314,2000,1583.21,Closed
12552,1315,10000,5515.52,Closed
12553,1316,10000,2749.16,Active
12554,1317,10000,2198.0,Active
12555,1318,5000,592.86,Active
12556,1319,2000,1660.31,Active
12557,1319,30000,5729.62,Active
12558,1320,2000,974.66,Active
12559,1320,20000,1298.03,Active
12560,1321,20000,9029.14,Active
12561,1321,10000,7858.49,Closed
12562,1322,10000,6500.58,Active
12563,1323,2000,845.82,Active
12564,1324,10000,7901.46,Active
12565,1324,10000,6924.92,Closed
12566,1325,2000,192.9,Active
12567,1325,10000,4036.13,Closed
12568,1325,5000,1389.55,Closed
12569,1326,2000,1396.92,Closed
12570,1326,30000,10798.65,Active
12571,1327,15000,8391.12,Active
12572,1327,10000,2132.6,Closed
12573,1327,5000,2791.39,Active
12574,1328,30000,22625.2,Active
12575,1328,10000,500.25,Active
12576,1329,2000,213.11,Active
12577,1329,15000,3247.22,Active
12578,1329,20000,17212.5,Active
12579,1330,2000,1338.12,Closed
12580,1331,20000,5519.68,Active
12581,1331,5000,3090.12,Closed
12582,1331,10000,6993.16,Active
12583,1332,30000,17529.56,Closed
12584,1332,20000,7043.53,Active
12585,1332,20000,17305.93,Active
12586,1333,10000,6033.54,Active
12587,1333,20000,2401.95,Active
12588,1334,2000,340.39,Active
12589,1334,15000,10618.99,Closed
12590,1334,30000,15356.17,Active
12591,1335,10000,5023.75,Active
12592,1336,20000,17238.77,Closed
12593,1336,2000,878.03,Active
12594,1336,20000,10053.3,Active
12595,1337,2000,1500.82,Active
12596,1337,15000,7072.84,Active
12597,1338,15000,13994.11,Active
12598,1338,2000,346.23,Active
12599,1338,30000,846.02,Active
12600,1339,20000,2167.46,Active
12601,1339,20000,4669.47,Closed
12602,1340,2000,522.69,Active
12603,1340,20000,215.77,Active
12604,1340,30000,22655.41,Active
12605,1341,15000,6669.15,Active
12606,1342,10000,1404.17,Closed
12607,1342,15000,8339.12,Active
12608,1343,2000,1193.21,Active
12609,1343,30000,14380.89,Active
12610,1344,15000,13696.88,Active
12611,1344,30000,9074.88,Active
12612,1344,30000,11245.07,Active
12613,1345,20000,4581.49,Active
12614,1346,5000,4553.0,Active
12615,1347,15000,4380.08,Active
12616,1347,10000,1151.99,Closed
12617,1347,2000,1090.54,Active
12618,1348,2000,1625.61,Active
12619,1348,2000,538.47,Active
12620,1348,5000,1421.85,Closed
12621,1349,15000,992.92,Active
12622,1350,20000,9427.6,Closed
12623,1350,15000,1993.02,Closed
12624,1350,2000,412.36,Active
12625,1351,30000,17088.14,Active
12626,1351,5000,1677.84,Active
12627,1351,30000,202.76,Active
12628,1352,10000,9266.56,Closed
12629,1352,2000,696.76,Active
12630,1352,15000,9485.64,Active
12631,1353,10000,8177.35,Closed
12632,1353,5000,2777.72,Active
12633,1353,10000,3293.81,Active
12634,1354,15000,4135.03,Closed
12635,1355,20000,809.16,Active
12636,1355,20000,17309.26,Closed
12637,1355,15000,2589.38,Active
12638,1356,20000,11295.53,Closed
12639,1357,2000,651.92,Active
12640,1357,10000,1682.35,Active
12641,1358,10000,2436.04,Closed
12642,1358,2000,66.43,Active
12643,1359,30000,13162.07,Active
12644,1359,30000,25411.84,Active
12645,1359,20000,16571.66,Active
12646,1360,10000,407.11,Active
12647,1360,2000,71.2,Active
12648,1361,15000,13966.84,Active
12649,1362,5000,2311.38,Active
12650,1362,15000,1914.07,Active
12651,1363,30000,7386.15,Active
12652,1363,15000,1653.84,Active
12653,1364,10000,7545.35,Active
12654,1364,20000,7823.47,Active
12655,1364,15000,7057.98,Active
12656,1365,30000,24517.61,Active
12657,1365,20000,3300.31,Active
12658,1365,20000,9673.8,Active
12659,1366,10000,1062.92,Active
12660,1366,10000,5107.56,Closed
12661,1367,15000,1756.82,Active
12662,1368,2000,1219.43,Closed
12663,1369,20000,18717.27,Active
12664,1369,15000,11957.8,Active
12665,1369,30000,21821.5,Active
12666,1370,10000,8997.55,Active
12667,1371,15000,2929.04,Closed
12668,1371,15000,9289.57,Active
12669,1371,20000,4226.45,Active
12670,1372,15000,4046.5,Closed
12671,1373,2000,1575.86,Active
12672,1373,5000,3407.94,Active
12673,1374,2000,1789.95,Active
12674,1374,5000,2435.09,Closed
12675,1374,2000,353.95,Active
12676,1375,5000,1656.23,Active
12677,1375,2000,1755.28,Active
12678,1376,5000,4096.19,Active
12679,1376,2000,1161.3,Active
12680,1376,15000,6581.01,Active
12681,1377,10000,629.71,Active
12682,1377,30000,19669.03,Active
12683,1378,20000,4086.74,Active
12684,1379,5000,3990.9,Active
12685,1379,2000,1180.63,Active
12686,1380,30000,26322.51,Active
12687,1381,20000,18090.24,Active
12688,1381,20000,13873.61,Closed
12689,1382,30000,11108.58,Active
12690,1383,15000,2916.78,Active
12691,1383,10000,742.22,Closed
12692,1383,10000,7537.78,Active
12693,1384,2000,503.53,Active
12694,1384,5000,1991.28,Active
12695,1385,20000,980.74,Active
12696,1385,10000,3634.43,Closed
12697,1385,2000,1306.33,Active
12698,1386,15000,170.99,Closed
12699,1387,30000,18604.73,Active
12700,1387,5000,3700.42,Active
12701,1388,10000,7404.61,Active
12702,1388,15000,12728.99,Closed
12703,1388,30000,3862.95,Active
12704,1389,15000,13657.72,Active
12705,1390,10000,4416.04,Active
12706,1391,2000,181.98,Active
12707,1392,10000,9075.49,Active
12708,1393,15000,3080.68,Closed
12709,1394,5000,3575.02,Active
12710,1395,15000,2446.23,Active
12711,1395,2000,387.97,Closed
12712,1395,20000,783.87,Closed
12713,1396,30000,11110.66,Active
12714,1397,2000,47.41,Active
12715,1398,30000,22044.01,Closed
12716,1398,2000,1897.71,Active
12717,1399,5000,2599.0,Active
12718,1399,15000,11887.84,Closed
12719,1399,10000,2910.74,Closed
12720,1400,5000,3919.0,Active
12721,1401,5000,872.42,Active
12722,1401,2000,1231.1,Active
12723,1402,10000,1720.3,Active
12724,1403,5000,4533.16,Active
12725,1404,10000,2898.36,Closed
12726,1404,15000,12587.05,Closed
12727,1404,20000,429.47,Active
12728,1405,30000,17827.03,Active
12729,1405,2000,426.83,Active
12730,1406,15000,1124.37,Closed
12731,1406,20000,15548.48,Active
12732,1407,5000,1284.15,Active
12733,1407,30000,10234.07,Active
12734,1407,2000,726.3,Active
12735,1408,2000,1092.45,Active
12736,1409,20000,11047.4,Active
12737,1409,5000,3825.76,Closed
12738,1410,10000,6958.81,Closed
12739,1410,10000,4550.21,Closed
12740,1410,20000,12814.83,Active
12741,1411,15000,5406.01,Active
12742,1412,20000,9984.86,Active
12743,1413,10000,224.54,Active
12744,1413,15000,11697.32,Active
12745,1414,2000,1086.59,Closed
12746,1414,10000,5887.26,Active
12747,1414,2000,830.65,Active
12748,1415,15000,8140.75,Active
12749,1416,20000,18277.01,Active
12750,1416,5000,3730.76,Active
12751,1417,20000,5111.29,Closed
12752,1417,10000,4265.95,Active
12753,1418,5000,557.02,Closed
12754,1418,10000,2606.05,Active
12755,1418,5000,3393.48,Active
12756,1419,2000,1895.96,Active
12757,1420,30000,14012.54,Active
12758,1420,2000,682.63,Active
12759,1420,2000,1669.43,Active
12760,1421,2000,39.18,Closed
12761,1422,10000,7065.88,Closed
12762,1423,5000,2820.28,Active
12763,1423,2000,980.7,Active
12764,1424,10000,1131.55,Active
12765,1425,20000,18143.95,Active
12766,1426,20000,14306.4,Active
12767,1426,5000,659.6,Closed
12768,1427,15000,10575.84,Closed
12769,1428,30000,17606.61,Closed
12770,1428,2000,1029.38,Active
12771,1428,10000,5161.6,Active
12772,1429,15000,6840.41,Active
12773,1429,15000,3490.45,Active
12774,1429,2000,1750.58,Active
12775,1430,5000,1182.95,Active
12776,1430,2000,1373.72,Active
12777,1430,15000,1175.37,Active
12778,1431,2000,604.85,Active
12779,1431,30000,7385.43,Active
12780,1431,20000,18294.2,Active
12781,1432,2000,359.31,Active
12782,1433,2000,129.99,Active
12783,1433,10000,7245.07,Active
12784,1433,15000,5858.4,Closed
12785,1434,15000,13444.16,Active
12786,1434,10000,5529.04,Active
12787,1435,15000,6293.04,Active
12788,1435,2000,111.26,Active
12789,1436,30000,20549.01,Active
12790,1436,30000,21944.74,Active
12791,1437,20000,2891.94,Active
12792,1437,30000,6341.03,Closed
12793,1437,20000,17526.41,Active
12794,1438,5000,4564.62,Closed
12795,1439,2000,1008.67,Active
12796,1440,10000,6543.86,Active
12797,1440,15000,3240.47,Active
12798,1441,5000,1955.03,Active
12799,1441,5000,1636.09,Closed
12800,1441,2000,16.0,Active
12801,1442,20000,1799.32,Active
12802,1443,30000,9462.44,Active
12803,1443,30000,11932.18,Active
12804,1443,30000,5035.65,Active
12805,1444,20000,340.08,Closed
12806,1444,2000,1678.4,Active
12807,1445,20000,3284.97,Active
12808,1445,10000,4051.47,Active
12809,1446,2000,242.79,Active
12810,1447,5000,2176.84,Active
12811,1447,2000,1374.47,Active
12812,1447,5000,4672.14,Active
12813,1448,30000,28220.85,Closed
12814,1448,2000,666.61,Active
12815,1448,2000,1244.24,Active
12816,1449,30000,10666.45,Closed
12817,1449,30000,12237.42,Active
12818,1449,5000,4539.67,Active
12819,1450,15000,10337.04,Active
12820,1450,30000,5064.57,Active
12821,1451,15000,14072.95,Active
12822,1451,15000,11759.35,Active
12823,1452,20000,1674.14,Active
12824,1453,10000,4742.6,Active
12825,1454,10000,4672.27,Active
12826,1454,10000,2231.35,Closed
12827,1454,2000,933.22,Closed
12828,1455,5000,775.11,Active
12829,1455,2000,1423.96,Active
12830,1455,15000,9521.54,Active
12831,1456,15000,14062.84,Closed
12832,1456,15000,10026.19,Closed
12833,1457,30000,22320.39,Active
12834,1457,5000,1311.29,Active
12835,1458,15000,12595.21,Closed
12836,1458,20000,8397.96,Active
12837,1458,20000,5575.58,Closed
12838,1459,30000,4549.85,Active
12839,1460,5000,1717.63,Active
12840,1460,15000,13893.28,Active
12841,1460,20000,5762.85,Closed
12842,1461,5000,596.38,Active
12843,1461,10000,7711.1,Active
12844,1462,10000,6897.55,Closed
12845,1463,5000,4500.5,Active
12846,1463,2000,638.93,Closed
12847,1463,10000,5743.71,Active
12848,1464,10000,2439.39,Active
12849,1465,15000,9403.93,Active
12850,1466,30000,23323.27,Active
12851,1466,2000,1274.1,Closed
12852,1467,20000,10458.19,Active
12853,1468,5000,11.98,Closed
12854,1468,5000,1456.93,Active
12855,1469,20000,14990.15,Active
12856,1469,30000,1846.03,Active
12857,1469,20000,15226.04,Active
12858,1470,15000,3700.3,Active
12859,1470,10000,8044.05,Active
12860,1471,5000,432.76,Active
12861,1472,5000,3118.43,Active
12862,1472,2000,1524.08,Active
12863,1473,2000,225.08,Closed
12864,1474,10000,5807.36,Closed
12865,1475,5000,2359.19,Active
12866,1476,30000,18293.01,Closed
12867,1476,2000,1876.16,Active
12868,1476,5000,296.79,Active
12869,1477,20000,8487.71,Active
12870,1478,2000,1534.42,Active
12871,1479,5000,1414.62,Closed
12872,1480,5000,507.95,Closed
12873,1481,2000,1120.42,Closed
12874,1481,30000,15811.11,Active
12875,1481,30000,2991.43,Closed
12876,1482,10000,6495.56,Active
12877,1483,20000,4909.04,Active
12878,1483,30000,13299.79,Active
12879,1483,10000,8752.01,Active
12880,1484,5000,4551.47,Active
12881,1485,10000,5036.04,Active
12882,1486,15000,13147.39,Closed
12883,1487,30000,98.7,Active
12884,1487,15000,8532.11,Active
12885,1487,30000,6460.88,Active
12886,1488,2000,810.83,Active
12887,1488,20000,8929.65,Active
12888,1489,5000,3215.02,Closed
12889,1490,15000,6988.34,Active
12890,1490,20000,3761.34,Active
12891,1491,2000,850.08,Closed
12892,1492,2000,1709.37,Active
12893,1492,5000,3791.78,Active
12894,1492,30000,20599.65,Active
12895,1493,15000,12356.63,Active
12896,1493,2000,322.46,Active
12897,1494,10000,1844.47,Active
12898,1494,5000,4162.61,Active
12899,1494,5000,4608.82,Active
12900,1495,20000,722.98,Closed
12901,1495,20000,12708.9,Closed
12902,1496,10000,8045.7,Active
12903,1496,15000,9495.94,Active
12904,1496,15000,11412.07,Active
12905,1497,15000,8831.35,Active
12906,1498,20000,16144.38,Active
12907,1499,30000,26778.69,Active
12908,1499,2000,611.52,Active
12909,1499,15000,12748.75,Active
12910,1500,2000,8.38,Active
12911,1500,5000,938.72,Active
12912,1501,20000,14570.03,Active
12913,1501,10000,8061.08,Active
12914,1501,20000,10225.68,Active
12915,1502,5000,1370.65,Active
12916,1502,20000,1253.21,Active
12917,1502,2000,572.71,Active
12918,1503,15000,8559.79,Active
12919,1503,2000,601.15,Active
12920,1503,2000,279.98,Active
12921,1504,15000,6786.86,Active
12922,1505,20000,18794.07,Active
12923,1505,15000,10159.04,Active
12924,1505,5000,3171.8,Active
12925,1506,10000,5224.53,Active
12926,1507,10000,162.22,Active
12927,1508,15000,5993.71,Active
12928,1508,15000,7204.29,Closed
12929,1509,10000,4488.36,Active
12930,1510,30000,21800.17,Active
12931,1510,5000,2593.54,Active
12932,1511,15000,4695.6,Active
12933,1511,5000,1112.5,Active
12934,1512,15000,7220.33,Active
12935,1512,10000,2466.17,Closed
12936,1512,30000,1300.01,Closed
12937,1513,5000,3488.17,Active
12938,1514,10000,7474.29,Closed
12939,1515,10000,7331.17,Closed
12940,1515,15000,6677.03,Active
12941,1515,10000,614.25,Active
12942,1516,15000,2900.93,Closed
12943,1517,10000,3650.6,Active
12944,1518,15000,7574.71,Active
12945,1518,15000,9470.26,Active
12946,1518,5000,464.09,Active
12947,1519,5000,2517.86,Active
12948,1519,15000,4225.22,Active
12949,1520,20000,16086.85,Closed
12950,1520,30000,5160.43,Active
12951,1521,20000,3282.41,Active
12952,1522,30000,15050.2,Active
12953,1522,15000,2649.6,Active
12954,1523,15000,5936.83,Active
12955,1524,2000,846.11,Closed
12956,1525,5000,683.13,Active
12957,1525,30000,5886.03,Active
12958,1525,5000,3451.49,Closed
12959,1526,15000,9855.71,Active
12960,1526,20000,2382.23,Closed
12961,1527,20000,15882.02,Active
12962,1527,15000,12766.87,Active
12963,1527,10000,4911.62,Closed
12964,1528,30000,6662.04,Active
12965,1528,30000,9536.35,Active
12966,1528,5000,1233.61,Active
12967,1529,30000,14957.55,Active
12968,1530,5000,2744.12,Active
12969,1530,10000,5663.72,Closed
12970,1531,10000,7376.86,Active
12971,1531,5000,3238.6,Active
12972,1532,15000,823.27,Closed
12973,1532,20000,11312.2,Closed
12974,1533,30000,9661.53,Active
12975,1533,5000,2072.59,Active
12976,1534,30000,24585.67,Active
12977,1534,20000,4933.77,Active
12978,1534,15000,2993.32,Closed
12979,1535,5000,2163.35,Active
12980,1535,5000,283.27,Active
12981,1535,5000,4482.54,Active
12982,1536,2000,202.19,Active
12983,1536,15000,11829.39,Closed
12984,1537,20000,2293.15,Closed
12985,1537,2000,803.58,Active
12986,1538,5000,2929.74,Active
12987,1538,2000,549.01,Closed
12988,1539,20000,4421.09,Active
12989,1539,5000,4464.99,Closed
12990,1539,20000,149.41,Active
12991,1540,2000,1707.13,Closed
12992,1541,20000,264.37,Active
12993,1541,5000,3223.39,Active
12994,1541,15000,11810.76,Active
12995,1542,20000,480.19,Active
12996,1542,15000,6619.88,Active
12997,1543,2000,760.12,Active
12998,1544,2000,1687.53,Active
12999,1544,2000,553.29,Active
13000,1545,5000,1963.03,Closed
13001,1546,10000,8709.79,Closed
13002,1547,5000,4050.85,Closed
13003,1547,5000,2675.21,Closed
13004,1547,15000,13949.15,Active
13005,1548,5000,4550.04,Active
13006,1548,30000,11334.41,Active
13007,1548,10000,578.22,Active
13008,1549,30000,17463.32,Active
13009,1549,2000,1327.87,Active
13010,1549,30000,17234.27,Active
13011,1550,30000,4503.1,Closed
13012,1550,5000,2569.36,Active
13013,1551,20000,2239.59,Closed
13014,1552,10000,6196.07,Active
13015,1553,15000,847.87,Closed
13016,1553,30000,11963.77,Closed
13017,1553,30000,9437.14,Active
13018,1554,5000,2626.58,Active
13019,1554,10000,9283.69,Closed
13020,1555,20000,14229.45,Active
13021,1555,2000,860.02,Active
13022,1556,20000,8262.13,Active
13023,1556,15000,10661.62,Active
13024,1556,15000,12062.45,Active
13025,1557,2000,1036.72,Active
13026,1558,5000,2826.35,Active
13027,1558,5000,3665.32,Active
13028,1558,10000,8380.11,Active
13029,1559,2000,531.04,Active
13030,1559,20000,4278.24,Active
13031,1559,10000,9092.62,Active
13032,1560,5000,31.16,Active
13033,1561,10000,638.74,Active
13034,1562,30000,22952.78,Active
13035,1562,2000,215.69,Active
13036,1563,10000,3121.33,Active
13037,1563,5000,4062.75,Active
13038,1564,5000,2962.96,Active
13039,1564,5000,4156.95,Active
13040,1564,5000,1872.04,Active
13041,1565,15000,1884.74,Active
13042,1565,10000,5361.14,Active
13043,1565,2000,240.02,Active
13044,1566,2000,307.22,Active
13045,1566,15000,11116.08,Closed
13046,1567,20000,11421.73,Active
13047,1567,2000,224.02,Active
13048,1568,15000,2822.75,Closed
13049,1568,15000,4403.11,Active
13050,1569,5000,311.44,Active
13051,1569,15000,2597.1,Active
13052,1570,2000,1076.08,Closed
13053,1570,10000,5910.27,Active
13054,1570,20000,2516.34,Closed
13055,1571,2000,1335.68,Active
13056,1571,15000,5306.37,Closed
13057,1572,15000,12183.34,Active
13058,1573,10000,1435.88,Closed
13059,1573,10000,3639.4,Active
13060,1574,2000,1691.68,Closed
13061,1574,2000,852.28,Active
13062,1574,2000,8.57,Active
13063,1575,30000,25061.75,Active
13064,1575,10000,8308.32,Active
13065,1575,2000,363.0,Active
13066,1576,10000,6565.29,Active
13067,1577,2000,603.81,Active
13068,1577,5000,3419.03,Active
13069,1578,20000,12157.1,Active
13070,1579,30000,23977.51,Closed
13071,1580,20000,8758.91,Active
13072,1580,10000,4428.31,Active
13073,1581,30000,21125.6,Active
13074,1581,5000,4611.05,Active
13075,1582,10000,5968.68,Active
13076,1582,30000,26555.47,Active
13077,1582,20000,3426.32,Active
13078,1583,20000,9178.95,Active
13079,1583,15000,7021.11,Closed
13080,1584,5000,4567.8,Active
13081,1584,5000,2797.33,Closed
13082,1584,10000,905.11,Active
13083,1585,10000,4439.06,Active
13084,1586,10000,544.64,Active
13085,1586,30000,14348.5,Active
13086,1587,20000,10077.69,Active
13087,1587,10000,6644.97,Closed
13088,1587,5000,1921.52,Active
13089,1588,30000,14475.59,Closed
13090,1589,5000,3127.7,Active
13091,1589,10000,2898.86,Active
13092,1590,10000,7002.58,Active
13093,1590,20000,7444.01,Active
13094,1590,5000,871.94,Active
13095,1591,2000,1013.24,Active
13096,1592,30000,26614.05,Closed
13097,1592,5000,3595.43,Active
13098,1592,15000,2452.47,Closed
13099,1593,20000,14449.1,Active
13100,1594,2000,172.22,Active
13101,1594,5000,1167.0,Active
13102,1594,2000,546.2,Active
13103,1595,2000,1497.32,Closed
13104,1595,15000,2425.93,Closed
13105,1595,2000,255.32,Closed
13106,1596,10000,8726.33,Active
13107,1597,20000,6864.82,Active
13108,1598,2000,906.71,Active
13109,1599,2000,35.65,Active
13110,1599,20000,1422.55,Active
13111,1599,20000,4172.51,Active
13112,1600,20000,11764.55,Active
13113,1601,10000,7945.36,Active
13114,1602,20000,4221.66,Active
13115,1603,2000,797.76,Active
13116,1603,20000,2727.76,Closed
13117,1603,30000,1062.25,Closed
13118,1604,15000,1580.29,Closed
13119,1604,2000,900.6,Closed
13120,1605,15000,4009.67,Active
13121,1606,2000,1087.64,Active
13122,1607,5000,949.45,Closed
13123,1607,2000,844.92,Closed
13124,1608,5000,4072.6,Active
13125,1608,5000,4669.43,Active
13126,1608,15000,1633.99,Active
13127,1609,30000,2654.87,Closed
13128,1609,10000,1303.56,Active
13129,1610,2000,739.27,Active
13130,1610,10000,1104.89,Active
13131,1610,15000,2546.15,Closed
13132,1611,15000,7457.86,Closed
13133,1611,15000,12743.71,Active
13134,1611,15000,12235.81,Active
13135,1612,20000,5554.03,Active
13136,1612,10000,8360.0,Active
13137,1613,10000,8154.31,Active
13138,1613,20000,10459.1,Active
13139,1614,15000,8831.05,Active
13140,1615,10000,6624.67,Active
13141,1616,10000,5323.44,Closed
13142,1617,10000,7329.21,Active
13143,1617,15000,2397.11,Active
13144,1618,15000,11127.89,Active
13145,1618,20000,15654.38,Active
13146,1619,20000,14456.25,Active
13147,1619,5000,1704.94,Active
13148,1620,10000,7080.89,Closed
13149,1620,5000,1985.6,Active
13150,1620,10000,6538.04,Active
13151,1621,20000,8243.6,Active
13152,1622,30000,344.51,Active
13153,1623,10000,2157.8,Active
13154,1623,30000,25240.64,Closed
13155,1623,30000,26892.79,Active
13156,1624,15000,10347.11,Active
13157,1625,20000,11464.71,Active
13158,1625,20000,14839.24,Closed
13159,1626,2000,497.52,Closed
13160,1626,2000,578.98,Closed
13161,1626,30000,2675.1,Active
13162,1627,20000,18167.52,Active
13163,1627,10000,2016.65,Active
13164,1628,30000,10692.53,Closed
13165,1628,30000,27446.04,Active
13166,1629,10000,8512.93,Closed
13167,1629,5000,3227.32,Closed
13168,1630,15000,7886.7,Active
13169,1631,30000,8462.64,Active
13170,1631,20000,7082.57,Active
13171,1632,5000,2150.85,Active
13172,1633,2000,21.08,Active
13173,1633,10000,389.59,Closed
13174,1633,30000,23975.84,Closed
13175,1634,10000,9274.78,Active
13176,1635,15000,474.04,Active
13177,1635,5000,3352.97,Closed
13178,1636,15000,8438.0,Active
13179,1636,5000,128.49,Closed
13180,1637,15000,9488.67,Active
13181,1637,15000,6711.8,Active
13182,1637,20000,17727.3,Active
13183,1638,5000,1997.99,Closed
13184,1638,20000,12205.09,Active
13185,1638,20000,306.75,Closed
13186,1639,30000,14451.4,Active
13187,1639,5000,2386.31,Active
13188,1639,30000,17037.15,Active
13189,1640,15000,10707.88,Closed
13190,1640,5000,1447.23,Active
13191,1641,20000,13178.39,Closed
13192,1641,15000,343.0,Active
13193,1641,30000,9195.61,Active
13194,1642,30000,8626.47,Active
13195,1642,5000,3935.07,Closed
13196,1642,2000,498.49,Closed
13197,1643,2000,1035.62,Closed
13198,1643,30000,20613.72,Active
13199,1643,15000,5568.25,Active
13200,1644,2000,764.22,Active
13201,1645,30000,25544.94,Active
13202,1645,15000,2731.12,Active
13203,1645,20000,15946.8,Active
13204,1646,20000,15511.62,Active
13205,1646,15000,1709.97,Active
13206,1646,15000,10009.6,Active
13207,1647,15000,1288.73,Active
13208,1648,15000,11718.61,Active
13209,1648,20000,4985.88,Closed
13210,1648,20000,5546.8,Active
13211,1649,30000,19820.5,Active
13212,1650,30000,21975.86,Active
13213,1651,30000,28202.66,Active
13214,1651,2000,536.33,Closed
13215,1652,2000,1888.38,Active
13216,1652,2000,1172.17,Closed
13217,1653,2000,698.94,Active
13218,1654,5000,2666.7,Active
13219,1654,30000,22410.97,Active
13220,1655,5000,3718.35,Active
13221,1655,15000,10326.68,Active
13222,1655,15000,6718.53,Active
13223,1656,30000,10741.8,Active
13224,1656,30000,6321.13,Active
13225,1657,30000,15039.56,Active
13226,1657,2000,721.27,Active
13227,1658,30000,18757.84,Active
13228,1658,10000,13.99,Closed
13229,1658,2000,217.43,Active
13230,1659,5000,1958.26,Active
13231,1659,2000,847.91,Active
13232,1659,5000,147.67,Active
13233,1660,30000,25600.24,Active
13234,1660,15000,2270.51,Active
13235,1660,20000,3146.48,Closed
13236,1661,5000,3093.59,Active
13237,1661,10000,8003.25,Active
13238,1661,2000,1254.98,Active
13239,1662,5000,2452.62,Active
13240,1662,20000,3493.16,Closed
13241,1663,10000,843.76,Closed
13242,1663,20000,41.46,Active
13243,1663,30000,17095.46,Closed
13244,1664,5000,3799.09,Closed
13245,1665,5000,73.89,Active
13246,1665,20000,2535.91,Active
13247,1666,20000,2280.89,Active
13248,1667,5000,4722.76,Closed
13249,1667,5000,3194.46,Active
13250,1667,10000,2558.57,Active
13251,1668,15000,8980.55,Active
13252,1668,30000,7212.83,Closed
13253,1668,2000,154.32,Active
13254,1669,30000,8414.2,Active
13255,1669,10000,1541.91,Active
13256,1669,5000,1937.15,Active
13257,1670,2000,1783.7,Active
13258,1670,5000,2178.01,Active
13259,1670,2000,347.02,Active
13260,1671,15000,5772.23,Active
13261,1671,5000,2897.71,Closed
13262,1671,2000,250.53,Active
13263,1672,15000,4534.99,Active
13264,1673,10000,3371.17,Closed
13265,1674,20000,14324.09,Closed
13266,1674,10000,7399.4,Active
13267,1675,2000,1844.7,Closed
13268,1675,30000,7751.35,Active
13269,1675,2000,669.33,Closed
13270,1676,5000,2459.41,Active
13271,1676,30000,11401.87,Active
13272,1677,5000,1096.4,Active
13273,1678,15000,11496.86,Closed
13274,1678,10000,5560.42,Active
13275,1679,20000,5897.83,Closed
13276,1679,30000,25794.76,Active
13277,1680,2000,1807.5,Active
13278,1680,20000,9964.26,Active
13279,1680,5000,4565.92,Active
13280,1681,15000,5941.58,Active
13281,1682,20000,11084.73,Active
13282,1682,5000,4239.57,Closed
13283,1683,20000,17264.94,Active
13284,1683,20000,17381.45,Active
13285,1683,5000,1522.93,Closed
13286,1684,20000,9780.59,Closed
13287,1684,15000,8705.54,Active
13288,1685,2000,572.1,Active
13289,1685,10000,4989.32,Active
13290,1686,10000,8504.52,Active
13291,1686,2000,622.0,Active
13292,1686,20000,1608.12,Active
13293,1687,2000,55.73,Active
13294,1687,10000,2826.16,Closed
13295,1688,5000,3990.36,Active
13296,1688,10000,7041.32,Active
13297,1689,10000,6945.35,Active
13298,1690,10000,1122.98,Active
13299,1691,20000,9418.42,Active
13300,1691,30000,24043.07,Closed
13301,1691,5000,157.57,Closed
13302,1692,10000,7911.82,Closed
13303,1692,10000,1517.8,Active
13304,1692,10000,8631.61,Active
13305,1693,30000,18495.49,Active
13306,1693,20000,3470.38,Active
13307,1693,5000,147.16,Closed
13308,1694,15000,8672.99,Active
13309,1694,20000,17922.27,Closed
13310,1695,20000,17863.14,Active
13311,1696,10000,3821.83,Active
13312,1696,2000,161.83,Active
13313,1696,5000,2982.75,Active
13314,1697,20000,7761.33,Active
13315,1697,20000,8181.66,Active
13316,1698,5000,3599.05,Active
13317,1698,2000,588.28,Active
13318,1699,10000,1144.9,Active
13319,1699,10000,2142.61,Active
13320,1700,5000,2290.27,Active
13321,1700,15000,1381.3,Active
13322,1700,15000,6985.24,Active
13323,1701,5000,348.05,Active
13324,1701,2000,428.94,Active
13325,1701,20000,14474.11,Active
13326,1702,5000,3301.3,Active
13327,1703,5000,2449.27,Active
13328,1703,5000,2183.2,Active
13329,1703,10000,6951.74,Active
13330,1704,10000,8042.97,Active
13331,1704,20000,11569.74,Active
13332,1705,15000,365.84,Closed
13333,1705,5000,3678.72,Active
13334,1706,2000,1314.47,Closed
13335,1707,10000,724.06,Active
13336,1707,15000,8975.72,Active
13337,1708,15000,9904.84,Active
13338,1709,20000,6595.15,Active
13339,1709,10000,3643.5,Active
13340,1709,2000,1149.54,Active
13341,1710,10000,4834.39,Active
13342,1710,10000,5173.79,Active
13343,1710,30000,20993.27,Active
13344,1711,15000,3713.15,Closed
13345,1711,30000,10423.74,Active
13346,1712,2000,1228.56,Closed
13347,1712,2000,96.1,Active
13348,1713,5000,4238.24,Active
13349,1713,30000,8877.25,Active
13350,1713,2000,1025.19,Active
13351,1714,20000,17539.27,Active
13352,1715,2000,1528.12,Active
13353,1716,5000,2795.69,Closed
13354,1716,5000,3644.11,Active
13355,1716,5000,2440.27,Closed
13356,1717,10000,5969.25,Active
13357,1717,30000,12677.26,Active
13358,1717,5000,1860.78,Active
13359,1718,30000,9631.46,Closed
13360,1718,10000,6574.47,Active
13361,1718,5000,3431.28,Active
13362,1719,15000,1883.15,Active
13363,1719,5000,2873.28,Closed
13364,1719,10000,2504.65,Active
13365,1720,20000,17100.05,Closed
13366,1720,15000,606.64,Closed
13367,1720,2000,1133.5,Active
13368,1721,30000,3348.31,Active
13369,1721,20000,15942.82,Active
13370,1721,5000,374.59,Active
13371,1722,5000,3851.1,Closed
13372,1722,2000,182.87,Active
13373,1722,20000,6431.56,Active
13374,1723,5000,3801.63,Active
13375,1723,5000,3126.16,Active
13376,1724,30000,11493.42,Active
13377,1724,15000,11381.77,Active
13378,1724,5000,85.92,Active
13379,1725,15000,9663.22,Closed
13380,1725,15000,13565.61,Active
13381,1725,30000,7937.7,Closed
13382,1726,30000,27319.53,Active
13383,1726,20000,12899.03,Active
13384,1726,30000,25518.9,Active
13385,1727,2000,549.62,Active
13386,1727,20000,10873.6,Active
13387,1728,10000,4001.63,Closed
13388,1728,15000,14218.68,Active
13389,1728,15000,2562.18,Active
13390,1729,20000,7142.61,Active
13391,1729,10000,2204.85,Active
13392,1729,5000,3557.94,Active
13393,1730,20000,5722.93,Active
13394,1730,10000,4618.54,Closed
13395,1730,2000,410.56,Closed
13396,1731,15000,689.97,Active
13397,1731,15000,3370.18,Closed
13398,1731,15000,3401.56,Active
13399,1732,2000,245.6,Active
13400,1732,30000,18048.69,Active
13401,1733,20000,10355.35,Active
13402,1734,5000,2786.55,Active
13403,1735,2000,1530.44,Active
13404,1736,2000,272.01,Active
13405,1736,2000,1155.79,Active
13406,1736,5000,3270.66,Closed
13407,1737,20000,8882.33,Active
13408,1737,5000,4072.97,Active
13409,1738,2000,94.12,Closed
13410,1738,2000,252.79,Closed
13411,1739,15000,13315.84,Active
13412,1739,10000,7707.54,Active
13413,1740,10000,2715.38,Active
13414,1741,10000,8794.42,Active
13415,1741,20000,1720.7,Active
13416,1741,30000,15990.2,Closed
13417,1742,30000,9986.14,Active
13418,1742,10000,8419.99,Active
13419,1743,15000,13970.0,Active
13420,1743,5000,2836.31,Active
13421,1744,2000,937.31,Closed
13422,1745,10000,6644.41,Closed
13423,1746,5000,4605.16,Closed
13424,1747,15000,11975.08,Active
13425,1748,15000,434.39,Active
13426,1748,10000,4264.64,Active
13427,1748,15000,12850.62,Closed
13428,1749,5000,934.52,Active
13429,1750,20000,6938.15,Active
13430,1750,10000,9071.48,Active
13431,1751,15000,3283.19,Active
13432,1752,15000,11527.73,Active
13433,1752,15000,769.05,Closed
13434,1753,2000,709.5,Active
13435,1753,10000,2871.11,Active
13436,1753,5000,2805.97,Active
13437,1754,20000,5041.62,Closed
13438,1754,10000,6953.27,Active
13439,1755,2000,1292.02,Active
13440,1756,15000,8315.23,Active
13441,1756,30000,13116.7,Active
13442,1756,30000,26573.57,Closed
13443,1757,30000,26696.79,Closed
13444,1757,20000,4081.35,Active
13445,1758,2000,1052.09,Active
13446,1758,10000,6778.09,Closed
13447,1759,30000,19110.75,Closed
13448,1759,15000,7793.88,Active
13449,1760,30000,13358.16,Active
13450,1760,5000,4720.65,Closed
13451,1761,30000,2528.01,Active
13452,1761,5000,4063.81,Active
13453,1762,5000,778.73,Active
13454,1762,15000,6966.38,Active
13455,1762,5000,4038.97,Active
13456,1763,30000,17205.58,Closed
13457,1763,5000,3734.14,Active
13458,1763,5000,2686.23,Closed
13459,1764,10000,379.22,Active
13460,1764,10000,2280.69,Active
13461,1765,15000,5358.88,Active
13462,1765,10000,1570.71,Closed
13463,1766,20000,17727.99,Active
13464,1767,30000,15245.15,Active
13465,1768,5000,221.99,Active
13466,1768,30000,5197.29,Active
13467,1768,10000,6543.03,Active
13468,1769,15000,8790.07,Active
13469,1770,20000,5299.11,Active
13470,1771,10000,4699.12,Active
13471,1772,20000,9980.15,Active
13472,1772,30000,13773.24,Active
13473,1772,2000,623.69,Active
13474,1773,10000,1204.96,Closed
13475,1773,2000,1738.19,Closed
13476,1773,10000,4145.97,Active
13477,1774,20000,18228.57,Active
13478,1775,2000,1361.58,Closed
13479,1776,5000,1013.86,Active
13480,1776,5000,3673.92,Closed
13481,1777,30000,22203.85,Active
13482,1777,15000,6403.95,Closed
13483,1777,5000,967.82,Active
13484,1778,30000,14427.61,Active
13485,1778,15000,5725.78,Active
13486,1779,15000,402.95,Closed
13487,1779,2000,393.94,Active
13488,1779,2000,452.28,Active
13489,1780,20000,5950.65,Active
13490,1780,5000,2993.33,Active
13491,1781,2000,1216.6,Active
13492,1781,30000,1528.9,Closed
13493,1781,10000,175.77,Closed
13494,1782,10000,4810.23,Closed
13495,1782,15000,5988.53,Active
13496,1783,2000,1599.53,Closed
13497,1783,5000,65.52,Active
13498,1783,5000,3356.3,Active
13499,1784,30000,27990.19,Closed
13500,1784,10000,8985.71,Active
13501,1784,10000,5449.93,Active
13502,1785,20000,9228.32,Active
13503,1785,2000,993.17,Active
13504,1786,30000,21947.13,Closed
13505,1786,30000,16367.99,Active
13506,1786,20000,15002.28,Active
13507,1787,30000,14423.45,Active
13508,1787,20000,14061.76,Active
13509,1787,10000,134.96,Active
13510,1788,30000,22812.42,Active
13511,1788,5000,3911.84,Closed
13512,1788,10000,2056.54,Active
13513,1789,5000,4632.96,Active
13514,1789,15000,1445.37,Active
13515,1789,5000,3413.35,Active
13516,1790,2000,626.13,Active
13517,1790,20000,17722.93,Active
13518,1790,10000,154.69,Active
13519,1791,30000,12837.26,Active
13520,1792,5000,3878.95,Active
13521,1793,10000,1639.94,Active
13522,1793,10000,3778.07,Closed
13523,1794,20000,13225.58,Active
13524,1794,20000,14712.67,Active
13525,1794,5000,973.89,Closed
13526,1795,10000,6244.01,Active
13527,1796,15000,7440.73,Closed
13528,1797,2000,1876.15,Active
13529,1797,30000,20615.09,Active
13530,1797,15000,4359.75,Active
13531,1798,2000,1430.77,Active
13532,1798,20000,8139.25,Closed
13533,1799,10000,5390.01,Closed
13534,1799,5000,4197.07,Active
13535,1799,2000,1627.0,Closed
13536,1800,5000,1876.11,Active
13537,1801,20000,1127.73,Active
13538,1802,2000,729.96,Active
13539,1802,2000,188.02,Active
13540,1803,10000,6958.32,Closed
13541,1803,10000,3140.17,Closed
13542,1804,10000,7140.27,Active
13543,1804,15000,5016.93,Active
13544,1805,15000,6141.09,Active
13545,1805,2000,99.38,Closed
13546,1806,20000,14951.03,Closed
13547,1806,20000,16260.89,Active
13548,1807,2000,679.09,Closed
13549,1807,15000,5028.83,Active
13550,1807,2000,292.42,Active
13551,1808,10000,652.76,Closed
13552,1808,10000,46.91,Active
13553,1809,20000,7724.18,Closed
13554,1810,20000,14735.1,Active
13555,1811,2000,1387.36,Closed
13556,1811,2000,1820.83,Closed
13557,1812,2000,1675.6,Active
13558,1813,5000,4352.46,Closed
13559,1813,2000,329.38,Active
13560,1814,2000,1027.06,Active
13561,1814,2000,1867.93,Active
13562,1814,30000,1971.15,Active
13563,1815,20000,230.2,Closed
13564,1815,30000,1887.09,Closed
13565,1815,20000,9211.03,Closed
13566,1816,10000,3198.04,Active
13567,1817,10000,1040.4,Active
13568,1817,15000,8683.85,Active
13569,1817,10000,3018.85,Active
13570,1818,5000,1681.2,Closed
13571,1818,30000,14026.07,Active
13572,1819,10000,4733.52,Active
13573,1819,20000,4773.08,Active
13574,1819,10000,5552.54,Active
13575,1820,30000,28003.84,Active
13576,1821,30000,17584.25,Active
13577,1822,30000,24849.52,Active
13578,1823,2000,672.17,Active
13579,1824,20000,5326.97,Active
13580,1824,15000,2724.74,Active
13581,1825,2000,431.98,Closed
13582,1826,15000,6714.1,Closed
13583,1826,15000,5166.68,Active
13584,1826,2000,1246.98,Active
13585,1827,15000,10513.85,Active
13586,1827,5000,17.54,Active
13587,1827,20000,6080.0,Closed
13588,1828,20000,15313.64,Active
13589,1828,2000,1084.05,Active
13590,1828,5000,3071.84,Active
13591,1829,15000,443.57,Active
13592,1830,20000,7158.13,Active
13593,1830,5000,2181.42,Closed
13594,1830,10000,8816.87,Active
13595,1831,15000,2742.69,Active
13596,1832,15000,2590.55,Active
13597,1832,30000,27548.28,Active
13598,1833,2000,1865.28,Active
13599,1833,15000,7707.57,Active
13600,1834,5000,4210.18,Active
13601,1834,10000,5349.7,Closed
13602,1835,20000,11280.68,Active
13603,1835,15000,13221.88,Active
13604,1835,5000,2185.8,Active
13605,1836,30000,13502.08,Closed
13606,1837,20000,17970.96,Active
13607,1837,5000,4198.54,Active
13608,1837,15000,9680.16,Active
13609,1838,30000,23157.71,Closed
13610,1839,10000,8292.75,Closed
13611,1839,2000,1275.09,Active
13612,1840,15000,8278.18,Active
13613,1840,2000,1191.53,Closed
13614,1841,15000,4473.93,Active
13615,1841,20000,9971.8,Active
13616,1842,30000,5988.73,Active
13617,1842,10000,5540.26,Active
13618,1843,20000,1103.48,Active
13619,1843,10000,4844.31,Closed
13620,1844,15000,11781.53,Active
13621,1845,10000,5229.69,Closed
13622,1845,15000,2926.42,Active
13623,1845,5000,4557.55,Closed
13624,1846,2000,286.78,Closed
13625,1846,30000,3100.06,Active
13626,1847,30000,17174.88,Active
13627,1847,30000,2514.15,Active
13628,1847,5000,4409.89,Closed
13629,1848,2000,970.41,Active
13630,1848,2000,1232.83,Closed
13631,1848,2000,1739.28,Closed
13632,1849,20000,696.31,Active
13633,1849,2000,863.9,Active
13634,1849,5000,2284.98,Active
13635,1850,20000,2735.59,Active
13636,1850,5000,1305.78,Closed
13637,1850,30000,8657.96,Closed
13638,1851,5000,3390.78,Active
13639,1852,15000,4672.63,Closed
13640,1852,20000,14875.87,Active
13641,1853,10000,3365.98,Closed
13642,1854,15000,6302.19,Active
13643,1855,30000,25615.74,Active
13644,1856,10000,3128.06,Active
13645,1857,10000,4179.79,Active
13646,1857,10000,1206.29,Active
13647,1857,20000,9090.38,Active
13648,1858,10000,6753.63,Active
13649,1858,10000,424.77,Active
13650,1858,20000,10210.5,Active
13651,1859,10000,606.97,Closed
13652,1860,30000,26212.77,Active
13653,1861,5000,4644.44,Active
13654,1862,5000,1902.83,Closed
13655,1863,10000,5963.96,Closed
13656,1864,20000,1418.31,Active
13657,1864,20000,12138.53,Closed
13658,1864,20000,8481.77,Active
13659,1865,5000,3034.35,Active
13660,1866,10000,3393.02,Active
13661,1866,10000,3914.13,Closed
13662,1866,20000,15393.9,Active
13663,1867,15000,10340.22,Closed
13664,1868,2000,126.15,Active
13665,1868,5000,2912.49,Closed
13666,1869,15000,7210.95,Active
13667,1870,10000,5531.78,Closed
13668,1871,15000,10066.46,Active
13669,1871,20000,17290.23,Active
13670,1872,15000,3327.68,Closed
13671,1872,20000,14706.44,Active
13672,1872,30000,1075.76,Active
13673,1873,20000,6997.49,Active
13674,1873,30000,4664.81,Active
13675,1874,5000,1425.41,Closed
13676,1875,10000,655.24,Active
13677,1875,30000,21057.69,Active
13678,1875,20000,8224.35,Closed
13679,1876,15000,12972.94,Active
13680,1877,15000,12063.47,Active
13681,1877,15000,2517.78,Active
13682,1878,30000,18017.4,Active
13683,1878,20000,5385.27,Active
13684,1879,15000,3815.22,Active
13685,1879,15000,906.9,Active
13686,1879,10000,124.72,Active
13687,1880,2000,975.88,Active
13688,1881,20000,10484.42,Active
13689,1881,2000,433.06,Active
13690,1882,30000,13666.11,Active
13691,1882,30000,16837.76,Active
13692,1883,15000,11554.77,Active
13693,1883,2000,1398.29,Active
13694,1883,20000,15396.93,Active
13695,1884,15000,4112.77,Active
13696,1884,5000,3660.59,Active
13697,1884,5000,2017.57,Active
13698,1885,2000,1092.76,Closed
13699,1885,30000,23346.35,Active
13700,1885,20000,16923.14,Closed
13701,1886,15000,6550.44,Closed
13702,1886,15000,5897.55,Active
13703,1887,5000,4737.56,Closed
13704,1888,10000,1652.01,Active
13705,1889,5000,634.79,Active
13706,1890,20000,11179.28,Active
13707,1890,2000,1709.32,Active
13708,1891,15000,13850.28,Active
13709,1891,15000,6957.17,Active
13710,1891,2000,901.27,Closed
13711,1892,2000,622.06,Active
13712,1892,10000,7735.4,Active
13713,1892,10000,2790.77,Active
13714,1893,5000,3690.1,Active
13715,1894,15000,4332.65,Closed
13716,1895,15000,12563.97,Active
13717,1895,15000,11593.17,Active
13718,1896,15000,3510.24,Active
13719,1896,15000,3109.14,Active
13720,1896,30000,25780.98,Closed
13721,1897,30000,9543.37,Active
13722,1897,30000,5207.17,Closed
13723,1897,15000,12124.01,Active
13724,1898,10000,5774.63,Active
13725,1899,20000,6144.15,Active
13726,1900,10000,3261.11,Active
13727,1900,10000,7405.13,Active
13728,1900,20000,7587.27,Active
13729,1901,20000,17301.49,Active
13730,1902,2000,571.31,Active
13731,1902,5000,314.0,Active
13732,1902,10000,3590.72,Active
13733,1903,30000,13742.75,Active
13734,1903,5000,1698.59,Active
13735,1904,30000,22277.53,Closed
13736,1904,20000,9824.11,Active
13737,1905,2000,254.62,Active
13738,1906,2000,1108.01,Active
13739,1906,5000,2093.86,Closed
13740,1907,2000,976.28,Active
13741,1907,30000,15057.59,Active
13742,1908,2000,113.57,Closed
13743,1908,5000,407.43,Active
13744,1908,20000,1601.85,Active
13745,1909,10000,2173.98,Closed
13746,1910,15000,2434.33,Active
13747,1910,2000,923.18,Active
13748,1910,20000,8666.04,Active
13749,1911,30000,11553.59,Active
13750,1911,15000,4291.99,Active
13751,1911,15000,11955.03,Closed
13752,1912,20000,12382.26,Active
13753,1912,5000,4102.69,Active
13754,1912,5000,4391.36,Active
13755,1913,10000,1702.46,Active
13756,1913,2000,768.06,Active
13757,1914,5000,257.59,Closed
13758,1915,30000,19704.4,Active
13759,1915,30000,537.71,Active
13760,1916,5000,1369.46,Active
13761,1917,10000,7488.48,Active
13762,1918,15000,6845.69,Active
13763,1918,10000,716.18,Active
13764,1919,20000,10761.41,Active
13765,1919,2000,1867.9,Closed
13766,1919,15000,12722.92,Active
13767,1920,20000,2672.34,Active
13768,1920,5000,1319.91,Active
13769,1920,10000,2205.02,Active
13770,1921,30000,5018.87,Active
13771,1922,5000,3111.32,Active
13772,1922,30000,21066.07,Active
13773,1923,2000,1440.51,Active
13774,1924,10000,1986.22,Active
13775,1924,5000,1082.17,Active
13776,1924,10000,1724.59,Closed
13777,1925,5000,752.04,Active
13778,1926,15000,9679.67,Active
13779,1926,5000,1028.75,Active
13780,1927,15000,4252.21,Active
13781,1927,20000,8411.65,Active
13782,1927,5000,1252.62,Closed
13783,1928,5000,1271.21,Active
13784,1928,30000,23091.83,Active
13785,1929,15000,10692.55,Closed
13786,1930,5000,1314.46,Active
13787,1930,5000,2953.69,Active
13788,1930,10000,3845.28,Active
13789,1931,30000,5060.56,Closed
13790,1931,15000,5285.7,Active
13791,1932,2000,508.27,Closed
13792,1932,5000,1756.23,Active
13793,1932,30000,14560.56,Closed
13794,1933,10000,999.65,Closed
13795,1933,10000,2082.17,Closed
13796,1934,30000,10569.8,Active
13797,1934,15000,11078.73,Active
13798,1934,15000,6188.81,Active
13799,1935,5000,1605.8,Closed
13800,1935,5000,3618.97,Active
13801,1935,30000,7120.49,Active
13802,1936,30000,21516.88,Closed
13803,1937,20000,2863.96,Active
13804,1937,10000,4510.8,Active
13805,1938,15000,12303.61,Closed
13806,1938,5000,3538.5,Active
13807,1938,10000,2578.81,Active
13808,1939,20000,6241.95,Closed
13809,1939,5000,3176.59,Active
13810,1940,2000,747.26,Active
13811,1940,10000,5372.31,Active
13812,1941,20000,14288.96,Active
13813,1941,15000,1370.59,Active
13814,1941,30000,26970.71,Active
13815,1942,15000,12781.36,Active
13816,1943,15000,1259.48,Active
13817,1943,2000,944.5,Active
13818,1943,15000,1863.88,Active
13819,1944,30000,4732.32,Active
13820,1944,2000,520.35,Closed
13821,1945,20000,17172.88,Active
13822,1945,20000,17028.51,Closed
13823,1946,10000,5451.49,Active
13824,1946,5000,4651.26,Active
13825,1946,15000,11168.5,Active
13826,1947,15000,2621.2,Active
13827,1947,5000,3556.16,Active
13828,1948,30000,8451.33,Closed
13829,1948,5000,4356.52,Active
13830,1949,2000,874.02,Active
13831,1949,2000,408.94,Active
13832,1949,20000,16083.13,Active
13833,1950,2000,344.89,Closed
13834,1950,30000,25964.73,Active
13835,1950,20000,8743.13,Closed
13836,1951,30000,728.88,Active
13837,1951,5000,1561.02,Active
13838,1952,2000,1816.27,Active
13839,1953,10000,7460.04,Active
13840,1954,15000,11059.01,Active
13841,1955,20000,5170.06,Active
13842,1955,2000,369.91,Active
13843,1955,10000,9234.6,Active
13844,1956,30000,11948.97,Closed
13845,1956,30000,22803.07,Active
13846,1957,2000,534.75,Active
13847,1957,2000,1383.9,Active
13848,1957,15000,7034.14,Active
13849,1958,2000,1888.55,Active
13850,1959,15000,148.51,Active
13851,1960,30000,20245.75,Active
13852,1960,2000,90.37,Active
13853,1960,30000,25620.32,Active
13854,1961,5000,2515.77,Closed
13855,1962,2000,767.98,Active
13856,1962,30000,27497.27,Active
13857,1963,10000,1371.6,Active
13858,1964,20000,17011.06,Active
13859,1964,10000,5258.41,Active
13860,1965,5000,1516.44,Active
13861,1966,2000,1321.18,Active
13862,1966,15000,11932.0,Active
13863,1967,20000,7260.99,Active
13864,1968,15000,1409.07,Active
13865,1968,15000,1653.09,Active
13866,1969,2000,1107.64,Active
13867,1969,2000,1893.08,Active
13868,1969,15000,9533.35,Active
13869,1970,20000,10557.26,Active
13870,1971,2000,226.54,Closed
13871,1971,30000,8523.61,Active
13872,1972,30000,2139.86,Active
13873,1972,15000,6789.23,Active
13874,1973,15000,4197.54,Closed
13875,1973,5000,2874.68,Active
13876,1974,2000,71.27,Closed
13877,1974,10000,5839.33,Active
13878,1974,30000,28097.39,Active
13879,1975,10000,1608.53,Active
13880,1975,2000,661.87,Active
13881,1975,2000,1348.97,Active
13882,1976,5000,1574.61,Closed
13883,1976,20000,12605.73,Active
13884,1977,2000,772.39,Active
13885,1977,10000,3202.78,Active
13886,1978,30000,14160.17,Active
13887,1979,2000,263.97,Active
13888,1980,15000,10269.46,Active
13889,1980,30000,13296.52,Active
13890,1981,20000,17383.13,Active
13891,1981,15000,5563.58,Active
13892,1981,20000,10834.05,Active
13893,1982,2000,701.56,Active
13894,1983,15000,4957.12,Closed
13895,1983,5000,1736.7,Active
13896,1984,5000,2129.21,Active
13897,1985,5000,1851.15,Active
13898,1985,30000,10306.32,Active
13899,1986,10000,3636.43,Active
13900,1987,2000,1260.34,Active
13901,1987,10000,8160.7,Active
13902,1988,5000,24.19,Closed
13903,1989,30000,27238.04,Closed
13904,1989,5000,1238.22,Closed
13905,1989,2000,1666.2,Active
13906,1990,15000,5830.79,Active
13907,1990,30000,7750.39,Active
13908,1990,15000,1931.95,Active
13909,1991,15000,5808.92,Active
13910,1992,30000,3172.64,Active
13911,1992,30000,4598.13,Active
13912,1992,5000,2623.02,Active
13913,1993,20000,2945.44,Active
13914,1994,10000,4474.9,Active
13915,1994,20000,3659.49,Active
13916,1994,2000,2.45,Active
13917,1995,30000,21412.32,Active
13918,1996,20000,15248.14,Active
13919,1996,10000,8454.12,Active
13920,1997,2000,1778.42,Active
13921,1997,30000,846.49,Active
13922,1997,5000,1513.75,Closed
13923,1998,5000,3639.18,Active
13924,1999,15000,4122.07,Active
13925,2000,20000,18630.34,Closed
13926,2000,20000,4565.02,Active
13927,2001,2000,1617.83,Active
13928,2001,10000,972.1,Active
13929,2001,30000,26881.83,Active
13930,2002,2000,1165.2,Active
13931,2002,20000,14458.06,Active
13932,2003,10000,2735.16,Closed
13933,2003,15000,4101.68,Active
13934,2003,20000,691.84,Active
13935,2004,20000,12808.56,Active
13936,2004,2000,732.5,Active
13937,2004,15000,13984.08,Active
13938,2005,5000,2207.13,Active
13939,2005,30000,4158.41,Active
13940,2005,30000,17686.11,Closed
13941,2006,5000,3904.59,Closed
13942,2006,20000,10938.47,Active
13943,2007,20000,6140.09,Active
13944,2007,15000,11175.53,Active
13945,2008,2000,1034.99,Active
13946,2008,5000,2735.58,Active
13947,2008,15000,8589.09,Closed
13948,2009,30000,1391.91,Active
13949,2009,10000,8491.7,Closed
13950,2009,2000,716.8,Active
13951,2010,10000,3993.6,Active
13952,2010,5000,2148.65,Active
13953,2011,15000,12734.94,Active
13954,2011,15000,4536.45,Closed
13955,2012,2000,1760.24,Closed
13956,2012,30000,15963.95,Active
13957,2013,20000,1113.14,Active
13958,2013,5000,3016.34,Active
13959,2013,5000,2274.83,Closed
13960,2014,20000,3053.85,Closed
13961,2014,10000,2558.86,Closed
13962,2014,15000,12250.46,Active
13963,2015,2000,1009.86,Active
13964,2015,5000,3533.75,Active
13965,2016,5000,1432.04,Active
13966,2017,10000,760.16,Active
13967,2018,2000,1368.28,Active
13968,2018,5000,4475.91,Closed
13969,2019,2000,622.49,Active
13970,2019,10000,4356.09,Active
13971,2019,15000,2481.17,Closed
13972,2020,15000,212.98,Active
13973,2020,5000,1752.38,Active
13974,2020,5000,4734.56,Active
13975,2021,30000,4115.37,Active
13976,2022,20000,5531.22,Active
13977,2022,5000,4029.54,Active
13978,2022,30000,15327.88,Active
13979,2023,15000,3225.63,Active
13980,2023,2000,1732.13,Active
13981,2023,20000,8266.58,Active
13982,2024,20000,11401.79,Closed
13983,2024,5000,471.24,Active
13984,2024,5000,2851.13,Active
13985,2025,10000,826.62,Closed
13986,2026,5000,4299.57,Active
13987,2026,30000,6861.03,Active
13988,2026,15000,5449.91,Active
13989,2027,2000,752.81,Active
13990,2027,10000,7139.48,Active
13991,2028,5000,2785.25,Active
13992,2029,20000,14824.47,Active
13993,2029,2000,351.4,Active
13994,2030,2000,1275.71,Active
13995,2030,2000,1095.26,Active
13996,2031,10000,5880.45,Closed
13997,2032,15000,1207.72,Active
13998,2032,2000,110.46,Active
13999,2032,5000,3366.48,Active
14000,2033,2000,715.89,Active
14001,2033,10000,3577.44,Active
14002,2034,15000,911.86,Active
14003,2034,10000,9213.36,Active
14004,2034,2000,1381.48,Active
14005,2035,2000,542.74,Active
14006,2036,5000,649.4,Active
14007,2036,2000,1828.51,Closed
14008,2036,15000,13053.7,Active
14009,2037,10000,3580.02,Closed
14010,2037,30000,8206.29,Active
14011,2038,2000,1486.51,Active
14012,2038,20000,5618.46,Active
14013,2039,30000,17506.95,Active
14014,2040,30000,12863.75,Closed
14015,2041,15000,10138.85,Active
14016,2041,2000,654.74,Closed
14017,2042,15000,953.27,Active
14018,2042,20000,3042.3,Active
14019,2042,30000,18468.09,Closed
14020,2043,2000,772.88,Active
14021,2043,30000,17811.01,Active
14022,2043,5000,1168.06,Active
14023,2044,15000,8921.41,Closed
14024,2044,2000,734.13,Closed
14025,2045,15000,2914.09,Active
14026,2045,5000,718.05,Closed
14027,2045,2000,1024.39,Active
14028,2046,5000,1798.12,Active
14029,2047,20000,6985.05,Active
14030,2047,15000,1193.98,Active
14031,2047,5000,2879.8,Active
14032,2048,2000,54.94,Active
14033,2049,10000,7342.64,Active
14034,2049,20000,14294.49,Active
14035,2050,30000,19872.81,Active
14036,2051,10000,4154.86,Closed
14037,2052,20000,3965.14,Closed
14038,2052,20000,13558.51,Active
14039,2053,30000,15781.71,Closed
14040,2053,15000,4880.6,Active
14041,2054,5000,4366.91,Active
14042,2054,2000,179.07,Active
14043,2055,2000,1547.6,Active
14044,2055,5000,3326.56,Closed
14045,2055,10000,1747.9,Closed
14046,2056,10000,604.33,Active
14047,2057,5000,4718.76,Active
14048,2057,10000,2095.77,Active
14049,2058,10000,6390.09,Active
14050,2058,15000,8743.73,Closed
14051,2059,20000,8384.45,Active
14052,2059,20000,8091.35,Active
14053,2060,20000,5471.6,Active
14054,2060,2000,41.19,Closed
14055,2061,5000,1495.78,Closed
14056,2061,20000,2462.66,Closed
14057,2061,10000,3639.24,Active
14058,2062,5000,3887.51,Active
14059,2063,5000,3565.8,Closed
14060,2063,30000,14027.42,Active
14061,2064,10000,6670.46,Closed
14062,2064,20000,14774.9,Active
14063,2064,30000,25004.07,Active
14064,2065,5000,2733.76,Active
14065,2066,30000,10580.57,Active
14066,2066,5000,699.89,Active
14067,2067,15000,6575.93,Active
14068,2067,10000,8651.72,Closed
14069,2068,20000,8809.18,Active
14070,2068,10000,1104.07,Active
14071,2068,30000,18680.02,Closed
14072,2069,5000,1093.35,Active
14073,2070,10000,4301.44,Active
14074,2071,5000,2112.36,Active
14075,2072,2000,1760.28,Active
14076,2072,10000,608.3,Closed
14077,2072,15000,5702.86,Closed
14078,2073,15000,2809.11,Active
14079,2074,5000,4031.34,Closed
14080,2074,5000,20.64,Active
14081,2074,5000,4195.58,Active
14082,2075,2000,1693.55,Active
14083,2076,10000,1201.75,Active
14084,2076,20000,3867.26,Active
14085,2076,15000,12099.89,Closed
14086,2077,20000,3161.33,Closed
14087,2078,30000,21091.89,Active
14088,2078,30000,5895.1,Active
14089,2079,30000,19299.58,Active
14090,2079,15000,12493.09,Active
14091,2080,20000,18722.06,Closed
14092,2081,20000,13588.65,Active
14093,2081,2000,1647.47,Active
14094,2082,20000,7022.23,Active
14095,2082,20000,17680.04,Active
14096,2083,30000,27620.02,Active
14097,2084,2000,1707.95,Active
14098,2085,2000,902.87,Active
14099,2085,20000,16677.73,Active
14100,2086,30000,14522.78,Active
14101,2086,10000,2425.17,Active
14102,2086,2000,535.51,Active
14103,2087,2000,662.28,Closed
14104,2088,10000,720.55,Active
14105,2088,10000,1813.86,Active
14106,2088,10000,4892.99,Active
14107,2089,10000,4351.77,Active
14108,2089,20000,948.83,Active
14109,2090,30000,342.63,Closed
14110,2090,20000,17696.54,Closed
14111,2090,10000,4250.1,Closed
14112,2091,20000,4983.02,Active
14113,2091,20000,706.83,Closed
14114,2092,2000,769.12,Active
14115,2092,15000,9999.61,Closed
14116,2092,2000,202.74,Closed
14117,2093,20000,18577.55,Active
14118,2093,2000,1080.63,Closed
14119,2094,15000,5076.53,Active
14120,2094,30000,5677.38,Closed
14121,2095,15000,12394.44,Active
14122,2096,10000,9211.64,Active
14123,2097,5000,1214.02,Active
14124,2097,20000,6607.77,Active
14125,2098,30000,4273.61,Active
14126,2098,5000,1732.54,Active
14127,2099,20000,12466.54,Active
14128,2100,5000,1842.51,Active
14129,2100,2000,889.44,Closed
14130,2101,20000,822.97,Active
14131,2101,20000,15473.29,Closed
14132,2102,20000,9212.67,Active
14133,2102,2000,1548.1,Active
14134,2103,5000,3746.29,Active
14135,2104,5000,4279.51,Closed
14136,2105,15000,10743.78,Closed
14137,2106,20000,15411.26,Active
14138,2106,10000,3008.23,Active
14139,2106,30000,20238.43,Active
14140,2107,5000,4155.24,Active
14141,2107,10000,4051.46,Active
14142,2108,20000,8875.2,Active
14143,2109,20000,17405.85,Closed
14144,2110,30000,24007.55,Closed
14145,2111,20000,16435.55,Active
14146,2112,15000,6685.28,Active
14147,2112,2000,1669.76,Active
14148,2113,10000,1218.58,Closed
14149,2114,20000,17509.29,Active
14150,2114,2000,1482.44,Active
14151,2114,2000,840.91,Active
14152,2115,2000,91.29,Active
14153,2116,10000,1337.72,Active
14154,2116,30000,8272.62,Active
14155,2116,30000,27482.89,Active
14156,2117,30000,13777.71,Closed
14157,2117,15000,1338.58,Closed
14158,2117,2000,1287.93,Closed
14159,2118,15000,5197.9,Closed
14160,2119,15000,5737.56,Closed
14161,2119,15000,4217.94,Closed
14162,2120,5000,925.16,Active
14163,2120,2000,33.18,Active
14164,2120,5000,767.02,Active
14165,2121,30000,10826.06,Active
14166,2122,15000,8894.04,Active
14167,2123,2000,1100.97,Active
14168,2124,20000,13364.99,Closed
14169,2125,10000,6586.15,Closed
14170,2126,5000,2001.33,Active
14171,2126,10000,4682.0,Active
14172,2126,2000,1724.96,Active
14173,2127,30000,20009.82,Active
14174,2128,15000,10100.96,Active
14175,2129,2000,58.39,Active
14176,2129,5000,1906.3,Active
14177,2130,10000,8024.61,Active
14178,2130,20000,8658.57,Active
14179,2130,5000,1513.56,Active
14180,2131,15000,12745.64,Active
14181,2131,2000,539.01,Closed
14182,2132,20000,1734.5,Active
14183,2132,15000,3455.14,Closed
14184,2133,15000,12156.16,Active
14185,2133,5000,108.99,Active
14186,2133,2000,1790.58,Closed
14187,2134,5000,3882.11,Closed
14188,2134,15000,5199.36,Active
14189,2134,10000,3732.03,Active
14190,2135,20000,17131.19,Closed
14191,2135,30000,3663.27,Active
14192,2136,2000,1309.49,Active
14193,2137,20000,7431.34,Active
14194,2138,10000,6332.13,Closed
14195,2139,10000,817.16,Active
14196,2140,10000,2658.13,Active
14197,2140,15000,12503.12,Closed
14198,2140,30000,5783.17,Active
14199,2141,30000,20676.49,Active
14200,2141,10000,8536.7,Active
14201,2141,15000,8525.39,Active
14202,2142,2000,1723.44,Active
14203,2143,2000,1119.73,Active
14204,2143,2000,1050.78,Active
14205,2143,30000,101.22,Active
14206,2144,2000,329.63,Active
14207,2144,10000,6640.69,Active
14208,2144,2000,636.7,Active
14209,2145,30000,1441.31,Active
14210,2145,2000,1754.58,Active
14211,2145,30000,12639.22,Closed
14212,2146,5000,3658.99,Closed
14213,2147,20000,17407.61,Active
14214,2148,2000,266.63,Active
14215,2148,30000,18102.9,Active
14216,2148,10000,8103.97,Active
14217,2149,30000,27969.69,Closed
14218,2149,2000,1656.45,Active
14219,2150,2000,69.04,Active
14220,2151,20000,17990.68,Active
14221,2151,2000,1637.83,Closed
14222,2151,15000,13250.63,Closed
14223,2152,20000,5514.1,Active
14224,2152,2000,1059.63,Active
14225,2152,30000,8790.1,Closed
14226,2153,5000,2253.26,Closed
14227,2153,30000,24610.16,Active
14228,2153,30000,2959.61,Closed
14229,2154,15000,9833.63,Active
14230,2154,20000,9409.55,Closed
14231,2155,30000,15126.96,Active
14232,2156,5000,2054.1,Active
14233,2156,2000,166.79,Closed
14234,2157,5000,2184.48,Closed
14235,2157,5000,2812.59,Active
14236,2157,15000,6159.64,Closed
14237,2158,30000,14674.04,Active
14238,2158,15000,9171.03,Active
14239,2158,15000,14100.52,Active
14240,2159,5000,2613.91,Active
14241,2160,10000,5517.41,Active
14242,2160,10000,5373.21,Active
14243,2161,10000,3243.28,Closed
14244,2162,15000,2170.19,Active
14245,2162,20000,15882.97,Closed
14246,2163,2000,1043.18,Active
14247,2163,20000,7017.79,Active
14248,2164,2000,1756.13,Active
14249,2164,2000,1469.09,Active
14250,2165,10000,4587.04,Active
14251,2165,20000,1329.45,Active
14252,2166,10000,8240.32,Active
14253,2166,2000,1015.33,Closed
14254,2166,2000,1231.75,Active
14255,2167,15000,561.13,Active
14256,2167,2000,8.29,Active
14257,2167,10000,2562.81,Active
14258,2168,15000,7996.79,Closed
14259,2168,10000,6074.79,Active
14260,2168,30000,6638.06,Active
14261,2169,20000,3727.36,Active
14262,2170,30000,24999.87,Active
14263,2171,2000,121.23,Closed
14264,2171,30000,1029.67,Active
14265,2171,5000,2715.2,Active
14266,2172,30000,18329.15,Active
14267,2172,5000,4728.45,Active
14268,2173,5000,1938.35,Active
14269,2174,30000,15982.61,Closed
14270,2175,2000,25.92,Closed
14271,2176,5000,94.11,Active
14272,2176,10000,7462.22,Closed
14273,2176,30000,20251.69,Active
14274,2177,30000,22940.51,Closed
14275,2177,10000,2272.57,Active
14276,2178,30000,23055.72,Closed
14277,2179,2000,1532.84,Active
14278,2179,10000,3714.77,Active
14279,2179,15000,9665.62,Closed
14280,2180,2000,1368.69,Closed
14281,2180,5000,1718.96,Active
14282,2181,10000,2079.26,Active
14283,2181,30000,1869.13,Closed
14284,2182,15000,12772.61,Closed
14285,2182,10000,8811.05,Active
14286,2182,30000,21304.84,Active
14287,2183,5000,3736.11,Active
14288,2183,30000,26783.69,Active
14289,2183,30000,15590.43,Closed
14290,2184,5000,4059.71,Closed
14291,2184,5000,2062.34,Closed
14292,2184,10000,4917.06,Active
14293,2185,2000,1635.29,Closed
14294,2186,10000,4982.99,Active
14295,2186,20000,17120.75,Active
14296,2187,5000,3672.41,Closed
14297,2188,20000,4150.42,Active
14298,2188,10000,2316.62,Closed
14299,2188,20000,13119.67,Active
14300,2189,2000,1450.0,Active
14301,2189,10000,7597.24,Active
14302,2190,2000,1132.17,Active
14303,2190,15000,6604.61,Active
14304,2190,2000,869.98,Active
14305,2191,20000,14411.26,Active
14306,2192,15000,6367.42,Closed
14307,2192,5000,4011.55,Active
14308,2192,10000,6031.89,Active
14309,2193,30000,27630.57,Active
14310,2193,5000,2670.58,Active
14311,2193,2000,801.25,Active
14312,2194,10000,1044.42,Active
14313,2194,30000,3780.67,Active
14314,2194,10000,9428.34,Active
14315,2195,5000,4557.25,Active
14316,2195,10000,1992.32,Active
14317,2195,2000,264.61,Closed
14318,2196,10000,7331.9,Active
14319,2196,5000,3565.33,Active
14320,2196,5000,373.68,Active
14321,2197,5000,1135.25,Active
14322,2198,2000,522.07,Active
14323,2198,15000,5101.07,Closed
14324,2198,10000,1415.38,Closed
14325,2199,15000,12912.08,Active
14326,2199,2000,1314.61,Active
14327,2199,15000,3184.08,Active
14328,2200,30000,19291.57,Active
14329,2200,10000,3251.1,Active
14330,2200,10000,6003.25,Closed
14331,2201,20000,15652.15,Active
14332,2202,5000,1539.85,Active
14333,2202,15000,9484.26,Active
14334,2202,10000,7873.57,Active
14335,2203,5000,3271.03,Active
14336,2203,15000,1933.9,Active
14337,2203,20000,16058.82,Closed
14338,2204,5000,1175.39,Active
14339,2204,15000,1360.42,Active
14340,2205,30000,9047.62,Closed
14341,2206,15000,10247.77,Active
14342,2206,15000,3666.93,Active
14343,2207,15000,409.65,Active
14344,2208,2000,971.21,Closed
14345,2208,15000,2276.92,Active
14346,2208,15000,8137.03,Active
14347,2209,15000,3427.11,Active
14348,2209,20000,11356.54,Active
14349,2209,15000,10612.43,Active
14350,2210,10000,308.62,Active
14351,2210,30000,17543.04,Active
14352,2211,30000,20061.12,Closed
14353,2212,5000,3214.32,Active
14354,2212,5000,4523.27,Active
14355,2213,5000,3931.98,Active
14356,2213,10000,4769.78,Active
14357,2214,10000,6177.02,Active
14358,2214,5000,1754.16,Active
14359,2214,15000,4243.36,Active
14360,2215,5000,2626.64,Active
14361,2215,2000,468.0,Active
14362,2215,15000,5155.82,Active
14363,2216,15000,6648.46,Active
14364,2216,2000,1364.84,Active
14365,2217,2000,1422.13,Active
14366,2217,5000,4252.68,Active
14367,2217,30000,8525.91,Closed
14368,2218,10000,2137.73,Active
14369,2218,2000,1302.78,Active
14370,2218,30000,27967.69,Closed
14371,2219,2000,1288.59,Active
14372,2219,10000,150.1,Active
14373,2220,20000,2179.15,Closed
14374,2220,20000,2403.63,Active
14375,2220,2000,1728.43,Active
14376,2221,20000,2119.31,Closed
14377,2222,30000,17509.94,Active
14378,2223,20000,9294.26,Active
14379,2223,5000,465.26,Active
14380,2223,15000,8082.6,Active
14381,2224,15000,3104.09,Closed
14382,2224,15000,11086.7,Active
14383,2225,10000,1300.64,Closed
14384,2226,2000,839.93,Active
14385,2226,10000,8079.21,Active
14386,2227,5000,268.28,Active
14387,2227,10000,485.63,Active
14388,2228,5000,3686.54,Closed
14389,2229,20000,4636.68,Closed
14390,2229,20000,11645.44,Active
14391,2229,30000,26793.76,Active
14392,2230,5000,2823.62,Closed
14393,2231,15000,673.04,Active
14394,2231,10000,80.83,Active
14395,2232,15000,9759.03,Closed
14396,2232,30000,9917.59,Active
14397,2233,30000,20622.64,Active
14398,2233,15000,7719.28,Active
14399,2233,2000,143.48,Active
14400,2234,30000,3766.63,Active
14401,2234,2000,92.09,Active
14402,2234,2000,463.0,Active
14403,2235,2000,191.05,Active
14404,2235,5000,707.26,Active
14405,2236,20000,12493.14,Active
14406,2237,5000,825.61,Active
14407,2237,30000,20839.32,Closed
14408,2238,2000,1374.96,Closed
14409,2238,5000,1972.85,Active
14410,2238,5000,2552.99,Active
14411,2239,30000,13648.2,Active
14412,2239,30000,10840.7,Active
14413,2239,15000,10674.48,Active
14414,2240,15000,6104.85,Active
14415,2240,2000,81.21,Active
14416,2240,5000,383.76,Active
14417,2241,15000,13014.88,Closed
14418,2242,15000,3440.58,Active
14419,2243,30000,19131.82,Active
14420,2244,5000,1029.29,Active
14421,2245,10000,768.81,Active
14422,2245,20000,14316.02,Active
14423,2245,30000,8662.07,Active
14424,2246,15000,8628.49,Active
14425,2246,20000,7513.13,Active
14426,2247,2000,1140.08,Closed
14427,2247,15000,7103.86,Active
14428,2248,15000,10464.65,Active
14429,2248,30000,21524.59,Closed
14430,2249,15000,3427.38,Active
14431,2250,2000,255.5,Closed
14432,2250,15000,13162.25,Closed
14433,2251,5000,4464.79,Active
14434,2251,10000,4696.98,Closed
14435,2251,2000,371.63,Closed
14436,2252,10000,7820.06,Active
14437,2252,5000,3464.83,Active
14438,2252,30000,18675.39,Active
14439,2253,15000,13700.16,Active
14440,2253,10000,7480.86,Closed
14441,2253,5000,2347.64,Active
14442,2254,5000,4.03,Active
14443,2254,2000,1530.52,Closed
14444,2254,2000,1299.98,Active
14445,2255,30000,2914.58,Active
14446,2255,10000,4857.91,Active
14447,2255,20000,7538.86,Closed
14448,2256,15000,3732.53,Active
14449,2257,15000,4463.01,Closed
14450,2257,20000,9699.76,Closed
14451,2258,5000,1792.67,Active
14452,2259,2000,528.78,Active
14453,2260,30000,17195.51,Active
14454,2260,15000,10387.35,Active
14455,2261,20000,18535.06,Active
14456,2261,30000,28153.19,Active
14457,2262,30000,4778.51,Active
14458,2262,15000,4700.09,Active
14459,2262,10000,611.93,Active
14460,2263,15000,10585.28,Active
14461,2264,2000,155.72,Closed
14462,2264,5000,609.34,Active
14463,2264,10000,4558.24,Active
14464,2265,2000,1019.3,Closed
14465,2266,20000,14680.86,Closed
14466,2266,30000,1522.71,Closed
14467,2266,10000,6432.88,Active
14468,2267,15000,12745.06,Closed
14469,2267,20000,11405.08,Active
14470,2267,5000,4416.83,Active
14471,2268,15000,1770.4,Active
14472,2269,15000,11265.02,Closed
14473,2269,10000,4909.45,Active
14474,2269,20000,11776.41,Active
14475,2270,15000,1096.82,Active
14476,2271,30000,24343.44,Active
14477,2271,15000,12277.38,Active
14478,2271,15000,2851.66,Active
14479,2272,20000,8758.97,Active
14480,2273,15000,11656.16,Closed
14481,2273,2000,795.25,Active
14482,2274,15000,3105.34,Active
14483,2274,2000,1090.52,Active
14484,2274,20000,16205.97,Active
14485,2275,20000,18582.57,Active
14486,2275,30000,1349.79,Active
14487,2276,2000,949.22,Closed
14488,2276,15000,4959.84,Active
14489,2276,2000,739.13,Active
14490,2277,2000,1524.43,Active
14491,2277,2000,893.39,Active
14492,2278,20000,695.99,Active
14493,2278,10000,6547.85,Active
14494,2279,15000,9583.91,Active
14495,2280,10000,3529.93,Active
14496,2280,20000,4273.24,Closed
14497,2280,5000,3230.39,Active
14498,2281,15000,12121.21,Active
14499,2282,30000,4392.62,Active
14500,2282,10000,1005.49,Active
14501,2282,2000,1583.89,Active
14502,2283,20000,16731.11,Active
14503,2283,30000,21063.04,Active
14504,2284,15000,12796.93,Active
14505,2284,30000,28256.54,Active
14506,2285,2000,230.88,Closed
14507,2285,5000,2714.38,Active
14508,2286,10000,927.84,Active
14509,2286,30000,22017.97,Active
14510,2287,5000,445.63,Closed
14511,2287,5000,3685.91,Active
14512,2288,15000,8518.88,Active
14513,2289,2000,1236.16,Closed
14514,2289,30000,18855.65,Active
14515,2289,20000,10229.21,Active
14516,2290,10000,8689.33,Active
14517,2290,20000,18720.16,Active
14518,2290,30000,3066.92,Closed
14519,2291,5000,1560.95,Active
14520,2291,15000,5706.56,Active
14521,2291,2000,1666.96,Active
14522,2292,15000,2737.56,Closed
14523,2292,15000,410.16,Active
14524,2292,2000,909.76,Active
14525,2293,10000,9258.9,Active
14526,2293,10000,1259.74,Active
14527,2293,30000,4865.98,Active
14528,2294,30000,17576.79,Active
14529,2295,15000,9600.36,Active
14530,2296,30000,6688.62,Active
14531,2297,2000,178.87,Active
14532,2297,30000,22540.73,Active
14533,2298,5000,1408.52,Active
14534,2298,5000,3179.66,Active
14535,2299,30000,7966.05,Active
14536,2300,30000,17126.3,Closed
14537,2301,10000,6664.74,Active
14538,2301,2000,1269.78,Closed
14539,2302,2000,1861.76,Closed
14540,2302,10000,76.61,Active
14541,2302,2000,586.97,Active
14542,2303,20000,10243.88,Active
14543,2304,15000,554.77,Active
14544,2305,5000,1425.39,Active
14545,2305,2000,1300.32,Active
14546,2305,20000,17276.67,Active
14547,2306,2000,1268.05,Active
14548,2306,2000,1221.71,Active
14549,2307,10000,5856.78,Active
14550,2307,30000,16470.36,Active
14551,2308,30000,27269.09,Active
14552,2309,15000,10133.53,Closed
14553,2309,20000,12615.34,Closed
14554,2310,5000,3683.0,Active
14555,2310,5000,1100.64,Closed
14556,2310,2000,1080.49,Active
14557,2311,30000,23447.52,Active
14558,2312,30000,462.91,Active
14559,2312,10000,1204.76,Active
14560,2312,10000,20.91,Closed
14561,2313,5000,2433.84,Active
14562,2313,10000,3896.06,Active
14563,2313,10000,6408.19,Active
14564,2314,10000,1982.53,Active
14565,2315,30000,15014.09,Closed
14566,2316,10000,6950.72,Closed
14567,2316,10000,7713.39,Active
14568,2316,10000,2366.35,Active
14569,2317,20000,17949.58,Active
14570,2317,10000,197.82,Active
14571,2318,10000,7801.33,Active
14572,2319,10000,1549.35,Active
14573,2319,20000,5167.61,Closed
14574,2319,30000,24670.42,Active
14575,2320,15000,11495.03,Closed
14576,2320,10000,3104.21,Active
14577,2320,20000,1826.4,Closed
14578,2321,10000,425.61,Closed
14579,2321,2000,1524.88,Active
14580,2322,2000,1447.84,Active
14581,2323,5000,2614.77,Closed
14582,2323,5000,4439.17,Active
14583,2324,30000,17399.84,Closed
14584,2324,30000,10752.8,Closed
14585,2324,15000,6412.13,Active
14586,2325,2000,776.31,Active
14587,2325,15000,9978.99,Active
14588,2326,20000,978.31,Active
14589,2326,20000,8365.98,Active
14590,2327,2000,1830.41,Active
14591,2328,10000,7563.12,Closed
14592,2328,2000,639.77,Closed
14593,2328,10000,3978.9,Active
14594,2329,30000,9653.14,Closed
14595,2330,30000,2733.77,Closed
14596,2331,10000,2477.21,Active
14597,2331,5000,1349.41,Active
14598,2331,10000,5801.61,Closed
14599,2332,20000,6225.66,Active
14600,2332,10000,7214.95,Active
14601,2332,30000,9551.03,Closed
14602,2333,30000,16433.5,Active
14603,2333,15000,4889.97,Active
14604,2334,30000,21357.61,Active
14605,2335,20000,8258.04,Closed
14606,2336,20000,11168.72,Active
14607,2336,15000,1772.3,Active
14608,2336,5000,1569.58,Active
14609,2337,10000,8277.29,Closed
14610,2337,15000,10610.1,Closed
14611,2337,10000,4884.54,Active
14612,2338,15000,10838.42,Active
14613,2338,20000,12289.68,Active
14614,2338,30000,11605.31,Active
14615,2339,15000,2791.04,Active
14616,2339,5000,89.99,Active
14617,2339,2000,1462.58,Active
14618,2340,20000,10984.01,Active
14619,2340,2000,1836.99,Active
14620,2341,10000,6105.65,Active
14621,2342,30000,13957.18,Active
14622,2343,15000,10815.56,Active
14623,2343,5000,1839.63,Closed
14624,2343,5000,245.13,Active
14625,2344,15000,3072.76,Active
14626,2344,30000,8015.88,Active
14627,2344,15000,7248.55,Closed
14628,2345,30000,20483.83,Active
14629,2345,2000,1020.71,Active
14630,2345,5000,1056.16,Closed
14631,2346,15000,1265.08,Active
14632,2346,15000,12579.83,Active
14633,2346,15000,4295.71,Active
14634,2347,15000,12627.52,Active
14635,2347,30000,11784.08,Active
14636,2348,5000,4480.2,Closed
14637,2348,20000,5950.07,Active
14638,2349,20000,17132.85,Closed
14639,2349,15000,3775.77,Closed
14640,2349,10000,5826.12,Active
14641,2350,5000,4469.51,Active
14642,2350,5000,2790.31,Active
14643,2350,15000,10686.14,Active
14644,2351,5000,2261.94,Closed
14645,2352,20000,9031.08,Active
14646,2352,10000,8285.13,Active
14647,2353,15000,6658.25,Active
14648,2353,10000,5669.34,Active
14649,2354,10000,838.54,Active
14650,2355,5000,3095.77,Active
14651,2355,2000,1181.78,Active
14652,2356,30000,20452.37,Active
14653,2357,2000,1512.99,Active
14654,2357,15000,5088.22,Active
14655,2357,5000,3538.11,Active
14656,2358,5000,2495.34,Active
14657,2358,30000,18730.91,Active
14658,2359,10000,9061.4,Active
14659,2360,5000,4472.06,Closed
14660,2360,2000,1199.47,Active
14661,2360,2000,494.43,Active
14662,2361,30000,2242.42,Active
14663,2361,30000,6997.17,Active
14664,2361,20000,18802.4,Active
14665,2362,2000,149.46,Closed
14666,2362,10000,9439.38,Active
14667,2363,2000,1297.41,Active
14668,2363,20000,4085.69,Closed
14669,2363,10000,3817.03,Active
14670,2364,30000,8732.76,Closed
14671,2364,15000,13157.26,Closed
14672,2365,15000,9532.25,Active
14673,2365,30000,13154.41,Closed
14674,2365,15000,9564.81,Closed
14675,2366,5000,3363.81,Active
14676,2366,30000,10626.62,Active
14677,2366,10000,3839.1,Active
14678,2367,20000,12196.17,Active
14679,2368,30000,4676.03,Active
14680,2368,30000,6599.38,Active
14681,2369,30000,5299.17,Closed
14682,2369,10000,8125.97,Active
14683,2369,10000,7962.67,Active
14684,2370,20000,8024.29,Active
14685,2370,2000,481.42,Active
14686,2370,2000,410.93,Active
14687,2371,15000,5359.37,Active
14688,2371,15000,4382.28,Active
14689,2371,5000,2620.88,Active
14690,2372,15000,10448.56,Active
14691,2372,5000,1240.46,Active
14692,2373,5000,12.65,Active
14693,2373,20000,4986.66,Active
14694,2374,30000,24902.2,Active
14695,2375,5000,3719.68,Closed
14696,2375,30000,6431.32,Active
14697,2375,2000,1020.81,Closed
14698,2376,10000,8793.88,Closed
14699,2376,15000,4309.86,Active
14700,2377,5000,4363.7,Active
14701,2378,30000,5355.11,Active
14702,2378,10000,4884.11,Active
14703,2378,10000,8556.67,Closed
14704,2379,20000,15479.58,Active
14705,2379,5000,4516.61,Active
14706,2380,5000,3295.39,Closed
14707,2380,20000,11444.03,Active
14708,2380,20000,15327.89,Active
14709,2381,20000,5768.18,Active
14710,2381,5000,4612.85,Closed
14711,2381,10000,3429.56,Active
14712,2382,15000,4918.56,Active
14713,2382,5000,2555.68,Active
14714,2383,5000,1477.48,Active
14715,2383,20000,16939.04,Active
14716,2383,30000,1581.38,Active
14717,2384,2000,1556.34,Closed
14718,2384,5000,1230.8,Active
14719,2384,10000,8689.92,Active
14720,2385,20000,16649.73,Closed
14721,2385,30000,23973.75,Active
14722,2385,20000,13974.61,Active
14723,2386,2000,978.52,Active
14724,2387,5000,1402.16,Active
14725,2387,10000,6875.43,Active
14726,2388,5000,398.28,Active
14727,2389,5000,4032.63,Active
14728,2389,10000,2122.84,Active
14729,2390,10000,2819.91,Closed
14730,2391,20000,1671.07,Active
14731,2391,2000,1171.61,Closed
14732,2392,20000,10431.56,Active
14733,2392,10000,4337.88,Closed
14734,2393,30000,22806.27,Active
14735,2394,2000,1487.86,Active
14736,2394,20000,11229.23,Active
14737,2395,20000,16296.05,Active
14738,2395,10000,1450.66,Closed
14739,2396,30000,2337.97,Active
14740,2396,2000,796.77,Active
14741,2397,30000,10899.69,Closed
14742,2397,30000,17552.0,Active
14743,2397,2000,1700.83,Active
14744,2398,30000,7126.67,Active
14745,2399,20000,2686.51,Active
14746,2399,5000,3263.32,Closed
14747,2400,30000,11460.09,Closed
14748,2400,20000,10801.13,Closed
14749,2401,2000,1005.25,Active
14750,2402,20000,15192.99,Active
14751,2402,30000,110.64,Active
14752,2403,5000,660.97,Active
14753,2403,15000,1845.46,Active
14754,2403,20000,11918.65,Active
14755,2404,5000,750.03,Active
14756,2404,2000,1824.31,Closed
14757,2404,10000,5309.14,Closed
14758,2405,5000,1206.92,Active
14759,2405,20000,8798.53,Active
14760,2405,5000,2897.79,Active
14761,2406,10000,1769.53,Active
14762,2406,10000,6430.47,Active
14763,2407,5000,4339.26,Closed
14764,2407,2000,1531.43,Active
14765,2407,10000,5247.97,Active
14766,2408,10000,121.54,Active
14767,2409,15000,3754.73,Closed
14768,2409,30000,27922.31,Active
14769,2410,30000,16517.8,Active
14770,2411,30000,14326.28,Active
14771,2412,15000,13721.85,Active
14772,2412,5000,167.57,Closed
14773,2413,30000,23968.43,Closed
14774,2413,5000,1047.65,Closed
14775,2414,20000,17608.18,Closed
14776,2414,30000,25082.09,Active
14777,2414,15000,9935.91,Active
14778,2415,5000,1849.43,Active
14779,2416,30000,3647.34,Active
14780,2416,20000,437.57,Active
14781,2417,30000,24741.88,Closed
14782,2418,10000,4578.95,Active
14783,2419,15000,12861.35,Active
14784,2419,20000,11692.57,Active
14785,2419,20000,316.85,Active
14786,2420,30000,20812.87,Active
14787,2421,5000,2660.57,Active
14788,2421,10000,697.47,Active
14789,2421,10000,4366.21,Active
14790,2422,5000,1461.22,Active
14791,2422,20000,4548.0,Active
14792,2423,30000,11651.92,Active
14793,2424,2000,1558.14,Active
14794,2424,30000,6300.29,Closed
14795,2424,15000,111.53,Active
14796,2425,20000,7676.23,Closed
14797,2425,10000,3609.98,Active
14798,2425,20000,16927.46,Active
14799,2426,30000,15241.69,Active
14800,2426,5000,2496.3,Active
14801,2426,30000,15290.86,Active
14802,2427,20000,4148.34,Active
14803,2428,5000,198.24,Active
14804,2428,15000,7626.28,Active
14805,2429,15000,6910.66,Closed
14806,2429,30000,14113.46,Active
14807,2429,20000,18032.71,Active
14808,2430,20000,4157.41,Active
14809,2430,30000,8000.7,Active
14810,2431,15000,4769.8,Active
14811,2431,5000,1697.72,Active
14812,2431,2000,1781.49,Active
14813,2432,30000,22437.81,Active
14814,2432,20000,11941.66,Closed
14815,2433,20000,13462.21,Active
14816,2433,2000,1837.24,Active
14817,2434,30000,8297.28,Closed
14818,2434,30000,25288.69,Active
14819,2434,15000,6323.62,Active
14820,2435,30000,3357.76,Closed
14821,2435,15000,3664.7,Active
14822,2435,10000,5824.72,Active
14823,2436,2000,1458.26,Closed
14824,2436,10000,8423.85,Closed
14825,2437,20000,11378.18,Active
14826,2437,30000,226.18,Active
14827,2438,5000,1667.07,Active
14828,2438,2000,1586.63,Closed
14829,2438,5000,3976.34,Active
14830,2439,10000,5468.27,Active
14831,2439,5000,4379.33,Active
14832,2439,5000,2490.55,Active
14833,2440,30000,17105.77,Closed
14834,2440,15000,5845.49,Active
14835,2441,30000,14817.15,Active
14836,2441,15000,9332.42,Active
14837,2441,2000,1528.48,Active
14838,2442,2000,1507.9,Active
14839,2442,10000,5258.71,Active
14840,2443,5000,2083.51,Active
14841,2443,10000,7548.32,Closed
14842,2444,30000,13850.16,Active
14843,2444,10000,2481.54,Closed
14844,2445,10000,2327.96,Active
14845,2446,2000,1168.6,Closed
14846,2446,15000,12195.04,Closed
14847,2447,30000,3926.9,Active
14848,2447,2000,1195.34,Active
14849,2447,15000,13183.8,Active
14850,2448,20000,1196.36,Active
14851,2448,30000,15125.39,Active
14852,2448,15000,6333.38,Active
14853,2449,10000,7009.7,Active
14854,2449,2000,1671.01,Active
14855,2449,10000,6865.22,Active
14856,2450,5000,4089.25,Closed
14857,2450,15000,4847.62,Active
14858,2450,20000,2636.44,Active
14859,2451,5000,1979.73,Active
14860,2451,20000,7044.83,Closed
14861,2452,20000,5072.9,Closed
14862,2452,2000,847.04,Active
14863,2452,15000,11829.44,Active
14864,2453,20000,13242.38,Active
14865,2453,20000,9592.58,Closed
14866,2453,15000,5338.68,Active
14867,2454,20000,12874.14,Active
14868,2455,2000,1507.58,Active
14869,2455,10000,1957.08,Active
14870,2456,10000,5889.17,Active
14871,2456,20000,14427.37,Active
14872,2457,30000,9585.81,Closed
14873,2457,10000,4179.76,Closed
14874,2457,10000,3602.74,Active
14875,2458,2000,914.68,Active
14876,2458,10000,2878.43,Active
14877,2458,30000,22623.06,Active
14878,2459,10000,2115.22,Closed
14879,2459,20000,8944.26,Closed
14880,2459,2000,638.94,Closed
14881,2460,5000,4516.06,Active
14882,2460,20000,5047.0,Active
14883,2460,15000,5770.04,Active
14884,2461,2000,656.97,Active
14885,2461,20000,8812.44,Active
14886,2462,30000,1360.55,Active
14887,2463,30000,7189.44,Closed
14888,2463,5000,3640.87,Active
14889,2464,30000,2045.06,Active
14890,2465,20000,9191.38,Active
14891,2465,10000,8954.55,Closed
14892,2465,20000,6398.56,Active
14893,2466,5000,1627.39,Closed
14894,2467,2000,747.67,Active
14895,2467,30000,10661.64,Active
14896,2468,30000,8951.1,Active
14897,2468,5000,2547.93,Active
14898,2468,10000,5250.53,Active
14899,2469,30000,17037.43,Closed
14900,2469,10000,8815.68,Active
14901,2470,15000,5734.94,Active
14902,2470,20000,14694.84,Active
14903,2470,30000,18247.84,Active
14904,2471,5000,1132.1,Active
14905,2471,15000,26.8,Active
14906,2472,2000,478.08,Closed
14907,2472,30000,20415.04,Active
14908,2473,15000,9539.53,Closed
14909,2473,30000,23066.69,Active
14910,2473,10000,1182.61,Active
14911,2474,10000,5433.1,Active
14912,2474,20000,13544.49,Closed
14913,2474,10000,3542.2,Closed
14914,2475,2000,876.81,Active
14915,2476,15000,1436.01,Active
14916,2476,15000,4958.07,Active
14917,2476,30000,24121.94,Active
14918,2477,30000,1005.08,Closed
14919,2477,15000,8162.1,Active
14920,2478,2000,928.87,Closed
14921,2478,30000,17025.4,Active
14922,2478,10000,6459.09,Closed
14923,2479,5000,521.75,Active
14924,2479,20000,15398.02,Active
14925,2479,30000,15665.8,Closed
14926,2480,15000,9645.2,Active
14927,2480,5000,3755.29,Closed
14928,2481,10000,8352.32,Active
14929,2482,20000,11292.58,Active
14930,2482,15000,823.55,Active
14931,2482,5000,2536.4,Active
14932,2483,2000,1837.37,Active
14933,2483,10000,7792.59,Active
14934,2484,2000,141.38,Active
14935,2484,2000,1146.84,Active
14936,2484,5000,2339.37,Active
14937,2485,5000,2053.01,Active
14938,2485,10000,4557.95,Closed
14939,2485,15000,10952.91,Active
14940,2486,10000,4941.52,Active
14941,2486,5000,3342.07,Active
14942,2486,30000,1469.16,Closed
14943,2487,30000,6507.33,Active
14944,2487,30000,12453.16,Active
14945,2487,20000,15461.42,Closed
14946,2488,20000,3308.02,Active
14947,2489,30000,11829.8,Closed
14948,2490,10000,6721.65,Active
14949,2490,5000,4210.19,Closed
14950,2490,15000,13380.38,Active
14951,2491,5000,3193.04,Active
14952,2492,2000,501.32,Active
14953,2493,5000,3824.24,Active
14954,2493,2000,1112.6,Active
14955,2494,20000,16437.79,Closed
14956,2494,10000,4289.3,Active
14957,2495,30000,7776.18,Active
14958,2495,30000,6120.95,Active
14959,2495,30000,23340.7,Active
14960,2496,2000,207.81,Active
14961,2496,30000,15171.22,Active
14962,2497,5000,1814.72,Closed
14963,2498,20000,18361.05,Active
14964,2499,2000,391.55,Active
14965,2500,20000,4111.37,Closed
14966,2500,20000,5717.26,Active
14967,2500,20000,14793.29,Active
14968,2501,2000,494.32,Active
14969,2501,5000,132.53,Active
14970,2502,30000,14883.49,Active
14971,2502,5000,1537.31,Active
14972,2503,2000,350.71,Active
14973,2504,5000,4329.24,Active
14974,2504,5000,7.69,Closed
14975,2504,15000,13111.91,Closed
14976,2505,2000,1391.4,Active
14977,2505,15000,9424.95,Closed
14978,2506,2000,1845.52,Active
14979,2506,15000,5375.33,Active
14980,2507,15000,6000.22,Closed
14981,2508,2000,1209.37,Active
14982,2508,2000,948.08,Active
14983,2508,10000,5183.2,Closed
14984,2509,2000,1247.86,Active
14985,2509,20000,7408.69,Active
14986,2509,2000,429.76,Active
14987,2510,10000,6216.24,Closed
14988,2510,10000,5840.2,Closed
14989,2511,2000,1118.76,Active
14990,2511,15000,527.32,Active
14991,2512,30000,582.35,Active
14992,2512,20000,630.62,Closed
14993,2512,30000,440.78,Active
14994,2513,10000,7736.33,Active
14995,2514,20000,8561.94,Active
14996,2514,2000,1049.39,Active
14997,2514,20000,10903.5,Active
14998,2515,20000,2701.83,Closed
14999,2515,15000,13601.41,Closed
15000,2516,5000,559.86,Active
15001,2516,5000,318.18,Active
15002,2517,15000,10382.91,Active
15003,2517,5000,1907.26,Active
15004,2517,5000,827.6,Closed
15005,2518,30000,26482.83,Active
15006,2518,20000,13448.94,Closed
15007,2518,10000,7530.34,Active
15008,2519,20000,4406.2,Active
15009,2520,5000,3591.03,Active
15010,2520,5000,3241.6,Active
15011,2520,2000,775.68,Closed
15012,2521,10000,8087.19,Closed
15013,2522,10000,8723.62,Closed
15014,2522,20000,4135.77,Active
15015,2523,2000,1664.56,Active
15016,2524,2000,1723.96,Active
15017,2524,5000,4326.69,Active
15018,2525,2000,1085.58,Active
15019,2526,30000,16612.84,Closed
15020,2526,20000,10985.58,Active
15021,2526,10000,7676.25,Closed
15022,2527,15000,13237.5,Active
15023,2528,30000,764.53,Active
15024,2528,10000,3902.65,Closed
15025,2529,20000,5765.83,Active
15026,2530,30000,10886.62,Active
15027,2530,2000,1830.04,Active
15028,2531,5000,3613.64,Active
15029,2531,5000,1135.57,Closed
15030,2531,20000,4918.48,Closed
15031,2532,15000,6623.23,Closed
15032,2532,2000,17.84,Active
15033,2533,10000,3083.68,Closed
15034,2534,30000,19046.45,Active
15035,2534,2000,1214.2,Closed
15036,2534,5000,211.88,Active
15037,2535,10000,5511.37,Closed
15038,2536,30000,20670.89,Active
15039,2536,15000,12769.95,Active
15040,2536,10000,1104.95,Active
15041,2537,20000,5337.22,Active
15042,2537,20000,5765.94,Closed
15043,2538,5000,4007.56,Active
15044,2538,10000,3676.66,Active
15045,2538,10000,1540.88,Active
15046,2539,20000,14809.56,Active
15047,2539,20000,13644.26,Active
15048,2540,15000,11855.36,Active
15049,2540,2000,97.33,Closed
15050,2541,10000,8370.57,Active
15051,2541,10000,6399.3,Active
15052,2542,10000,4382.68,Closed
15053,2542,5000,790.49,Active
15054,2543,20000,6419.21,Active
15055,2543,5000,2754.86,Active
15056,2544,15000,7530.05,Active
15057,2544,30000,11880.58,Closed
15058,2544,15000,10310.8,Active
15059,2545,30000,24592.72,Active
15060,2545,5000,2467.16,Closed
15061,2545,20000,9050.8,Closed
15062,2546,15000,6256.22,Active
15063,2546,15000,582.54,Active
15064,2547,20000,16968.52,Closed
15065,2547,5000,1787.18,Closed
15066,2547,15000,8396.95,Closed
15067,2548,30000,22381.75,Active
15068,2549,5000,4694.69,Active
15069,2549,5000,2631.02,Closed
15070,2550,5000,3138.27,Active
15071,2551,20000,18369.88,Active
15072,2551,10000,1916.3,Active
15073,2552,30000,26836.76,Active
15074,2553,5000,1024.46,Active
15075,2554,10000,3601.31,Closed
15076,2554,30000,25353.51,Closed
15077,2555,10000,6723.32,Active
15078,2555,15000,8720.6,Active
15079,2555,5000,1619.86,Closed
15080,2556,5000,2844.23,Active
15081,2556,5000,2402.78,Active
15082,2557,30000,23787.36,Active
15083,2557,15000,12276.17,Active
15084,2558,20000,16829.84,Active
15085,2558,10000,5051.23,Active
15086,2559,2000,221.25,Active
15087,2560,5000,1720.02,Active
15088,2560,5000,2514.68,Active
15089,2561,5000,4628.53,Closed
15090,2561,10000,9220.92,Active
15091,2562,2000,911.38,Closed
15092,2562,20000,10070.65,Closed
15093,2563,15000,390.64,Active
15094,2563,2000,434.5,Active
15095,2563,5000,581.13,Active
15096,2564,2000,1713.73,Active
15097,2564,20000,18407.94,Active
15098,2565,15000,13743.53,Active
15099,2565,20000,14738.03,Active
15100,2565,20000,15411.09,Closed
15101,2566,20000,9444.2,Active
15102,2567,5000,3826.44,Active
15103,2567,15000,2474.96,Active
15104,2568,30000,16456.97,Active
15105,2568,10000,1091.12,Active
15106,2569,5000,3611.15,Active
15107,2570,2000,36.83,Active
15108,2570,30000,1177.83,Closed
15109,2571,10000,6505.36,Active
15110,2571,2000,279.57,Active
15111,2572,30000,18698.38,Active
15112,2572,2000,1374.0,Closed
15113,2572,10000,2826.8,Active
15114,2573,15000,3924.83,Closed
15115,2574,5000,3128.11,Active
15116,2574,2000,1650.04,Active
15117,2574,15000,5914.5,Closed
15118,2575,30000,21082.06,Active
15119,2575,10000,1625.61,Closed
15120,2576,10000,1622.7,Active
15121,2576,5000,4121.68,Closed
15122,2577,15000,7617.39,Active
15123,2578,30000,15471.31,Active
15124,2578,5000,63.63,Active
15125,2579,15000,2020.06,Active
15126,2579,30000,15828.64,Closed
15127,2579,20000,13437.14,Active
15128,2580,2000,1511.68,Active
15129,2580,10000,4231.63,Active
15130,2581,5000,1906.35,Active
15131,2582,30000,18914.3,Active
15132,2582,20000,13370.2,Closed
15133,2583,2000,693.47,Active
15134,2584,15000,7073.01,Closed
15135,2584,30000,3768.68,Active
15136,2584,10000,699.33,Active
15137,2585,2000,1611.93,Active
15138,2586,30000,20544.81,Active
15139,2586,5000,1077.51,Active
15140,2586,20000,8549.3,Active
15141,2587,20000,12301.46,Active
15142,2587,15000,8343.24,Active
15143,2588,2000,652.97,Active
15144,2588,10000,7700.26,Active
15145,2588,15000,12003.03,Closed
15146,2589,10000,5714.65,Active
15147,2590,10000,7889.65,Closed
15148,2590,10000,6611.92,Active
15149,2591,5000,1420.38,Closed
15150,2591,5000,2768.41,Active
15151,2592,5000,1642.68,Active
15152,2592,20000,17587.85,Active
15153,2593,2000,337.85,Closed
15154,2593,30000,12811.65,Closed
15155,2593,30000,22498.01,Closed
15156,2594,10000,2822.14,Active
15157,2595,30000,25175.24,Active
15158,2596,15000,7394.21,Active
15159,2596,20000,18515.24,Closed
15160,2596,10000,4527.25,Active
15161,2597,30000,24265.17,Active
15162,2597,20000,16464.43,Active
15163,2598,20000,17400.0,Active
15164,2599,10000,8816.91,Active
15165,2600,10000,1190.93,Closed
15166,2600,20000,16418.74,Active
15167,2600,30000,871.28,Active
15168,2601,10000,90.1,Active
15169,2601,15000,9960.77,Closed
15170,2601,5000,2269.94,Active
15171,2602,5000,1926.21,Active
15172,2602,5000,1738.34,Active
15173,2603,5000,1959.81,Active
15174,2604,20000,14449.02,Active
15175,2605,2000,1733.5,Active
15176,2605,5000,2217.11,Active
15177,2605,30000,3238.99,Closed
15178,2606,5000,1881.01,Active
15179,2607,15000,13680.02,Active
15180,2607,15000,8144.98,Active
15181,2608,30000,1874.6,Active
15182,2609,20000,15146.52,Active
15183,2610,20000,10022.28,Active
15184,2610,15000,11416.06,Active
15185,2611,20000,10235.38,Active
15186,2612,10000,5856.34,Closed
15187,2612,30000,13717.04,Closed
15188,2612,2000,1867.58,Active
15189,2613,2000,1500.32,Active
15190,2613,15000,10960.36,Active
15191,2613,30000,8584.05,Active
15192,2614,10000,100.68,Active
15193,2614,5000,2874.29,Active
15194,2615,2000,1336.02,Active
15195,2615,15000,4283.75,Closed
15196,2615,15000,962.64,Active
15197,2616,5000,2145.15,Closed
15198,2616,5000,3999.66,Active
15199,2617,10000,6257.26,Active
15200,2617,30000,26250.69,Active
15201,2618,5000,593.47,Closed
15202,2618,20000,2728.56,Active
15203,2618,30000,12336.74,Active
15204,2619,20000,4268.04,Active
15205,2619,10000,9081.6,Closed
15206,2620,2000,526.64,Active
15207,2620,30000,22169.38,Active
15208,2620,30000,9882.65,Closed
15209,2621,30000,6339.31,Closed
15210,2621,5000,1178.57,Active
15211,2621,5000,1169.8,Closed
15212,2622,10000,3233.68,Active
15213,2623,5000,4682.36,Closed
15214,2624,2000,1605.75,Active
15215,2624,10000,7202.45,Active
15216,2625,30000,16246.62,Active
15217,2626,30000,23339.56,Active
15218,2627,5000,1093.22,Active
15219,2628,2000,759.55,Active
15220,2628,5000,3902.12,Active
15221,2629,2000,926.2,Active
15222,2630,10000,3080.53,Closed
15223,2630,2000,1527.55,Active
15224,2631,30000,1491.33,Active
15225,2631,5000,4252.96,Active
15226,2631,10000,3736.07,Active
15227,2632,20000,11792.35,Active
15228,2633,2000,250.03,Active
15229,2633,20000,15214.9,Active
15230,2634,20000,1431.99,Active
15231,2634,5000,3905.9,Active
15232,2635,10000,6797.22,Active
15233,2636,30000,8836.72,Active
15234,2636,2000,1171.29,Closed
15235,2636,2000,633.04,Closed
15236,2637,10000,4713.69,Active
15237,2637,15000,6159.46,Active
15238,2638,20000,12004.27,Active
15239,2639,15000,3505.95,Closed
15240,2639,2000,1415.46,Active
15241,2640,30000,19084.02,Active
15242,2641,15000,3383.61,Active
15243,2641,2000,1660.6,Active
15244,2641,15000,6210.41,Active
15245,2642,2000,549.41,Active
15246,2642,10000,5767.58,Closed
15247,2643,10000,6342.62,Closed
15248,2643,20000,8462.46,Active
15249,2643,10000,1803.55,Active
15250,2644,15000,341.7,Active
15251,2644,30000,21815.66,Active
15252,2644,2000,83.85,Active
15253,2645,30000,2737.34,Active
15254,2645,30000,6171.65,Active
15255,2646,20000,9964.46,Active
15256,2646,20000,11284.04,Active
15257,2647,15000,9354.32,Closed
15258,2647,5000,2635.6,Active
15259,2648,20000,8989.51,Active
15260,2648,2000,1002.14,Active
15261,2649,20000,869.17,Active
15262,2649,30000,1002.76,Closed
15263,2650,15000,10812.12,Active
15264,2650,15000,6820.52,Active
15265,2651,15000,13526.76,Closed
15266,2652,2000,1375.6,Active
15267,2653,30000,26893.73,Active
15268,2653,15000,2199.31,Active
15269,2653,15000,3003.59,Closed
15270,2654,2000,885.61,Active
15271,2654,30000,20646.26,Active
15272,2655,5000,236.16,Closed
15273,2655,20000,8425.45,Active
15274,2655,2000,1218.93,Active
15275,2656,20000,10423.87,Closed
15276,2656,15000,12706.71,Active
15277,2657,15000,3753.96,Active
15278,2657,15000,5399.58,Closed
15279,2658,10000,649.59,Active
15280,2658,15000,12728.32,Active
15281,2659,10000,3366.07,Active
15282,2659,10000,6353.94,Active
15283,2660,5000,4735.33,Active
15284,2660,2000,957.18,Closed
15285,2661,20000,17707.96,Active
15286,2662,2000,255.94,Active
15287,2662,15000,4720.69,Active
15288,2662,5000,3660.02,Closed
15289,2663,5000,87.54,Active
15290,2663,2000,719.2,Closed
15291,2664,20000,14872.53,Closed
15292,2665,10000,2690.13,Closed
15293,2666,5000,59.92,Active
15294,2666,5000,1247.45,Active
15295,2666,5000,4531.2,Active
15296,2667,10000,225.86,Active
15297,2667,10000,2809.98,Active
15298,2668,30000,20517.75,Active
15299,2668,20000,16086.08,Closed
15300,2668,30000,13060.06,Closed
15301,2669,10000,3586.31,Closed
15302,2670,2000,384.18,Active
15303,2671,20000,4175.42,Active
15304,2672,2000,1102.5,Active
15305,2673,10000,1495.19,Active
15306,2674,5000,4683.1,Closed
15307,2674,30000,27749.26,Active
15308,2674,2000,831.6,Closed
15309,2675,10000,3926.47,Closed
15310,2675,5000,2431.93,Closed
15311,2676,5000,1706.32,Closed
15312,2676,5000,690.04,Active
15313,2676,15000,11086.34,Closed
15314,2677,2000,315.27,Active
15315,2678,5000,1066.16,Active
15316,2679,10000,3631.3,Closed
15317,2680,2000,350.46,Active
15318,2680,30000,10515.43,Active
15319,2681,2000,1753.75,Active
15320,2681,20000,16768.67,Active
15321,2682,2000,784.35,Closed
15322,2682,2000,1348.31,Active
15323,2683,5000,2750.79,Closed
15324,2684,20000,5584.34,Active
15325,2684,15000,9047.12,Active
15326,2684,20000,10580.6,Active
15327,2685,2000,620.13,Closed
15328,2685,15000,8713.86,Active
15329,2686,10000,1475.28,Active
15330,2686,5000,3796.41,Active
15331,2687,20000,2834.33,Closed
15332,2687,5000,3439.89,Active
15333,2687,15000,3344.55,Active
15334,2688,10000,394.75,Active
15335,2688,2000,1735.46,Active
15336,2689,5000,1806.23,Closed
15337,2689,30000,16734.07,Active
15338,2689,10000,7485.87,Active
15339,2690,20000,7766.52,Closed
15340,2690,2000,46.56,Closed
15341,2690,2000,1659.38,Active
15342,2691,20000,15280.51,Active
15343,2692,10000,8046.49,Closed
15344,2692,30000,19281.43,Active
15345,2692,10000,6899.67,Closed
15346,2693,20000,12712.53,Active
15347,2693,10000,602.21,Active
15348,2693,5000,1243.71,Active
15349,2694,5000,3589.19,Active
15350,2695,20000,12036.27,Active
15351,2696,10000,8755.48,Active
15352,2697,10000,6043.72,Closed
15353,2698,30000,63.45,Active
15354,2698,15000,549.37,Active
15355,2698,15000,19.43,Active
15356,2699,15000,6458.6,Active
15357,2700,20000,8716.65,Active
15358,2700,2000,41.38,Active
15359,2700,10000,7688.58,Active
15360,2701,10000,2989.67,Active
15361,2701,5000,2174.19,Closed
15362,2702,10000,7510.32,Closed
15363,2702,30000,7630.28,Active
15364,2702,5000,4074.79,Closed
15365,2703,10000,5873.25,Closed
15366,2703,2000,1148.11,Active
15367,2704,20000,2024.31,Active
15368,2705,30000,27635.61,Active
15369,2705,2000,353.06,Closed
15370,2706,2000,8.18,Closed
15371,2706,2000,425.88,Closed
15372,2707,10000,2220.56,Active
15373,2707,30000,18408.26,Active
15374,2708,15000,13187.8,Closed
15375,2708,5000,416.05,Active
15376,2709,2000,1893.26,Closed
15377,2710,10000,2805.57,Active
15378,2710,5000,1530.07,Closed
15379,2710,2000,738.15,Active
15380,2711,2000,533.71,Active
15381,2712,15000,6610.28,Active
15382,2712,20000,7192.85,Active
15383,2712,20000,4794.19,Active
15384,2713,2000,1706.55,Active
15385,2713,15000,11515.76,Active
15386,2714,15000,11370.54,Active
15387,2715,15000,6929.58,Active
15388,2716,15000,4463.08,Active
15389,2716,20000,3748.14,Active
15390,2716,2000,843.89,Active
15391,2717,2000,840.46,Closed
15392,2718,2000,528.26,Active
15393,2719,2000,509.29,Active
15394,2720,10000,3174.78,Closed
15395,2721,10000,2160.77,Active
15396,2721,30000,18866.41,Active
15397,2722,20000,13877.81,Active
15398,2722,10000,8931.17,Active
15399,2722,20000,18727.13,Closed
15400,2723,2000,1555.23,Active
15401,2723,10000,2316.13,Active
15402,2723,2000,591.12,Active
15403,2724,30000,11520.23,Active
15404,2724,5000,3416.87,Active
15405,2725,20000,9074.83,Closed
15406,2725,5000,492.89,Closed
15407,2725,5000,4567.26,Active
15408,2726,30000,26021.6,Active
15409,2726,20000,9410.89,Active
15410,2727,30000,23135.94,Active
15411,2728,15000,12223.97,Active
15412,2728,20000,2915.24,Closed
15413,2728,30000,23144.0,Closed
15414,2729,2000,495.47,Active
15415,2729,5000,1299.03,Active
15416,2729,2000,1699.64,Closed
15417,2730,15000,6274.54,Active
15418,2730,15000,83.56,Active
15419,2730,20000,12180.59,Closed
15420,2731,10000,4393.82,Active
15421,2732,30000,3460.9,Active
15422,2733,2000,747.08,Active
15423,2733,10000,7126.1,Closed
15424,2734,15000,2972.92,Closed
15425,2734,2000,193.09,Active
15426,2735,30000,18407.81,Active
15427,2735,15000,69.86,Active
15428,2735,20000,13629.6,Active
15429,2736,5000,2258.32,Active
15430,2736,30000,15418.68,Closed
15431,2736,15000,13591.15,Active
15432,2737,10000,1198.36,Active
15433,2737,10000,226.61,Active
15434,2738,2000,13.47,Active
15435,2738,2000,1267.72,Active
15436,2739,10000,4029.26,Closed
15437,2740,20000,8733.79,Active
15438,2741,30000,17769.37,Active
15439,2741,5000,4500.9,Active
15440,2742,2000,1277.91,Active
15441,2743,5000,2521.57,Active
15442,2743,30000,27688.13,Active
15443,2743,30000,19568.06,Closed
15444,2744,5000,934.05,Active
15445,2744,2000,116.59,Active
15446,2745,2000,938.2,Closed
15447,2745,30000,6982.84,Closed
15448,2745,10000,9209.56,Closed
15449,2746,20000,2631.55,Active
15450,2747,20000,2588.04,Active
15451,2747,2000,780.26,Active
15452,2747,20000,13817.47,Closed
15453,2748,2000,913.32,Active
15454,2748,30000,17946.25,Active
15455,2749,5000,900.52,Active
15456,2750,30000,17892.05,Active
15457,2751,20000,3596.21,Active
15458,2751,15000,12078.54,Closed
15459,2752,2000,1589.54,Active
15460,2752,5000,3712.37,Active
15461,2753,20000,13949.28,Active
15462,2753,10000,1329.16,Active
15463,2753,30000,22943.68,Closed
15464,2754,5000,1807.54,Active
15465,2755,20000,4940.7,Active
15466,2755,5000,4447.34,Active
15467,2756,20000,7875.01,Active
15468,2757,10000,6496.04,Active
15469,2757,5000,3806.82,Closed
15470,2758,30000,15450.66,Active
15471,2758,2000,141.33,Active
15472,2758,5000,220.08,Active
15473,2759,20000,13443.12,Active
15474,2760,20000,9493.96,Active
15475,2760,10000,3014.01,Active
15476,2761,30000,18807.89,Active
15477,2761,30000,25930.62,Active
15478,2761,15000,7561.71,Active
15479,2762,10000,5482.71,Active
15480,2763,30000,20797.46,Closed
15481,2764,15000,2398.26,Closed
15482,2765,30000,27548.83,Closed
15483,2766,2000,411.09,Active
15484,2766,10000,4832.84,Active
15485,2766,20000,15129.78,Active
15486,2767,10000,3274.66,Closed
15487,2767,15000,10966.26,Closed
15488,2767,20000,3715.74,Active
15489,2768,20000,6001.1,Active
15490,2768,2000,1072.22,Active
15491,2769,30000,12866.01,Active
15492,2769,2000,122.34,Active
15493,2770,15000,168.85,Closed
15494,2770,5000,4566.18,Closed
15495,2771,15000,12295.54,Active
15496,2771,2000,304.59,Active
15497,2771,30000,24229.63,Active
15498,2772,2000,1513.32,Active
15499,2773,15000,13626.43,Active
15500,2773,30000,27010.39,Active
15501,2774,5000,2984.32,Active
15502,2774,20000,8860.42,Active
15503,2774,2000,74.7,Closed
15504,2775,30000,14868.52,Active
15505,2775,2000,326.35,Closed
15506,2775,5000,3402.28,Active
15507,2776,20000,6629.78,Active
15508,2776,2000,896.68,Active
15509,2777,20000,8534.59,Active
15510,2778,10000,1308.4,Closed
15511,2778,10000,7881.24,Active
15512,2778,15000,9716.77,Active
15513,2779,20000,13265.55,Active
15514,2779,30000,11273.46,Active
15515,2780,20000,13896.01,Active
15516,2781,10000,868.06,Active
15517,2781,2000,1818.29,Active
15518,2782,20000,2181.65,Active
15519,2783,20000,14603.09,Active
15520,2783,5000,2039.05,Active
15521,2783,5000,3277.89,Active
15522,2784,15000,152.98,Closed
15523,2785,5000,1142.98,Active
15524,2786,30000,18644.52,Active
15525,2787,30000,25775.82,Active
15526,2788,5000,4166.49,Active
15527,2788,5000,4729.88,Active
15528,2788,5000,2728.0,Closed
15529,2789,5000,4034.75,Active
15530,2789,20000,2125.29,Closed
15531,2789,30000,11297.27,Active
15532,2790,15000,8724.08,Closed
15533,2790,30000,19267.75,Active
15534,2791,5000,4076.11,Active
15535,2792,10000,8643.88,Active
15536,2792,2000,740.12,Closed
15537,2793,10000,5512.71,Active
15538,2793,2000,1302.97,Active
15539,2794,30000,9441.7,Active
15540,2794,2000,625.48,Active
15541,2795,15000,4265.36,Closed
15542,2795,30000,4843.76,Active
15543,2796,5000,1404.66,Active
15544,2796,10000,57.68,Active
15545,2796,30000,17380.43,Closed
15546,2797,20000,18586.27,Closed
15547,2797,2000,1388.53,Active
15548,2797,2000,626.8,Active
15549,2798,10000,3538.54,Active
15550,2798,30000,4635.37,Active
15551,2798,10000,4780.54,Active
15552,2799,30000,12684.03,Active
15553,2799,5000,1661.75,Active
15554,2800,2000,1813.83,Active
15555,2800,15000,14179.58,Active
15556,2800,10000,7088.44,Active
15557,2801,10000,443.87,Active
15558,2801,2000,220.04,Active
15559,2801,5000,3881.09,Active
15560,2802,30000,12408.96,Active
15561,2802,15000,6345.83,Active
15562,2802,15000,575.37,Active
15563,2803,10000,5049.48,Active
15564,2803,5000,94.39,Active
15565,2804,20000,132.87,Closed
15566,2804,2000,1589.86,Closed
15567,2804,2000,1518.62,Active
15568,2805,5000,2893.47,Active
15569,2806,30000,9361.59,Active
15570,2806,30000,20828.87,Active
15571,2807,10000,6996.3,Active
15572,2808,15000,6312.1,Closed
15573,2808,15000,8544.08,Active
15574,2808,2000,1293.18,Closed
15575,2809,20000,4246.49,Active
15576,2809,10000,4443.49,Active
15577,2809,15000,12455.2,Active
15578,2810,2000,166.75,Closed
15579,2810,2000,1044.04,Active
15580,2810,20000,10838.36,Active
15581,2811,10000,6263.33,Active
15582,2812,2000,1475.52,Active
15583,2813,30000,14868.11,Closed
15584,2813,2000,14.75,Active
15585,2814,15000,6164.88,Active
15586,2814,5000,3190.19,Active
15587,2815,30000,28169.1,Closed
15588,2816,15000,12860.68,Active
15589,2816,30000,7022.88,Closed
15590,2817,20000,2406.27,Active
15591,2817,30000,25831.35,Active
15592,2817,30000,11227.5,Active
15593,2818,5000,2474.14,Closed
15594,2819,20000,16756.64,Active
15595,2819,5000,2438.48,Closed
15596,2819,20000,12387.26,Active
15597,2820,20000,8880.82,Active
15598,2821,30000,25916.98,Active
15599,2822,2000,893.5,Closed
15600,2822,20000,5406.78,Active
15601,2822,10000,2970.01,Active
15602,2823,10000,1048.03,Active
15603,2823,15000,5742.64,Active
15604,2824,15000,1929.99,Active
15605,2824,10000,6214.83,Active
15606,2824,15000,11832.41,Active
15607,2825,15000,441.64,Active
15608,2825,5000,1619.19,Active
15609,2825,20000,9798.77,Active
15610,2826,20000,13376.81,Closed
15611,2826,10000,4809.67,Active
15612,2827,20000,14370.23,Closed
15613,2827,10000,3958.08,Active
15614,2828,15000,7499.03,Active
15615,2828,10000,6433.31,Closed
15616,2829,5000,269.75,Closed
15617,2829,30000,19092.83,Closed
15618,2829,15000,13641.55,Active
15619,2830,30000,24506.6,Active
15620,2830,30000,727.91,Active
15621,2830,15000,7237.02,Active
15622,2831,20000,2977.72,Active
15623,2831,5000,3398.61,Active
15624,2832,2000,448.96,Active
15625,2832,15000,8288.41,Active
15626,2833,20000,6327.58,Active
15627,2834,5000,1064.99,Active
15628,2834,30000,22833.14,Active
15629,2834,5000,753.45,Active
15630,2835,30000,19122.7,Active
15631,2835,2000,541.01,Closed
15632,2836,10000,5645.24,Active
15633,2837,5000,4600.75,Active
15634,2838,15000,6944.01,Active
15635,2838,15000,11289.0,Active
15636,2839,20000,4617.49,Active
15637,2840,10000,3274.43,Closed
15638,2840,2000,1735.17,Active
15639,2841,2000,781.04,Closed
15640,2842,2000,369.67,Active
15641,2842,10000,8901.67,Active
15642,2843,10000,7593.55,Closed
15643,2843,2000,1455.35,Active
15644,2843,20000,10710.65,Active
15645,2844,5000,2268.64,Active
15646,2844,15000,4630.22,Closed
15647,2844,30000,11548.8,Active
15648,2845,5000,4305.17,Active
15649,2846,30000,18021.13,Active
15650,2846,15000,4218.56,Closed
15651,2846,20000,13204.52,Active
15652,2847,2000,1779.94,Active
15653,2847,10000,3076.5,Active
15654,2847,20000,6326.37,Active
15655,2848,5000,3352.04,Closed
15656,2848,2000,949.47,Closed
15657,2849,20000,15238.19,Active
15658,2849,5000,1102.41,Active
15659,2849,15000,5841.68,Active
15660,2850,30000,17117.27,Active
15661,2850,30000,23469.2,Active
15662,2850,2000,987.14,Active
15663,2851,20000,7163.56,Active
15664,2851,15000,12679.54,Active
15665,2852,30000,5237.2,Active
15666,2853,15000,5336.98,Active
15667,2853,30000,665.87,Active
15668,2853,15000,11018.94,Active
15669,2854,30000,26748.71,Closed
15670,2854,2000,1743.61,Active
15671,2855,30000,3072.71,Active
15672,2855,2000,393.69,Active
15673,2856,10000,5810.21,Closed
15674,2856,15000,8537.64,Active
15675,2857,15000,2598.08,Active
15676,2858,30000,5518.67,Active
15677,2858,30000,23310.08,Active
15678,2858,30000,16993.66,Closed
15679,2859,20000,2787.41,Active
15680,2859,10000,2131.15,Closed
15681,2859,2000,303.27,Closed
15682,2860,2000,1705.66,Active
15683,2861,20000,4430.3,Closed
15684,2862,30000,7972.26,Closed
15685,2862,2000,599.56,Active
15686,2863,30000,15432.0,Closed
15687,2863,5000,4230.65,Active
15688,2864,15000,2757.6,Active
15689,2865,30000,14778.76,Active
15690,2865,2000,1863.62,Active
15691,2865,15000,13908.57,Active
15692,2866,10000,3951.59,Closed
15693,2866,10000,4781.06,Active
15694,2867,30000,25109.62,Closed
15695,2868,2000,1604.82,Closed
15696,2868,30000,23424.59,Closed
15697,2869,15000,2217.75,Active
15698,2869,10000,1680.4,Closed
15699,2870,15000,7839.1,Active
15700,2871,15000,7801.23,Active
15701,2871,2000,838.89,Active
15702,2872,10000,4546.24,Closed
15703,2872,2000,1888.61,Active
15704,2873,20000,9765.03,Closed
15705,2874,20000,5819.98,Closed
15706,2875,2000,1511.57,Active
15707,2875,20000,15136.33,Active
15708,2875,15000,9790.0,Active
15709,2876,30000,21542.85,Active
15710,2876,2000,831.34,Active
15711,2876,10000,1860.81,Closed
15712,2877,30000,14704.46,Closed
15713,2878,10000,3678.33,Closed
15714,2879,20000,200.91,Active
15715,2879,2000,1310.95,Closed
15716,2879,15000,4355.0,Closed
15717,2880,10000,6041.79,Active
15718,2880,15000,8302.52,Active
15719,2880,2000,1672.22,Active
15720,2881,20000,13009.53,Active
15721,2882,30000,19541.68,Active
15722,2882,15000,11283.2,Active
15723,2883,20000,1626.4,Active
15724,2883,20000,374.69,Closed
15725,2883,2000,1768.83,Active
15726,2884,2000,1315.06,Closed
15727,2884,15000,12429.17,Active
15728,2885,5000,187.2,Closed
15729,2885,30000,2948.63,Active
15730,2886,10000,553.04,Active
15731,2886,5000,2017.08,Active
15732,2887,15000,8508.71,Closed
15733,2887,30000,4322.49,Active
15734,2887,15000,1186.13,Active
15735,2888,2000,174.02,Active
15736,2888,2000,1284.94,Active
15737,2889,15000,7912.56,Active
15738,2890,30000,5033.4,Active
15739,2891,5000,1653.07,Active
15740,2892,15000,2329.48,Active
15741,2892,30000,19456.32,Active
15742,2892,2000,155.63,Active
15743,2893,15000,5193.76,Closed
15744,2893,10000,6160.01,Active
15745,2893,30000,6556.94,Closed
15746,2894,20000,16474.29,Closed
15747,2894,30000,8813.11,Active
15748,2895,5000,1821.99,Active
15749,2895,30000,18480.72,Active
15750,2896,2000,768.48,Active
15751,2896,10000,7396.32,Active
15752,2897,10000,373.82,Active
15753,2897,2000,1710.87,Active
15754,2898,15000,13358.4,Active
15755,2899,15000,11346.15,Closed
15756,2899,30000,16342.72,Closed
15757,2900,20000,2189.03,Closed
15758,2900,2000,1591.22,Active
15759,2901,15000,10927.21,Closed
15760,2901,10000,5687.76,Active
15761,2902,20000,5667.22,Closed
15762,2902,20000,9673.66,Active
15763,2903,20000,11633.21,Active
15764,2903,5000,4541.01,Active
15765,2904,15000,2435.54,Active
15766,2904,30000,10131.32,Active
15767,2904,10000,3141.66,Closed
15768,2905,5000,1227.58,Active
15769,2906,5000,4626.57,Active
15770,2906,2000,1712.59,Active
15771,2907,2000,1730.98,Active
15772,2907,30000,24555.66,Active
15773,2907,15000,9653.35,Active
15774,2908,5000,3887.91,Active
15775,2908,5000,1695.59,Closed
15776,2908,2000,950.15,Active
15777,2909,30000,12937.85,Active
15778,2910,10000,6585.21,Active
15779,2910,2000,1681.02,Active
15780,2910,30000,24465.14,Active
15781,2911,10000,5853.9,Closed
15782,2912,5000,41.1,Active
15783,2912,10000,5193.16,Active
15784,2912,20000,9823.79,Closed
15785,2913,2000,1364.7,Active
15786,2913,2000,1622.34,Active
15787,2913,15000,13847.33,Active
15788,2914,30000,15385.22,Closed
15789,2914,10000,3672.67,Active
15790,2914,5000,2773.4,Closed
15791,2915,15000,10275.08,Active
15792,2916,15000,14060.0,Active
15793,2916,2000,498.28,Active
15794,2916,15000,2610.05,Active
15795,2917,2000,1536.48,Active
15796,2917,5000,2952.1,Active
15797,2917,15000,6355.7,Closed
15798,2918,20000,9850.93,Closed
15799,2918,20000,18869.87,Closed
15800,2918,15000,4711.66,Active
15801,2919,20000,4901.67,Closed
15802,2919,10000,9181.52,Active
15803,2920,2000,219.54,Active
15804,2920,30000,26665.17,Active
15805,2921,2000,1313.39,Closed
15806,2921,5000,3303.05,Active
15807,2922,2000,1876.96,Active
15808,2922,10000,3580.33,Active
15809,2922,20000,11453.4,Active
15810,2923,10000,7994.15,Active
15811,2924,15000,8607.61,Closed
15812,2924,30000,22467.23,Active
15813,2925,2000,1750.13,Active
15814,2925,10000,3891.1,Closed
15815,2926,30000,3770.92,Active
15816,2927,15000,402.18,Closed
15817,2928,20000,4794.14,Active
15818,2928,10000,9194.1,Active
15819,2929,2000,249.51,Active
15820,2929,15000,9058.24,Active
15821,2930,5000,251.07,Closed
15822,2931,5000,3840.02,Closed
15823,2931,2000,1020.1,Active
15824,2931,10000,2833.39,Active
15825,2932,5000,4092.49,Active
15826,2932,5000,2971.33,Active
15827,2933,30000,408.58,Active
15828,2933,20000,17177.5,Active
15829,2933,15000,5930.8,Active
15830,2934,10000,3293.81,Active
15831,2934,20000,7625.46,Active
15832,2934,10000,4113.58,Active
15833,2935,20000,17671.75,Active
15834,2936,20000,12932.58,Active
15835,2936,10000,1325.34,Active
15836,2936,30000,14914.38,Closed
15837,2937,20000,788.57,Active
15838,2937,20000,5177.67,Active
15839,2938,20000,9528.53,Active
15840,2939,20000,18812.82,Closed
15841,2939,2000,623.84,Active
15842,2939,5000,376.4,Active
15843,2940,5000,3868.83,Closed
15844,2940,2000,1506.07,Active
15845,2940,5000,3542.51,Active
15846,2941,15000,13461.19,Closed
15847,2942,5000,3741.33,Closed
15848,2942,20000,7394.78,Closed
15849,2943,30000,18906.96,Active
15850,2943,5000,2238.19,Closed
15851,2943,30000,10793.49,Active
15852,2944,5000,710.33,Closed
15853,2944,15000,7994.79,Active
15854,2944,15000,13821.78,Active
15855,2945,5000,3162.73,Active
15856,2945,5000,1263.31,Active
15857,2946,30000,10496.06,Active
15858,2946,10000,8461.72,Active
15859,2946,5000,4531.69,Active
15860,2947,15000,9181.51,Active
15861,2947,2000,483.91,Active
15862,2948,20000,6772.6,Closed
15863,2948,5000,289.25,Active
15864,2949,5000,3540.95,Active
15865,2949,5000,2616.07,Closed
15866,2950,10000,6737.26,Active
15867,2951,30000,27672.32,Active
15868,2952,10000,2758.36,Closed
15869,2952,20000,11468.99,Active
15870,2953,15000,12716.32,Closed
15871,2953,30000,1102.31,Active
15872,2953,2000,789.58,Active
15873,2954,20000,8005.19,Active
15874,2954,15000,12389.59,Closed
15875,2955,20000,7428.51,Active
15876,2956,20000,193.02,Active
15877,2956,20000,12752.86,Active
15878,2957,30000,12290.18,Active
15879,2957,5000,890.21,Active
15880,2957,20000,16114.67,Active
15881,2958,20000,11443.47,Active
15882,2958,20000,8839.65,Closed
15883,2959,2000,1252.55,Closed
15884,2960,5000,3217.6,Active
15885,2961,20000,15965.8,Active
15886,2961,5000,2003.29,Active
15887,2962,15000,342.42,Active
15888,2962,5000,281.0,Active
15889,2963,2000,428.24,Active
15890,2963,20000,9721.39,Active
15891,2963,5000,3426.37,Closed
15892,2964,15000,2048.88,Active
15893,2965,10000,4030.83,Active
15894,2966,20000,14726.15,Active
15895,2966,2000,1027.59,Active
15896,2967,10000,7776.79,Active
15897,2968,10000,7958.2,Active
15898,2968,10000,3835.15,Active
15899,2969,30000,18694.21,Closed
15900,2970,20000,14571.99,Active
15901,2971,15000,5212.85,Closed
15902,2971,30000,17698.36,Closed
15903,2972,20000,12687.93,Active
15904,2972,10000,9126.79,Active
15905,2972,20000,6521.93,Active
15906,2973,2000,1692.96,Active
15907,2973,30000,6839.73,Closed
15908,2974,20000,13491.4,Active
15909,2975,2000,570.69,Active
15910,2975,10000,8526.92,Active
15911,2976,10000,8949.57,Active
15912,2976,5000,3510.58,Active
15913,2976,5000,3842.77,Active
15914,2977,30000,22048.74,Active
15915,2977,2000,749.28,Active
15916,2978,2000,1159.49,Active
15917,2979,10000,7906.19,Active
15918,2980,10000,6750.06,Active
15919,2980,5000,285.2,Active
15920,2981,30000,3861.93,Closed
15921,2982,10000,4400.68,Active
15922,2982,20000,13882.37,Active
15923,2982,10000,9035.18,Active
15924,2983,10000,6490.42,Active
15925,2983,5000,3436.6,Active
15926,2983,5000,3504.68,Active
15927,2984,2000,1399.89,Active
15928,2984,20000,3805.23,Closed
15929,2985,10000,6117.86,Active
15930,2986,10000,857.41,Active
15931,2986,20000,17122.39,Active
15932,2986,30000,23667.91,Active
15933,2987,15000,8146.36,Active
15934,2987,30000,766.93,Closed
15935,2988,10000,841.14,Active
15936,2988,5000,1543.36,Closed
15937,2988,2000,164.05,Active
15938,2989,5000,3799.6,Active
15939,2990,20000,13490.99,Closed
15940,2990,2000,384.04,Closed
15941,2991,5000,4239.35,Closed
15942,2991,20000,7904.2,Active
15943,2991,15000,3408.84,Active
15944,2992,2000,286.4,Active
15945,2993,2000,1677.42,Active
15946,2993,20000,1588.08,Active
15947,2993,2000,175.31,Active
15948,2994,2000,309.25,Active
15949,2994,20000,10355.68,Active
15950,2994,20000,7217.08,Closed
15951,2995,10000,1498.94,Active
15952,2995,20000,2046.16,Active
15953,2996,5000,332.99,Active
15954,2996,5000,1524.43,Active
15955,2996,2000,840.31,Active
15956,2997,15000,12554.27,Closed
15957,2998,2000,1884.23,Active
15958,2998,15000,1212.33,Active
15959,2999,20000,17136.35,Active
15960,2999,20000,2187.88,Closed
15961,2999,10000,339.76,Active
15962,3000,5000,3430.34,Active
15963,3001,5000,1294.05,Active
15964,3002,10000,4083.64,Closed
15965,3002,2000,486.59,Closed
15966,3002,15000,4915.43,Closed
15967,3003,10000,7135.73,Active
15968,3003,10000,6721.12,Closed
15969,3004,5000,357.4,Closed
15970,3005,5000,558.94,Active
15971,3005,5000,3145.15,Active
15972,3005,2000,1239.41,Active
15973,3006,30000,21518.73,Active
15974,3006,5000,3608.54,Closed
15975,3007,2000,806.6,Closed
15976,3008,2000,656.2,Active
15977,3009,20000,16390.59,Closed
15978,3009,15000,9781.47,Active
15979,3010,5000,4687.37,Active
15980,3010,5000,3277.6,Active
15981,3010,2000,936.99,Active
15982,3011,2000,1484.57,Closed
15983,3011,2000,521.26,Active
15984,3011,20000,7996.27,Active
15985,3012,5000,1416.66,Active
15986,3013,10000,8450.75,Closed
15987,3013,10000,2710.48,Active
15988,3014,30000,4876.34,Closed
15989,3014,10000,5697.9,Active
15990,3014,20000,9364.86,Active
15991,3015,10000,8676.67,Active
15992,3015,30000,10654.26,Active
15993,3015,30000,7818.91,Active
15994,3016,5000,2945.98,Active
15995,3017,15000,11139.55,Active
15996,3017,10000,4934.11,Active
15997,3017,5000,2034.74,Active
15998,3018,30000,13937.61,Closed
15999,3018,20000,15982.57,Active
16000,3018,5000,4526.03,Active
16001,3019,10000,6601.14,Closed
16002,3020,15000,5188.31,Active
16003,3020,15000,6000.56,Active
16004,3021,15000,10517.27,Active
16005,3021,2000,746.5,Closed
16006,3021,2000,247.51,Closed
16007,3022,2000,869.0,Active
16008,3023,20000,8403.03,Closed
16009,3024,2000,494.28,Active
16010,3025,20000,1965.33,Active
16011,3026,2000,702.76,Active
16012,3026,20000,2142.06,Active
16013,3027,5000,3339.48,Active
16014,3027,2000,786.74,Closed
16015,3027,2000,193.76,Closed
16016,3028,5000,4167.89,Active
16017,3029,20000,11543.86,Closed
16018,3030,30000,630.86,Active
16019,3030,10000,3227.96,Active
16020,3030,15000,13841.7,Active
16021,3031,30000,11349.74,Active
16022,3032,20000,14308.13,Active
16023,3032,15000,6442.1,Active
16024,3033,5000,1377.82,Active
16025,3034,30000,8970.69,Active
16026,3034,20000,6729.27,Closed
16027,3034,15000,408.44,Active
16028,3035,2000,176.16,Closed
16029,3036,5000,722.89,Active
16030,3036,5000,4601.2,Closed
16031,3036,20000,8959.96,Active
16032,3037,5000,3279.71,Closed
16033,3037,30000,24860.18,Active
16034,3037,15000,11369.26,Active
16035,3038,10000,6252.14,Active
16036,3038,20000,6172.04,Closed
16037,3038,2000,1861.7,Active
16038,3039,2000,1483.7,Active
16039,3039,15000,9732.3,Active
16040,3040,20000,2156.54,Active
16041,3041,30000,22535.54,Active
16042,3041,5000,1306.7,Active
16043,3042,10000,1793.78,Closed
16044,3042,15000,483.45,Closed
16045,3042,5000,3849.74,Active
16046,3043,30000,16427.45,Active
16047,3043,10000,7707.36,Active
16048,3043,10000,2708.3,Closed
16049,3044,20000,6256.76,Active
16050,3044,2000,1863.85,Closed
16051,3045,30000,27621.81,Closed
16052,3045,5000,2254.59,Active
16053,3045,20000,147.3,Active
16054,3046,15000,13777.52,Active
16055,3047,15000,2916.88,Active
16056,3047,15000,8264.41,Active
16057,3047,30000,21410.96,Active
16058,3048,10000,6404.5,Closed
16059,3049,5000,2616.31,Active
16060,3049,15000,3968.6,Closed
16061,3049,30000,2596.25,Active
16062,3050,2000,845.42,Closed
16063,3051,2000,238.35,Active
16064,3051,30000,18699.23,Closed
16065,3051,15000,13566.55,Active
16066,3052,10000,8302.59,Active
16067,3053,10000,853.69,Active
16068,3053,5000,2971.19,Active
16069,3053,10000,6779.51,Active
16070,3054,5000,3039.56,Closed
16071,3054,5000,3203.89,Closed
16072,3054,30000,10237.2,Closed
16073,3055,15000,8176.34,Active
16074,3055,30000,5931.38,Active
16075,3055,15000,12614.96,Closed
16076,3056,30000,13005.82,Closed
16077,3056,2000,1573.08,Active
16078,3057,20000,2468.0,Active
16079,3057,20000,16440.79,Closed
16080,3057,2000,1282.76,Active
16081,3058,30000,26676.25,Closed
16082,3059,20000,2295.6,Closed
16083,3059,2000,144.53,Closed
16084,3059,10000,2418.5,Active
16085,3060,20000,16268.91,Active
16086,3061,20000,8692.05,Active
16087,3062,30000,21872.22,Closed
16088,3063,30000,23179.99,Active
16089,3064,5000,1145.58,Closed
16090,3064,10000,5315.89,Closed
16091,3064,15000,67.43,Closed
16092,3065,20000,16859.77,Active
16093,3065,10000,2301.38,Active
16094,3065,2000,297.97,Active
16095,3066,5000,3586.02,Closed
16096,3066,15000,8147.46,Active
16097,3066,20000,7772.89,Closed
16098,3067,30000,556.57,Closed
16099,3067,10000,8650.36,Active
16100,3068,5000,3937.49,Active
16101,3068,15000,900.28,Active
16102,3068,15000,10801.22,Active
16103,3069,30000,33.17,Active
16104,3070,30000,28301.19,Closed
16105,3071,30000,16921.23,Active
16106,3072,2000,1540.41,Closed
16107,3072,20000,14757.53,Closed
16108,3073,30000,21765.83,Active
16109,3073,5000,173.78,Active
16110,3073,20000,18314.15,Active
16111,3074,20000,5155.08,Active
16112,3074,30000,19814.46,Closed
16113,3075,30000,8677.35,Closed
16114,3075,15000,13307.64,Active
16115,3076,15000,4953.49,Closed
16116,3076,10000,6395.38,Active
16117,3076,10000,3752.19,Closed
16118,3077,15000,6710.2,Active
16119,3078,10000,853.22,Active
16120,3078,20000,1956.29,Active
16121,3078,15000,6791.96,Active
16122,3079,2000,368.28,Active
16123,3080,5000,289.8,Closed
16124,3081,15000,8713.25,Active
16125,3082,5000,593.78,Closed
16126,3083,10000,3280.48,Active
16127,3083,15000,3173.2,Active
16128,3083,20000,17299.89,Active
16129,3084,10000,7367.82,Active
16130,3084,30000,10861.27,Active
16131,3085,15000,7337.9,Active
16132,3086,5000,1290.87,Closed
16133,3086,30000,13641.12,Active
16134,3086,5000,1627.34,Active
16135,3087,30000,16380.54,Active
16136,3087,2000,1368.23,Active
16137,3088,15000,10307.45,Closed
16138,3089,5000,922.08,Closed
16139,3089,15000,3285.31,Active
16140,3089,5000,709.88,Active
16141,3090,15000,2270.61,Active
16142,3090,15000,1992.33,Active
16143,3090,15000,9606.91,Active
16144,3091,20000,3950.06,Active
16145,3091,5000,3847.09,Closed
16146,3092,30000,20359.85,Active
16147,3092,2000,1032.11,Active
16148,3092,5000,3111.16,Active
16149,3093,5000,3529.55,Active
16150,3094,5000,907.67,Active
16151,3094,30000,3528.0,Active
16152,3095,10000,3487.78,Active
16153,3095,5000,1710.22,Closed
16154,3095,20000,11892.8,Active
16155,3096,15000,3122.47,Active
16156,3096,20000,9951.53,Active
16157,3097,30000,3239.65,Closed
16158,3097,20000,12515.78,Active
16159,3097,30000,17893.26,Active
16160,3098,30000,10161.45,Active
16161,3098,30000,23711.96,Active
16162,3099,10000,4649.94,Active
16163,3100,20000,12705.63,Closed
16164,3100,10000,286.12,Active
16165,3101,5000,2988.89,Closed
16166,3101,5000,3076.54,Closed
16167,3101,20000,10057.07,Active
16168,3102,30000,27404.27,Active
16169,3102,30000,22879.48,Active
16170,3103,20000,8679.47,Closed
16171,3104,30000,14759.63,Active
16172,3104,30000,6019.97,Active
16173,3104,2000,452.24,Active
16174,3105,20000,7108.49,Closed
16175,3105,10000,7579.74,Active
16176,3105,30000,19521.02,Active
16177,3106,10000,110.99,Closed
16178,3107,30000,18506.49,Closed
16179,3107,30000,19126.19,Active
16180,3108,30000,13045.67,Active
16181,3108,15000,5950.1,Active
16182,3109,20000,10963.12,Closed
16183,3109,5000,676.05,Active
16184,3110,20000,1691.51,Active
16185,3110,5000,2506.75,Active
16186,3110,10000,1393.05,Closed
16187,3111,5000,725.34,Active
16188,3111,10000,5376.81,Closed
16189,3112,30000,12590.34,Active
16190,3113,30000,28094.95,Active
16191,3113,20000,11470.63,Active
16192,3113,20000,5491.58,Active
16193,3114,20000,6609.46,Active
16194,3114,15000,5162.69,Active
16195,3114,5000,353.81,Active
16196,3115,15000,3095.11,Active
16197,3115,5000,3507.07,Active
16198,3115,2000,1258.15,Closed
16199,3116,15000,9568.6,Active
16200,3117,30000,27729.75,Active
16201,3117,30000,11129.86,Closed
16202,3117,5000,3419.13,Active
16203,3118,30000,5828.4,Closed
16204,3119,20000,4062.71,Active
16205,3119,15000,9512.33,Active
16206,3120,20000,2353.01,Active
16207,3121,20000,9868.55,Closed
16208,3121,30000,27650.31,Active
16209,3122,15000,2962.19,Active
16210,3122,15000,4410.97,Closed
16211,3122,20000,16844.8,Active
16212,3123,15000,7325.9,Active
16213,3123,30000,26774.19,Active
16214,3123,15000,14132.01,Active
16215,3124,30000,661.45,Active
16216,3124,15000,1378.37,Closed
16217,3124,10000,8695.27,Active
16218,3125,20000,2041.4,Active
16219,3125,10000,7136.66,Active
16220,3125,30000,7749.15,Closed
16221,3126,10000,2421.95,Closed
16222,3126,5000,3271.16,Active
16223,3126,20000,8369.12,Active
16224,3127,30000,9279.08,Active
16225,3127,30000,9455.02,Closed
16226,3127,10000,8724.71,Active
16227,3128,5000,2101.88,Active
16228,3128,30000,12806.76,Active
16229,3128,20000,10044.64,Active
16230,3129,10000,2332.36,Active
16231,3129,10000,412.26,Closed
16232,3130,10000,5880.21,Active
16233,3130,15000,2247.83,Active
16234,3130,2000,284.61,Active
16235,3131,20000,12253.56,Closed
16236,3131,10000,3736.17,Active
16237,3131,10000,8838.22,Active
16238,3132,10000,2385.79,Closed
16239,3133,10000,1679.64,Active
16240,3133,5000,3896.18,Active
16241,3133,15000,458.76,Active
16242,3134,15000,904.84,Active
16243,3134,5000,1568.06,Active
16244,3134,15000,8862.04,Closed
16245,3135,2000,1718.95,Active
16246,3135,5000,2265.46,Active
16247,3136,10000,4365.78,Active
16248,3136,30000,21137.81,Active
16249,3137,2000,353.9,Active
16250,3137,10000,420.66,Active
16251,3138,20000,15506.81,Closed
16252,3138,30000,8920.78,Active
16253,3138,20000,14984.38,Active
16254,3139,20000,17155.88,Active
16255,3139,2000,1496.87,Active
16256,3139,2000,596.33,Active
16257,3140,5000,1770.83,Closed
16258,3141,30000,18852.97,Active
16259,3141,2000,1548.35,Active
16260,3141,10000,7117.48,Active
16261,3142,20000,6435.98,Closed
16262,3143,20000,219.67,Active
16263,3144,5000,4063.94,Active
16264,3145,2000,1829.91,Active
16265,3145,10000,5309.9,Closed
16266,3146,30000,23039.96,Active
16267,3146,20000,10795.88,Active
16268,3146,5000,4338.4,Active
16269,3147,10000,3192.41,Active
16270,3148,30000,23100.94,Active
16271,3148,20000,7823.9,Closed
16272,3148,2000,953.17,Closed
16273,3149,15000,110.96,Active
16274,3150,10000,5798.04,Active
16275,3150,20000,16163.11,Active
16276,3150,20000,17236.27,Active
16277,3151,15000,13087.33,Active
16278,3152,15000,1193.14,Active
16279,3152,5000,3860.71,Active
16280,3152,5000,1327.38,Active
16281,3153,5000,199.93,Active
16282,3154,30000,1486.62,Active
16283,3155,30000,2081.69,Closed
16284,3155,15000,5175.82,Active
16285,3156,5000,3402.65,Active
16286,3156,20000,131.2,Closed
16287,3157,2000,1311.96,Active
16288,3158,30000,3742.28,Active
16289,3158,30000,6542.25,Active
16290,3159,20000,18936.18,Active
16291,3159,2000,815.72,Closed
16292,3160,2000,319.23,Active
16293,3160,20000,8200.81,Active
16294,3160,20000,1555.51,Active
16295,3161,30000,3755.15,Active
16296,3161,30000,17515.56,Active
16297,3161,5000,281.61,Active
16298,3162,20000,16621.52,Closed
16299,3162,20000,13692.22,Active
16300,3163,15000,11229.43,Active
16301,3164,10000,7751.94,Active
16302,3165,15000,7908.34,Active
16303,3165,2000,1674.8,Closed
16304,3165,30000,3070.52,Closed
16305,3166,2000,1837.08,Active
16306,3166,2000,653.18,Active
16307,3166,2000,267.87,Active
16308,3167,15000,83.87,Active
16309,3168,10000,7371.75,Active
16310,3168,10000,2423.53,Closed
16311,3169,20000,13327.92,Closed
16312,3170,10000,362.34,Active
16313,3171,15000,8035.9,Active
16314,3171,10000,5377.37,Active
16315,3172,15000,164.66,Active
16316,3173,2000,786.54,Active
16317,3173,30000,26922.94,Active
16318,3173,10000,3784.56,Active
16319,3174,20000,12115.88,Active
16320,3174,20000,12423.36,Closed
16321,3174,10000,1345.77,Active
16322,3175,10000,1359.21,Active
16323,3176,20000,6822.65,Closed
16324,3176,15000,2552.77,Active
16325,3177,30000,15209.14,Closed
16326,3177,15000,10726.68,Active
16327,3177,20000,15322.02,Active
16328,3178,2000,742.42,Active
16329,3179,5000,2491.07,Closed
16330,3179,2000,891.89,Active
16331,3180,30000,10696.76,Active
16332,3180,20000,17226.1,Active
16333,3180,30000,11041.48,Closed
16334,3181,2000,229.82,Closed
16335,3181,15000,1953.75,Closed
16336,3182,2000,1459.19,Active
16337,3182,20000,9919.77,Active
16338,3183,20000,11295.42,Closed
16339,3183,15000,9269.15,Active
16340,3184,10000,3595.55,Closed
16341,3184,30000,13995.54,Active
16342,3185,5000,298.8,Active
16343,3186,5000,979.84,Active
16344,3186,10000,1405.61,Active
16345,3187,10000,1438.03,Closed
16346,3188,2000,989.9,Active
16347,3189,15000,12519.62,Closed
16348,3189,5000,513.0,Active
16349,3189,10000,7340.79,Active
16350,3190,10000,8627.83,Active
16351,3190,10000,1892.57,Active
16352,3190,5000,3415.21,Active
16353,3191,15000,237.38,Active
16354,3191,10000,6306.88,Active
16355,3192,5000,3446.61,Active
16356,3193,20000,1618.75,Active
16357,3194,10000,8705.96,Active
16358,3194,30000,3106.58,Active
16359,3194,30000,18259.24,Active
16360,3195,2000,1534.15,Closed
16361,3195,20000,4226.47,Active
16362,3196,30000,13268.92,Closed
16363,3196,20000,14479.12,Active
16364,3196,30000,24905.32,Active
16365,3197,2000,1763.14,Closed
16366,3198,5000,1083.41,Active
16367,3198,15000,8873.6,Active
16368,3198,20000,2071.94,Active
16369,3199,30000,16155.57,Active
16370,3200,5000,4623.76,Active
16371,3200,15000,7400.29,Closed
16372,3201,30000,9476.14,Closed
16373,3202,10000,7374.87,Active
16374,3202,5000,1980.8,Active
16375,3203,20000,18056.65,Active
16376,3203,5000,3557.68,Closed
16377,3203,30000,4249.17,Active
16378,3204,30000,5291.86,Active
16379,3204,5000,1552.94,Active
16380,3205,20000,12911.7,Active
16381,3205,20000,479.6,Active
16382,3206,10000,3195.89,Active
16383,3207,30000,15027.12,Closed
16384,3207,5000,33.8,Active
16385,3207,15000,5653.12,Closed
16386,3208,15000,10097.43,Active
16387,3208,20000,10373.66,Closed
16388,3209,10000,6714.31,Closed
16389,3209,2000,1373.62,Active
16390,3210,30000,13470.18,Active
16391,3211,30000,23997.11,Active
16392,3212,15000,7915.1,Active
16393,3212,2000,705.69,Active
16394,3212,15000,1829.62,Active
16395,3213,10000,6762.79,Active
16396,3213,10000,7508.35,Active
16397,3214,2000,1207.58,Active
16398,3215,15000,1163.08,Active
16399,3216,5000,2806.68,Closed
16400,3216,10000,3349.01,Closed
16401,3217,10000,8849.95,Active
16402,3217,2000,1130.8,Closed
16403,3218,2000,1298.7,Active
16404,3219,5000,3888.77,Active
16405,3220,15000,2345.94,Closed
16406,3220,20000,8880.66,Active
16407,3220,2000,1425.01,Active
16408,3221,10000,2149.72,Active
16409,3221,20000,11393.36,Active
16410,3221,30000,20276.02,Active
16411,3222,30000,11780.64,Active
16412,3222,30000,15124.47,Active
16413,3222,15000,7292.23,Active
16414,3223,5000,549.12,Active
16415,3223,15000,8649.81,Active
16416,3223,15000,6228.75,Active
16417,3224,5000,2332.46,Active
16418,3224,20000,16482.22,Active
16419,3224,5000,558.24,Active
16420,3225,5000,4136.98,Active
16421,3226,20000,778.19,Closed
16422,3226,2000,550.69,Active
16423,3227,2000,1863.06,Active
16424,3227,15000,7916.95,Active
16425,3227,15000,6720.28,Closed
16426,3228,2000,872.18,Active
16427,3228,15000,5486.19,Active
16428,3229,2000,7.09,Closed
16429,3229,15000,13713.56,Active
16430,3230,20000,16197.5,Active
16431,3231,30000,18383.04,Active
16432,3232,20000,15750.88,Active
16433,3233,15000,12329.27,Active
16434,3233,15000,7917.26,Active
16435,3233,15000,1904.7,Active
16436,3234,5000,2843.81,Active
16437,3234,2000,1721.99,Active
16438,3234,30000,16707.54,Closed
16439,3235,5000,3145.72,Active
16440,3235,15000,5712.64,Closed
16441,3235,2000,1686.14,Active
16442,3236,2000,345.24,Active
16443,3237,10000,1953.05,Active
16444,3237,20000,15416.08,Active
16445,3237,20000,16687.35,Active
16446,3238,20000,12498.65,Closed
16447,3239,2000,292.64,Active
16448,3239,5000,562.17,Closed
16449,3240,5000,2221.49,Active
16450,3240,15000,10789.28,Active
16451,3240,10000,5311.56,Active
16452,3241,10000,5946.23,Active
16453,3241,2000,1309.67,Active
16454,3242,10000,8794.31,Active
16455,3242,20000,17708.97,Active
16456,3242,2000,1183.06,Closed
16457,3243,5000,4376.63,Active
16458,3243,15000,2756.25,Closed
16459,3243,10000,5473.91,Active
16460,3244,15000,6572.33,Closed
16461,3244,15000,6955.65,Active
16462,3245,20000,8077.76,Active
16463,3245,10000,848.34,Active
16464,3246,2000,1111.17,Active
16465,3246,20000,446.25,Active
16466,3246,5000,2053.68,Closed
16467,3247,5000,952.3,Active
16468,3248,15000,12105.73,Active
16469,3248,10000,8225.92,Active
16470,3248,2000,142.49,Active
16471,3249,2000,635.19,Active
16472,3249,10000,2689.06,Active
16473,3249,15000,13848.44,Closed
16474,3250,5000,3601.17,Active
16475,3250,20000,11470.47,Active
16476,3250,2000,1641.61,Closed
16477,3251,15000,11077.06,Active
16478,3252,30000,17259.6,Active
16479,3252,30000,27951.96,Active
16480,3253,15000,3194.45,Active
16481,3253,15000,6472.2,Closed
16482,3254,30000,6588.24,Closed
16483,3254,5000,4644.59,Closed
16484,3255,2000,1521.83,Active
16485,3256,5000,2053.65,Active
16486,3256,30000,4943.35,Active
16487,3257,15000,8088.5,Closed
16488,3257,5000,4255.07,Active
16489,3257,20000,18699.4,Active
16490,3258,30000,10375.03,Closed
16491,3258,20000,3713.92,Closed
16492,3258,15000,101.36,Active
16493,3259,10000,2928.42,Active
16494,3259,15000,9631.96,Active
16495,3259,30000,23038.67,Closed
16496,3260,20000,8056.2,Active
16497,3261,20000,10484.67,Closed
16498,3261,2000,66.37,Active
16499,3262,20000,9011.37,Active
16500,3262,20000,7191.54,Closed
16501,3262,20000,5573.52,Active
16502,3263,5000,4716.08,Closed
16503,3263,10000,2579.65,Closed
16504,3263,2000,319.61,Active
16505,3264,15000,5637.49,Closed
16506,3265,15000,12611.55,Active
16507,3265,20000,7480.45,Active
16508,3265,30000,9541.19,Closed
16509,3266,30000,11036.51,Active
16510,3266,20000,12027.25,Closed
16511,3266,30000,2231.74,Active
16512,3267,30000,6800.48,Closed
16513,3267,10000,8203.58,Active
16514,3267,30000,18197.99,Active
16515,3268,10000,2292.71,Closed
16516,3269,20000,12301.62,Active
16517,3270,30000,14940.22,Closed
16518,3270,10000,8345.7,Active
16519,3270,10000,8336.53,Active
16520,3271,10000,2656.75,Active
16521,3271,15000,7480.92,Active
16522,3272,20000,4102.33,Active
16523,3273,20000,3581.29,Active
16524,3273,5000,1933.64,Closed
16525,3274,30000,14958.56,Active
16526,3274,2000,901.97,Closed
16527,3275,2000,1838.42,Active
16528,3276,10000,12.43,Closed
16529,3277,5000,3851.29,Active
16530,3278,10000,981.92,Active
16531,3279,10000,4906.99,Closed
16532,3279,30000,16570.64,Active
16533,3280,10000,8782.99,Closed
16534,3281,30000,12170.67,Closed
16535,3281,15000,10624.33,Active
16536,3282,5000,4291.29,Active
16537,3283,20000,9016.2,Active
16538,3283,10000,5649.04,Active
16539,3283,30000,27215.42,Active
16540,3284,2000,1666.54,Active
16541,3285,30000,13943.14,Active
16542,3286,20000,2093.33,Active
16543,3286,2000,744.31,Active
16544,3287,15000,6779.82,Closed
16545,3287,5000,2462.26,Active
16546,3287,2000,811.52,Active
16547,3288,5000,4224.87,Closed
16548,3288,30000,10579.34,Closed
16549,3289,20000,3997.1,Active
16550,3289,2000,1797.09,Active
16551,3289,30000,21585.93,Active
16552,3290,2000,352.89,Closed
16553,3290,2000,1379.78,Closed
16554,3291,15000,10776.1,Active
16555,3291,15000,1214.05,Active
16556,3292,20000,3464.33,Closed
16557,3293,5000,2707.43,Active
16558,3294,15000,6579.52,Active
16559,3295,30000,16765.12,Active
16560,3295,30000,2919.94,Active
16561,3295,5000,2366.59,Closed
16562,3296,10000,8708.33,Active
16563,3297,20000,1256.63,Active
16564,3297,30000,22875.37,Closed
16565,3298,10000,1131.5,Active
16566,3298,15000,3809.43,Closed
16567,3298,2000,1834.67,Active
16568,3299,30000,18396.39,Closed
16569,3299,20000,13884.27,Active
16570,3299,2000,433.2,Active
16571,3300,5000,2056.08,Active
16572,3300,30000,8115.33,Active
16573,3301,10000,5891.82,Closed
16574,3301,5000,2441.85,Active
16575,3302,2000,1647.06,Active
16576,3303,15000,11451.14,Active
16577,3303,5000,3511.95,Active
16578,3303,15000,7017.38,Active
16579,3304,20000,9548.94,Active
16580,3304,10000,9441.55,Active
16581,3304,20000,10677.4,Active
16582,3305,20000,4096.63,Active
16583,3305,5000,4615.66,Active
16584,3305,15000,8925.25,Active
16585,3306,2000,1605.01,Active
16586,3306,5000,2010.8,Active
16587,3307,30000,10305.69,Active
16588,3308,2000,1707.97,Closed
16589,3308,15000,2790.63,Active
16590,3308,20000,15627.9,Active
16591,3309,10000,8072.02,Closed
16592,3310,10000,9206.0,Active
16593,3310,2000,836.32,Active
16594,3311,10000,7648.4,Active
16595,3311,5000,3242.43,Active
16596,3312,2000,223.2,Active
16597,3313,2000,1061.01,Active
16598,3314,2000,555.19,Active
16599,3315,30000,27000.07,Active
16600,3316,2000,1440.32,Closed
16601,3316,20000,2399.99,Active
16602,3316,10000,5019.28,Active
16603,3317,2000,1076.57,Active
16604,3317,10000,2824.56,Active
16605,3317,30000,12776.19,Active
16606,3318,15000,8550.04,Active
16607,3318,20000,15415.62,Active
16608,3319,30000,9390.98,Active
16609,3319,5000,2499.77,Active
16610,3320,2000,1017.99,Closed
16611,3320,5000,4082.92,Active
16612,3321,5000,2073.81,Active
16613,3321,5000,2787.69,Active
16614,3321,20000,6522.61,Active
16615,3322,30000,13310.58,Closed
16616,3322,20000,14885.41,Active
16617,3323,10000,5621.61,Active
16618,3323,2000,1780.03,Active
16619,3324,15000,10373.01,Active
16620,3324,10000,2487.12,Closed
16621,3324,15000,1472.23,Active
16622,3325,30000,21722.9,Active
16623,3326,30000,3281.17,Active
16624,3326,30000,867.8,Active
16625,3326,30000,7276.27,Closed
16626,3327,10000,390.18,Active
16627,3327,2000,842.88,Closed
16628,3327,20000,17675.34,Active
16629,3328,20000,13257.61,Active
16630,3328,10000,8178.96,Active
16631,3329,20000,14376.01,Active
16632,3330,5000,2121.52,Active
16633,3330,10000,4246.77,Closed
16634,3330,30000,14154.61,Closed
16635,3331,10000,5457.03,Active
16636,3331,10000,2696.78,Active
16637,3332,5000,2442.99,Active
16638,3333,30000,16723.65,Active
16639,3333,15000,8494.93,Active
16640,3334,15000,885.27,Active
16641,3335,10000,5698.53,Active
16642,3335,20000,15810.43,Closed
16643,3336,10000,8759.22,Active
16644,3336,15000,6075.79,Active
16645,3337,20000,6477.46,Closed
16646,3337,30000,24095.45,Active
16647,3337,5000,1566.99,Active
16648,3338,2000,1767.25,Closed
16649,3338,15000,6366.21,Active
16650,3339,10000,1177.29,Active
16651,3339,5000,2331.39,Closed
16652,3340,10000,1874.77,Active
16653,3340,10000,7761.84,Active
16654,3341,30000,5755.81,Active
16655,3341,15000,12916.23,Active
16656,3341,2000,644.07,Active
16657,3342,20000,4572.53,Active
16658,3342,10000,3378.64,Active
16659,3343,15000,11420.24,Active
16660,3343,15000,14137.46,Active
16661,3344,10000,7546.15,Closed
16662,3345,15000,5910.35,Active
16663,3345,20000,15587.07,Active
16664,3345,2000,572.89,Active
16665,3346,20000,7930.13,Active
16666,3347,5000,377.42,Active
16667,3347,10000,8651.82,Closed
16668,3348,10000,7276.61,Active
16669,3348,30000,20468.62,Closed
16670,3348,20000,4398.76,Closed
16671,3349,15000,12642.13,Active
16672,3349,2000,1269.64,Closed
16673,3349,2000,994.67,Active
16674,3350,30000,696.65,Active
16675,3350,2000,700.25,Active
16676,3350,20000,1487.3,Active
16677,3351,5000,822.75,Active
16678,3351,15000,4061.76,Active
16679,3352,30000,5410.99,Active
16680,3352,30000,6188.31,Closed
16681,3352,5000,2373.93,Active
16682,3353,2000,1264.81,Active
16683,3354,20000,12089.35,Active
16684,3354,30000,28337.06,Active
16685,3354,20000,10113.62,Active
16686,3355,10000,2691.6,Closed
16687,3355,20000,1887.45,Closed
16688,3355,15000,6159.95,Active
16689,3356,10000,8366.44,Active
16690,3356,30000,225.21,Active
16691,3356,10000,4868.78,Active
16692,3357,10000,1770.31,Closed
16693,3358,10000,4566.98,Active
16694,3358,30000,23260.9,Active
16695,3359,2000,489.55,Active
16696,3359,30000,21802.04,Closed
16697,3360,15000,5792.13,Closed
16698,3360,20000,14913.02,Active
16699,3360,20000,1765.56,Closed
16700,3361,10000,2589.95,Active
16701,3361,10000,3687.62,Closed
16702,3362,2000,581.32,Active
16703,3362,15000,11620.13,Active
16704,3362,20000,11715.49,Active
16705,3363,2000,1539.71,Active
16706,3364,15000,4431.07,Active
16707,3364,5000,2921.49,Active
16708,3365,30000,10797.36,Active
16709,3366,20000,15298.87,Active
16710,3366,20000,7383.42,Closed
16711,3366,30000,28385.99,Active
16712,3367,30000,28111.06,Active
16713,3368,20000,14848.54,Active
16714,3369,30000,22005.16,Active
16715,3370,15000,7982.64,Active
16716,3370,5000,4290.75,Active
16717,3371,5000,1094.42,Active
16718,3371,2000,1864.37,Active
16719,3372,20000,7859.8,Active
16720,3373,20000,18309.56,Closed
16721,3373,20000,4647.54,Active
16722,3373,10000,3114.65,Closed
16723,3374,10000,6419.91,Closed
16724,3374,30000,11382.74,Active
16725,3374,15000,7159.42,Active
16726,3375,10000,3204.58,Active
16727,3376,30000,21335.41,Closed
16728,3376,10000,6071.9,Active
16729,3377,15000,13045.71,Active
16730,3378,2000,698.53,Active
16731,3378,10000,9140.22,Active
16732,3379,10000,7596.54,Active
16733,3380,2000,554.49,Active
16734,3381,20000,8194.58,Active
16735,3381,15000,10193.86,Active
16736,3381,5000,240.87,Active
16737,3382,30000,16371.51,Active
16738,3383,30000,618.51,Active
16739,3383,15000,5330.44,Active
16740,3383,5000,1063.04,Active
16741,3384,20000,1664.22,Active
16742,3385,5000,3956.54,Closed
16743,3386,15000,10120.6,Active
16744,3386,5000,4057.49,Active
16745,3387,5000,984.23,Active
16746,3387,2000,764.2,Active
16747,3388,15000,615.85,Active
16748,3388,5000,602.82,Active
16749,3388,20000,5078.15,Closed
16750,3389,10000,5513.6,Closed
16751,3389,10000,5872.28,Active
16752,3389,10000,8048.82,Closed
16753,3390,30000,5135.42,Closed
16754,3391,2000,1523.37,Active
16755,3392,20000,15610.99,Active
16756,3392,10000,8950.67,Active
16757,3393,15000,6827.67,Active
16758,3393,2000,419.57,Closed
16759,3393,2000,20.6,Active
16760,3394,2000,762.76,Closed
16761,3395,10000,7633.97,Active
16762,3395,15000,1570.79,Closed
16763,3396,5000,207.7,Active
16764,3397,20000,2398.92,Active
16765,3398,2000,341.27,Closed
16766,3399,10000,3782.36,Active
16767,3399,5000,1052.9,Closed
16768,3400,15000,13794.31,Active
16769,3401,2000,795.19,Active
16770,3401,10000,4310.05,Active
16771,3401,10000,1423.02,Closed
16772,3402,2000,1281.46,Closed
16773,3403,15000,10650.3,Active
16774,3403,15000,10317.33,Active
16775,3403,2000,14.64,Active
16776,3404,30000,26314.14,Closed
16777,3404,2000,809.91,Active
16778,3404,10000,4392.42,Active
16779,3405,5000,395.34,Active
16780,3406,15000,12390.38,Active
16781,3406,5000,4616.23,Active
16782,3407,20000,15265.79,Active
16783,3408,30000,24653.61,Active
16784,3409,10000,6973.72,Active
16785,3409,2000,1654.66,Closed
16786,3409,10000,4494.26,Active
16787,3410,20000,5639.2,Active
16788,3410,2000,1341.9,Active
16789,3411,5000,1289.2,Closed
16790,3412,10000,3916.52,Active
16791,3412,30000,26472.31,Active
16792,3412,30000,3145.51,Active
16793,3413,30000,983.86,Active
16794,3414,2000,613.69,Active
16795,3414,20000,9584.06,Active
16796,3414,2000,94.82,Active
16797,3415,10000,3717.83,Active
16798,3416,5000,1065.28,Closed
16799,3416,5000,3628.78,Active
16800,3416,10000,4578.94,Active
16801,3417,10000,1838.32,Active
16802,3417,2000,1097.51,Active
16803,3417,2000,770.68,Active
16804,3418,15000,13239.34,Active
16805,3419,30000,4181.59,Closed
16806,3419,2000,1574.06,Active
16807,3419,15000,876.2,Active
16808,3420,30000,19952.02,Active
16809,3420,20000,17071.93,Active
16810,3421,30000,23363.06,Closed
16811,3422,15000,9147.7,Active
16812,3423,20000,2060.37,Closed
16813,3423,20000,8444.55,Active
16814,3424,20000,1793.48,Active
16815,3424,30000,22065.57,Active
16816,3425,30000,1971.9,Active
16817,3426,10000,6850.53,Active
16818,3426,15000,8643.7,Active
16819,3426,5000,3408.0,Active
16820,3427,20000,4025.76,Closed
16821,3427,10000,6114.04,Active
16822,3428,20000,13554.37,Active
16823,3428,30000,8549.36,Closed
16824,3428,10000,6689.97,Active
16825,3429,5000,4650.81,Active
16826,3429,20000,3850.01,Active
16827,3430,2000,1261.5,Closed
16828,3430,10000,63.71,Active
16829,3431,5000,4129.41,Closed
16830,3431,20000,16733.99,Active
16831,3432,5000,3099.63,Active
16832,3432,15000,1576.9,Active
16833,3433,2000,1444.17,Closed
16834,3433,30000,23343.85,Active
16835,3434,20000,8286.09,Active
16836,3435,2000,50.14,Active
16837,3435,15000,11947.73,Active
16838,3435,20000,5288.42,Active
16839,3436,2000,1241.99,Active
16840,3436,2000,1657.48,Active
16841,3436,15000,9836.7,Active
16842,3437,2000,654.98,Closed
16843,3437,15000,11731.75,Closed
16844,3437,2000,160.79,Closed
16845,3438,30000,10992.37,Active
16846,3439,2000,1070.02,Closed
16847,3440,30000,22027.89,Closed
16848,3440,10000,4123.13,Closed
16849,3440,15000,2882.49,Active
16850,3441,10000,3708.26,Active
16851,3441,20000,15531.27,Active
16852,3441,2000,672.79,Active
16853,3442,10000,3812.05,Closed
16854,3443,30000,15123.43,Active
16855,3443,10000,426.4,Closed
16856,3444,2000,806.39,Active
16857,3444,30000,14960.82,Closed
16858,3445,10000,5142.73,Active
16859,3446,2000,931.12,Closed
16860,3446,10000,4841.12,Active
16861,3446,15000,6428.56,Active
16862,3447,20000,17641.65,Active
16863,3447,30000,15676.88,Active
16864,3448,5000,1771.01,Closed
16865,3448,2000,337.14,Active
16866,3448,2000,1600.47,Active
16867,3449,30000,10829.04,Active
16868,3450,30000,16471.0,Active
16869,3450,15000,11540.45,Active
16870,3451,2000,1080.33,Active
16871,3451,5000,1755.41,Active
16872,3451,5000,2978.79,Active
16873,3452,15000,7934.56,Active
16874,3452,10000,6093.24,Active
16875,3452,20000,15159.01,Closed
16876,3453,5000,1118.25,Active
16877,3453,5000,2011.75,Active
16878,3454,5000,2841.56,Active
16879,3455,15000,3613.53,Active
16880,3455,2000,353.96,Active
16881,3455,15000,8420.19,Active
16882,3456,30000,10499.11,Closed
16883,3456,5000,2710.28,Active
16884,3457,5000,2750.29,Active
16885,3458,30000,13112.57,Closed
16886,3458,10000,8603.82,Active
16887,3459,20000,12369.43,Closed
16888,3460,30000,18478.62,Active
16889,3460,10000,9171.64,Closed
16890,3461,15000,11128.89,Active
16891,3461,15000,4284.34,Active
16892,3461,5000,3179.26,Active
16893,3462,30000,9099.05,Active
16894,3462,5000,2388.8,Active
16895,3463,30000,9417.13,Active
16896,3464,20000,2673.73,Closed
16897,3465,2000,1175.91,Active
16898,3466,5000,1807.54,Active
16899,3466,15000,9172.04,Closed
16900,3466,5000,4189.79,Active
16901,3467,5000,2738.94,Closed
16902,3468,15000,12681.25,Closed
16903,3468,2000,1532.51,Active
16904,3468,10000,157.44,Active
16905,3469,20000,12221.11,Active
16906,3470,2000,114.84,Active
16907,3470,2000,569.7,Closed
16908,3471,20000,9004.92,Active
16909,3471,10000,2644.85,Active
16910,3471,2000,1749.56,Active
16911,3472,20000,15194.23,Closed
16912,3473,20000,12188.52,Active
16913,3473,5000,3622.64,Active
16914,3473,10000,4258.83,Active
16915,3474,20000,5827.04,Active
16916,3475,2000,617.41,Closed
16917,3476,5000,1422.95,Active
16918,3477,2000,1221.75,Closed
16919,3477,10000,7994.85,Active
16920,3478,5000,1433.97,Active
16921,3478,10000,2696.41,Active
16922,3479,5000,4567.19,Active
16923,3480,30000,7143.82,Closed
16924,3480,20000,13474.71,Active
16925,3481,30000,7123.82,Active
16926,3482,15000,11920.6,Active
16927,3483,5000,3165.44,Active
16928,3483,10000,3656.75,Active
16929,3484,10000,7915.4,Active
16930,3484,15000,9763.82,Active
16931,3484,15000,722.81,Active
16932,3485,20000,16211.43,Active
16933,3485,2000,838.84,Active
16934,3485,2000,743.25,Active
16935,3486,2000,493.54,Active
16936,3487,5000,2.16,Active
16937,3487,5000,1382.56,Active
16938,3487,15000,4815.84,Active
16939,3488,20000,790.5,Active
16940,3488,15000,3606.57,Active
16941,3489,30000,27196.68,Active
16942,3489,10000,1157.54,Active
16943,3489,30000,5616.18,Closed
16944,3490,30000,22903.14,Active
16945,3490,20000,6470.34,Active
16946,3491,15000,9927.15,Active
16947,3491,20000,2214.88,Active
16948,3492,10000,6906.76,Active
16949,3492,20000,1131.35,Active
16950,3492,5000,3504.19,Active
16951,3493,5000,808.37,Active
16952,3493,30000,19538.85,Active
16953,3493,5000,2709.54,Active
16954,3494,2000,551.37,Active
16955,3494,2000,1427.05,Active
16956,3494,20000,18268.07,Closed
16957,3495,20000,3601.66,Active
16958,3495,10000,8119.85,Closed
16959,3495,10000,1461.44,Active
16960,3496,30000,870.07,Closed
16961,3497,2000,289.08,Active
16962,3497,30000,8755.87,Closed
16963,3498,10000,5930.29,Active
16964,3498,30000,15460.18,Closed
16965,3499,20000,2367.86,Closed
16966,3500,30000,9318.04,Active
16967,3500,15000,4448.44,Active
16968,3501,30000,16436.35,Active
16969,3501,5000,3780.51,Active
16970,3501,20000,12438.0,Active
16971,3502,5000,292.77,Active
16972,3503,5000,486.12,Closed
16973,3504,5000,4214.25,Active
16974,3504,10000,1738.79,Active
16975,3504,30000,27726.11,Active
16976,3505,30000,24987.07,Active
16977,3506,5000,4477.68,Closed
16978,3506,2000,1196.49,Active
16979,3507,5000,1487.39,Active
16980,3508,5000,2550.26,Closed
16981,3509,15000,6755.74,Active
16982,3510,5000,2940.63,Active
16983,3510,30000,28296.38,Closed
16984,3511,30000,25932.97,Closed
16985,3511,30000,11261.46,Closed
16986,3511,10000,492.19,Closed
16987,3512,5000,356.43,Closed
16988,3512,30000,9634.18,Active
16989,3513,2000,38.88,Active
16990,3513,30000,1020.17,Active
16991,3513,2000,35.47,Closed
16992,3514,10000,7583.65,Active
16993,3515,10000,1737.05,Active
16994,3515,10000,8410.95,Closed
16995,3516,30000,28180.45,Active
16996,3516,20000,3379.75,Closed
16997,3516,30000,27174.82,Active
16998,3517,20000,6062.19,Active
16999,3517,5000,2638.87,Active
17000,3517,20000,3215.93,Active
17001,3518,30000,5463.56,Active
17002,3518,15000,7827.25,Closed
17003,3519,2000,908.4,Active
17004,3519,10000,1716.13,Active
17005,3519,10000,8585.98,Closed
17006,3520,5000,375.6,Active
17007,3520,20000,4470.03,Active
17008,3520,30000,12151.87,Active
17009,3521,2000,1236.52,Active
17010,3521,5000,1484.19,Closed
17011,3521,30000,1625.31,Active
17012,3522,30000,93.95,Closed
17013,3522,10000,58.23,Active
17014,3523,10000,6256.91,Closed
17015,3523,5000,3715.63,Closed
17016,3523,15000,7190.11,Closed
17017,3524,2000,451.59,Active
17018,3525,20000,6809.66,Active
17019,3525,20000,5310.0,Active
17020,3526,30000,4882.47,Active
17021,3526,20000,6323.41,Active
17022,3527,5000,3362.91,Active
17023,3528,2000,666.94,Active
17024,3528,20000,7855.94,Active
17025,3528,2000,1749.37,Active
17026,3529,20000,7803.7,Active
17027,3530,2000,1277.8,Closed
17028,3530,5000,1909.04,Active
17029,3531,20000,186.51,Active
17030,3531,30000,867.5,Active
17031,3531,15000,3382.25,Active
17032,3532,5000,1238.87,Closed
17033,3533,15000,12016.71,Closed
17034,3533,2000,1886.79,Active
17035,3533,30000,4915.94,Active
17036,3534,20000,1523.39,Active
17037,3535,20000,12422.98,Active
17038,3535,10000,8973.07,Active
17039,3535,30000,12628.93,Active
17040,3536,2000,134.15,Active
17041,3537,30000,9039.45,Closed
17042,3537,5000,3597.75,Closed
17043,3538,2000,166.59,Active
17044,3539,2000,1705.56,Closed
17045,3540,5000,255.73,Closed
17046,3541,10000,7423.96,Active
17047,3541,30000,23669.94,Active
17048,3541,5000,3866.69,Active
17049,3542,2000,462.56,Closed
17050,3542,10000,5197.85,Active
17051,3542,30000,2641.37,Active
17052,3543,5000,321.68,Active
17053,3544,2000,1342.2,Active
17054,3544,20000,1657.63,Active
17055,3545,20000,4974.02,Closed
17056,3546,15000,9040.3,Closed
17057,3547,15000,9141.8,Active
17058,3547,5000,3607.57,Active
17059,3547,20000,11525.06,Closed
17060,3548,5000,3157.51,Active
17061,3549,5000,3060.08,Closed
17062,3549,10000,2023.93,Active
17063,3550,10000,1232.24,Active
17064,3550,15000,5147.43,Active
17065,3551,10000,8012.83,Active
17066,3552,2000,1195.11,Active
17067,3553,2000,445.38,Active
17068,3554,30000,12973.63,Active
17069,3554,5000,224.79,Closed
17070,3555,30000,19407.35,Active
17071,3556,10000,4021.0,Closed
17072,3556,5000,3120.45,Closed
17073,3556,15000,11327.48,Active
17074,3557,20000,15214.01,Closed
17075,3557,30000,15781.19,Closed
17076,3557,15000,6035.15,Closed
17077,3558,2000,413.7,Closed
17078,3558,15000,9352.02,Active
17079,3559,20000,10203.85,Active
17080,3560,15000,9165.93,Active
17081,3560,2000,527.7,Closed
17082,3560,5000,184.47,Active
17083,3561,20000,4805.34,Active
17084,3562,20000,7787.9,Active
17085,3562,30000,20991.52,Closed
17086,3562,30000,6365.38,Active
17087,3563,20000,17077.74,Active
17088,3563,15000,13706.23,Closed
17089,3563,10000,6915.19,Active
17090,3564,30000,18059.93,Active
17091,3565,15000,11469.22,Active
17092,3565,20000,3661.41,Active
17093,3566,30000,9270.75,Closed
17094,3566,30000,3995.96,Active
17095,3566,10000,7858.77,Active
17096,3567,20000,3471.31,Active
17097,3568,20000,6007.8,Active
17098,3568,15000,3247.63,Active
17099,3568,15000,12773.78,Active
17100,3569,2000,1403.87,Active
17101,3570,5000,2178.52,Active
17102,3570,5000,262.06,Active
17103,3571,30000,18493.11,Active
17104,3571,5000,3200.41,Active
17105,3572,2000,855.33,Closed
17106,3572,15000,6668.77,Active
17107,3573,30000,25578.41,Active
17108,3573,2000,1448.34,Active
17109,3573,30000,1102.93,Active
17110,3574,30000,260.74,Active
17111,3574,2000,1461.15,Active
17112,3574,15000,10827.36,Active
17113,3575,5000,1401.46,Active
17114,3576,15000,5230.62,Closed
17115,3576,20000,13164.16,Active
17116,3576,2000,1790.96,Active
17117,3577,10000,5243.54,Closed
17118,3577,15000,1165.92,Closed
17119,3577,10000,9034.84,Active
17120,3578,5000,3655.56,Active
17121,3578,15000,844.94,Active
17122,3579,20000,7874.13,Active
17123,3579,2000,1529.89,Active
17124,3579,20000,8800.53,Active
17125,3580,5000,745.89,Closed
17126,3581,30000,8130.07,Active
17127,3582,2000,880.8,Active
17128,3583,15000,9396.55,Closed
17129,3583,30000,25426.05,Active
17130,3584,30000,22110.26,Active
17131,3585,20000,18669.63,Closed
17132,3586,20000,11301.22,Active
17133,3586,10000,3837.46,Active
17134,3587,15000,318.22,Active
17135,3587,2000,1765.27,Active
17136,3588,2000,972.15,Active
17137,3589,5000,1175.44,Active
17138,3590,30000,10800.23,Active
17139,3590,2000,969.2,Active
17140,3591,15000,5232.65,Active
17141,3592,2000,40.99,Active
17142,3592,5000,4291.76,Closed
17143,3593,5000,3461.98,Active
17144,3593,10000,8438.84,Closed
17145,3594,2000,1847.76,Active
17146,3594,5000,1804.73,Active
17147,3595,30000,19144.99,Active
17148,3596,2000,1561.08,Active
17149,3597,30000,1894.15,Active
17150,3598,5000,131.9,Active
17151,3598,15000,1460.07,Closed
17152,3598,30000,16617.14,Active
17153,3599,10000,8275.86,Active
17154,3600,30000,8814.82,Active
17155,3601,15000,11174.5,Closed
17156,3601,30000,28110.49,Active
17157,3601,30000,21492.43,Active
17158,3602,10000,6362.86,Active
17159,3602,15000,1708.85,Closed
17160,3602,2000,1830.31,Active
17161,3603,20000,10846.63,Active
17162,3603,10000,6978.3,Closed
17163,3603,30000,2430.23,Active
17164,3604,10000,1991.71,Active
17165,3604,20000,18453.3,Closed
17166,3605,5000,3419.22,Active
17167,3605,2000,1014.33,Active
17168,3605,20000,11030.06,Active
17169,3606,5000,3795.59,Active
17170,3607,10000,5274.02,Active
17171,3608,20000,1063.31,Active
17172,3608,30000,20999.07,Active
17173,3609,5000,2412.92,Active
17174,3609,10000,266.17,Closed
17175,3609,10000,432.93,Closed
17176,3610,30000,14491.69,Closed
17177,3610,5000,1713.38,Active
17178,3610,5000,1701.11,Active
17179,3611,30000,13490.79,Closed
17180,3611,15000,3606.85,Active
17181,3611,20000,7419.85,Active
17182,3612,10000,4057.81,Active
17183,3613,15000,124.1,Active
17184,3614,10000,5190.2,Active
17185,3614,30000,19140.48,Active
17186,3615,5000,2359.99,Active
17187,3615,20000,6681.09,Active
17188,3616,15000,294.94,Active
17189,3616,5000,576.1,Active
17190,3616,2000,888.8,Active
17191,3617,10000,6945.82,Closed
17192,3617,2000,175.9,Closed
17193,3618,20000,15843.37,Active
17194,3619,30000,21180.43,Closed
17195,3620,15000,8032.24,Closed
17196,3621,10000,6350.07,Active
17197,3622,15000,4227.24,Active
17198,3622,30000,11235.89,Active
17199,3622,5000,625.56,Active
17200,3623,5000,3560.22,Active
17201,3623,5000,3201.44,Active
17202,3623,10000,8909.39,Closed
17203,3624,20000,6792.26,Active
17204,3624,15000,1293.98,Closed
17205,3624,20000,17296.22,Closed
17206,3625,10000,3193.17,Active
17207,3625,20000,13274.34,Active
17208,3625,30000,17760.61,Closed
17209,3626,20000,16641.09,Active
17210,3626,15000,10333.2,Active
17211,3626,15000,10112.24,Active
17212,3627,30000,24600.27,Active
17213,3627,15000,10393.2,Active
17214,3627,5000,4037.53,Active
17215,3628,5000,1013.07,Active
17216,3629,30000,26055.45,Closed
17217,3629,15000,1458.66,Closed
17218,3630,30000,866.38,Active
17219,3630,2000,528.51,Closed
17220,3631,30000,10447.62,Active
17221,3631,5000,2624.05,Active
17222,3632,2000,1818.3,Active
17223,3632,10000,62.22,Active
17224,3632,30000,24779.29,Active
17225,3633,30000,17188.38,Active
17226,3633,15000,11042.97,Active
17227,3633,30000,18138.28,Active
17228,3634,20000,18568.75,Active
17229,3635,15000,6987.75,Active
17230,3635,5000,979.82,Active
17231,3636,30000,7552.35,Active
17232,3636,30000,28351.22,Closed
17233,3637,30000,22444.8,Closed
17234,3638,5000,2887.58,Active
17235,3638,2000,1567.26,Active
17236,3638,2000,78.02,Active
17237,3639,2000,930.46,Active
17238,3639,2000,489.17,Active
17239,3640,20000,7321.96,Closed
17240,3640,10000,2057.47,Closed
17241,3640,2000,686.27,Active
17242,3641,5000,529.14,Active
17243,3641,10000,1724.39,Active
17244,3642,20000,8610.34,Active
17245,3643,20000,18774.73,Active
17246,3643,15000,8873.43,Active
17247,3643,15000,6402.41,Active
17248,3644,5000,2908.43,Active
17249,3645,2000,1409.95,Active
17250,3645,2000,1698.07,Active
17251,3646,30000,12935.25,Active
17252,3646,20000,12139.12,Active
17253,3646,20000,2838.17,Active
17254,3647,20000,1117.05,Active
17255,3648,2000,1065.47,Closed
17256,3649,5000,4482.89,Active
17257,3650,20000,16060.13,Active
17258,3650,10000,1709.88,Active
17259,3650,20000,7857.01,Active
17260,3651,5000,996.1,Active
17261,3652,20000,9805.79,Closed
17262,3652,10000,1092.38,Active
17263,3652,15000,11251.23,Active
17264,3653,5000,933.91,Active
17265,3654,2000,1683.38,Active
17266,3654,2000,883.23,Active
17267,3655,30000,7970.76,Active
17268,3656,2000,843.03,Closed
17269,3657,30000,9962.13,Closed
17270,3657,10000,3236.41,Active
17271,3658,20000,6436.81,Active
17272,3659,10000,409.39,Closed
17273,3659,5000,4280.97,Closed
17274,3660,20000,5534.09,Closed
17275,3660,5000,2115.24,Closed
17276,3661,2000,1026.34,Active
17277,3661,10000,7288.13,Active
17278,3662,10000,7535.68,Active
17279,3663,20000,5137.41,Active
17280,3663,2000,1295.76,Active
17281,3663,15000,2083.87,Closed
17282,3664,10000,6292.79,Active
17283,3664,20000,16526.57,Active
17284,3665,15000,11173.59,Closed
17285,3666,10000,9202.19,Closed
17286,3666,20000,16993.73,Closed
17287,3667,20000,13979.74,Active
17288,3667,20000,5978.64,Active
17289,3667,20000,1432.15,Active
17290,3668,15000,9200.22,Closed
17291,3669,30000,4310.23,Closed
17292,3669,10000,9021.37,Closed
17293,3670,5000,3102.31,Closed
17294,3670,20000,11611.85,Active
17295,3670,5000,2158.94,Active
17296,3671,5000,1324.01,Active
17297,3672,15000,10552.63,Active
17298,3673,30000,17032.63,Active
17299,3673,10000,9330.68,Closed
17300,3673,20000,277.21,Closed
17301,3674,10000,373.14,Active
17302,3675,10000,648.59,Closed
17303,3675,10000,3742.17,Active
17304,3676,30000,25728.85,Active
17305,3676,2000,1583.99,Active
17306,3677,30000,4532.51,Active
17307,3677,10000,7374.99,Active
17308,3677,5000,1729.98,Closed
17309,3678,2000,293.17,Active
17310,3679,2000,1049.88,Active
17311,3680,30000,14419.5,Active
17312,3680,20000,2187.64,Active
17313,3681,30000,8690.64,Active
17314,3682,15000,281.02,Active
17315,3682,10000,8710.3,Active
17316,3683,30000,17263.84,Active
17317,3683,2000,384.15,Active
17318,3684,5000,3903.62,Closed
17319,3685,30000,5387.87,Active
17320,3685,15000,10434.94,Active
17321,3686,30000,17158.81,Closed
17322,3686,30000,22876.98,Active
17323,3686,30000,14202.55,Active
17324,3687,2000,47.3,Active
17325,3687,15000,1415.21,Active
17326,3688,5000,4141.43,Active
17327,3689,10000,6965.93,Active
17328,3690,30000,13913.72,Active
17329,3690,10000,1871.26,Closed
17330,3690,2000,1254.6,Closed
17331,3691,20000,17298.08,Closed
17332,3692,5000,4156.19,Active
17333,3692,15000,10087.19,Active
17334,3693,30000,9263.48,Active
17335,3694,15000,6114.43,Active
17336,3694,10000,7222.97,Closed
17337,3694,10000,637.15,Active
17338,3695,20000,6869.41,Active
17339,3695,30000,1810.32,Active
17340,3696,30000,17224.32,Closed
17341,3696,5000,1986.76,Active
17342,3696,30000,16300.67,Active
17343,3697,5000,647.68,Active
17344,3697,20000,16520.86,Active
17345,3697,2000,596.68,Active
17346,3698,15000,9956.14,Active
17347,3699,5000,3143.63,Active
17348,3700,30000,7783.47,Active
17349,3700,10000,3989.14,Closed
17350,3701,10000,7885.45,Active
17351,3702,30000,27092.53,Closed
17352,3703,2000,563.73,Closed
17353,3703,20000,11192.83,Active
17354,3704,2000,1694.69,Closed
17355,3704,30000,23335.59,Active
17356,3704,10000,4181.63,Closed
17357,3705,30000,26964.15,Closed
17358,3705,10000,7756.01,Closed
17359,3706,15000,12273.92,Closed
17360,3706,15000,667.88,Active
17361,3707,2000,950.25,Active
17362,3708,5000,2784.05,Active
17363,3708,10000,8364.41,Active
17364,3708,2000,932.92,Active
17365,3709,20000,11840.9,Closed
17366,3709,20000,2552.84,Closed
17367,3710,15000,5138.45,Active
17368,3711,5000,23.5,Active
17369,3712,30000,15789.3,Active
17370,3712,15000,12688.36,Active
17371,3712,20000,15710.52,Closed
17372,3713,5000,3065.44,Closed
17373,3713,30000,7855.43,Active
17374,3713,15000,11405.79,Active
17375,3714,15000,12266.98,Closed
17376,3714,5000,2774.74,Active
17377,3715,2000,488.19,Active
17378,3716,2000,1033.57,Active
17379,3717,5000,1148.62,Active
17380,3717,2000,206.14,Active
17381,3717,20000,4994.06,Active
17382,3718,10000,2390.12,Active
17383,3718,10000,4969.17,Active
17384,3719,5000,3308.52,Active
17385,3719,5000,2705.19,Active
17386,3720,2000,525.31,Closed
17387,3720,20000,8691.72,Active
17388,3721,15000,10082.04,Active
17389,3721,10000,692.15,Closed
17390,3722,20000,3794.66,Closed
17391,3722,30000,26374.71,Active
17392,3722,10000,3316.43,Closed
17393,3723,20000,8208.5,Active
17394,3723,30000,28129.73,Active
17395,3724,30000,15310.15,Active
17396,3724,2000,881.55,Active
17397,3724,10000,8973.23,Closed
17398,3725,30000,3496.01,Active
17399,3726,15000,1836.95,Closed
17400,3726,20000,5823.86,Closed
17401,3726,15000,10027.46,Active
17402,3727,5000,1868.34,Active
17403,3727,5000,2050.17,Active
17404,3727,2000,921.97,Closed
17405,3728,15000,6859.76,Active
17406,3729,2000,249.12,Closed
17407,3730,20000,14421.04,Active
17408,3731,30000,19268.77,Active
17409,3731,2000,356.96,Closed
17410,3731,5000,479.08,Active
17411,3732,10000,6050.95,Active
17412,3733,10000,8540.85,Closed
17413,3733,5000,3924.73,Active
17414,3733,15000,9812.95,Active
17415,3734,2000,742.3,Closed
17416,3735,5000,3002.81,Active
17417,3735,20000,4030.61,Active
17418,3736,20000,2957.52,Active
17419,3737,5000,1820.49,Active
17420,3737,5000,3199.58,Active
17421,3737,10000,137.69,Active
17422,3738,15000,4472.77,Active
17423,3738,2000,1277.87,Active
17424,3738,2000,268.17,Active
17425,3739,10000,1801.45,Active
17426,3739,2000,926.93,Active
17427,3739,2000,1443.94,Active
17428,3740,5000,4472.89,Active
17429,3740,20000,12153.37,Closed
17430,3740,2000,265.46,Active
17431,3741,10000,8814.79,Active
17432,3742,2000,1723.87,Active
17433,3743,15000,1370.74,Active
17434,3743,5000,3218.97,Active
17435,3744,15000,6764.69,Active
17436,3745,15000,5053.04,Active
17437,3745,15000,5669.18,Closed
17438,3746,15000,5086.79,Active
17439,3747,10000,2944.85,Active
17440,3747,10000,4447.45,Active
17441,3748,15000,5789.58,Active
17442,3749,30000,7041.3,Active
17443,3749,20000,14154.53,Active
17444,3750,10000,1702.7,Active
17445,3750,5000,4568.17,Active
17446,3750,2000,1774.1,Active
17447,3751,10000,7889.81,Active
17448,3752,5000,2704.62,Closed
17449,3752,5000,2244.61,Active
17450,3752,20000,3437.78,Active
17451,3753,15000,2692.45,Active
17452,3753,5000,2864.35,Active
17453,3754,15000,13095.16,Active
17454,3755,15000,4939.58,Active
17455,3756,30000,22444.1,Active
17456,3756,15000,9518.39,Active
17457,3756,10000,7619.39,Active
17458,3757,2000,800.7,Active
17459,3757,5000,159.58,Closed
17460,3757,30000,20566.87,Active
17461,3758,2000,87.13,Active
17462,3758,10000,1801.1,Active
17463,3758,5000,1863.41,Active
17464,3759,5000,3912.63,Closed
17465,3759,20000,1765.19,Active
17466,3760,30000,21664.2,Active
17467,3761,2000,880.44,Active
17468,3761,5000,4369.28,Closed
17469,3761,15000,10228.69,Active
17470,3762,5000,2193.62,Active
17471,3762,30000,14457.22,Closed
17472,3763,10000,6352.22,Active
17473,3763,2000,1143.01,Active
17474,3763,5000,2566.93,Active
17475,3764,2000,27.1,Active
17476,3765,30000,12055.37,Active
17477,3766,20000,13886.8,Closed
17478,3766,30000,27284.19,Closed
17479,3767,10000,3823.63,Closed
17480,3767,2000,910.92,Active
17481,3768,30000,792.58,Active
17482,3768,10000,7632.54,Active
17483,3769,5000,3380.75,Closed
17484,3770,30000,22485.15,Closed
17485,3770,20000,5415.87,Active
17486,3771,10000,7111.36,Active
17487,3771,10000,1150.33,Active
17488,3772,5000,1489.52,Active
17489,3772,20000,6962.57,Closed
17490,3773,20000,12817.77,Active
17491,3773,30000,23284.86,Active
17492,3774,15000,4662.73,Closed
17493,3774,2000,79.37,Active
17494,3774,30000,6239.45,Active
17495,3775,5000,2704.5,Closed
17496,3776,10000,4900.45,Active
17497,3776,2000,16.54,Active
17498,3776,5000,4611.12,Active
17499,3777,2000,1391.47,Active
17500,3777,10000,4559.59,Active
17501,3778,5000,2152.51,Active
17502,3778,5000,2302.2,Closed
17503,3778,2000,518.73,Active
17504,3779,15000,4373.11,Active
17505,3780,20000,16078.83,Active
17506,3781,2000,419.29,Closed
17507,3781,5000,849.95,Active
17508,3781,2000,30.67,Active
17509,3782,30000,21580.47,Active
17510,3782,30000,5420.48,Active
17511,3783,20000,12121.27,Active
17512,3784,30000,28193.57,Active
17513,3785,15000,12793.22,Active
17514,3785,2000,875.64,Closed
17515,3785,30000,18422.72,Active
17516,3786,20000,1034.27,Closed
17517,3787,5000,3131.35,Active
17518,3787,15000,5740.96,Active
17519,3787,2000,1806.68,Closed
17520,3788,5000,1475.84,Closed
17521,3788,15000,13972.72,Closed
17522,3788,20000,5863.55,Active
17523,3789,30000,23358.06,Active
17524,3789,5000,2460.69,Active
17525,3790,30000,10145.46,Active
17526,3790,20000,6212.61,Active
17527,3790,10000,7477.73,Closed
17528,3791,20000,9057.76,Active
17529,3792,15000,8059.31,Active
17530,3792,5000,3834.17,Active
17531,3793,15000,10465.32,Active
17532,3793,15000,3491.93,Active
17533,3794,15000,13135.82,Active
17534,3794,15000,13693.44,Active
17535,3794,15000,2519.91,Active
17536,3795,30000,7165.06,Closed
17537,3795,15000,5668.05,Active
17538,3796,2000,1780.95,Active
17539,3796,20000,13848.49,Closed
17540,3797,20000,915.75,Closed
17541,3798,15000,2405.49,Closed
17542,3798,30000,21266.98,Closed
17543,3798,20000,18372.41,Active
17544,3799,20000,16988.54,Active
17545,3799,2000,1432.43,Active
17546,3800,20000,18184.45,Active
17547,3801,2000,436.14,Active
17548,3801,10000,446.97,Active
17549,3802,30000,6707.06,Active
17550,3802,20000,4703.91,Active
17551,3802,2000,750.58,Active
17552,3803,15000,5996.8,Active
17553,3803,5000,3065.66,Active
17554,3804,15000,8585.17,Active
17555,3804,30000,27637.35,Active
17556,3805,30000,24984.75,Active
17557,3806,2000,732.56,Active
17558,3807,10000,1713.62,Active
17559,3807,30000,4368.75,Active
17560,3807,10000,1443.07,Active
17561,3808,5000,3865.02,Closed
17562,3809,30000,6180.25,Active
17563,3809,10000,7296.22,Active
17564,3809,2000,319.13,Active
17565,3810,5000,580.42,Closed
17566,3811,5000,166.08,Active
17567,3811,5000,2956.52,Active
17568,3812,2000,1259.86,Closed
17569,3813,30000,9125.7,Active
17570,3813,2000,1328.4,Active
17571,3814,20000,12138.23,Active
17572,3814,15000,5361.11,Active
17573,3814,5000,3898.94,Active
17574,3815,10000,5031.19,Active
17575,3815,5000,3724.75,Closed
17576,3816,10000,8674.88,Active
17577,3817,30000,14045.17,Closed
17578,3817,20000,2190.11,Closed
17579,3818,2000,1706.03,Closed
17580,3818,2000,253.41,Active
17581,3818,20000,18379.88,Active
17582,3819,2000,88.52,Active
17583,3819,30000,28251.02,Active
17584,3820,30000,5760.01,Active
17585,3820,5000,3977.53,Active
17586,3820,2000,722.84,Active
17587,3821,10000,8180.65,Active
17588,3822,10000,6629.99,Active
17589,3823,30000,20976.78,Active
17590,3824,30000,12849.74,Active
17591,3825,5000,3113.82,Active
17592,3825,5000,419.22,Active
17593,3826,15000,6659.34,Active
17594,3827,10000,1573.43,Active
17595,3827,5000,4230.05,Closed
17596,3827,30000,757.31,Active
17597,3828,15000,7203.9,Active
17598,3828,15000,14067.83,Closed
17599,3829,20000,7817.26,Active
17600,3829,20000,134.13,Active
17601,3829,2000,632.88,Closed
17602,3830,5000,2053.47,Active
17603,3830,2000,324.2,Active
17604,3831,20000,5678.46,Closed
17605,3831,30000,22997.21,Active
17606,3831,5000,3043.4,Active
17607,3832,30000,339.88,Active
17608,3832,2000,1155.84,Active
17609,3833,2000,1263.01,Active
17610,3834,10000,7555.97,Active
17611,3834,20000,4929.7,Active
17612,3835,20000,5533.05,Closed
17613,3836,2000,442.1,Closed
17614,3836,20000,4759.56,Closed
17615,3837,15000,705.53,Active
17616,3837,20000,12445.97,Active
17617,3837,2000,1235.78,Closed
17618,3838,30000,8382.29,Active
17619,3838,10000,8870.76,Active
17620,3839,10000,6819.92,Active
17621,3839,2000,945.35,Active
17622,3840,5000,2159.17,Closed
17623,3840,5000,4416.77,Active
17624,3841,5000,2682.36,Active
17625,3841,30000,15593.59,Active
17626,3841,5000,51.69,Active
17627,3842,5000,300.25,Active
17628,3843,2000,811.64,Active
17629,3843,15000,7611.83,Active
17630,3844,20000,751.26,Active
17631,3844,5000,1438.53,Closed
17632,3844,10000,610.05,Closed
17633,3845,30000,23709.76,Closed
17634,3845,2000,1366.13,Closed
17635,3845,2000,1269.76,Active
17636,3846,10000,8922.02,Closed
17637,3846,20000,8276.97,Closed
17638,3846,5000,2996.09,Active
17639,3847,10000,7879.86,Closed
17640,3848,30000,17218.7,Active
17641,3848,30000,8486.23,Active
17642,3848,5000,2576.44,Active
17643,3849,2000,1736.44,Active
17644,3849,10000,7798.99,Active
17645,3849,30000,11595.92,Closed
17646,3850,15000,5929.32,Active
17647,3850,20000,16349.72,Active
17648,3851,20000,7583.01,Active
17649,3851,2000,919.48,Active
17650,3852,15000,6015.86,Active
17651,3853,15000,12397.52,Closed
17652,3854,5000,4200.47,Active
17653,3855,2000,478.01,Active
17654,3855,5000,1450.34,Active
17655,3855,15000,6561.4,Active
17656,3856,5000,3460.51,Active
17657,3856,20000,17430.72,Active
17658,3857,10000,4979.28,Closed
17659,3857,5000,1713.61,Closed
17660,3857,5000,4647.73,Active
17661,3858,20000,16651.74,Active
17662,3858,5000,2985.95,Active
17663,3858,30000,13469.04,Active
17664,3859,30000,25682.54,Active
17665,3860,5000,2732.8,Closed
17666,3860,30000,12075.11,Active
17667,3860,15000,4078.09,Active
17668,3861,5000,3217.31,Active
17669,3861,20000,10587.5,Active
17670,3862,15000,11343.92,Active
17671,3862,5000,3373.04,Active
17672,3862,20000,13927.81,Closed
17673,3863,15000,5774.97,Active
17674,3863,15000,3547.23,Active
17675,3863,5000,4070.22,Active
17676,3864,30000,4504.07,Active
17677,3864,15000,6043.81,Active
17678,3865,2000,221.71,Active
17679,3865,2000,711.36,Active
17680,3866,30000,28071.05,Active
17681,3866,15000,3017.87,Active
17682,3867,20000,7972.21,Active
17683,3867,5000,1731.08,Active
17684,3867,10000,2621.41,Active
17685,3868,30000,3340.01,Active
17686,3868,5000,1286.75,Active
17687,3869,2000,147.24,Closed
17688,3870,10000,8449.38,Active
17689,3870,10000,9420.45,Active
17690,3871,30000,8231.34,Active
17691,3871,30000,15795.09,Active
17692,3872,30000,21895.85,Closed
17693,3873,20000,2083.55,Active
17694,3874,5000,2964.19,Active
17695,3875,10000,7148.1,Active
17696,3875,10000,6275.96,Active
17697,3876,20000,11328.41,Closed
17698,3877,10000,4188.81,Active
17699,3878,5000,3096.12,Closed
17700,3878,10000,7264.4,Active
17701,3879,5000,4056.82,Active
17702,3879,15000,4504.2,Active
17703,3880,10000,9324.94,Active
17704,3880,20000,4184.58,Active
17705,3881,20000,3371.02,Active
17706,3881,2000,645.25,Closed
17707,3882,5000,1235.36,Active
17708,3882,2000,48.85,Active
17709,3882,5000,1192.22,Active
17710,3883,30000,13634.42,Closed
17711,3884,10000,1953.09,Active
17712,3885,2000,1749.74,Closed
17713,3885,2000,808.97,Closed
17714,3885,2000,1378.25,Closed
17715,3886,30000,11776.78,Closed
17716,3886,10000,5767.79,Active
17717,3886,2000,985.86,Closed
17718,3887,30000,17921.54,Closed
17719,3887,10000,85.07,Active
17720,3887,10000,4158.82,Active
17721,3888,2000,194.51,Active
17722,3888,10000,21.14,Active
17723,3888,2000,789.1,Active
17724,3889,2000,355.77,Closed
17725,3889,5000,2650.13,Closed
17726,3890,5000,3034.64,Active
17727,3890,5000,285.37,Closed
17728,3890,2000,502.12,Active
17729,3891,10000,348.52,Closed
17730,3892,15000,10870.75,Closed
17731,3892,20000,16626.83,Active
17732,3892,2000,1769.73,Active
17733,3893,2000,528.7,Active
17734,3893,5000,1222.59,Active
17735,3894,15000,3175.44,Closed
17736,3894,5000,1171.78,Closed
17737,3894,2000,1364.97,Active
17738,3895,10000,1611.74,Active
17739,3895,30000,17070.77,Active
17740,3895,15000,13897.83,Closed
17741,3896,15000,3040.1,Closed
17742,3896,30000,21799.29,Active
17743,3896,20000,4362.82,Active
17744,3897,15000,6809.51,Closed
17745,3897,30000,23392.65,Active
17746,3898,15000,6192.32,Closed
17747,3898,10000,6838.96,Active
17748,3899,10000,5572.99,Active
17749,3900,30000,15261.33,Active
17750,3900,2000,1466.57,Active
17751,3900,20000,1057.82,Active
17752,3901,15000,10574.56,Active
17753,3901,20000,6755.73,Closed
17754,3902,30000,27469.16,Closed
17755,3902,30000,429.73,Closed
17756,3902,5000,1696.83,Closed
17757,3903,2000,1722.83,Active
17758,3903,2000,1514.68,Active
17759,3904,2000,950.78,Active
17760,3905,5000,3150.61,Closed
17761,3905,10000,7965.37,Active
17762,3906,20000,443.45,Active
17763,3907,10000,5533.06,Active
17764,3907,20000,6631.76,Active
17765,3908,15000,5322.39,Active
17766,3908,5000,3805.24,Active
17767,3909,15000,10883.94,Active
17768,3909,2000,1563.62,Closed
17769,3910,10000,7347.69,Active
17770,3910,15000,12768.73,Closed
17771,3910,10000,5321.24,Active
17772,3911,30000,4409.23,Active
17773,3911,5000,810.03,Active
17774,3911,30000,15698.07,Active
17775,3912,15000,11301.81,Active
17776,3912,2000,1253.38,Active
17777,3913,5000,4046.61,Active
17778,3914,10000,5344.77,Closed
17779,3914,10000,8335.02,Active
17780,3914,20000,7550.76,Active
17781,3915,20000,18053.97,Active
17782,3915,5000,286.05,Active
17783,3915,30000,14734.7,Active
17784,3916,15000,13.13,Active
17785,3917,10000,5418.33,Active
17786,3918,10000,1363.27,Active
17787,3919,10000,2103.07,Active
17788,3919,2000,1343.62,Active
17789,3920,20000,16544.19,Closed
17790,3920,30000,7058.25,Active
17791,3920,20000,5402.08,Active
17792,3921,5000,3434.33,Active
17793,3921,2000,515.13,Active
17794,3922,2000,755.96,Active
17795,3923,10000,8408.87,Active
17796,3924,20000,11377.55,Closed
17797,3925,15000,2050.9,Active
17798,3926,15000,12852.56,Active
17799,3926,30000,6227.59,Active
17800,3926,10000,972.89,Active
17801,3927,2000,1528.45,Closed
17802,3927,2000,1885.53,Active
17803,3928,30000,6595.1,Active
17804,3928,10000,2673.03,Active
17805,3928,5000,1993.29,Closed
17806,3929,30000,5150.93,Active
17807,3930,20000,17442.58,Active
17808,3930,5000,2238.32,Active
17809,3930,30000,4512.85,Active
17810,3931,20000,4565.61,Closed
17811,3932,30000,27828.57,Closed
17812,3932,15000,13388.48,Closed
17813,3933,5000,4053.23,Active
17814,3933,15000,5379.02,Active
17815,3934,10000,3142.83,Active
17816,3934,5000,1188.42,Active
17817,3935,10000,7656.27,Active
17818,3935,5000,1701.58,Active
17819,3935,2000,1713.31,Active
17820,3936,20000,3882.06,Active
17821,3936,10000,1951.52,Active
17822,3937,20000,13900.09,Active
17823,3937,5000,3282.95,Active
17824,3937,30000,26966.6,Active
17825,3938,10000,6447.79,Active
17826,3939,30000,14820.61,Active
17827,3939,30000,22385.78,Closed
17828,3940,5000,1788.45,Active
17829,3941,5000,3801.33,Closed
17830,3941,2000,732.46,Active
17831,3942,2000,607.67,Active
17832,3942,30000,23509.62,Active
17833,3942,20000,9072.73,Active
17834,3943,15000,13668.37,Active
17835,3944,10000,6278.57,Closed
17836,3944,30000,25044.38,Closed
17837,3944,5000,259.03,Active
17838,3945,15000,8076.69,Closed
17839,3946,10000,1593.42,Active
17840,3947,5000,3517.5,Active
17841,3948,20000,3918.66,Closed
17842,3948,2000,305.54,Active
17843,3948,20000,5024.88,Active
17844,3949,30000,25374.65,Active
17845,3949,20000,6806.49,Active
17846,3949,15000,9671.45,Active
17847,3950,20000,1277.17,Active
17848,3950,10000,7944.0,Closed
17849,3950,30000,28493.53,Active
17850,3951,10000,7290.82,Active
17851,3951,5000,3917.17,Active
17852,3952,10000,689.23,Active
17853,3953,10000,8293.71,Closed
17854,3954,20000,6944.09,Active
17855,3954,15000,12690.76,Active
17856,3955,20000,8928.6,Closed
17857,3955,20000,13062.38,Active
17858,3955,2000,1697.25,Active
17859,3956,15000,13379.12,Active
17860,3956,15000,6983.82,Active
17861,3957,30000,3652.98,Active
17862,3958,30000,8823.24,Active
17863,3959,15000,12829.4,Active
17864,3959,30000,14115.68,Active
17865,3960,15000,611.22,Active
17866,3960,2000,785.85,Active
17867,3960,30000,8495.07,Closed
17868,3961,20000,2422.55,Active
17869,3961,15000,12614.71,Active
17870,3961,15000,4611.49,Active
17871,3962,10000,2741.52,Active
17872,3962,30000,14330.88,Active
17873,3963,20000,14334.42,Closed
17874,3964,20000,6430.56,Active
17875,3964,10000,6460.52,Closed
17876,3964,15000,7425.23,Active
17877,3965,10000,7055.8,Active
17878,3965,30000,9265.38,Closed
17879,3966,15000,1153.55,Closed
17880,3966,15000,7975.41,Active
17881,3966,2000,1074.78,Closed
17882,3967,5000,1843.05,Closed
17883,3967,30000,403.3,Active
17884,3967,10000,1134.48,Closed
17885,3968,2000,416.26,Active
17886,3969,5000,889.99,Active
17887,3969,10000,8845.51,Active
17888,3970,15000,8649.63,Active
17889,3970,20000,2444.53,Active
17890,3971,30000,12245.21,Closed
17891,3971,30000,25421.47,Closed
17892,3971,20000,9235.6,Active
17893,3972,15000,8137.72,Closed
17894,3972,30000,5648.61,Closed
17895,3972,5000,277.66,Active
17896,3973,30000,1452.08,Active
17897,3973,15000,8132.53,Active
17898,3974,10000,7730.18,Active
17899,3975,10000,1264.9,Active
17900,3975,2000,254.87,Active
17901,3976,20000,17417.57,Active
17902,3976,2000,926.93,Active
17903,3977,20000,1719.06,Closed
17904,3978,15000,14195.78,Active
17905,3979,10000,6339.89,Active
17906,3979,15000,63.14,Active
17907,3979,5000,915.08,Closed
17908,3980,10000,3963.2,Active
17909,3981,30000,10054.39,Closed
17910,3981,10000,3720.13,Active
17911,3981,5000,3640.17,Active
17912,3982,2000,1518.59,Active
17913,3983,2000,412.47,Active
17914,3983,15000,2896.16,Active
17915,3983,5000,1465.56,Active
17916,3984,15000,4340.64,Closed
17917,3984,5000,3553.71,Active
17918,3984,5000,3246.68,Active
17919,3985,15000,1152.31,Active
17920,3985,2000,1834.15,Active
17921,3986,15000,12211.5,Active
17922,3986,20000,12657.73,Closed
17923,3986,5000,3141.25,Active
17924,3987,30000,27581.52,Active
17925,3988,2000,178.39,Active
17926,3988,20000,14480.06,Closed
17927,3988,15000,11331.16,Active
17928,3989,30000,11152.25,Closed
17929,3990,5000,1863.34,Active
17930,3990,15000,2496.41,Active
17931,3991,5000,752.24,Active
17932,3991,20000,9793.01,Active
17933,3991,2000,365.74,Closed
17934,3992,2000,1362.54,Active
17935,3992,2000,1581.95,Closed
17936,3992,10000,2077.72,Active
17937,3993,30000,3068.19,Active
17938,3993,5000,3374.85,Active
17939,3993,5000,4015.76,Closed
17940,3994,10000,3938.23,Active
17941,3994,20000,11995.83,Active
17942,3994,30000,7111.46,Active
17943,3995,20000,8640.72,Active
17944,3995,15000,11253.03,Active
17945,3996,15000,4699.12,Active
17946,3996,20000,5550.09,Active
17947,3996,20000,6755.26,Active
17948,3997,20000,17089.76,Active
17949,3997,30000,2104.35,Active
17950,3997,10000,5577.46,Closed
17951,3998,15000,3822.52,Active
17952,3998,5000,1899.8,Active
17953,3999,10000,4184.4,Active
17954,3999,5000,2413.68,Active
17955,4000,30000,26980.42,Closed
17956,4001,20000,12454.73,Active
17957,4002,20000,12661.79,Active
17958,4002,5000,2672.94,Active
17959,4002,20000,14795.23,Active
17960,4003,30000,23210.34,Active
17961,4003,15000,6843.68,Closed
17962,4003,15000,1094.75,Active
17963,4004,20000,16040.58,Active
17964,4004,30000,9688.19,Active
17965,4004,30000,25501.6,Active
17966,4005,10000,5646.21,Closed
17967,4005,30000,12642.6,Active
17968,4005,5000,4493.93,Active
17969,4006,5000,1822.21,Active
17970,4006,2000,1100.43,Active
17971,4006,2000,293.05,Closed
17972,4007,15000,5455.78,Active
17973,4008,5000,1946.37,Closed
17974,4008,20000,790.17,Closed
17975,4008,5000,3.41,Active
17976,4009,5000,4400.48,Active
17977,4010,20000,1903.76,Active
17978,4010,5000,54.18,Closed
17979,4010,15000,12147.09,Closed
17980,4011,15000,2335.46,Active
17981,4012,30000,12648.25,Active
17982,4013,20000,4251.99,Closed
17983,4013,10000,3995.01,Active
17984,4014,30000,2868.25,Active
17985,4014,10000,3853.5,Active
17986,4015,10000,7970.44,Active
17987,4015,20000,7752.73,Closed
17988,4016,10000,2476.08,Closed
17989,4017,20000,4635.79,Closed
17990,4018,30000,17014.28,Active
17991,4018,10000,9383.47,Closed
17992,4019,5000,3413.74,Active
17993,4019,10000,4916.1,Closed
17994,4019,20000,2365.73,Active
17995,4020,5000,4659.85,Active
17996,4020,20000,15215.28,Closed
17997,4021,5000,1502.12,Closed
17998,4021,20000,16997.14,Active
17999,4022,10000,4898.97,Active
18000,4022,2000,1613.89,Active
18001,4022,15000,1740.64,Active
18002,4023,15000,10952.07,Active
18003,4023,2000,48.59,Active
18004,4023,2000,856.41,Active
18005,4024,15000,6284.65,Active
18006,4024,30000,8807.36,Closed
18007,4025,5000,4011.61,Active
18008,4025,20000,12088.32,Active
18009,4026,20000,5249.59,Active
18010,4026,2000,1091.32,Active
18011,4026,20000,7181.3,Active
18012,4027,5000,681.39,Active
18013,4027,2000,665.29,Active
18014,4027,30000,15434.58,Active
18015,4028,30000,4991.59,Active
18016,4028,2000,164.51,Active
18017,4028,5000,3589.56,Active
18018,4029,2000,1097.86,Active
18019,4029,30000,16456.26,Active
18020,4029,5000,1489.19,Closed
18021,4030,20000,14028.28,Active
18022,4030,30000,19472.38,Active
18023,4030,5000,2649.65,Closed
18024,4031,15000,14068.41,Closed
18025,4031,15000,516.9,Closed
18026,4031,5000,3997.33,Active
18027,4032,5000,3710.22,Active
18028,4033,30000,6054.89,Closed
18029,4034,5000,2535.33,Active
18030,4034,10000,6356.65,Active
18031,4034,2000,1003.29,Active
18032,4035,5000,765.13,Active
18033,4035,30000,17769.31,Closed
18034,4036,2000,342.69,Closed
18035,4036,5000,2421.55,Active
18036,4036,15000,1744.32,Active
18037,4037,2000,1046.77,Active
18038,4037,5000,1060.5,Active
18039,4037,2000,1544.15,Closed
18040,4038,10000,4158.28,Closed
18041,4039,15000,7029.42,Active
18042,4039,30000,22293.7,Active
18043,4040,5000,280.61,Active
18044,4041,15000,4554.15,Closed
18045,4041,10000,318.22,Active
18046,4041,5000,3227.98,Active
18047,4042,15000,184.67,Closed
18048,4043,20000,9161.32,Active
18049,4043,10000,7216.42,Closed
18050,4044,5000,1795.52,Active
18051,4044,15000,914.06,Closed
18052,4044,10000,5473.78,Closed
18053,4045,10000,6631.13,Active
18054,4045,30000,21235.37,Active
18055,4046,15000,5078.69,Active
18056,4047,15000,10248.26,Active
18057,4047,30000,23109.94,Active
18058,4048,5000,3421.43,Active
18059,4048,30000,3206.3,Active
18060,4049,2000,1555.98,Active
18061,4050,15000,6787.61,Active
18062,4050,5000,2581.37,Active
18063,4050,2000,607.56,Closed
18064,4051,30000,11983.11,Active
18065,4051,30000,10495.68,Closed
18066,4052,2000,1844.05,Active
18067,4052,20000,13969.42,Active
18068,4052,20000,4243.45,Closed
18069,4053,30000,1725.17,Closed
18070,4053,10000,4836.88,Closed
18071,4054,5000,4378.26,Active
18072,4055,30000,25648.53,Closed
18073,4055,5000,3268.72,Active
18074,4055,20000,10983.59,Active
18075,4056,20000,18459.81,Active
18076,4056,5000,1324.76,Active
18077,4057,2000,644.1,Active
18078,4057,10000,6863.44,Active
18079,4058,5000,2543.22,Active
18080,4058,30000,5772.1,Active
18081,4059,30000,21061.09,Active
18082,4059,15000,1263.59,Active
18083,4060,20000,14201.38,Closed
18084,4060,5000,3397.47,Closed
18085,4060,20000,17774.97,Active
18086,4061,15000,10307.58,Active
18087,4061,5000,3004.83,Active
18088,4062,30000,15860.51,Active
18089,4063,20000,14391.06,Active
18090,4063,15000,7504.18,Active
18091,4064,20000,2945.32,Active
18092,4065,30000,27445.84,Active
18093,4066,20000,14319.69,Active
18094,4067,5000,1655.46,Active
18095,4067,30000,2701.6,Active
18096,4068,10000,3496.54,Active
18097,4068,20000,11645.41,Active
18098,4069,20000,16868.52,Active
18099,4069,2000,496.43,Active
18100,4069,2000,1692.03,Active
18101,4070,5000,132.95,Active
18102,4070,20000,2862.59,Closed
18103,4071,10000,6343.51,Active
18104,4072,15000,8258.9,Closed
18105,4072,10000,4208.77,Closed
18106,4073,20000,13562.05,Active
18107,4073,2000,369.93,Active
18108,4073,2000,996.57,Active
18109,4074,15000,12927.93,Active
18110,4074,15000,4163.45,Active
18111,4074,10000,4163.41,Active
18112,4075,30000,14929.77,Active
18113,4075,5000,96.35,Active
18114,4075,10000,5171.56,Active
18115,4076,20000,15037.06,Active
18116,4076,15000,6652.34,Active
18117,4076,15000,2983.05,Closed
18118,4077,5000,78.12,Active
18119,4078,2000,195.94,Active
18120,4078,30000,11232.75,Active
18121,4079,2000,447.67,Active
18122,4079,30000,25380.68,Active
18123,4079,20000,932.93,Active
18124,4080,15000,4008.35,Active
18125,4080,30000,2573.69,Active
18126,4080,10000,8105.72,Active
18127,4081,2000,434.6,Active
18128,4081,2000,1355.33,Active
18129,4081,15000,5871.69,Closed
18130,4082,5000,4677.48,Active
18131,4082,20000,5208.31,Active
18132,4083,2000,551.2,Active
18133,4083,20000,12077.56,Closed
18134,4084,15000,2169.76,Active
18135,4084,2000,1451.23,Active
18136,4084,30000,52.24,Active
18137,4085,15000,1137.13,Closed
18138,4085,30000,27999.23,Closed
18139,4085,30000,1247.15,Active
18140,4086,15000,12696.9,Active
18141,4087,20000,334.16,Active
18142,4087,15000,3731.32,Active
18143,4088,20000,15756.91,Active
18144,4089,15000,12699.71,Active
18145,4089,10000,2635.83,Active
18146,4089,15000,5541.28,Closed
18147,4090,20000,5469.91,Closed
18148,4090,5000,4029.76,Active
18149,4090,2000,818.09,Active
18150,4091,30000,7803.46,Active
18151,4092,20000,3705.8,Active
18152,4092,30000,7245.95,Active
18153,4092,15000,1086.77,Active
18154,4093,2000,1305.33,Active
18155,4093,20000,9800.39,Active
18156,4093,5000,1158.44,Active
18157,4094,30000,26508.75,Active
18158,4094,15000,6180.53,Active
18159,4095,20000,6456.54,Active
18160,4095,30000,5677.21,Active
18161,4096,2000,483.98,Active
18162,4096,10000,2426.94,Active
18163,4097,20000,17463.09,Active
18164,4098,20000,3377.69,Active
18165,4098,5000,2411.32,Active
18166,4099,30000,5158.43,Active
18167,4099,5000,525.65,Closed
18168,4100,20000,68.12,Active
18169,4100,15000,8653.7,Active
18170,4101,2000,1616.97,Active
18171,4101,15000,10497.54,Active
18172,4102,30000,26164.1,Active
18173,4102,5000,4215.16,Active
18174,4103,2000,469.42,Active
18175,4104,2000,1409.55,Active
18176,4104,15000,3571.09,Closed
18177,4105,5000,2665.48,Active
18178,4106,2000,1441.5,Active
18179,4106,15000,9153.61,Active
18180,4107,5000,2831.59,Active
18181,4107,5000,4004.14,Active
18182,4108,20000,364.0,Active
18183,4108,2000,993.2,Active
18184,4108,2000,546.22,Closed
18185,4109,5000,3940.07,Active
18186,4109,20000,6067.14,Active
18187,4109,10000,9258.67,Active
18188,4110,20000,16243.88,Active
18189,4110,10000,5553.24,Active
18190,4110,2000,1058.48,Active
18191,4111,15000,2428.14,Active
18192,4111,20000,987.73,Active
18193,4112,10000,4469.94,Active
18194,4112,20000,2037.21,Active
18195,4113,2000,920.41,Active
18196,4113,30000,281.74,Active
18197,4114,10000,3387.18,Active
18198,4114,20000,7526.43,Closed
18199,4114,5000,2274.6,Active
18200,4115,15000,5769.27,Active
18201,4115,15000,1925.18,Closed
18202,4115,15000,10396.96,Active
18203,4116,10000,983.6,Active
18204,4116,20000,2006.85,Active
18205,4117,15000,7363.8,Active
18206,4118,30000,4384.74,Active
18207,4118,20000,12889.23,Active
18208,4118,2000,581.66,Active
18209,4119,2000,764.09,Active
18210,4119,15000,8659.73,Active
18211,4120,15000,5321.91,Closed
18212,4120,15000,7989.1,Active
18213,4121,30000,21106.11,Closed
18214,4122,15000,6695.8,Active
18215,4123,10000,1419.96,Active
18216,4123,5000,1606.94,Closed
18217,4124,10000,1488.95,Active
18218,4124,20000,4184.06,Active
18219,4125,10000,2283.13,Active
18220,4125,5000,3517.36,Closed
18221,4125,2000,991.65,Active
18222,4126,5000,2850.42,Closed
18223,4127,10000,6695.75,Active
18224,4128,2000,482.52,Closed
18225,4129,10000,4325.32,Active
18226,4129,10000,6911.38,Active
18227,4129,30000,24778.71,Closed
18228,4130,2000,523.37,Active
18229,4130,20000,18675.68,Closed
18230,4131,2000,1145.99,Active
18231,4131,15000,13917.44,Active
18232,4131,20000,9106.22,Closed
18233,4132,20000,7313.97,Active
18234,4133,5000,3673.25,Active
18235,4133,2000,651.93,Active
18236,4133,15000,7715.45,Active
18237,4134,20000,16439.52,Active
18238,4135,2000,1340.95,Closed
18239,4135,10000,4078.49,Active
18240,4136,2000,900.22,Active
18241,4137,30000,14331.51,Closed
18242,4138,15000,11426.74,Closed
18243,4138,20000,11175.68,Closed
18244,4138,10000,4809.86,Active
18245,4139,15000,3523.27,Active
18246,4140,2000,501.01,Active
18247,4141,20000,17426.78,Closed
18248,4141,15000,13295.89,Active
18249,4142,15000,4669.61,Closed
18250,4143,5000,2608.78,Active
18251,4143,20000,18407.18,Active
18252,4143,5000,4035.11,Active
18253,4144,5000,1226.71,Active
18254,4144,20000,16704.53,Active
18255,4144,30000,15100.1,Active
18256,4145,30000,9908.73,Active
18257,4145,10000,1836.36,Active
18258,4145,2000,1341.7,Active
18259,4146,15000,12813.62,Active
18260,4147,20000,6096.43,Closed
18261,4148,2000,936.79,Active
18262,4148,15000,10707.11,Active
18263,4149,20000,13489.74,Active
18264,4149,10000,7122.48,Active
18265,4150,2000,1418.06,Active
18266,4151,15000,5266.68,Active
18267,4152,5000,3677.57,Active
18268,4153,30000,12050.05,Active
18269,4154,20000,9239.08,Closed
18270,4154,20000,14071.1,Active
18271,4155,20000,9562.75,Active
18272,4155,30000,22572.83,Active
18273,4155,15000,13166.02,Active
18274,4156,20000,13512.45,Active
18275,4156,10000,1091.62,Closed
18276,4157,5000,3859.13,Closed
18277,4157,30000,23484.28,Active
18278,4157,10000,4230.88,Active
18279,4158,15000,11917.49,Active
18280,4158,30000,13802.98,Active
18281,4158,2000,1595.06,Active
18282,4159,20000,14152.27,Active
18283,4160,30000,20347.49,Active
18284,4160,15000,9878.13,Closed
18285,4161,2000,1060.67,Active
18286,4161,30000,11437.11,Active
18287,4162,10000,8819.67,Active
18288,4162,10000,582.04,Active
18289,4163,15000,13595.8,Active
18290,4163,2000,557.68,Active
18291,4164,15000,9719.6,Closed
18292,4165,10000,1402.76,Active
18293,4165,15000,1574.61,Active
18294,4166,20000,18864.76,Closed
18295,4166,2000,834.25,Active
18296,4167,10000,88.07,Active
18297,4167,5000,4748.01,Closed
18298,4167,5000,2704.98,Active
18299,4168,10000,2001.26,Active
18300,4168,15000,12945.37,Closed
18301,4168,15000,5666.36,Active
18302,4169,2000,273.29,Active
18303,4169,10000,2342.46,Active
18304,4170,30000,28044.54,Active
18305,4170,20000,1268.16,Active
18306,4171,10000,8415.01,Active
18307,4171,10000,3976.15,Active
18308,4172,15000,14090.82,Active
18309,4172,30000,1276.89,Active
18310,4173,20000,407.41,Active
18311,4173,10000,6745.28,Active
18312,4174,30000,23174.53,Closed
18313,4175,5000,1222.49,Closed
18314,4176,2000,1643.76,Active
18315,4177,2000,1549.52,Closed
18316,4177,15000,6256.5,Closed
18317,4177,10000,2721.63,Active
18318,4178,5000,3495.45,Active
18319,4178,10000,1489.34,Active
18320,4179,15000,13934.17,Active
18321,4179,5000,1590.97,Active
18322,4179,20000,14162.87,Active
18323,4180,20000,12645.06,Active
18324,4180,20000,16899.88,Active
18325,4181,2000,1811.79,Closed
18326,4181,5000,887.26,Active
18327,4181,15000,11054.67,Closed
18328,4182,30000,15962.59,Active
18329,4182,10000,3156.36,Active
18330,4182,5000,1941.62,Active
18331,4183,2000,836.89,Active
18332,4184,10000,9326.89,Active
18333,4184,10000,9158.19,Active
18334,4184,20000,17979.06,Active
18335,4185,15000,7575.34,Active
18336,4185,10000,879.79,Active
18337,4185,10000,8819.67,Closed
18338,4186,5000,4430.69,Active
18339,4186,20000,7545.78,Active
18340,4186,15000,3512.76,Closed
18341,4187,2000,727.46,Active
18342,4188,30000,9856.4,Active
18343,4188,2000,916.88,Closed
18344,4189,10000,717.78,Active
18345,4189,15000,12504.3,Active
18346,4189,20000,6356.93,Active
18347,4190,15000,11437.27,Active
18348,4191,10000,5034.62,Active
18349,4191,30000,1884.91,Closed
18350,4192,30000,4545.85,Active
18351,4192,10000,3960.33,Active
18352,4193,10000,6490.81,Active
18353,4193,10000,1412.62,Closed
18354,4194,5000,718.05,Active
18355,4194,5000,4022.55,Active
18356,4195,2000,1408.78,Active
18357,4195,2000,203.7,Active
18358,4196,20000,13690.28,Active
18359,4197,20000,10169.64,Active
18360,4197,20000,11420.72,Active
18361,4197,5000,2125.33,Active
18362,4198,30000,21782.81,Active
18363,4198,5000,4247.65,Active
18364,4198,15000,10745.58,Active
18365,4199,30000,404.84,Active
18366,4200,20000,10294.96,Active
18367,4200,10000,8101.26,Active
18368,4201,2000,508.76,Active
18369,4201,5000,1342.44,Active
18370,4201,10000,9442.71,Active
18371,4202,30000,25455.75,Active
18372,4202,15000,13978.23,Active
18373,4202,10000,9093.36,Closed
18374,4203,20000,722.69,Active
18375,4203,2000,1478.0,Active
18376,4203,2000,780.77,Closed
18377,4204,10000,3971.19,Active
18378,4204,30000,2139.96,Active
18379,4204,15000,13719.78,Closed
18380,4205,5000,2402.17,Active
18381,4205,30000,19534.52,Active
18382,4206,20000,16415.05,Closed
18383,4206,5000,244.98,Active
18384,4206,20000,9675.72,Active
18385,4207,30000,20644.85,Active
18386,4207,5000,1846.77,Active
18387,4207,2000,464.91,Active
18388,4208,10000,7078.33,Active
18389,4208,15000,13802.81,Active
18390,4208,15000,10194.93,Active
18391,4209,15000,5050.53,Active
18392,4209,5000,107.82,Active
18393,4210,10000,2233.65,Closed
18394,4211,30000,2862.17,Active
18395,4211,10000,374.91,Closed
18396,4212,30000,20133.61,Active
18397,4213,5000,3652.1,Active
18398,4214,15000,14195.5,Active
18399,4215,20000,17431.72,Closed
18400,4215,10000,893.24,Active
18401,4215,15000,1407.01,Active
18402,4216,20000,6917.42,Active
18403,4216,15000,3580.96,Closed
18404,4216,2000,957.57,Active
18405,4217,10000,8124.79,Active
18406,4217,20000,4662.6,Active
18407,4217,20000,4165.71,Active
18408,4218,10000,7983.79,Closed
18409,4218,20000,10077.61,Active
18410,4218,20000,3267.71,Closed
18411,4219,15000,5313.68,Active
18412,4219,5000,1759.67,Closed
18413,4219,5000,4521.39,Closed
18414,4220,5000,659.57,Closed
18415,4220,20000,4483.17,Active
18416,4220,15000,4851.5,Active
18417,4221,20000,3911.35,Active
18418,4222,30000,28218.49,Active
18419,4222,5000,4299.15,Active
18420,4223,2000,167.07,Closed
18421,4223,15000,1149.49,Active
18422,4223,15000,1851.7,Active
18423,4224,2000,253.69,Closed
18424,4224,30000,21614.41,Active
18425,4225,15000,3180.74,Active
18426,4225,30000,6086.09,Active
18427,4226,10000,6616.91,Active
18428,4226,2000,1411.67,Active
18429,4226,5000,3495.79,Active
18430,4227,15000,11941.2,Closed
18431,4227,15000,12208.62,Active
18432,4227,15000,6013.91,Closed
18433,4228,10000,4471.6,Active
18434,4228,2000,1353.62,Active
18435,4228,2000,1257.55,Active
18436,4229,2000,1047.48,Active
18437,4229,5000,3522.98,Active
18438,4230,2000,1505.48,Closed
18439,4230,15000,10139.87,Active
18440,4231,5000,894.85,Active
18441,4231,5000,632.94,Active
18442,4231,20000,4293.56,Active
18443,4232,10000,1217.41,Closed
18444,4233,15000,10971.97,Closed
18445,4233,15000,3594.62,Closed
18446,4234,10000,455.06,Active
18447,4234,30000,22928.97,Active
18448,4234,5000,442.86,Active
18449,4235,10000,4103.77,Active
18450,4235,5000,3377.13,Active
18451,4235,20000,4375.57,Closed
18452,4236,20000,9294.54,Active
18453,4236,5000,3853.84,Active
18454,4236,30000,22680.91,Active
18455,4237,10000,8552.05,Active
18456,4237,10000,6302.18,Active
18457,4238,15000,797.68,Closed
18458,4238,20000,13329.69,Active
18459,4239,20000,3375.51,Active
18460,4239,5000,621.31,Active
18461,4239,5000,4706.21,Active
18462,4240,15000,1157.3,Closed
18463,4240,30000,18957.19,Closed
18464,4241,10000,3909.34,Closed
18465,4241,30000,12889.29,Active
18466,4241,20000,18879.62,Closed
18467,4242,30000,11806.55,Active
18468,4243,20000,6185.79,Active
18469,4244,10000,9292.35,Active
18470,4244,30000,27712.3,Active
18471,4244,30000,15967.84,Closed
18472,4245,5000,4526.06,Active
18473,4246,2000,166.03,Active
18474,4246,15000,3046.14,Closed
18475,4246,20000,8027.88,Closed
18476,4247,5000,2399.61,Closed
18477,4247,10000,2774.57,Closed
18478,4247,30000,13245.84,Active
18479,4248,15000,7893.86,Active
18480,4248,5000,96.55,Active
18481,4248,2000,1499.09,Active
18482,4249,10000,1690.1,Closed
18483,4249,30000,11862.18,Active
18484,4249,15000,2596.42,Active
18485,4250,15000,4607.92,Active
18486,4250,2000,481.38,Active
18487,4251,30000,11329.85,Active
18488,4251,30000,19872.65,Active
18489,4251,30000,14570.72,Active
18490,4252,10000,5996.04,Active
18491,4252,20000,13198.04,Active
18492,4252,10000,1487.95,Active
18493,4253,30000,25644.51,Active
18494,4253,30000,19729.54,Closed
18495,4254,10000,6685.82,Active
18496,4254,20000,5650.81,Active
18497,4255,10000,1092.19,Active
18498,4256,15000,2212.86,Active
18499,4256,2000,342.08,Active
18500,4256,10000,1953.88,Active
18501,4257,5000,4486.6,Closed
18502,4257,10000,6417.38,Closed
18503,4258,15000,3030.63,Active
18504,4258,15000,11388.12,Active
18505,4259,15000,4598.06,Active
18506,4259,30000,1983.57,Active
18507,4259,30000,18441.09,Closed
18508,4260,2000,487.85,Closed
18509,4260,15000,1068.92,Active
18510,4260,20000,567.08,Closed
18511,4261,30000,28251.61,Active
18512,4262,10000,9466.26,Closed
18513,4262,30000,27911.4,Closed
18514,4263,10000,4508.39,Active
18515,4263,15000,1705.82,Active
18516,4263,10000,7296.44,Active
18517,4264,15000,7131.44,Active
18518,4264,30000,1436.91,Active
18519,4265,5000,1837.57,Active
18520,4265,30000,4115.63,Active
18521,4266,20000,8464.3,Closed
18522,4266,15000,2948.04,Active
18523,4267,20000,14426.14,Active
18524,4267,30000,14227.75,Active
18525,4268,20000,5653.16,Closed
18526,4268,15000,3819.42,Closed
18527,4268,30000,19335.23,Active
18528,4269,30000,10798.01,Active
18529,4270,30000,18211.81,Active
18530,4270,30000,11539.19,Active
18531,4270,2000,1464.78,Closed
18532,4271,15000,4755.88,Active
18533,4272,5000,2755.45,Active
18534,4272,20000,6048.9,Active
18535,4273,15000,3102.4,Active
18536,4273,2000,1238.7,Active
18537,4274,5000,3377.28,Active
18538,4274,2000,681.54,Active
18539,4275,10000,536.62,Closed
18540,4275,30000,27504.05,Active
18541,4276,20000,2053.79,Active
18542,4276,30000,18640.02,Active
18543,4277,30000,13577.95,Active
18544,4277,20000,7896.7,Active
18545,4277,15000,13137.27,Active
18546,4278,10000,5517.08,Closed
18547,4278,15000,6566.56,Active
18548,4278,10000,3425.15,Active
18549,4279,2000,1872.81,Closed
18550,4279,20000,14545.99,Active
18551,4280,10000,6686.13,Active
18552,4280,15000,134.88,Active
18553,4281,5000,1030.23,Active
18554,4281,5000,4657.89,Closed
18555,4281,20000,10866.64,Closed
18556,4282,15000,280.89,Active
18557,4282,5000,2064.15,Active
18558,4283,10000,4747.36,Active
18559,4284,5000,3523.79,Active
18560,4284,20000,5052.34,Active
18561,4284,2000,1372.62,Active
18562,4285,2000,898.55,Active
18563,4285,10000,5300.76,Active
18564,4286,5000,3290.42,Active
18565,4287,30000,15583.67,Closed
18566,4288,2000,1652.29,Closed
18567,4288,5000,27.27,Active
18568,4288,5000,2597.96,Active
18569,4289,5000,3787.55,Active
18570,4289,5000,2580.05,Closed
18571,4289,20000,11636.86,Active
18572,4290,30000,25472.52,Active
18573,4290,20000,12329.45,Active
18574,4291,5000,1950.06,Active
18575,4291,30000,14216.85,Closed
18576,4292,30000,10258.18,Active
18577,4292,15000,9753.39,Active
18578,4293,2000,1754.27,Active
18579,4294,10000,6896.76,Active
18580,4294,20000,10380.29,Closed
18581,4294,10000,3829.65,Active
18582,4295,2000,1419.63,Active
18583,4295,20000,2111.17,Active
18584,4296,20000,200.21,Active
18585,4296,20000,17185.12,Closed
18586,4297,20000,9344.63,Active
18587,4297,10000,4745.71,Active
18588,4298,5000,2121.05,Closed
18589,4298,15000,2762.53,Closed
18590,4298,30000,8426.8,Active
18591,4299,5000,1111.36,Closed
18592,4300,10000,7065.66,Closed
18593,4300,5000,943.51,Closed
18594,4301,5000,742.03,Closed
18595,4301,5000,2384.49,Active
18596,4301,10000,4.93,Active
18597,4302,10000,1963.99,Closed
18598,4302,5000,1369.42,Active
18599,4303,10000,9154.49,Active
18600,4304,10000,82.39,Active
18601,4304,10000,4495.76,Closed
18602,4304,2000,1186.2,Closed
18603,4305,20000,1444.67,Active
18604,4306,15000,6425.28,Closed
18605,4306,15000,229.06,Active
18606,4306,20000,2182.18,Active
18607,4307,10000,4604.55,Active
18608,4307,15000,6210.68,Active
18609,4308,15000,9199.0,Active
18610,4308,20000,8557.61,Active
18611,4308,20000,14202.65,Active
18612,4309,10000,4300.49,Active
18613,4309,2000,1519.6,Active
18614,4309,10000,2507.49,Closed
18615,4310,15000,3465.01,Active
18616,4311,10000,4549.47,Closed
18617,4312,15000,3956.77,Closed
18618,4312,30000,4497.61,Active
18619,4313,20000,5209.13,Closed
18620,4314,10000,3643.14,Active
18621,4314,20000,1546.29,Closed
18622,4315,10000,4681.38,Active
18623,4315,5000,3469.74,Active
18624,4316,2000,1744.47,Active
18625,4316,20000,233.61,Active
18626,4316,10000,7024.67,Closed
18627,4317,15000,4589.7,Active
18628,4318,2000,612.79,Active
18629,4318,20000,4258.23,Active
18630,4319,10000,3883.12,Closed
18631,4320,5000,895.11,Active
18632,4321,2000,1472.08,Closed
18633,4322,5000,960.35,Active
18634,4322,30000,10500.18,Closed
18635,4323,20000,12740.38,Active
18636,4323,20000,7523.08,Active
18637,4324,5000,3468.62,Active
18638,4324,20000,7663.45,Active
18639,4324,20000,9311.65,Closed
18640,4325,10000,6012.49,Active
18641,4325,30000,22422.92,Active
18642,4325,15000,12140.14,Closed
18643,4326,2000,1117.18,Closed
18644,4327,5000,2759.96,Active
18645,4327,15000,12049.0,Closed
18646,4328,20000,9490.85,Closed
18647,4329,10000,8834.36,Active
18648,4329,2000,1303.62,Active
18649,4329,10000,9461.56,Active
18650,4330,30000,4004.14,Closed
18651,4330,5000,4489.48,Active
18652,4331,2000,32.71,Closed
18653,4331,20000,4395.13,Active
18654,4331,30000,27062.81,Closed
18655,4332,5000,2131.04,Active
18656,4332,10000,2751.67,Active
18657,4333,10000,5900.94,Active
18658,4334,10000,4040.87,Active
18659,4334,2000,871.74,Active
18660,4334,5000,2774.26,Closed
18661,4335,10000,7614.69,Active
18662,4336,2000,1361.69,Closed
18663,4336,30000,977.52,Active
18664,4336,2000,940.2,Active
18665,4337,30000,15692.68,Active
18666,4338,5000,3522.86,Active
18667,4338,20000,11906.46,Active
18668,4339,20000,4121.58,Active
18669,4339,2000,1461.9,Active
18670,4340,2000,1515.26,Active
18671,4340,15000,8635.64,Closed
18672,4341,2000,1481.02,Active
18673,4342,15000,7802.01,Closed
18674,4342,2000,1573.09,Active
18675,4343,20000,17800.53,Active
18676,4343,15000,8110.56,Active
18677,4344,10000,9295.98,Active
18678,4345,2000,423.12,Active
18679,4345,15000,3439.01,Closed
18680,4346,5000,2690.2,Active
18681,4346,20000,4099.27,Closed
18682,4346,20000,4955.28,Active
18683,4347,20000,17648.43,Closed
18684,4347,15000,2306.84,Closed
18685,4348,10000,6333.73,Active
18686,4348,15000,6765.95,Active
18687,4349,20000,6758.8,Active
18688,4349,30000,26049.39,Active
18689,4350,2000,1540.68,Active
18690,4350,30000,21580.62,Closed
18691,4351,30000,3728.9,Active
18692,4351,10000,371.44,Active
18693,4352,30000,15196.01,Active
18694,4352,2000,1193.55,Active
18695,4352,10000,5021.69,Active
18696,4353,10000,4602.09,Active
18697,4354,15000,8967.29,Active
18698,4354,20000,404.32,Active
18699,4355,2000,1506.64,Active
18700,4356,2000,1499.5,Active
18701,4356,20000,4649.21,Closed
18702,4357,2000,993.69,Active
18703,4357,15000,10923.01,Active
18704,4358,10000,6034.51,Closed
18705,4359,2000,438.82,Active
18706,4359,2000,1338.79,Closed
18707,4360,30000,10154.38,Active
18708,4360,2000,1656.19,Active
18709,4360,10000,5243.96,Active
18710,4361,20000,11156.06,Active
18711,4361,30000,13610.39,Closed
18712,4361,20000,11836.44,Active
18713,4362,15000,4419.91,Active
18714,4362,20000,4597.93,Closed
18715,4362,30000,9926.1,Active
18716,4363,5000,3745.43,Closed
18717,4363,5000,2671.51,Closed
18718,4363,10000,4628.77,Active
18719,4364,10000,3089.47,Active
18720,4364,15000,546.94,Active
18721,4365,10000,613.9,Active
18722,4366,30000,5243.37,Active
18723,4366,30000,18127.47,Closed
18724,4366,15000,10008.46,Active
18725,4367,30000,993.69,Active
18726,4368,20000,17236.45,Active
18727,4369,30000,27727.5,Closed
18728,4369,15000,9005.52,Active
18729,4370,10000,97.33,Closed
18730,4371,30000,12469.61,Closed
18731,4372,2000,945.85,Active
18732,4373,20000,18403.5,Closed
18733,4373,15000,13669.27,Active
18734,4373,5000,4243.26,Active
18735,4374,20000,5587.09,Active
18736,4374,30000,5148.04,Active
18737,4374,10000,519.17,Closed
18738,4375,10000,2480.54,Closed
18739,4375,15000,14183.42,Active
18740,4376,5000,530.59,Active
18741,4376,5000,2003.09,Active
18742,4377,15000,8457.43,Closed
18743,4377,15000,2454.07,Active
18744,4378,10000,8814.87,Active
18745,4378,15000,3991.4,Active
18746,4378,20000,1138.62,Closed
18747,4379,15000,12878.34,Active
18748,4380,10000,7353.06,Active
18749,4381,2000,1698.23,Active
18750,4381,15000,13363.97,Active
18751,4382,10000,4254.07,Closed
18752,4382,10000,350.47,Active
18753,4383,2000,702.96,Closed
18754,4383,10000,2697.32,Active
18755,4384,30000,14256.42,Active
18756,4384,20000,17155.59,Closed
18757,4384,30000,16987.97,Active
18758,4385,2000,1253.73,Active
18759,4385,5000,4427.13,Closed
18760,4386,2000,483.15,Closed
18761,4386,15000,1924.28,Active
18762,4386,20000,15351.51,Closed
18763,4387,20000,7451.36,Active
18764,4388,5000,1484.18,Active
18765,4388,15000,9549.17,Active
18766,4388,30000,22846.96,Active
18767,4389,30000,3450.36,Closed
18768,4389,10000,8026.15,Active
18769,4389,2000,1513.84,Closed
18770,4390,2000,361.64,Active
18771,4390,10000,1471.76,Active
18772,4390,10000,3661.18,Active
18773,4391,15000,10258.18,Active
18774,4392,20000,4860.79,Active
18775,4393,10000,3274.44,Active
18776,4393,20000,12673.25,Active
18777,4393,5000,4135.98,Active
18778,4394,15000,4834.58,Active
18779,4395,20000,9563.04,Active
18780,4395,20000,17190.02,Active
18781,4396,2000,833.34,Closed
18782,4396,2000,287.46,Active
18783,4396,5000,1457.55,Active
18784,4397,20000,4025.94,Active
18785,4397,30000,22315.95,Active
18786,4397,15000,6695.54,Closed
18787,4398,5000,734.59,Closed
18788,4399,15000,6371.98,Closed
18789,4400,10000,4126.96,Active
18790,4400,20000,15076.36,Active
18791,4401,30000,24068.92,Closed
18792,4401,20000,18421.1,Closed
18793,4401,10000,5543.91,Active
18794,4402,10000,2550.62,Active
18795,4402,2000,382.38,Closed
18796,4402,10000,6053.46,Closed
18797,4403,30000,21382.57,Closed
18798,4404,20000,4952.05,Active
18799,4404,30000,9414.52,Closed
18800,4405,15000,12790.29,Active
18801,4405,5000,150.81,Active
18802,4405,15000,1759.05,Active
18803,4406,15000,6415.13,Active
18804,4407,5000,1436.43,Active
18805,4407,20000,12931.18,Active
18806,4408,5000,483.59,Active
18807,4409,30000,2731.32,Active
18808,4409,2000,756.22,Active
18809,4409,20000,15538.29,Active
18810,4410,15000,1926.2,Active
18811,4411,20000,4219.55,Active
18812,4412,2000,209.66,Active
18813,4413,5000,2676.0,Active
18814,4413,10000,4604.53,Active
18815,4413,2000,1634.48,Active
18816,4414,30000,10761.03,Closed
18817,4415,20000,7984.54,Active
18818,4416,30000,10831.59,Active
18819,4417,15000,539.7,Active
18820,4417,15000,13008.1,Active
18821,4418,10000,8196.83,Closed
18822,4419,30000,17246.05,Active
18823,4419,10000,995.27,Active
18824,4419,15000,13703.75,Active
18825,4420,10000,409.56,Closed
18826,4421,2000,114.66,Active
18827,4422,2000,613.85,Closed
18828,4423,20000,9431.97,Active
18829,4423,15000,1937.26,Active
18830,4423,2000,1072.23,Closed
18831,4424,10000,1747.39,Closed
18832,4424,20000,7517.55,Active
18833,4424,2000,1863.18,Active
18834,4425,20000,1765.92,Closed
18835,4425,20000,17669.79,Active
18836,4426,10000,398.74,Active
18837,4427,5000,256.11,Closed
18838,4427,2000,1754.71,Active
18839,4428,2000,370.52,Active
18840,4428,20000,16979.55,Active
18841,4428,2000,1735.48,Active
18842,4429,30000,11147.83,Closed
18843,4429,2000,916.51,Active
18844,4429,30000,26668.81,Closed
18845,4430,20000,15681.17,Closed
18846,4430,20000,9945.28,Active
18847,4431,5000,799.13,Active
18848,4432,2000,1690.54,Active
18849,4432,5000,2831.26,Active
18850,4432,5000,642.12,Closed
18851,4433,30000,4977.63,Active
18852,4433,10000,353.14,Active
18853,4433,20000,12744.57,Active
18854,4434,30000,27095.66,Active
18855,4434,15000,10984.7,Active
18856,4434,10000,2229.88,Active
18857,4435,20000,7634.55,Active
18858,4435,10000,5701.46,Closed
18859,4435,20000,990.13,Closed
18860,4436,20000,3300.29,Active
18861,4436,15000,3087.76,Closed
18862,4436,20000,15880.9,Active
18863,4437,10000,3415.02,Active
18864,4437,30000,486.44,Active
18865,4438,5000,2563.4,Active
18866,4438,2000,25.86,Closed
18867,4438,30000,13246.05,Active
18868,4439,20000,1030.02,Active
18869,4439,2000,843.22,Active
18870,4439,2000,1197.28,Active
18871,4440,10000,9418.08,Active
18872,4441,5000,995.02,Active
18873,4441,10000,6396.63,Closed
18874,4442,2000,219.51,Active
18875,4442,10000,3854.2,Active
18876,4443,30000,5697.04,Active
18877,4443,10000,1763.13,Closed
18878,4443,5000,4684.53,Closed
18879,4444,30000,16160.84,Active
18880,4445,30000,7875.34,Closed
18881,4445,15000,11939.78,Active
18882,4446,2000,720.37,Active
18883,4447,20000,18115.27,Active
18884,4448,2000,121.23,Active
18885,4449,15000,1725.33,Active
18886,4449,10000,4418.55,Active
18887,4449,2000,635.45,Active
18888,4450,30000,18149.93,Active
18889,4450,2000,1052.75,Active
18890,4450,2000,1598.86,Active
18891,4451,15000,11370.43,Active
18892,4451,30000,10206.16,Closed
18893,4452,10000,5681.96,Active
18894,4453,15000,3400.49,Active
18895,4453,10000,1039.56,Active
18896,4454,30000,5293.01,Closed
18897,4455,2000,103.21,Closed
18898,4455,10000,7053.66,Active
18899,4456,10000,5520.64,Active
18900,4457,15000,6274.28,Active
18901,4457,2000,1262.16,Active
18902,4458,15000,1217.66,Active
18903,4458,5000,718.0,Closed
18904,4459,20000,17669.39,Closed
18905,4459,30000,22582.83,Active
18906,4459,5000,1870.38,Active
18907,4460,20000,8827.21,Active
18908,4460,15000,11623.32,Active
18909,4461,15000,13833.96,Active
18910,4462,2000,126.71,Active
18911,4463,10000,1102.09,Active
18912,4463,30000,22970.04,Active
18913,4463,10000,8424.94,Closed
18914,4464,5000,353.22,Active
18915,4464,15000,1059.56,Closed
18916,4465,10000,877.88,Active
18917,4465,30000,11681.21,Active
18918,4465,10000,8594.62,Active
18919,4466,2000,1031.22,Closed
18920,4466,30000,23210.13,Active
18921,4466,10000,70.68,Active
18922,4467,2000,1772.97,Closed
18923,4467,2000,876.86,Closed
18924,4467,2000,391.96,Active
18925,4468,2000,1277.0,Closed
18926,4469,20000,4211.48,Active
18927,4470,20000,11997.84,Active
18928,4470,15000,2313.24,Active
18929,4470,10000,4466.22,Closed
18930,4471,15000,3698.28,Active
18931,4471,2000,1082.5,Active
18932,4472,5000,3710.45,Active
18933,4472,30000,25488.78,Closed
18934,4473,5000,4046.05,Active
18935,4473,2000,800.18,Active
18936,4473,5000,1288.36,Active
18937,4474,30000,20159.87,Active
18938,4474,2000,481.61,Closed
18939,4475,10000,6259.34,Closed
18940,4475,5000,1305.07,Active
18941,4476,5000,4523.58,Active
18942,4477,15000,12747.42,Active
18943,4477,5000,3526.13,Active
18944,4477,15000,13118.06,Active
18945,4478,2000,426.2,Active
18946,4478,2000,1193.04,Active
18947,4479,5000,1130.81,Closed
18948,4479,15000,4540.08,Active
18949,4479,15000,4084.4,Active
18950,4480,5000,3615.94,Active
18951,4480,2000,1798.47,Active
18952,4481,10000,90.72,Active
18953,4481,10000,6132.96,Active
18954,4481,2000,182.64,Active
18955,4482,30000,2970.43,Active
18956,4482,30000,19217.48,Closed
18957,4483,5000,3005.5,Active
18958,4483,15000,7742.34,Active
18959,4483,30000,13780.62,Closed
18960,4484,30000,21358.18,Closed
18961,4484,30000,10708.62,Active
18962,4484,20000,15213.84,Active
18963,4485,10000,1011.54,Active
18964,4486,10000,6067.89,Closed
18965,4486,10000,7959.23,Active
18966,4486,5000,1270.46,Active
18967,4487,30000,23648.74,Closed
18968,4487,5000,2052.09,Closed
18969,4488,2000,1263.22,Active
18970,4489,10000,7948.49,Active
18971,4490,30000,13785.09,Active
18972,4490,2000,482.81,Active
18973,4490,20000,4071.07,Active
18974,4491,30000,3293.9,Active
18975,4492,15000,7937.38,Closed
18976,4492,10000,6120.51,Active
18977,4492,5000,2682.13,Active
18978,4493,30000,26735.39,Active
18979,4493,20000,6651.91,Active
18980,4493,20000,1281.0,Active
18981,4494,30000,4369.59,Closed
18982,4494,20000,942.92,Active
18983,4495,20000,11506.47,Active
18984,4495,10000,731.17,Active
18985,4495,2000,1133.97,Active
18986,4496,30000,20550.2,Closed
18987,4497,30000,13907.08,Active
18988,4498,20000,18940.98,Active
18989,4498,15000,7157.81,Active
18990,4498,2000,1448.06,Active
18991,4499,2000,874.66,Active
18992,4499,20000,2651.34,Active
18993,4499,5000,995.92,Active
18994,4500,10000,3706.66,Closed
18995,4501,10000,21.94,Active
18996,4502,10000,8957.31,Closed
18997,4502,2000,806.77,Closed
18998,4502,30000,3309.62,Active
18999,4503,5000,1326.53,Active
19000,4504,30000,20189.18,Active
19001,4504,5000,957.36,Closed
19002,4505,30000,13967.13,Active
19003,4506,2000,1284.84,Active
19004,4507,5000,56.36,Active
19005,4507,5000,164.76,Active
19006,4507,15000,3717.88,Active
19007,4508,20000,8651.54,Active
19008,4508,5000,1626.3,Active
19009,4508,20000,2582.89,Active
19010,4509,30000,22991.95,Active
19011,4510,10000,3409.49,Closed
19012,4510,15000,8661.08,Active
19013,4510,15000,4209.21,Active
19014,4511,5000,2186.58,Active
19015,4511,15000,2122.71,Active
19016,4512,30000,22368.95,Active
19017,4512,5000,2769.23,Active
19018,4513,10000,984.85,Active
19019,4514,30000,5913.1,Active
19020,4515,15000,4676.47,Active
19021,4516,2000,338.43,Active
19022,4516,15000,13884.43,Active
19023,4516,20000,15813.42,Active
19024,4517,30000,24990.42,Active
19025,4517,5000,662.31,Active
19026,4517,5000,1083.7,Active
19027,4518,20000,9197.82,Active
19028,4519,10000,8421.6,Closed
19029,4519,2000,1788.15,Active
19030,4519,5000,2777.64,Active
19031,4520,15000,170.11,Active
19032,4521,15000,13662.75,Active
19033,4521,15000,8806.08,Active
19034,4521,5000,4511.84,Active
19035,4522,30000,15785.95,Active
19036,4522,15000,9255.41,Active
19037,4523,20000,3973.66,Active
19038,4523,10000,1013.74,Active
19039,4523,2000,1758.28,Active
19040,4524,30000,17059.19,Active
19041,4524,20000,59.16,Closed
19042,4525,10000,9353.76,Closed
19043,4525,30000,22912.55,Active
19044,4525,2000,424.33,Active
19045,4526,2000,1275.17,Active
19046,4526,15000,2408.97,Active
19047,4527,10000,296.15,Closed
19048,4527,2000,29.48,Active
19049,4528,10000,6175.11,Active
19050,4528,5000,4356.79,Active
19051,4529,2000,1480.2,Active
19052,4529,30000,15829.07,Active
19053,4529,20000,12386.28,Active
19054,4530,10000,550.61,Active
19055,4530,30000,25954.87,Active
19056,4530,15000,6857.74,Active
19057,4531,20000,9240.23,Active
19058,4531,5000,2206.36,Active
19059,4532,10000,952.99,Active
19060,4532,5000,3531.65,Closed
19061,4533,15000,5856.26,Closed
19062,4534,30000,25369.76,Closed
19063,4535,5000,430.4,Active
19064,4536,15000,9931.71,Active
19065,4536,20000,6315.4,Active
19066,4536,2000,1130.44,Closed
19067,4537,30000,3251.53,Active
19068,4538,30000,1626.56,Closed
19069,4538,15000,8874.46,Closed
19070,4539,5000,2306.82,Active
19071,4540,15000,1389.7,Active
19072,4541,2000,544.91,Active
19073,4542,5000,214.15,Active
19074,4542,2000,743.19,Active
19075,4542,15000,13876.28,Active
19076,4543,10000,4100.19,Active
19077,4544,5000,700.3,Active
19078,4544,2000,1458.77,Active
19079,4545,20000,12550.84,Active
19080,4546,30000,25396.55,Closed
19081,4546,15000,8895.87,Active
19082,4547,2000,1547.45,Active
19083,4548,30000,974.87,Active
19084,4548,15000,7819.45,Active
19085,4548,5000,1490.44,Active
19086,4549,20000,1875.61,Closed
19087,4550,30000,7497.03,Active
19088,4550,15000,4654.65,Closed
19089,4550,30000,19865.14,Active
19090,4551,15000,3755.44,Active
19091,4551,2000,1842.49,Active
19092,4551,2000,1760.44,Active
19093,4552,10000,8770.79,Active
19094,4553,15000,11365.29,Active
19095,4553,2000,1071.56,Active
19096,4554,2000,1385.76,Closed
19097,4555,20000,13990.12,Active
19098,4555,2000,1757.04,Active
19099,4556,5000,4200.25,Active
19100,4557,2000,663.32,Active
19101,4557,15000,8978.62,Active
19102,4558,2000,1601.52,Active
19103,4558,15000,5120.75,Active
19104,4558,2000,1854.92,Active
19105,4559,10000,355.4,Active
19106,4560,15000,3631.9,Active
19107,4560,10000,5921.07,Closed
19108,4560,20000,15046.76,Active
19109,4561,20000,15384.85,Active
19110,4561,5000,1716.09,Active
19111,4561,10000,9438.47,Active
19112,4562,15000,6056.24,Active
19113,4562,15000,6014.24,Active
19114,4563,20000,750.93,Closed
19115,4564,10000,7015.55,Active
19116,4564,20000,2130.0,Active
19117,4564,15000,5028.88,Active
19118,4565,20000,12825.71,Active
19119,4566,10000,5715.79,Active
19120,4566,5000,517.04,Active
19121,4566,15000,12369.26,Active
19122,4567,10000,675.98,Closed
19123,4567,30000,7823.9,Closed
19124,4568,30000,11037.46,Active
19125,4568,2000,1189.1,Active
19126,4568,5000,3327.8,Active
19127,4569,15000,5728.51,Active
19128,4569,5000,1720.55,Closed
19129,4569,2000,785.26,Active
19130,4570,10000,3607.38,Closed
19131,4570,10000,3472.0,Active
19132,4571,30000,8786.86,Active
19133,4571,5000,2415.32,Active
19134,4572,5000,4103.75,Active
19135,4573,30000,19461.19,Active
19136,4573,15000,13302.91,Active
19137,4574,15000,10661.37,Active
19138,4574,20000,1754.02,Active
19139,4574,10000,9228.39,Active
19140,4575,2000,1091.42,Active
19141,4576,10000,8081.99,Active
19142,4576,15000,3343.44,Active
19143,4577,30000,8242.09,Closed
19144,4577,20000,347.4,Closed
19145,4577,5000,2272.49,Closed
19146,4578,10000,8110.16,Closed
19147,4578,5000,2150.63,Active
19148,4579,5000,1302.38,Active
19149,4579,10000,1059.39,Active
19150,4580,15000,1747.33,Active
19151,4580,20000,10861.35,Active
19152,4580,15000,6201.84,Closed
19153,4581,15000,9892.35,Closed
19154,4581,2000,1314.94,Active
19155,4582,2000,1142.64,Active
19156,4582,5000,1807.6,Active
19157,4582,5000,1626.93,Active
19158,4583,15000,6202.01,Closed
19159,4584,20000,15077.45,Closed
19160,4585,10000,5464.04,Active
19161,4585,30000,10680.89,Closed
19162,4586,5000,3783.39,Closed
19163,4586,15000,661.32,Active
19164,4586,10000,7458.42,Closed
19165,4587,2000,516.21,Active
19166,4587,15000,12053.65,Closed
19167,4588,5000,4604.0,Active
19168,4589,2000,683.95,Active
19169,4589,10000,5868.17,Active
19170,4589,30000,23675.63,Active
19171,4590,10000,1255.76,Closed
19172,4590,30000,6169.38,Active
19173,4591,30000,15662.88,Active
19174,4591,10000,6959.35,Closed
19175,4592,30000,11685.01,Active
19176,4592,10000,6553.56,Active
19177,4593,30000,25783.44,Active
19178,4594,20000,17071.44,Active
19179,4595,30000,12805.56,Closed
19180,4596,15000,1863.06,Active
19181,4596,15000,5544.3,Active
19182,4596,30000,14464.03,Closed
19183,4597,30000,15826.69,Active
19184,4598,30000,25119.97,Closed
19185,4599,2000,446.04,Closed
19186,4599,20000,10265.82,Active
19187,4600,15000,9709.15,Active
19188,4600,10000,5139.1,Active
19189,4601,30000,10270.22,Active
19190,4602,20000,15789.83,Active
19191,4602,15000,5057.14,Closed
19192,4603,15000,9700.88,Active
19193,4603,5000,1321.42,Active
19194,4604,10000,5360.39,Active
19195,4604,20000,2122.23,Active
19196,4605,15000,8292.67,Active
19197,4605,30000,13415.98,Active
19198,4605,10000,5770.15,Active
19199,4606,2000,737.57,Active
19200,4607,15000,8735.95,Active
19201,4607,15000,8904.57,Active
19202,4608,2000,908.67,Active
19203,4609,20000,1202.93,Active
19204,4610,10000,7835.86,Active
19205,4610,5000,990.38,Closed
19206,4610,10000,2201.13,Closed
19207,4611,30000,5004.33,Active
19208,4611,20000,5346.73,Active
19209,4611,2000,1323.74,Active
19210,4612,20000,2238.64,Active
19211,4612,20000,16093.95,Closed
19212,4612,10000,374.55,Active
19213,4613,20000,2958.11,Closed
19214,4614,2000,500.02,Active
19215,4614,20000,6628.69,Active
19216,4614,30000,4134.93,Active
19217,4615,20000,15458.43,Active
19218,4616,20000,18088.96,Closed
19219,4616,30000,12332.33,Active
19220,4617,5000,2726.3,Active
19221,4618,20000,12837.63,Closed
19222,4619,30000,21256.78,Active
19223,4619,5000,2517.03,Active
19224,4620,5000,2251.71,Closed
19225,4620,5000,1455.83,Active
19226,4621,30000,6943.75,Active
19227,4622,15000,11262.38,Active
19228,4622,15000,8200.23,Active
19229,4623,5000,1699.31,Active
19230,4623,10000,1879.74,Closed
19231,4624,20000,11520.16,Active
19232,4624,30000,18060.1,Active
19233,4625,15000,2046.06,Closed
19234,4625,30000,13891.36,Active
19235,4625,30000,14540.71,Active
19236,4626,2000,1522.54,Closed
19237,4626,15000,2361.82,Closed
19238,4626,15000,3663.83,Closed
19239,4627,2000,98.82,Active
19240,4627,15000,5406.45,Active
19241,4627,20000,7165.94,Closed
19242,4628,5000,3965.54,Active
19243,4628,2000,1412.95,Closed
19244,4629,2000,1264.87,Active
19245,4630,2000,542.76,Active
19246,4631,30000,25530.78,Closed
19247,4632,20000,1312.16,Active
19248,4633,30000,7082.07,Active
19249,4634,15000,5192.88,Active
19250,4635,20000,7517.5,Active
19251,4635,10000,284.66,Active
19252,4636,5000,4287.54,Active
19253,4636,2000,1676.29,Active
19254,4637,10000,3509.1,Closed
19255,4637,5000,4533.36,Active
19256,4637,5000,2266.46,Active
19257,4638,30000,20401.08,Closed
19258,4638,10000,5388.66,Active
19259,4638,15000,5122.31,Active
19260,4639,5000,32.36,Active
19261,4639,30000,26597.32,Closed
19262,4640,15000,3036.31,Closed
19263,4641,30000,1262.24,Active
19264,4641,2000,1255.0,Active
19265,4641,20000,3264.29,Active
19266,4642,20000,11715.03,Active
19267,4643,30000,19302.12,Active
19268,4644,2000,790.26,Active
19269,4645,15000,4768.61,Closed
19270,4645,15000,755.28,Active
19271,4645,2000,1854.11,Active
19272,4646,10000,5153.61,Active
19273,4647,15000,1189.31,Active
19274,4647,2000,1818.02,Active
19275,4648,2000,1698.95,Active
19276,4649,30000,3206.41,Active
19277,4650,30000,11583.67,Active
19278,4650,15000,5788.84,Active
19279,4650,30000,24578.61,Closed
19280,4651,20000,8303.41,Active
19281,4651,10000,2438.35,Active
19282,4652,5000,1504.92,Active
19283,4652,2000,1591.05,Active
19284,4653,10000,3806.76,Active
19285,4654,15000,8416.95,Active
19286,4655,30000,19729.09,Closed
19287,4655,2000,1482.68,Closed
19288,4655,10000,8100.97,Active
19289,4656,20000,3027.84,Closed
19290,4656,2000,1507.34,Active
19291,4656,20000,10603.43,Active
19292,4657,2000,701.28,Active
19293,4657,2000,1078.29,Active
19294,4658,15000,599.05,Active
19295,4658,15000,7009.64,Closed
19296,4659,2000,499.04,Active
19297,4659,2000,1714.39,Active
19298,4660,5000,2964.62,Active
19299,4660,5000,3556.42,Closed
19300,4660,30000,535.3,Active
19301,4661,10000,8056.47,Active
19302,4661,10000,7781.82,Active
19303,4661,15000,9534.41,Closed
19304,4662,15000,7265.33,Closed
19305,4663,10000,1358.31,Active
19306,4664,30000,16058.04,Active
19307,4664,10000,1423.74,Active
19308,4665,15000,9397.38,Active
19309,4665,15000,9310.68,Active
19310,4666,20000,1478.37,Active
19311,4666,5000,2023.19,Closed
19312,4667,30000,26558.74,Closed
19313,4668,15000,10505.08,Active
19314,4668,10000,2389.97,Closed
19315,4669,10000,358.71,Closed
19316,4670,2000,152.62,Closed
19317,4670,10000,7198.84,Active
19318,4671,30000,15301.21,Active
19319,4671,2000,1708.33,Closed
19320,4671,20000,4758.01,Active
19321,4672,10000,4337.26,Active
19322,4672,20000,11877.51,Closed
19323,4673,2000,823.59,Closed
19324,4673,5000,3268.28,Active
19325,4674,20000,14434.74,Active
19326,4675,2000,492.0,Active
19327,4675,30000,16868.3,Active
19328,4675,2000,688.52,Closed
19329,4676,30000,10361.0,Closed
19330,4677,5000,932.33,Closed
19331,4677,10000,7458.88,Active
19332,4677,20000,12879.54,Active
19333,4678,30000,21955.26,Active
19334,4679,20000,15359.76,Active
19335,4679,30000,13261.74,Closed
19336,4679,20000,13955.77,Active
19337,4680,5000,3188.07,Active
19338,4681,15000,11365.76,Active
19339,4681,20000,4107.39,Active
19340,4682,2000,1633.42,Active
19341,4682,5000,1698.96,Active
19342,4682,2000,1614.81,Active
19343,4683,2000,1396.93,Closed
19344,4683,30000,6867.3,Active
19345,4683,5000,4282.26,Active
19346,4684,10000,8407.48,Active
19347,4684,10000,1170.87,Closed
19348,4684,15000,10734.2,Closed
19349,4685,15000,2161.35,Closed
19350,4685,10000,5146.03,Closed
19351,4685,30000,5496.58,Active
19352,4686,10000,2312.96,Closed
19353,4687,15000,2679.11,Active
19354,4687,2000,1175.78,Active
19355,4687,10000,8294.37,Active
19356,4688,20000,18889.23,Active
19357,4689,20000,5096.41,Closed
19358,4689,20000,15214.38,Closed
19359,4690,30000,24569.66,Closed
19360,4691,20000,17380.58,Active
19361,4692,2000,1866.26,Active
19362,4693,15000,4597.24,Active
19363,4693,20000,5456.73,Active
19364,4694,20000,4397.33,Active
19365,4694,2000,525.64,Active
19366,4694,5000,3332.42,Active
19367,4695,30000,11801.53,Closed
19368,4695,2000,729.24,Active
19369,4695,15000,5314.72,Active
19370,4696,10000,4441.05,Active
19371,4696,30000,23664.74,Active
19372,4697,20000,15607.27,Active
19373,4697,10000,4463.95,Active
19374,4697,15000,9331.66,Active
19375,4698,15000,6062.7,Active
19376,4699,5000,20.82,Active
19377,4700,30000,22659.63,Active
19378,4700,20000,10362.96,Active
19379,4701,10000,2838.43,Active
19380,4701,20000,9650.91,Active
19381,4702,10000,1709.52,Active
19382,4702,2000,727.34,Active
19383,4702,20000,6184.55,Active
19384,4703,5000,1636.25,Active
19385,4703,5000,62.45,Active
19386,4704,10000,693.18,Active
19387,4704,2000,222.43,Active
19388,4704,5000,1201.24,Active
19389,4705,15000,7878.22,Closed
19390,4706,10000,127.86,Active
19391,4706,2000,395.7,Active
19392,4706,20000,12066.96,Active
19393,4707,2000,681.83,Active
19394,4707,10000,967.37,Active
19395,4707,30000,26685.16,Active
19396,4708,10000,6003.53,Active
19397,4708,10000,6982.28,Active
19398,4709,10000,4064.3,Active
19399,4710,5000,2245.9,Active
19400,4711,20000,10863.15,Active
19401,4711,15000,3222.3,Closed
19402,4712,5000,199.7,Active
19403,4712,30000,10534.53,Active
19404,4712,20000,920.3,Active
19405,4713,15000,2831.4,Active
19406,4713,15000,1153.59,Active
19407,4714,5000,2266.61,Active
19408,4715,2000,260.12,Active
19409,4715,20000,18780.83,Active
19410,4715,20000,4214.73,Closed
19411,4716,20000,5456.13,Active
19412,4716,15000,4239.1,Closed
19413,4717,30000,19760.24,Active
19414,4717,30000,8727.65,Active
19415,4718,20000,18524.07,Active
19416,4718,10000,9047.09,Active
19417,4718,10000,301.41,Active
19418,4719,10000,3624.01,Active
19419,4720,2000,1014.81,Closed
19420,4720,15000,11130.04,Active
19421,4720,30000,21650.16,Active
19422,4721,2000,534.26,Active
19423,4722,5000,3284.63,Active
19424,4723,30000,16244.92,Active
19425,4724,10000,257.4,Active
19426,4725,2000,491.16,Active
19427,4725,10000,2329.01,Closed
19428,4726,15000,7340.14,Closed
19429,4726,2000,1542.38,Active
19430,4727,2000,1402.62,Closed
19431,4727,10000,4528.0,Closed
19432,4728,5000,1963.3,Active
19433,4728,10000,1949.01,Closed
19434,4729,20000,1099.79,Active
19435,4730,5000,4193.91,Active
19436,4731,15000,420.98,Active
19437,4731,10000,4409.34,Active
19438,4731,30000,19591.53,Active
19439,4732,20000,13155.53,Closed
19440,4733,2000,6.04,Closed
19441,4734,15000,6560.62,Active
19442,4735,30000,18529.88,Closed
19443,4735,20000,18001.24,Closed
19444,4735,2000,26.17,Closed
19445,4736,30000,25880.08,Active
19446,4736,5000,2310.13,Active
19447,4736,10000,6905.67,Active
19448,4737,5000,2585.42,Active
19449,4737,15000,4595.99,Active
19450,4738,20000,14748.6,Closed
19451,4738,20000,2549.12,Active
19452,4739,30000,17417.67,Closed
19453,4740,15000,119.53,Active
19454,4740,2000,1059.46,Active
19455,4740,10000,5308.26,Active
19456,4741,20000,17368.22,Active
19457,4741,30000,7366.64,Closed
19458,4741,20000,10896.79,Active
19459,4742,5000,913.89,Closed
19460,4742,10000,5122.27,Closed
19461,4742,30000,18080.44,Closed
19462,4743,5000,474.8,Active
19463,4744,20000,13067.12,Closed
19464,4744,30000,12041.18,Closed
19465,4744,10000,533.07,Closed
19466,4745,30000,8655.24,Active
19467,4745,20000,9475.3,Active
19468,4745,30000,6031.95,Active
19469,4746,10000,6707.37,Active
19470,4746,15000,1523.54,Closed
19471,4746,30000,24990.4,Closed
19472,4747,10000,9433.06,Active
19473,4748,10000,4622.81,Active
19474,4748,5000,3000.77,Closed
19475,4749,30000,2218.06,Active
19476,4750,15000,9528.34,Closed
19477,4751,10000,4564.5,Active
19478,4752,10000,2339.39,Active
19479,4752,15000,13908.46,Active
19480,4752,15000,3220.95,Active
19481,4753,30000,24624.61,Closed
19482,4753,15000,6194.48,Active
19483,4754,10000,7836.67,Closed
19484,4754,20000,5210.59,Closed
19485,4754,10000,8520.35,Active
19486,4755,15000,6398.55,Closed
19487,4755,15000,1979.53,Closed
19488,4756,30000,9023.43,Closed
19489,4756,10000,5995.71,Active
19490,4756,10000,6307.89,Active
19491,4757,10000,3173.95,Closed
19492,4758,15000,2486.96,Active
19493,4758,20000,11534.93,Closed
19494,4759,5000,4667.71,Closed
19495,4760,20000,5154.86,Closed
19496,4760,30000,668.92,Active
19497,4761,2000,432.56,Active
19498,4761,15000,10221.09,Active
19499,4762,15000,9560.6,Active
19500,4762,5000,2926.7,Active
19501,4762,20000,12661.77,Closed
19502,4763,5000,1701.22,Active
19503,4764,30000,14278.3,Closed
19504,4764,5000,2674.23,Closed
19505,4765,2000,430.65,Closed
19506,4766,15000,3828.76,Active
19507,4766,20000,17364.4,Active
19508,4767,30000,26392.58,Active
19509,4767,20000,3057.7,Active
19510,4768,5000,2977.76,Active
19511,4768,30000,11365.48,Active
19512,4769,2000,282.43,Closed
19513,4769,15000,12280.29,Closed
19514,4769,30000,23596.75,Closed
19515,4770,10000,5746.25,Active
19516,4771,2000,12.07,Active
19517,4771,15000,5589.25,Active
19518,4771,10000,3228.28,Active
19519,4772,5000,184.03,Active
19520,4772,15000,12612.47,Active
19521,4772,15000,1856.68,Closed
19522,4773,10000,8190.86,Active
19523,4773,2000,1731.53,Active
19524,4773,5000,3901.39,Active
19525,4774,30000,19231.31,Closed
19526,4774,30000,26523.53,Active
19527,4775,15000,11025.64,Active
19528,4776,2000,782.17,Closed
19529,4777,15000,8116.09,Active
19530,4777,2000,1424.02,Active
19531,4778,20000,12896.36,Closed
19532,4778,2000,1642.61,Closed
19533,4778,2000,405.46,Active
19534,4779,30000,4184.46,Active
19535,4780,15000,3843.72,Active
19536,4781,15000,12941.22,Active
19537,4781,5000,1473.03,Active
19538,4782,15000,4822.65,Closed
19539,4782,30000,19545.72,Active
19540,4782,2000,1610.0,Active
19541,4783,15000,12664.89,Active
19542,4783,2000,155.22,Closed
19543,4784,5000,2414.64,Active
19544,4785,30000,23896.86,Closed
19545,4786,10000,5695.3,Closed
19546,4786,10000,5355.91,Active
19547,4787,10000,6874.56,Active
19548,4788,5000,4570.74,Active
19549,4788,5000,236.24,Active
19550,4789,10000,6921.08,Active
19551,4789,30000,7013.78,Active
19552,4790,15000,6526.28,Active
19553,4790,10000,6111.99,Active
19554,4790,5000,1082.53,Active
19555,4791,30000,8808.85,Closed
19556,4791,20000,8143.16,Closed
19557,4791,30000,18341.27,Active
19558,4792,2000,560.38,Closed
19559,4792,15000,1845.07,Closed
19560,4792,30000,7807.51,Closed
19561,4793,30000,22955.91,Active
19562,4794,10000,976.36,Active
19563,4794,15000,6422.22,Active
19564,4794,2000,61.16,Closed
19565,4795,10000,2769.89,Active
19566,4795,20000,9649.38,Active
19567,4795,2000,720.61,Active
19568,4796,2000,244.49,Active
19569,4797,10000,4806.24,Closed
19570,4797,2000,1838.27,Active
19571,4798,20000,11250.65,Active
19572,4798,10000,6110.91,Closed
19573,4799,20000,10789.64,Active
19574,4799,20000,14124.21,Active
19575,4799,10000,6446.19,Active
19576,4800,10000,9131.96,Active
19577,4800,5000,1362.4,Active
19578,4801,2000,1361.77,Closed
19579,4801,30000,764.55,Active
19580,4802,30000,6168.98,Active
19581,4802,20000,6246.8,Active
19582,4803,10000,8863.09,Active
19583,4804,20000,390.45,Closed
19584,4804,5000,4734.87,Active
19585,4805,20000,3107.22,Active
19586,4806,5000,1868.89,Active
19587,4807,30000,14559.67,Active
19588,4808,10000,7297.59,Active
19589,4808,15000,9057.97,Closed
19590,4809,15000,829.91,Active
19591,4810,2000,1181.26,Active
19592,4810,30000,11462.15,Active
19593,4811,30000,6193.42,Closed
19594,4811,15000,2555.1,Active
19595,4812,30000,24895.4,Active
19596,4812,5000,2030.21,Closed
19597,4812,5000,15.75,Closed
19598,4813,20000,998.96,Closed
19599,4813,2000,914.4,Active
19600,4813,15000,8610.79,Closed
19601,4814,30000,9371.13,Active
19602,4814,20000,11189.43,Closed
19603,4815,15000,8061.4,Active
19604,4816,10000,3438.51,Active
19605,4816,2000,1646.09,Active
19606,4816,20000,17375.13,Closed
19607,4817,20000,2918.63,Active
19608,4817,15000,11522.17,Active
19609,4817,2000,796.88,Active
19610,4818,10000,5731.13,Active
19611,4819,15000,13231.39,Closed
19612,4820,30000,28326.11,Active
19613,4820,10000,6106.42,Active
19614,4820,5000,4565.63,Active
19615,4821,15000,8181.38,Active
19616,4821,2000,1506.66,Active
19617,4821,30000,8514.64,Closed
19618,4822,15000,12537.99,Closed
19619,4822,30000,2700.89,Closed
19620,4823,10000,5989.25,Active
19621,4823,2000,1524.99,Active
19622,4824,5000,2368.88,Closed
19623,4825,30000,17407.97,Active
19624,4825,20000,12736.18,Closed
19625,4826,2000,666.97,Active
19626,4827,5000,2435.5,Active
19627,4827,30000,22388.88,Active
19628,4828,20000,13303.36,Active
19629,4829,15000,11894.26,Closed
19630,4830,5000,810.37,Closed
19631,4830,30000,16403.05,Active
19632,4830,30000,24823.3,Closed
19633,4831,30000,24012.51,Closed
19634,4831,5000,850.18,Closed
19635,4832,5000,422.03,Active
19636,4832,5000,3174.59,Active
19637,4833,15000,1909.47,Active
19638,4833,15000,4633.7,Active
19639,4833,30000,2765.23,Active
19640,4834,30000,17348.16,Active
19641,4834,20000,13423.13,Closed
19642,4835,10000,2997.95,Closed
19643,4835,5000,3006.73,Active
19644,4835,20000,5281.12,Active
19645,4836,15000,13412.86,Active
19646,4836,10000,4279.44,Active
19647,4837,30000,11799.82,Active
19648,4837,2000,1229.41,Active
19649,4837,10000,6402.11,Active
19650,4838,2000,1228.0,Active
19651,4838,2000,1781.63,Active
19652,4839,20000,8256.69,Active
19653,4839,2000,906.04,Active
19654,4839,10000,2639.32,Active
19655,4840,15000,13555.52,Active
19656,4840,20000,7755.46,Closed
19657,4841,15000,9779.73,Active
19658,4841,2000,1367.85,Active
19659,4841,30000,7704.04,Active
19660,4842,2000,1.92,Active
19661,4843,30000,10603.12,Closed
19662,4843,15000,9894.99,Closed
19663,4844,15000,12029.24,Closed
19664,4844,10000,7087.47,Active
19665,4845,5000,2792.76,Closed
19666,4845,15000,13881.66,Active
19667,4845,2000,641.37,Closed
19668,4846,10000,5835.92,Active
19669,4846,5000,1157.4,Active
19670,4846,15000,10840.79,Active
19671,4847,10000,6678.25,Active
19672,4848,2000,1591.62,Active
19673,4848,5000,4036.38,Closed
19674,4849,2000,611.76,Active
19675,4850,20000,11331.81,Closed
19676,4851,20000,1335.74,Closed
19677,4851,5000,2749.21,Active
19678,4851,20000,15258.63,Closed
19679,4852,10000,8242.73,Closed
19680,4853,2000,820.48,Active
19681,4854,20000,1037.06,Closed
19682,4854,15000,821.93,Active
19683,4855,2000,227.29,Closed
19684,4855,15000,8675.14,Active
19685,4856,20000,10929.86,Active
19686,4857,15000,459.98,Closed
19687,4857,30000,1387.68,Closed
19688,4858,20000,7983.63,Active
19689,4858,5000,710.48,Active
19690,4859,20000,12721.1,Closed
19691,4860,20000,5908.44,Closed
19692,4860,15000,12105.55,Active
19693,4860,10000,7388.0,Closed
19694,4861,20000,7662.09,Closed
19695,4861,20000,13044.63,Active
19696,4862,10000,8745.67,Active
19697,4862,30000,6678.47,Active
19698,4863,30000,12547.82,Active
19699,4863,10000,4637.21,Active
19700,4863,20000,18771.81,Active
19701,4864,5000,4047.12,Active
19702,4865,15000,12225.01,Active
19703,4865,2000,1587.05,Closed
19704,4866,30000,14873.66,Active
19705,4866,10000,168.75,Active
19706,4867,5000,4500.38,Closed
19707,4867,10000,8912.91,Active
19708,4867,30000,6839.31,Active
19709,4868,10000,531.4,Active
19710,4868,30000,18236.44,Active
19711,4869,2000,710.03,Closed
19712,4869,30000,6720.58,Active
19713,4869,5000,561.27,Active
19714,4870,2000,974.05,Active
19715,4870,30000,6877.3,Active
19716,4871,10000,8575.69,Active
19717,4872,15000,10454.65,Active
19718,4872,20000,4972.67,Active
19719,4873,20000,1233.29,Active
19720,4873,20000,14451.11,Active
19721,4873,5000,2348.94,Active
19722,4874,30000,27845.35,Active
19723,4874,15000,11251.89,Active
19724,4874,2000,1184.9,Closed
19725,4875,2000,1216.93,Active
19726,4875,10000,2928.86,Active
19727,4875,15000,12774.84,Closed
19728,4876,15000,1368.24,Closed
19729,4876,15000,9758.91,Active
19730,4876,5000,4609.16,Closed
19731,4877,2000,1058.53,Active
19732,4877,10000,7033.6,Active
19733,4878,5000,1330.62,Active
19734,4878,10000,5919.22,Closed
19735,4878,15000,10141.56,Active
19736,4879,15000,2517.11,Active
19737,4879,2000,437.9,Active
19738,4879,2000,694.45,Closed
19739,4880,15000,4952.57,Closed
19740,4881,5000,3259.73,Active
19741,4882,15000,5975.66,Active
19742,4882,20000,5139.13,Active
19743,4882,20000,17711.87,Active
19744,4883,2000,1138.26,Active
19745,4883,2000,19.04,Closed
19746,4884,5000,1246.2,Active
19747,4885,15000,13100.66,Closed
19748,4886,15000,781.83,Active
19749,4886,20000,5812.93,Active
19750,4886,15000,7212.7,Active
19751,4887,30000,21190.8,Active
19752,4887,10000,1885.81,Active
19753,4887,10000,5112.98,Active
19754,4888,5000,2482.29,Active
19755,4889,2000,595.36,Active
19756,4890,15000,8578.79,Active
19757,4890,30000,27520.17,Active
19758,4891,20000,10367.67,Active
19759,4892,5000,746.2,Active
19760,4892,15000,5153.03,Active
19761,4893,15000,3451.54,Closed
19762,4893,10000,8523.67,Active
19763,4893,5000,3236.78,Active
19764,4894,10000,2229.91,Active
19765,4895,30000,5828.72,Active
19766,4896,15000,11280.32,Closed
19767,4896,10000,8959.83,Active
19768,4896,20000,123.26,Active
19769,4897,10000,180.55,Closed
19770,4898,10000,8138.51,Active
19771,4898,10000,6844.1,Active
19772,4898,10000,7428.29,Active
19773,4899,10000,395.84,Active
19774,4899,20000,7201.81,Active
19775,4899,30000,9898.02,Closed
19776,4900,5000,2738.57,Closed
19777,4900,2000,1455.69,Active
19778,4900,30000,18234.15,Closed
19779,4901,5000,1807.51,Active
19780,4901,10000,3344.57,Active
19781,4901,30000,3872.66,Active
19782,4902,30000,18935.2,Closed
19783,4903,10000,8067.3,Active
19784,4903,2000,703.18,Active
19785,4904,15000,10648.53,Active
19786,4904,10000,7286.29,Active
19787,4904,15000,6794.39,Active
19788,4905,30000,15527.37,Closed
19789,4905,5000,3496.52,Active
19790,4906,15000,14073.3,Closed
19791,4907,20000,589.47,Active
19792,4908,20000,3501.91,Active
19793,4909,30000,4276.0,Active
19794,4910,20000,7416.58,Active
19795,4910,15000,9803.04,Active
19796,4910,5000,3607.47,Closed
19797,4911,10000,7661.14,Active
19798,4911,2000,301.21,Active
19799,4912,5000,4461.82,Active
19800,4912,2000,1029.14,Active
19801,4913,15000,11843.48,Active
19802,4913,5000,2793.41,Closed
19803,4914,5000,2459.58,Closed
19804,4915,20000,12877.75,Closed
19805,4916,30000,12326.9,Active
19806,4917,20000,4996.87,Active
19807,4917,2000,1807.22,Active
19808,4917,20000,13688.39,Active
19809,4918,15000,2076.27,Closed
19810,4919,10000,6593.16,Closed
19811,4920,10000,6660.44,Active
19812,4920,2000,466.39,Active
19813,4920,30000,355.31,Closed
19814,4921,10000,6187.74,Closed
19815,4921,5000,1500.9,Active
19816,4921,30000,16566.21,Active
19817,4922,5000,1017.72,Active
19818,4923,20000,10379.67,Active
19819,4923,30000,27536.97,Closed
19820,4923,2000,998.04,Active
19821,4924,15000,1417.34,Active
19822,4925,30000,11407.24,Active
19823,4926,20000,557.56,Active
19824,4926,20000,12584.55,Active
19825,4927,10000,1989.49,Closed
19826,4927,5000,3702.96,Active
19827,4928,15000,12239.08,Closed
19828,4929,15000,3026.9,Active
19829,4929,2000,1358.7,Active
19830,4930,20000,1041.61,Active
19831,4930,5000,2434.27,Active
19832,4930,30000,6859.69,Closed
19833,4931,15000,4694.66,Closed
19834,4931,20000,13603.43,Active
19835,4931,5000,556.91,Active
19836,4932,2000,124.84,Closed
19837,4932,10000,4395.2,Active
19838,4932,30000,27179.48,Active
19839,4933,2000,303.03,Closed
19840,4934,20000,13143.31,Active
19841,4934,15000,105.02,Active
19842,4935,30000,6056.58,Active
19843,4936,15000,7521.5,Closed
19844,4937,10000,1688.47,Active
19845,4938,15000,12198.22,Active
19846,4939,20000,6031.84,Active
19847,4940,15000,3115.69,Active
19848,4941,15000,4902.99,Closed
19849,4942,15000,1274.39,Active
19850,4943,20000,6538.37,Active
19851,4944,2000,1849.79,Active
19852,4945,20000,12517.42,Active
19853,4945,10000,612.14,Closed
19854,4946,5000,741.48,Active
19855,4946,2000,409.13,Closed
19856,4946,2000,335.59,Active
19857,4947,10000,46.41,Active
19858,4947,15000,8779.86,Active
19859,4947,30000,6732.28,Closed
19860,4948,15000,7058.47,Closed
19861,4949,2000,1202.26,Active
19862,4950,2000,1322.61,Active
19863,4950,15000,10485.45,Active
19864,4951,30000,25291.45,Active
19865,4951,5000,1144.64,Active
19866,4951,10000,258.61,Closed
19867,4952,5000,2000.76,Active
19868,4952,2000,67.77,Active
19869,4952,15000,13371.65,Closed
19870,4953,2000,1669.12,Active
19871,4954,2000,1539.26,Active
19872,4954,2000,393.19,Active
19873,4954,2000,1124.2,Closed
19874,4955,2000,1643.4,Active
19875,4956,2000,907.74,Active
19876,4956,30000,24010.6,Active
19877,4957,30000,19387.83,Closed
19878,4957,10000,2269.17,Active
19879,4957,5000,3777.95,Active
19880,4958,20000,18162.82,Active
19881,4958,15000,3960.79,Active
19882,4958,20000,1922.4,Active
19883,4959,2000,1334.88,Active
19884,4959,20000,5670.44,Closed
19885,4959,5000,3237.91,Closed
19886,4960,2000,175.79,Active
19887,4960,15000,7403.09,Active
19888,4961,15000,5168.8,Active
19889,4961,5000,2743.34,Active
19890,4962,20000,13615.59,Active
19891,4962,15000,12259.96,Active
19892,4963,5000,278.61,Active
19893,4963,30000,26073.43,Active
19894,4963,5000,1014.64,Active
19895,4964,15000,13929.91,Active
19896,4965,20000,10403.4,Active
19897,4965,15000,10603.84,Active
19898,4965,15000,10910.33,Active
19899,4966,10000,1139.85,Active
19900,4966,15000,11610.26,Closed
19901,4967,30000,10098.11,Active
19902,4967,10000,3811.8,Closed
19903,4968,5000,3143.91,Active
19904,4968,5000,3483.5,Closed
19905,4968,10000,4037.27,Closed
19906,4969,2000,270.15,Active
19907,4970,20000,18602.51,Active
19908,4970,2000,1573.97,Closed
19909,4971,10000,2161.08,Closed
19910,4971,15000,10717.15,Active
19911,4971,10000,2768.97,Active
19912,4972,30000,24523.99,Closed
19913,4972,2000,1303.83,Closed
19914,4972,10000,3202.6,Active
19915,4973,10000,5514.45,Active
19916,4973,2000,1818.66,Active
19917,4974,5000,2983.61,Active
19918,4975,30000,16607.98,Active
19919,4975,15000,2790.14,Active
19920,4976,10000,1284.7,Closed
19921,4976,30000,3961.45,Active
19922,4977,15000,8965.93,Active
19923,4978,2000,1074.44,Active
19924,4978,10000,3072.32,Active
19925,4978,10000,6742.77,Active
19926,4979,2000,286.65,Active
19927,4979,15000,85.94,Active
19928,4980,15000,844.29,Closed
19929,4981,5000,823.94,Active
19930,4982,10000,8626.63,Active
19931,4982,30000,18764.94,Active
19932,4983,30000,2659.23,Closed
19933,4983,5000,4721.29,Active
19934,4984,10000,2842.1,Active
19935,4984,15000,5272.16,Active
19936,4984,2000,737.9,Closed
19937,4985,2000,666.89,Active
19938,4985,20000,3129.74,Active
19939,4985,15000,2677.98,Active
19940,4986,20000,14115.0,Active
19941,4987,20000,3109.05,Closed
19942,4988,30000,27804.63,Closed
19943,4988,2000,259.57,Active
19944,4988,15000,4059.71,Active
19945,4989,15000,11923.23,Closed
19946,4989,15000,3700.92,Active
19947,4989,15000,2416.42,Active
19948,4990,10000,8756.1,Active
19949,4990,30000,19394.26,Active
19950,4990,5000,3772.9,Active
19951,4991,15000,12579.71,Active
19952,4991,20000,8206.66,Active
19953,4992,20000,6542.68,Active
19954,4993,10000,2264.96,Active
19955,4994,30000,9506.55,Active
19956,4994,5000,881.87,Closed
19957,4995,20000,2238.59,Active
19958,4995,20000,15041.46,Active
19959,4996,5000,2517.9,Active
19960,4996,20000,14656.04,Active
19961,4997,5000,71.79,Closed
19962,4997,15000,3125.22,Active
19963,4998,30000,15426.13,Active
19964,4998,5000,2669.56,Active
19965,4998,2000,198.75,Closed
19966,4999,15000,6610.84,Closed
19967,4999,20000,2704.09,Active
19968,4999,20000,16436.25,Active
19969,5000,2000,623.93,Closed
19970,5000,2000,1099.42,Active
19971,5000,20000,6725.91,Closed
19972,5001,10000,3309.32,Active
19973,5001,2000,1614.36,Active
19974,5002,5000,2421.71,Closed
19975,5002,15000,2953.46,Active
19976,5003,2000,1466.24,Active
19977,5004,10000,3924.94,Closed
19978,5004,20000,5974.81,Closed
19979,5004,20000,3106.48,Closed
19980,5005,30000,11654.71,Active
19981,5006,15000,3112.77,Active
19982,5006,5000,2322.88,Active
19983,5006,5000,3212.85,Active
19984,5007,30000,28166.34,Active
19985,5007,15000,5778.37,Active
19986,5007,30000,22964.04,Active
19987,5008,2000,1301.93,Active
19988,5008,5000,100.02,Closed
19989,5009,20000,12385.67,Active
19990,5009,5000,4509.29,Closed
19991,5010,30000,15598.33,Closed
19992,5010,2000,1771.95,Active
19993,5011,2000,894.5,Active
19994,5011,5000,3233.36,Active
19995,5011,5000,2031.86,Active
19996,5012,10000,6924.42,Active
19997,5012,15000,3553.72,Active
19998,5013,5000,4607.44,Active
19999,5014,10000,713.17,Active
20000,5015,15000,10199.39,Closed
20001,5015,30000,16003.83,Closed
20002,5015,2000,124.22,Active
20003,5016,15000,13184.12,Active
20004,5016,2000,845.95,Active
20005,5017,20000,9148.04,Active
20006,5017,30000,9798.57,Active
20007,5018,10000,8851.53,Closed
20008,5018,10000,4294.61,Active
20009,5019,30000,2784.82,Closed
20010,5020,20000,6209.5,Active
20011,5020,15000,5734.54,Closed
20012,5020,30000,20695.35,Active
20013,5021,30000,14896.47,Active
20014,5021,5000,2606.89,Active
20015,5021,2000,566.61,Active
20016,5022,20000,13980.2,Active
20017,5022,15000,5322.69,Closed
20018,5023,20000,10060.79,Active
20019,5024,10000,8522.11,Active
20020,5024,30000,3700.99,Active
20021,5024,15000,11491.61,Active
20022,5025,20000,14853.22,Closed
20023,5025,2000,887.85,Active
20024,5025,30000,10759.7,Closed
20025,5026,15000,11891.61,Active
20026,5027,20000,3707.79,Active
20027,5027,20000,1622.3,Closed
20028,5028,5000,2799.99,Active
20029,5029,30000,28375.44,Active
20030,5029,10000,64.17,Active
20031,5029,2000,1474.84,Active
20032,5030,20000,2126.95,Active
20033,5030,15000,4078.75,Closed
20034,5031,20000,3513.51,Closed
20035,5031,5000,2664.11,Closed
20036,5032,2000,386.58,Active
20037,5032,30000,13539.32,Active
20038,5032,30000,4598.91,Closed
20039,5033,20000,1962.04,Active
20040,5033,10000,3280.88,Active
20041,5033,30000,16519.72,Active
20042,5034,20000,10163.65,Active
20043,5034,5000,419.77,Closed
20044,5034,15000,904.3,Active
20045,5035,5000,1160.67,Active
20046,5035,2000,1736.35,Closed
20047,5035,20000,8646.46,Active
20048,5036,20000,9369.22,Active
20049,5037,5000,1964.78,Active
20050,5037,20000,9667.43,Active
20051,5038,30000,863.04,Active
20052,5038,15000,6851.0,Active
20053,5039,20000,9703.84,Active
20054,5040,20000,12040.36,Active
20055,5040,30000,16168.75,Active
20056,5041,5000,4586.32,Active
20057,5041,15000,9209.03,Active
20058,5041,10000,4044.14,Active
20059,5042,20000,6017.33,Closed
20060,5043,20000,13853.3,Active
20061,5043,5000,203.0,Active
20062,5043,30000,8564.59,Closed
20063,5044,30000,2436.67,Closed
20064,5045,5000,1098.19,Active
20065,5045,30000,11080.88,Active
20066,5045,2000,1290.43,Active
20067,5046,15000,533.05,Active
20068,5046,10000,6685.66,Active
20069,5047,20000,16860.14,Active
20070,5048,10000,4156.47,Active
20071,5048,2000,1875.71,Active
20072,5049,5000,1353.6,Closed
20073,5049,10000,4786.01,Closed
20074,5050,5000,3877.32,Closed
20075,5051,2000,911.33,Active
20076,5051,5000,3789.37,Closed
20077,5051,15000,361.01,Closed
20078,5052,20000,16644.1,Active
20079,5053,2000,1341.21,Closed
20080,5053,20000,10811.21,Active
20081,5053,15000,5126.21,Closed
20082,5054,2000,1326.27,Active
20083,5054,30000,6250.17,Closed
20084,5055,30000,6944.98,Active
20085,5055,15000,10564.06,Active
20086,5056,2000,1721.77,Active
20087,5056,10000,2103.57,Closed
20088,5057,15000,10181.28,Active
20089,5057,20000,2623.83,Active
20090,5058,20000,4440.55,Active
20091,5058,20000,18486.22,Active
20092,5059,10000,2964.52,Active
20093,5059,5000,3603.27,Closed
20094,5060,10000,1240.01,Active
20095,5061,2000,346.59,Closed
20096,5061,15000,9126.15,Active
20097,5062,15000,11571.17,Active
20098,5063,10000,7500.09,Active
20099,5063,15000,10816.09,Active
20100,5063,5000,2081.25,Closed
20101,5064,5000,2798.22,Active
20102,5065,20000,18863.91,Active
20103,5066,5000,2331.52,Active
20104,5066,30000,4467.77,Active
20105,5067,30000,10696.7,Active
20106,5067,2000,28.84,Closed
20107,5067,2000,1167.97,Closed
20108,5068,15000,12083.47,Active
20109,5069,5000,3222.48,Active
20110,5069,5000,2956.79,Active
20111,5069,5000,3212.17,Active
20112,5070,10000,1725.3,Active
20113,5070,2000,1685.97,Closed
20114,5070,10000,4258.94,Active
20115,5071,15000,4293.25,Closed
20116,5071,5000,3014.36,Active
20117,5072,30000,25837.74,Closed
20118,5073,30000,21502.58,Active
20119,5073,15000,845.29,Active
20120,5073,10000,4549.03,Active
20121,5074,2000,1087.26,Active
20122,5075,30000,12300.32,Closed
20123,5076,15000,12520.1,Active
20124,5077,10000,1839.95,Active
20125,5077,15000,5393.15,Active
20126,5077,30000,4688.93,Active
20127,5078,10000,3577.74,Closed
20128,5078,30000,16811.33,Active
20129,5078,10000,2022.76,Closed
20130,5079,15000,4676.01,Active
20131,5079,10000,2497.14,Active
20132,5079,15000,7931.47,Active
20133,5080,15000,304.91,Active
20134,5081,20000,10384.46,Active
20135,5082,30000,16781.39,Closed
20136,5082,20000,7604.86,Active
20137,5082,20000,13379.88,Active
20138,5083,15000,10798.63,Active
20139,5083,10000,1025.81,Active
20140,5083,5000,1990.42,Active
20141,5084,20000,8453.34,Active
20142,5084,2000,262.42,Closed
20143,5085,20000,16716.87,Closed
20144,5086,2000,1645.29,Active
20145,5086,30000,21158.81,Active
20146,5086,2000,1141.26,Active
20147,5087,5000,4482.83,Active
20148,5087,30000,4654.78,Active
20149,5088,30000,9220.95,Closed
20150,5088,20000,11605.78,Active
20151,5089,15000,2643.93,Closed
20152,5090,20000,9217.16,Active
20153,5090,2000,725.02,Active
20154,5091,10000,4244.08,Active
20155,5091,15000,9943.53,Active
20156,5092,2000,541.15,Active
20157,5093,15000,6489.9,Closed
20158,5093,15000,8638.43,Active
20159,5094,5000,3417.69,Active
20160,5094,10000,8267.63,Closed
20161,5094,15000,3108.23,Active
20162,5095,15000,6721.05,Active
20163,5095,15000,8302.35,Active
20164,5095,5000,143.01,Active
20165,5096,10000,6365.15,Active
20166,5096,20000,13392.4,Active
20167,5097,5000,2659.13,Active
20168,5097,15000,11976.48,Closed
20169,5098,20000,5297.77,Active
20170,5098,5000,3206.68,Closed
20171,5099,10000,7282.06,Closed
20172,5099,20000,11482.37,Closed
20173,5100,2000,986.79,Closed
20174,5100,20000,8053.65,Active
20175,5100,10000,1160.92,Active
20176,5101,20000,725.24,Active
20177,5101,20000,1005.84,Active
20178,5102,10000,4431.42,Active
20179,5102,15000,759.47,Active
20180,5103,10000,2590.6,Active
20181,5103,15000,7990.26,Active
20182,5104,20000,6346.87,Closed
20183,5105,5000,2610.63,Active
20184,5105,2000,867.11,Active
20185,5105,20000,4668.07,Active
20186,5106,15000,11369.32,Active
20187,5106,15000,7782.47,Active
20188,5107,10000,3932.1,Active
20189,5108,2000,1063.68,Active
20190,5108,20000,9401.35,Closed
20191,5108,2000,1692.23,Closed
20192,5109,2000,201.99,Active
20193,5109,20000,11930.53,Active
20194,5110,15000,11934.71,Closed
20195,5110,30000,21989.64,Closed
20196,5111,2000,1449.84,Closed
20197,5112,2000,985.67,Active
20198,5112,15000,5791.0,Closed
20199,5113,20000,7812.08,Closed
20200,5113,5000,3778.77,Closed
20201,5113,5000,3757.82,Active
20202,5114,2000,1783.06,Active
20203,5115,15000,1850.02,Closed
20204,5115,10000,258.65,Active
20205,5115,15000,5650.22,Active
20206,5116,15000,6448.24,Active
20207,5116,5000,1872.2,Active
20208,5116,5000,3881.35,Active
20209,5117,2000,250.72,Closed
20210,5117,15000,2428.02,Active
20211,5118,30000,5034.05,Active
20212,5119,20000,3106.88,Active
20213,5119,2000,1500.73,Active
20214,5120,10000,2337.91,Closed
20215,5121,2000,548.79,Active
20216,5121,15000,7476.07,Closed
20217,5122,2000,72.86,Active
20218,5122,20000,3218.75,Active
20219,5122,5000,425.0,Active
20220,5123,10000,138.52,Active
20221,5124,10000,6054.01,Active
20222,5125,30000,7606.39,Active
20223,5125,15000,6029.96,Closed
20224,5125,2000,1238.14,Active
20225,5126,15000,11601.96,Active
20226,5126,5000,1074.45,Active
20227,5127,20000,5903.55,Active
20228,5127,2000,177.99,Active
20229,5128,10000,4253.6,Closed
20230,5128,2000,786.92,Active
20231,5129,30000,21982.9,Active
20232,5129,30000,11810.91,Active
20233,5129,2000,406.23,Active
20234,5130,30000,18542.2,Closed
20235,5131,30000,5147.05,Closed
20236,5132,5000,1006.76,Closed
20237,5132,10000,6660.83,Active
20238,5133,15000,10655.7,Active
20239,5133,30000,22805.94,Active
20240,5134,10000,7005.56,Closed
20241,5134,15000,9624.7,Closed
20242,5134,10000,2875.79,Active
20243,5135,20000,17925.49,Active
20244,5136,20000,17065.49,Active
20245,5136,10000,6456.65,Active
20246,5136,5000,1613.34,Active
20247,5137,10000,5981.11,Closed
20248,5138,20000,12698.68,Closed
20249,5139,30000,66.49,Active
20250,5139,5000,3715.31,Active
20251,5139,30000,12956.68,Active
20252,5140,5000,3510.12,Active
20253,5141,15000,9585.41,Active
20254,5142,30000,9042.82,Active
20255,5142,30000,24992.72,Active
20256,5142,30000,7422.44,Active
20257,5143,10000,7304.0,Closed
20258,5143,30000,10012.66,Active
20259,5143,2000,762.88,Active
20260,5144,30000,18373.43,Active
20261,5144,2000,1186.05,Active
20262,5144,20000,8632.33,Closed
20263,5145,10000,2264.81,Active
20264,5146,2000,599.63,Active
20265,5147,10000,2165.05,Active
20266,5147,10000,8474.36,Active
20267,5148,2000,1307.12,Active
20268,5148,30000,480.65,Active
20269,5148,30000,21494.4,Active
20270,5149,10000,8873.84,Active
20271,5149,15000,7982.86,Active
20272,5149,2000,1672.98,Active
20273,5150,5000,2763.69,Active
20274,5150,5000,3605.28,Active
20275,5150,5000,3543.54,Active
20276,5151,5000,119.26,Active
20277,5151,30000,10382.7,Active
20278,5152,10000,8923.82,Closed
20279,5152,5000,4218.54,Active
20280,5152,20000,9458.69,Closed
20281,5153,30000,26337.21,Active
20282,5153,5000,2822.92,Active
20283,5154,2000,56.02,Active
20284,5155,20000,9587.1,Active
20285,5156,20000,8357.93,Active
20286,5156,20000,17864.56,Active
20287,5157,20000,6462.01,Active
20288,5157,30000,24768.34,Active
20289,5157,20000,8468.26,Active
20290,5158,30000,24337.26,Closed
20291,5159,30000,18338.01,Active
20292,5159,15000,10771.18,Active
20293,5160,10000,3243.99,Closed
20294,5160,5000,3179.24,Closed
20295,5161,15000,50.51,Active
20296,5161,5000,2125.67,Closed
20297,5161,10000,4943.87,Active
20298,5162,20000,10491.16,Active
20299,5163,5000,164.14,Active
20300,5163,30000,25828.4,Active
20301,5163,10000,3803.7,Active
20302,5164,10000,1977.49,Active
20303,5164,30000,11368.66,Active
20304,5165,10000,4560.1,Closed
20305,5165,5000,2915.92,Active
20306,5165,5000,1414.89,Active
20307,5166,2000,1295.93,Active
20308,5166,30000,2885.39,Closed
20309,5167,20000,12401.72,Active
20310,5168,2000,343.66,Active
20311,5169,15000,12964.4,Active
20312,5169,30000,11251.37,Active
20313,5170,15000,1176.4,Closed
20314,5171,30000,11978.43,Closed
20315,5171,2000,1882.92,Closed
20316,5172,20000,4177.63,Active
20317,5172,15000,4868.53,Active
20318,5172,5000,4696.08,Active
20319,5173,5000,505.39,Active
20320,5173,2000,1237.7,Active
20321,5173,30000,11008.3,Active
20322,5174,2000,628.01,Active
20323,5175,15000,4206.69,Closed
20324,5176,30000,19828.41,Active
20325,5176,2000,1044.7,Active
20326,5177,5000,2642.04,Active
20327,5177,2000,755.86,Active
20328,5178,5000,4043.69,Active
20329,5179,30000,7185.81,Active
20330,5179,15000,1648.46,Closed
20331,5180,15000,873.62,Closed
20332,5181,5000,2334.36,Closed
20333,5181,20000,10101.05,Active
20334,5181,2000,485.71,Active
20335,5182,2000,872.35,Active
20336,5183,30000,7330.6,Active
20337,5183,30000,2984.88,Active
20338,5183,15000,868.58,Active
20339,5184,10000,4417.03,Closed
20340,5184,30000,9434.7,Active
20341,5185,10000,4273.68,Active
20342,5185,5000,3826.39,Active
20343,5186,30000,13143.29,Active
20344,5186,30000,16788.5,Active
20345,5187,20000,18566.13,Active
20346,5187,20000,14458.08,Active
20347,5188,15000,7541.87,Closed
20348,5188,10000,1541.23,Active
20349,5188,20000,84.72,Active
20350,5189,5000,1256.68,Active
20351,5190,10000,5812.76,Active
20352,5191,15000,12093.38,Active
20353,5192,5000,1865.08,Closed
20354,5193,10000,2487.97,Active
20355,5193,5000,3859.09,Closed
20356,5194,30000,2546.77,Closed
20357,5194,5000,2512.77,Active
20358,5195,2000,895.1,Active
20359,5196,5000,250.32,Active
20360,5196,20000,3113.23,Closed
20361,5196,5000,4663.77,Active
20362,5197,5000,4111.48,Active
20363,5197,30000,26163.7,Active
20364,5197,20000,16891.51,Closed
20365,5198,2000,203.9,Active
20366,5198,20000,393.26,Active
20367,5198,30000,25072.65,Active
20368,5199,10000,6473.47,Closed
20369,5199,15000,1807.9,Active
20370,5200,15000,1525.0,Closed
20371,5201,2000,1.5,Active
20372,5201,30000,24854.19,Closed
20373,5201,15000,13882.01,Active
20374,5202,2000,634.27,Closed
20375,5203,5000,3933.59,Closed
20376,5203,2000,138.11,Closed
20377,5204,15000,7611.38,Closed
20378,5205,15000,14137.4,Active
20379,5205,2000,552.57,Active
20380,5206,20000,15958.28,Closed
20381,5206,20000,10816.16,Active
20382,5207,15000,4158.44,Active
20383,5207,10000,1637.75,Closed
20384,5207,15000,13186.72,Closed
20385,5208,15000,11560.2,Active
20386,5208,30000,23644.39,Active
20387,5208,2000,737.26,Closed
20388,5209,5000,3444.43,Active
20389,5210,15000,10539.28,Active
20390,5210,2000,503.57,Active
20391,5210,20000,6705.82,Active
20392,5211,15000,11343.31,Active
20393,5211,10000,6119.27,Active
20394,5211,20000,11588.5,Closed
20395,5212,30000,17988.35,Active
20396,5212,5000,1062.08,Active
20397,5212,15000,12980.13,Active
20398,5213,30000,16843.81,Active
20399,5213,30000,2606.75,Active
20400,5214,30000,17924.87,Active
20401,5214,5000,3820.67,Active
20402,5214,2000,747.74,Active
20403,5215,5000,2600.82,Active
20404,5215,10000,6836.58,Closed
20405,5216,2000,1257.11,Active
20406,5216,2000,1843.72,Active
20407,5217,2000,1213.92,Active
20408,5217,10000,8845.05,Active
20409,5218,5000,1935.21,Active
20410,5218,15000,7516.14,Closed
20411,5218,15000,8771.46,Active
20412,5219,15000,2065.87,Active
20413,5219,2000,1337.28,Closed
20414,5220,5000,448.11,Closed
20415,5220,30000,8271.57,Active
20416,5221,15000,4076.21,Active
20417,5221,5000,2862.85,Active
20418,5221,5000,1856.49,Active
20419,5222,10000,4963.67,Active
20420,5222,20000,13665.43,Active
20421,5222,20000,16122.17,Active
20422,5223,30000,4810.54,Active
20423,5223,20000,5931.22,Active
20424,5224,5000,1793.73,Closed
20425,5224,15000,12907.35,Active
20426,5224,2000,1636.95,Active
20427,5225,20000,1827.37,Closed
20428,5225,15000,14004.95,Active
20429,5226,2000,486.6,Active
20430,5226,20000,8404.16,Active
20431,5227,15000,6060.89,Active
20432,5227,5000,1440.92,Closed
20433,5228,10000,8930.76,Active
20434,5228,15000,8446.24,Active
20435,5228,15000,5282.57,Closed
20436,5229,5000,1764.94,Active
20437,5230,20000,5644.37,Active
20438,5230,30000,12946.92,Active
20439,5230,2000,1188.67,Active
20440,5231,10000,6488.03,Active
20441,5231,15000,5927.82,Active
20442,5232,15000,7376.61,Active
20443,5232,5000,2591.71,Active
20444,5232,2000,339.72,Closed
20445,5233,15000,7634.79,Active
20446,5234,10000,5763.15,Active
20447,5235,5000,4370.79,Active
20448,5235,5000,1362.95,Active
20449,5235,15000,12435.28,Active
20450,5236,5000,1468.78,Closed
20451,5236,15000,9977.38,Active
20452,5237,15000,1519.51,Active
20453,5237,2000,196.08,Active
20454,5238,30000,2844.78,Closed
20455,5239,20000,12176.71,Active
20456,5240,5000,3934.49,Active
20457,5240,10000,4937.89,Active
20458,5240,20000,18681.69,Active
20459,5241,2000,255.87,Closed
20460,5241,2000,257.38,Closed
20461,5241,15000,9936.63,Active
20462,5242,30000,14304.2,Active
20463,5242,5000,3931.02,Active
20464,5243,2000,1294.18,Active
20465,5243,10000,4630.81,Active
20466,5243,2000,1733.08,Active
20467,5244,5000,136.78,Active
20468,5244,5000,2689.33,Active
20469,5244,15000,3725.3,Active
20470,5245,20000,14513.04,Active
20471,5245,20000,14228.15,Active
20472,5245,5000,3299.04,Active
20473,5246,15000,3588.58,Active
20474,5246,15000,9119.37,Closed
20475,5247,20000,270.85,Active
20476,5248,20000,16692.83,Active
20477,5249,5000,4705.79,Active
20478,5249,2000,1053.4,Active
20479,5250,20000,488.77,Active
20480,5250,20000,14599.7,Active
20481,5250,2000,1328.11,Active
20482,5251,10000,8813.55,Closed
20483,5252,5000,2594.23,Closed
20484,5252,20000,13987.11,Active
20485,5252,30000,18685.94,Active
20486,5253,5000,47.88,Active
20487,5254,20000,1187.9,Closed
20488,5255,30000,4846.58,Active
20489,5255,5000,4147.22,Closed
20490,5255,15000,13462.85,Closed
20491,5256,2000,695.93,Active
20492,5257,30000,1931.21,Active
20493,5257,15000,37.17,Active
20494,5258,30000,3821.59,Active
20495,5258,30000,16939.04,Active
20496,5259,20000,7769.09,Active
20497,5259,20000,14609.31,Active
20498,5259,10000,5545.64,Closed
20499,5260,20000,11069.89,Closed
20500,5261,30000,7675.92,Active
20501,5261,10000,5785.57,Active
20502,5261,20000,2675.12,Active
20503,5262,10000,3450.81,Active
20504,5263,5000,4238.08,Active
20505,5263,10000,3800.02,Active
20506,5264,20000,15504.78,Active
20507,5264,15000,1163.44,Active
20508,5264,10000,3051.21,Closed
20509,5265,5000,88.12,Active
20510,5265,20000,7778.24,Active
20511,5266,20000,11427.58,Active
20512,5266,30000,24461.02,Active
20513,5266,2000,814.33,Active
20514,5267,30000,4469.55,Active
20515,5267,5000,2204.96,Active
20516,5267,10000,3118.84,Active
20517,5268,2000,1538.23,Active
20518,5268,15000,8925.26,Active
20519,5268,10000,7440.42,Active
20520,5269,30000,13783.91,Active
20521,5269,2000,1599.17,Active
20522,5269,15000,2619.85,Closed
20523,5270,30000,15391.88,Active
20524,5270,15000,9359.2,Active
20525,5271,20000,12116.96,Active
20526,5272,15000,11430.86,Active
20527,5272,20000,17165.41,Active
20528,5273,30000,18934.98,Active
20529,5274,10000,6513.32,Active
20530,5274,10000,3266.51,Active
20531,5275,15000,7128.11,Active
20532,5275,15000,11655.8,Active
20533,5275,2000,197.49,Active
20534,5276,5000,1805.86,Active
20535,5277,30000,5336.13,Active
20536,5277,15000,9666.97,Active
20537,5278,10000,1102.85,Active
20538,5279,30000,12781.47,Active
20539,5279,10000,6596.91,Closed
20540,5280,20000,17836.29,Closed
20541,5281,15000,12789.94,Active
20542,5281,20000,9104.88,Active
20543,5281,15000,5505.33,Active
20544,5282,20000,4039.88,Closed
20545,5282,5000,3179.47,Active
20546,5282,20000,1795.32,Active
20547,5283,30000,19687.6,Closed
20548,5284,10000,6088.97,Active
20549,5285,30000,2294.3,Active
20550,5285,10000,8449.08,Active
20551,5285,2000,1288.12,Active
20552,5286,2000,600.46,Closed
20553,5287,15000,3550.99,Closed
20554,5287,20000,14718.03,Active
20555,5288,15000,5388.58,Closed
20556,5288,10000,6912.85,Active
20557,5288,5000,1576.35,Closed
20558,5289,10000,8936.92,Active
20559,5289,2000,1376.96,Closed
20560,5289,15000,3810.07,Closed
20561,5290,5000,3124.75,Active
20562,5290,20000,8986.52,Active
20563,5290,2000,97.42,Active
20564,5291,10000,2481.34,Active
20565,5291,10000,8060.84,Active
20566,5292,15000,8859.28,Active
20567,5292,5000,2778.58,Active
20568,5293,15000,86.26,Active
20569,5293,30000,19925.77,Active
20570,5294,10000,6330.41,Closed
20571,5295,5000,2291.32,Closed
20572,5296,10000,6163.22,Active
20573,5296,20000,1984.51,Closed
20574,5296,30000,3437.84,Closed
20575,5297,30000,17579.95,Active
20576,5297,20000,5308.77,Active
20577,5298,20000,17844.94,Active
20578,5298,5000,4201.39,Active
20579,5298,10000,727.29,Closed
20580,5299,30000,2482.96,Active
20581,5299,2000,1356.27,Closed
20582,5300,30000,22337.57,Active
20583,5300,5000,1800.34,Active
20584,5301,20000,18469.74,Active
20585,5301,20000,2949.76,Active
20586,5301,10000,2121.84,Closed
20587,5302,10000,4468.12,Active
20588,5302,30000,8714.35,Closed
20589,5302,15000,9935.71,Active
20590,5303,20000,7940.33,Closed
20591,5303,30000,21013.3,Closed
20592,5303,15000,5459.17,Active
20593,5304,30000,1589.26,Active
20594,5304,5000,386.15,Closed
20595,5304,30000,9064.91,Active
20596,5305,15000,11930.49,Active
20597,5305,30000,22461.58,Active
20598,5305,5000,3150.45,Active
20599,5306,2000,703.97,Closed
20600,5306,10000,590.11,Active
20601,5307,20000,6979.69,Closed
20602,5307,15000,8168.47,Active
20603,5308,2000,1216.73,Closed
20604,5308,20000,1718.88,Active
20605,5308,15000,7387.61,Closed
20606,5309,2000,1484.45,Active
20607,5310,20000,17456.23,Active
20608,5310,5000,3498.74,Active
20609,5311,20000,13619.25,Active
20610,5311,5000,3851.81,Active
20611,5312,5000,1372.63,Active
20612,5312,15000,1105.24,Active
20613,5312,15000,14161.89,Closed
20614,5313,5000,1581.48,Active
20615,5313,20000,2385.64,Closed
20616,5314,5000,2355.12,Active
20617,5315,5000,473.26,Active
20618,5316,2000,246.45,Active
20619,5316,2000,1828.35,Active
20620,5316,30000,24315.06,Closed
20621,5317,10000,2601.04,Active
20622,5318,30000,11830.88,Active
20623,5318,30000,28493.19,Closed
20624,5319,5000,3441.67,Closed
20625,5320,2000,1349.67,Active
20626,5320,20000,15289.16,Closed
20627,5321,5000,1571.18,Active
20628,5322,30000,20578.63,Active
20629,5322,10000,6441.09,Active
20630,5323,2000,902.21,Active
20631,5323,30000,10867.81,Active
20632,5324,10000,6937.11,Active
20633,5325,10000,1609.99,Active
20634,5325,30000,25183.27,Active
20635,5325,30000,28263.22,Active
20636,5326,30000,13411.61,Active
20637,5326,10000,337.55,Active
20638,5327,10000,7626.28,Active
20639,5327,2000,1451.3,Active
20640,5327,2000,1887.48,Active
20641,5328,10000,3472.92,Active
20642,5329,10000,8033.6,Active
20643,5329,5000,1272.8,Closed
20644,5330,10000,3978.88,Active
20645,5331,10000,3476.84,Active
20646,5332,5000,2418.31,Active
20647,5332,20000,14632.61,Active
20648,5333,20000,10712.77,Closed
20649,5334,20000,15013.94,Active
20650,5334,2000,1661.04,Active
20651,5335,30000,27331.67,Active
20652,5335,20000,62.66,Active
20653,5336,30000,11066.94,Active
20654,5336,2000,577.57,Closed
20655,5337,2000,194.92,Active
20656,5337,2000,632.98,Closed
20657,5338,10000,4900.32,Active
20658,5338,30000,11335.14,Closed
20659,5339,15000,12331.18,Active
20660,5339,5000,959.29,Active
20661,5339,5000,200.12,Active
20662,5340,2000,758.66,Active
20663,5341,2000,1648.07,Closed
20664,5341,20000,8917.31,Active
20665,5341,30000,24160.7,Closed
20666,5342,10000,5621.48,Active
20667,5343,30000,4189.07,Active
20668,5343,5000,2601.04,Active
20669,5344,5000,1027.41,Closed
20670,5345,2000,512.18,Active
20671,5345,30000,8195.6,Active
20672,5345,10000,1295.46,Active
20673,5346,20000,2967.79,Active
20674,5346,5000,106.21,Active
20675,5346,30000,3747.78,Active
20676,5347,2000,183.37,Active
20677,5348,20000,17826.66,Active
20678,5348,20000,12526.59,Active
20679,5349,30000,6720.16,Active
20680,5349,30000,16702.47,Closed
20681,5350,2000,1356.88,Active
20682,5350,10000,2187.41,Active
20683,5350,20000,6131.57,Closed
20684,5351,30000,26817.96,Closed
20685,5352,20000,5332.88,Active
20686,5353,30000,13913.48,Closed
20687,5353,10000,532.04,Closed
20688,5354,20000,17744.87,Active
20689,5354,15000,984.89,Active
20690,5355,20000,3595.16,Closed
20691,5356,20000,1021.32,Active
20692,5357,15000,780.19,Closed
20693,5358,2000,1370.51,Active
20694,5359,15000,11963.08,Active
20695,5359,15000,981.26,Active
20696,5360,5000,2791.57,Active
20697,5360,10000,7710.69,Closed
20698,5361,15000,12325.65,Active
20699,5361,20000,13799.36,Active
20700,5361,30000,8570.66,Active
20701,5362,10000,4105.68,Active
20702,5363,5000,4710.15,Active
20703,5364,20000,13693.69,Active
20704,5365,20000,17837.4,Active
20705,5366,30000,4655.17,Active
20706,5367,2000,731.09,Closed
20707,5367,30000,781.08,Active
20708,5367,2000,1667.15,Active
20709,5368,10000,706.9,Active
20710,5368,10000,8782.2,Active
20711,5369,5000,1195.29,Active
20712,5369,15000,6309.55,Active
20713,5369,20000,12641.5,Active
20714,5370,30000,6460.79,Active
20715,5370,2000,531.13,Active
20716,5370,30000,27514.53,Active
20717,5371,30000,27201.98,Active
20718,5372,10000,8769.88,Active
20719,5373,30000,25217.91,Active
20720,5373,5000,3399.48,Closed
20721,5373,20000,12234.72,Active
20722,5374,2000,1389.59,Active
20723,5374,10000,2301.94,Active
20724,5374,20000,12141.15,Active
20725,5375,20000,9162.15,Active
20726,5375,2000,966.66,Active
20727,5376,15000,1839.82,Active
20728,5376,30000,19897.07,Active
20729,5377,2000,915.9,Closed
20730,5378,20000,8278.9,Active
20731,5379,10000,3741.25,Closed
20732,5379,10000,4430.59,Active
20733,5379,5000,3529.98,Active
20734,5380,20000,4742.64,Active
20735,5380,30000,10853.48,Active
20736,5381,20000,12122.48,Closed
20737,5382,5000,3156.72,Active
20738,5382,15000,12033.3,Active
20739,5382,30000,4922.31,Active
20740,5383,30000,10516.01,Active
20741,5383,30000,2944.15,Active
20742,5383,30000,19036.44,Active
20743,5384,30000,11698.67,Active
20744,5384,2000,271.39,Closed
20745,5385,15000,12772.93,Active
20746,5385,30000,26607.45,Active
20747,5386,30000,8922.66,Closed
20748,5387,15000,504.49,Active
20749,5387,15000,11706.3,Active
20750,5388,10000,7217.43,Active
20751,5388,2000,817.33,Active
20752,5389,30000,6410.25,Closed
20753,5389,30000,1913.84,Active
20754,5389,10000,8250.53,Active
20755,5390,2000,655.94,Active
20756,5390,5000,3775.68,Active
20757,5391,2000,636.78,Closed
20758,5391,20000,4701.71,Active
20759,5391,20000,17360.01,Active
20760,5392,30000,27589.88,Active
20761,5393,5000,776.78,Active
20762,5393,5000,3503.73,Closed
20763,5393,10000,5571.4,Active
20764,5394,20000,8807.3,Closed
20765,5394,15000,9269.99,Closed
20766,5395,10000,1551.59,Closed
20767,5395,30000,26689.34,Active
20768,5396,15000,14002.97,Active
20769,5397,20000,1507.3,Active
20770,5397,30000,1971.79,Active
20771,5398,5000,1398.05,Active
20772,5399,2000,706.65,Active
20773,5399,5000,497.73,Closed
20774,5399,10000,6806.35,Active
20775,5400,10000,2433.68,Active
20776,5401,30000,27614.93,Active
20777,5402,5000,3318.5,Active
20778,5402,30000,23938.68,Active
20779,5403,5000,4746.16,Active
20780,5403,20000,11418.04,Active
20781,5403,30000,27292.1,Active
20782,5404,10000,813.19,Active
20783,5405,15000,571.44,Active
20784,5406,5000,356.44,Active
20785,5406,10000,7465.54,Active
20786,5406,2000,692.42,Closed
20787,5407,10000,369.52,Closed
20788,5407,2000,1464.46,Closed
20789,5407,10000,6151.08,Active
20790,5408,10000,4962.67,Active
20791,5409,10000,3829.81,Active
20792,5410,10000,6834.08,Closed
20793,5411,2000,1302.07,Active
20794,5411,10000,7395.15,Closed
20795,5412,2000,1832.77,Active
20796,5413,2000,1723.71,Closed
20797,5414,30000,13420.15,Active
20798,5415,5000,3569.17,Active
20799,5415,10000,1062.69,Closed
20800,5416,30000,24424.71,Active
20801,5417,30000,7260.52,Closed
20802,5418,10000,3303.75,Active
20803,5419,2000,943.88,Closed
20804,5419,2000,355.1,Active
20805,5419,15000,2066.7,Active
20806,5420,30000,28170.92,Active
20807,5420,30000,21307.03,Active
20808,5420,2000,1042.71,Closed
20809,5421,2000,1405.41,Closed
20810,5421,30000,16899.96,Active
20811,5421,5000,3859.69,Closed
20812,5422,2000,1277.09,Active
20813,5423,20000,18678.92,Active
20814,5424,2000,1541.54,Active
20815,5425,30000,24550.8,Closed
20816,5426,2000,1888.49,Active
20817,5426,30000,19972.96,Active
20818,5426,20000,9894.96,Active
20819,5427,2000,637.32,Active
20820,5427,20000,2850.44,Active
20821,5427,10000,6041.27,Active
20822,5428,10000,7797.87,Active
20823,5428,15000,6075.81,Active
20824,5428,15000,3460.6,Closed
20825,5429,20000,16230.42,Closed
20826,5429,10000,5212.7,Active
20827,5429,2000,635.12,Active
20828,5430,30000,20793.32,Closed
20829,5430,5000,3891.17,Active
20830,5430,2000,1398.26,Closed
20831,5431,15000,8799.81,Active
20832,5431,30000,10984.29,Closed
20833,5432,2000,21.99,Active
20834,5432,20000,13132.15,Active
20835,5432,10000,9126.06,Active
20836,5433,10000,790.82,Active
20837,5433,5000,3526.39,Active
20838,5433,10000,4316.85,Active
20839,5434,20000,3425.52,Active
20840,5435,15000,1195.53,Closed
20841,5435,30000,4673.3,Active
20842,5436,5000,2800.74,Active
20843,5436,30000,3338.35,Active
20844,5437,30000,24015.68,Closed
20845,5437,2000,1675.07,Closed
20846,5438,15000,11056.36,Active
20847,5438,2000,1053.89,Active
20848,5438,30000,6822.0,Active
20849,5439,20000,3430.06,Closed
20850,5439,15000,12799.14,Active
20851,5439,15000,294.1,Closed
20852,5440,5000,1038.08,Active
20853,5441,15000,5572.37,Closed
20854,5442,15000,6101.97,Active
20855,5442,10000,188.1,Active
20856,5442,30000,1052.16,Active
20857,5443,20000,1013.44,Active
20858,5443,2000,790.57,Active
20859,5443,10000,455.58,Active
20860,5444,10000,8465.83,Active
20861,5444,10000,7599.86,Active
20862,5445,5000,1240.93,Closed
20863,5446,15000,686.45,Active
20864,5447,5000,2832.07,Active
20865,5447,15000,5684.73,Active
20866,5447,30000,14385.47,Active
20867,5448,20000,3999.39,Closed
20868,5448,20000,5007.02,Active
20869,5448,5000,636.18,Active
20870,5449,15000,3976.94,Active
20871,5449,2000,1456.97,Closed
20872,5450,10000,3527.82,Active
20873,5450,10000,1788.61,Closed
20874,5451,30000,24817.76,Active
20875,5451,10000,7775.99,Active
20876,5452,30000,24500.72,Active
20877,5452,20000,6122.6,Active
20878,5452,20000,7479.59,Active
20879,5453,2000,404.53,Closed
20880,5453,10000,5274.55,Closed
20881,5453,10000,8383.65,Closed
20882,5454,5000,3667.1,Active
20883,5454,2000,1688.35,Active
20884,5455,30000,19913.57,Closed
20885,5455,10000,1918.43,Active
20886,5456,2000,984.43,Active
20887,5456,2000,870.57,Active
20888,5457,2000,394.23,Active
20889,5457,2000,219.78,Active
20890,5457,30000,4084.24,Active
20891,5458,5000,4023.61,Active
20892,5458,2000,1544.21,Closed
20893,5458,2000,1134.83,Active
20894,5459,15000,4951.82,Active
20895,5459,2000,1684.59,Closed
20896,5459,2000,1068.76,Closed
20897,5460,10000,2968.09,Active
20898,5460,10000,2122.16,Active
20899,5461,30000,20123.62,Closed
20900,5461,30000,2134.43,Active
20901,5461,5000,3274.95,Closed
20902,5462,15000,1884.33,Active
20903,5462,2000,646.91,Active
20904,5462,5000,3439.81,Active
20905,5463,5000,2485.31,Active
20906,5463,15000,5068.73,Active
20907,5463,20000,2700.18,Active
20908,5464,20000,11167.29,Closed
20909,5464,20000,9635.71,Closed
20910,5464,10000,8298.68,Active
20911,5465,30000,16672.24,Active
20912,5466,5000,4164.91,Active
20913,5466,20000,810.35,Active
20914,5467,10000,5286.35,Closed
20915,5467,2000,1491.3,Active
20916,5467,10000,2422.66,Active
20917,5468,30000,21895.16,Active
20918,5468,15000,10988.7,Active
20919,5468,20000,18414.03,Active
20920,5469,10000,4164.39,Active
20921,5469,30000,13333.57,Active
20922,5469,15000,5590.92,Active
20923,5470,20000,13591.2,Active
20924,5471,30000,16314.14,Active
20925,5472,10000,8858.61,Active
20926,5473,15000,7655.38,Active
20927,5473,5000,4023.01,Active
20928,5473,15000,10323.35,Active
20929,5474,2000,1500.04,Active
20930,5474,2000,1435.44,Closed
20931,5475,15000,10475.87,Closed
20932,5475,2000,168.39,Closed
20933,5476,10000,4803.91,Closed
20934,5476,20000,12875.8,Active
20935,5477,30000,10531.31,Closed
20936,5478,20000,2485.12,Active
20937,5478,20000,15541.74,Active
20938,5479,30000,26121.71,Active
20939,5479,30000,8395.53,Active
20940,5479,2000,1309.9,Closed
20941,5480,20000,16788.03,Active
20942,5481,10000,3581.6,Closed
20943,5481,20000,14354.32,Active
20944,5481,10000,2795.03,Closed
20945,5482,5000,2873.85,Closed
20946,5483,5000,870.71,Active
20947,5483,2000,654.65,Active
20948,5484,15000,237.33,Active
20949,5485,2000,1512.26,Closed
20950,5485,20000,8071.78,Active
20951,5485,2000,681.94,Active
20952,5486,10000,7689.03,Active
20953,5487,20000,10028.46,Active
20954,5488,10000,7158.94,Active
20955,5488,5000,3699.01,Active
20956,5489,30000,14006.42,Active
20957,5489,5000,4196.85,Active
20958,5490,10000,2112.55,Active
20959,5490,2000,1559.48,Active
20960,5491,2000,1235.69,Active
20961,5491,15000,7244.16,Closed
20962,5491,15000,12357.08,Active
20963,5492,2000,1476.87,Active
20964,5493,10000,4599.54,Closed
20965,5493,30000,1700.0,Active
20966,5493,15000,12235.45,Active
20967,5494,15000,968.46,Active
20968,5495,15000,4001.98,Active
20969,5495,2000,1578.85,Active
20970,5496,20000,6003.78,Closed
20971,5497,2000,1218.4,Active
20972,5497,30000,7536.17,Active
20973,5497,15000,4299.71,Active
20974,5498,15000,7516.8,Closed
20975,5499,10000,7073.51,Closed
20976,5499,5000,285.82,Closed
20977,5499,2000,494.82,Closed
20978,5500,2000,935.94,Active
20979,5501,20000,7179.21,Active
20980,5502,2000,116.66,Active
20981,5502,10000,3917.03,Active
20982,5502,30000,9406.44,Closed
20983,5503,15000,7414.08,Closed
20984,5504,15000,5449.56,Active
20985,5504,2000,254.73,Active
20986,5505,2000,537.93,Active
20987,5505,5000,2145.59,Active
20988,5506,20000,12302.35,Active
20989,5507,10000,7577.54,Closed
20990,5507,10000,1717.97,Active
20991,5508,15000,6821.16,Closed
20992,5508,5000,2157.81,Active
20993,5508,10000,6404.99,Active
20994,5509,5000,3700.64,Active
20995,5510,15000,5147.79,Active
20996,5510,10000,2250.19,Active
20997,5510,30000,26764.41,Active
20998,5511,2000,1626.47,Active
20999,5511,15000,479.18,Active
21000,5511,10000,4701.32,Closed
21001,5512,20000,16650.06,Active
21002,5512,20000,12569.79,Active
21003,5513,20000,13842.55,Closed
21004,5514,30000,24903.25,Active
21005,5514,15000,889.72,Active
21006,5515,20000,6292.07,Active
21007,5515,20000,8564.13,Active
21008,5515,30000,14754.62,Active
21009,5516,30000,22179.83,Active
21010,5516,2000,249.76,Closed
21011,5516,30000,6841.76,Active
21012,5517,10000,8292.07,Active
21013,5517,10000,576.54,Active
21014,5518,2000,572.93,Closed
21015,5518,20000,9978.0,Active
21016,5518,20000,13531.33,Closed
21017,5519,10000,8911.9,Active
21018,5520,5000,1459.88,Closed
21019,5520,2000,211.72,Closed
21020,5521,15000,2757.79,Active
21021,5521,10000,8447.83,Active
21022,5521,15000,2235.25,Closed
21023,5522,15000,13286.8,Active
21024,5523,30000,15034.91,Closed
21025,5524,2000,554.35,Active
21026,5525,20000,13125.94,Active
21027,5526,15000,5919.33,Active
21028,5526,15000,2417.03,Closed
21029,5527,30000,15547.9,Closed
21030,5527,15000,12538.45,Closed
21031,5527,5000,4444.63,Active
21032,5528,5000,855.75,Closed
21033,5528,20000,18499.46,Active
21034,5528,5000,1223.76,Closed
21035,5529,20000,8048.55,Active
21036,5529,30000,12991.6,Closed
21037,5529,15000,1311.03,Active
21038,5530,30000,16267.28,Closed
21039,5530,20000,2677.92,Closed
21040,5530,20000,7041.45,Active
21041,5531,10000,9467.58,Active
21042,5532,20000,3593.05,Active
21043,5533,15000,3408.27,Active
21044,5534,5000,4729.23,Closed
21045,5534,2000,1831.73,Active
21046,5535,20000,18845.58,Active
21047,5535,2000,1059.01,Active
21048,5536,15000,1312.12,Active
21049,5537,2000,826.09,Closed
21050,5537,30000,12181.99,Active
21051,5538,5000,461.66,Closed
21052,5539,10000,2315.99,Active
21053,5539,5000,1901.18,Active
21054,5540,10000,3062.74,Active
21055,5541,10000,2325.86,Active
21056,5542,2000,62.82,Active
21057,5542,10000,9005.46,Closed
21058,5542,15000,4666.96,Active
21059,5543,20000,11186.49,Active
21060,5543,20000,14496.31,Closed
21061,5544,2000,441.7,Closed
21062,5544,2000,684.71,Active
21063,5545,20000,3727.36,Active
21064,5545,2000,1708.04,Active
21065,5546,10000,3523.51,Active
21066,5546,15000,12465.77,Active
21067,5547,20000,8238.04,Closed
21068,5547,30000,24274.02,Active
21069,5548,10000,6833.88,Active
21070,5548,2000,1257.22,Active
21071,5548,5000,3723.93,Closed
21072,5549,20000,2652.72,Active
21073,5550,30000,22352.77,Active
21074,5550,5000,4120.85,Active
21075,5551,20000,11586.71,Active
21076,5552,2000,1166.99,Active
21077,5553,15000,3742.68,Active
21078,5553,30000,21694.56,Active
21079,5554,15000,8579.23,Closed
21080,5555,5000,283.83,Active
21081,5555,20000,9122.49,Active
21082,5555,2000,262.97,Active
21083,5556,20000,2869.46,Active
21084,5557,20000,16726.01,Active
21085,5557,2000,701.25,Active
21086,5557,30000,27092.97,Active
21087,5558,10000,8932.21,Closed
21088,5558,15000,1120.41,Active
21089,5558,30000,17899.93,Closed
21090,5559,2000,1805.04,Active
21091,5559,10000,6910.24,Active
21092,5559,2000,1642.42,Active
21093,5560,30000,7697.58,Closed
21094,5560,20000,321.96,Active
21095,5560,2000,1558.2,Active
21096,5561,5000,1977.36,Active
21097,5562,10000,1862.28,Active
21098,5562,30000,25147.28,Active
21099,5563,10000,5456.01,Active
21100,5563,20000,1558.03,Closed
21101,5564,30000,27609.07,Closed
21102,5564,20000,15187.18,Active
21103,5564,20000,16421.39,Active
21104,5565,10000,624.76,Closed
21105,5565,10000,9065.5,Active
21106,5566,10000,9293.57,Active
21107,5567,30000,5813.57,Closed
21108,5567,2000,1711.98,Active
21109,5567,2000,799.04,Active
21110,5568,2000,646.62,Active
21111,5569,15000,257.13,Closed
21112,5569,10000,1997.01,Active
21113,5569,10000,6000.84,Active
21114,5570,10000,8501.17,Closed
21115,5570,5000,598.97,Active
21116,5570,20000,7867.01,Active
21117,5571,5000,1590.15,Active
21118,5571,10000,2094.17,Active
21119,5572,30000,4924.49,Active
21120,5572,30000,28176.63,Active
21121,5573,20000,9413.66,Active
21122,5573,15000,3936.92,Active
21123,5574,10000,9325.0,Active
21124,5574,30000,11528.88,Active
21125,5575,30000,8060.22,Active
21126,5576,15000,10783.25,Active
21127,5576,2000,153.05,Active
21128,5576,10000,1890.75,Active
21129,5577,2000,445.45,Active
21130,5577,30000,11298.82,Closed
21131,5577,15000,6278.67,Active
21132,5578,30000,28043.25,Active
21133,5578,2000,1866.35,Active
21134,5578,30000,14372.23,Closed
21135,5579,30000,1221.01,Active
21136,5579,20000,4948.15,Active
21137,5579,2000,1893.57,Active
21138,5580,20000,15740.37,Active
21139,5580,15000,7323.39,Active
21140,5581,30000,23338.45,Active
21141,5581,5000,2271.73,Active
21142,5581,15000,6718.77,Active
21143,5582,2000,699.62,Closed
21144,5583,30000,19601.65,Active
21145,5583,5000,3286.55,Closed
21146,5583,10000,4944.77,Active
21147,5584,10000,9263.02,Active
21148,5585,30000,3351.38,Active
21149,5585,2000,606.9,Active
21150,5585,20000,1918.57,Closed
21151,5586,15000,12520.63,Active
21152,5587,10000,4889.7,Active
21153,5588,30000,18729.33,Active
21154,5588,30000,5480.65,Active
21155,5589,2000,15.95,Active
21156,5589,30000,9272.73,Active
21157,5589,10000,8398.82,Closed
21158,5590,10000,7997.75,Closed
21159,5591,10000,2554.84,Active
21160,5592,30000,21749.89,Closed
21161,5592,2000,119.06,Active
21162,5592,20000,3624.37,Active
21163,5593,10000,1383.67,Active
21164,5594,15000,11489.91,Active
21165,5595,2000,1681.16,Active
21166,5596,5000,748.36,Active
21167,5596,20000,7718.24,Active
21168,5596,5000,4424.25,Closed
21169,5597,5000,586.39,Closed
21170,5598,20000,5672.85,Active
21171,5598,30000,24091.56,Active
21172,5598,2000,146.33,Active
21173,5599,5000,1041.44,Active
21174,5599,2000,797.56,Closed
21175,5599,10000,9326.53,Closed
21176,5600,15000,12905.99,Active
21177,5600,5000,2604.67,Active
21178,5600,15000,7195.41,Active
21179,5601,5000,1459.59,Closed
21180,5601,5000,832.28,Active
21181,5602,15000,3759.71,Active
21182,5602,10000,9323.34,Active
21183,5602,10000,6936.14,Active
21184,5603,20000,14502.66,Active
21185,5604,20000,12180.47,Closed
21186,5605,5000,1886.95,Active
21187,5605,15000,7008.67,Active
21188,5605,2000,1330.28,Closed
21189,5606,15000,4085.28,Active
21190,5607,10000,5538.57,Active
21191,5608,15000,12898.71,Active
21192,5608,10000,3225.93,Active
21193,5608,20000,5927.73,Active
21194,5609,10000,1590.93,Closed
21195,5609,10000,2344.77,Active
21196,5609,5000,654.21,Closed
21197,5610,5000,2620.53,Active
21198,5611,20000,9111.36,Active
21199,5611,20000,10160.08,Active
21200,5612,5000,2931.79,Closed
21201,5613,15000,4479.61,Active
21202,5614,30000,6953.17,Active
21203,5614,5000,155.57,Active
21204,5614,15000,7348.64,Active
21205,5615,2000,552.92,Closed
21206,5616,30000,10627.0,Active
21207,5617,2000,1679.05,Active
21208,5618,5000,74.4,Active
21209,5619,5000,313.08,Closed
21210,5620,10000,1756.68,Active
21211,5620,5000,2208.62,Closed
21212,5621,30000,24935.39,Active
21213,5621,10000,3190.26,Active
21214,5621,30000,3794.43,Closed
21215,5622,2000,1790.61,Active
21216,5622,15000,756.3,Active
21217,5623,15000,5692.89,Closed
21218,5623,20000,11090.42,Closed
21219,5623,30000,5239.2,Closed
21220,5624,20000,8284.67,Active
21221,5624,2000,120.91,Active
21222,5624,2000,1622.69,Closed
21223,5625,20000,11828.71,Closed
21224,5625,5000,3327.76,Closed
21225,5626,5000,2682.5,Active
21226,5627,15000,1612.85,Active
21227,5628,10000,4741.48,Active
21228,5628,30000,27041.05,Active
21229,5628,30000,5244.4,Active
21230,5629,2000,273.66,Closed
21231,5630,30000,8035.7,Active
21232,5631,10000,8853.39,Active
21233,5631,5000,3082.49,Active
21234,5631,5000,3628.8,Active
21235,5632,5000,1007.93,Closed
21236,5632,2000,819.62,Closed
21237,5633,20000,16714.35,Closed
21238,5633,10000,6442.98,Closed
21239,5633,20000,9244.71,Closed
21240,5634,2000,1146.89,Active
21241,5635,2000,223.64,Closed
21242,5636,15000,1829.46,Active
21243,5636,5000,2349.92,Active
21244,5636,30000,10515.03,Closed
21245,5637,5000,1911.13,Active
21246,5638,15000,12398.57,Active
21247,5639,20000,10216.78,Active
21248,5639,30000,10725.32,Active
21249,5640,2000,1543.64,Closed
21250,5640,30000,15715.55,Active
21251,5641,20000,12731.07,Active
21252,5642,30000,13096.36,Active
21253,5642,2000,1689.05,Closed
21254,5642,20000,4905.22,Active
21255,5643,2000,114.85,Closed
21256,5643,10000,7351.73,Active
21257,5644,10000,2914.98,Active
21258,5645,20000,15689.4,Closed
21259,5645,15000,6095.65,Active
21260,5646,10000,5117.96,Closed
21261,5646,30000,13068.3,Active
21262,5647,20000,1444.4,Active
21263,5647,20000,3207.12,Closed
21264,5647,30000,12555.12,Active
21265,5648,15000,6607.02,Closed
21266,5648,15000,13856.47,Active
21267,5649,30000,3574.68,Active
21268,5649,30000,28148.66,Active
21269,5650,20000,15761.08,Active
21270,5650,10000,3946.25,Active
21271,5650,10000,1148.63,Active
21272,5651,10000,5964.76,Active
21273,5651,10000,6287.82,Closed
21274,5652,2000,1375.37,Active
21275,5652,15000,12731.47,Active
21276,5652,10000,5993.67,Active
21277,5653,5000,127.3,Active
21278,5653,2000,921.37,Active
21279,5654,2000,287.57,Active
21280,5654,10000,5583.63,Active
21281,5655,5000,2729.82,Active
21282,5655,15000,6381.12,Active
21283,5655,10000,496.53,Active
21284,5656,30000,26080.47,Active
21285,5656,10000,8087.05,Active
21286,5657,15000,4114.23,Active
21287,5657,15000,4570.22,Closed
21288,5658,5000,3606.67,Active
21289,5658,5000,2079.39,Active
21290,5659,30000,3854.52,Active
21291,5659,2000,351.19,Active
21292,5659,10000,692.02,Closed
21293,5660,20000,7710.53,Closed
21294,5660,5000,1785.96,Active
21295,5661,2000,1812.53,Active
21296,5661,30000,7939.92,Closed
21297,5661,15000,671.16,Closed
21298,5662,5000,2085.83,Active
21299,5662,2000,104.4,Active
21300,5663,2000,1396.05,Active
21301,5664,30000,23924.58,Active
21302,5664,5000,281.24,Active
21303,5665,30000,9900.17,Closed
21304,5665,20000,7377.09,Active
21305,5666,30000,21889.55,Active
21306,5666,20000,9876.89,Active
21307,5666,30000,10010.27,Active
21308,5667,10000,5513.55,Active
21309,5667,2000,196.62,Active
21310,5668,30000,4863.22,Closed
21311,5669,15000,10641.02,Active
21312,5669,2000,1800.52,Closed
21313,5670,5000,4491.52,Active
21314,5671,2000,1323.4,Closed
21315,5671,10000,1183.78,Closed
21316,5672,20000,15061.0,Closed
21317,5672,2000,640.91,Closed
21318,5673,5000,382.92,Active
21319,5673,30000,22702.45,Active
21320,5674,5000,155.83,Active
21321,5675,5000,373.68,Active
21322,5675,15000,6518.14,Active
21323,5676,20000,8868.87,Active
21324,5677,20000,3657.09,Closed
21325,5677,15000,13286.69,Active
21326,5677,20000,13824.82,Active
21327,5678,15000,11025.98,Closed
21328,5679,20000,8554.14,Active
21329,5679,20000,14496.62,Active
21330,5679,2000,197.28,Active
21331,5680,30000,9977.03,Active
21332,5681,20000,4227.9,Active
21333,5682,5000,2210.92,Active
21334,5683,10000,2721.97,Active
21335,5684,30000,6901.4,Active
21336,5684,10000,2647.24,Closed
21337,5685,10000,3892.74,Active
21338,5685,2000,1759.91,Active
21339,5685,15000,1493.83,Active
21340,5686,30000,8863.31,Closed
21341,5686,20000,4705.0,Closed
21342,5687,5000,573.64,Active
21343,5688,15000,1102.94,Closed
21344,5688,20000,15755.98,Active
21345,5688,10000,4499.02,Closed
21346,5689,2000,282.75,Closed
21347,5690,30000,18502.04,Active
21348,5690,10000,2790.66,Active
21349,5690,10000,1884.89,Closed
21350,5691,5000,2935.24,Closed
21351,5692,2000,627.28,Active
21352,5692,10000,3928.76,Active
21353,5693,15000,11649.68,Active
21354,5694,30000,7652.88,Active
21355,5694,15000,136.93,Active
21356,5695,2000,1111.78,Active
21357,5696,10000,7150.95,Active
21358,5696,5000,4091.99,Closed
21359,5697,20000,1354.37,Active
21360,5697,2000,1547.03,Active
21361,5698,5000,1651.29,Active
21362,5699,15000,2544.28,Active
21363,5699,15000,8505.17,Active
21364,5699,5000,621.02,Active
21365,5700,5000,2594.83,Active
21366,5700,20000,8418.52,Closed
21367,5701,2000,930.92,Active
21368,5701,30000,13810.05,Active
21369,5702,10000,8196.88,Active
21370,5702,20000,17064.6,Active
21371,5702,15000,6168.67,Closed
21372,5703,20000,4109.48,Active
21373,5703,2000,976.17,Active
21374,5703,15000,7285.24,Closed
21375,5704,2000,668.2,Active
21376,5704,15000,5908.73,Closed
21377,5704,15000,9183.4,Active
21378,5705,2000,914.53,Active
21379,5705,15000,4786.6,Active
21380,5705,2000,93.98,Active
21381,5706,10000,128.44,Active
21382,5706,30000,11661.22,Active
21383,5707,15000,12450.57,Active
21384,5707,20000,677.42,Active
21385,5708,2000,503.24,Active
21386,5708,5000,3821.26,Active
21387,5709,5000,2369.4,Active
21388,5709,20000,3333.06,Active
21389,5710,15000,14098.39,Active
21390,5710,20000,6226.84,Active
21391,5710,15000,11730.98,Active
21392,5711,5000,3462.44,Active
21393,5711,15000,10416.22,Active
21394,5711,5000,3572.02,Active
21395,5712,15000,2477.52,Active
21396,5712,20000,15751.19,Active
21397,5712,30000,25934.38,Closed
21398,5713,30000,14283.64,Active
21399,5714,20000,10664.84,Active
21400,5714,10000,184.42,Active
21401,5714,5000,1871.67,Active
21402,5715,5000,4727.57,Active
21403,5715,10000,7876.1,Active
21404,5716,10000,5721.79,Active
21405,5716,15000,6961.49,Active
21406,5717,30000,20259.93,Closed
21407,5717,5000,880.5,Active
21408,5717,2000,1520.88,Active
21409,5718,5000,1520.41,Active
21410,5719,20000,16436.72,Active
21411,5719,5000,2691.82,Closed
21412,5720,10000,917.73,Closed
21413,5720,10000,7740.72,Active
21414,5721,2000,1038.63,Active
21415,5721,10000,7915.81,Active
21416,5722,5000,946.65,Closed
21417,5723,30000,132.62,Active
21418,5723,15000,4612.83,Active
21419,5724,20000,7715.98,Active
21420,5724,15000,936.19,Active
21421,5724,20000,1628.62,Active
21422,5725,2000,861.6,Active
21423,5725,30000,16340.49,Active
21424,5725,20000,4998.69,Closed
21425,5726,10000,8173.5,Closed
21426,5726,5000,2055.0,Active
21427,5727,15000,6528.3,Closed
21428,5728,10000,3374.35,Active
21429,5728,20000,7202.76,Closed
21430,5728,20000,8413.57,Active
21431,5729,5000,655.08,Closed
21432,5729,10000,9342.69,Active
21433,5729,30000,2968.02,Active
21434,5730,15000,9499.47,Active
21435,5731,30000,7180.34,Active
21436,5732,20000,1968.16,Closed
21437,5732,5000,2041.67,Active
21438,5733,15000,6688.6,Active
21439,5733,30000,25669.45,Active
21440,5734,5000,469.13,Active
21441,5735,10000,1246.3,Active
21442,5735,30000,22627.82,Closed
21443,5735,5000,4623.11,Active
21444,5736,30000,24905.45,Active
21445,5736,5000,1222.52,Active
21446,5736,2000,862.03,Active
21447,5737,30000,5034.72,Active
21448,5738,5000,3461.52,Active
21449,5738,2000,961.62,Active
21450,5738,5000,799.39,Active
21451,5739,10000,2983.69,Active
21452,5740,5000,1509.68,Closed
21453,5741,5000,4677.34,Active
21454,5741,5000,310.83,Closed
21455,5741,2000,1150.35,Active
21456,5742,5000,4416.39,Active
21457,5742,10000,2481.32,Active
21458,5743,10000,8280.51,Active
21459,5743,5000,4449.74,Active
21460,5743,10000,2875.59,Closed
21461,5744,20000,10857.44,Active
21462,5744,30000,19210.22,Active
21463,5745,20000,2526.08,Active
21464,5745,10000,7338.71,Active
21465,5746,20000,17692.6,Active
21466,5747,2000,1281.13,Closed
21467,5747,20000,18128.91,Active
21468,5748,30000,18365.54,Active
21469,5748,15000,10595.61,Active
21470,5748,10000,5670.76,Active
21471,5749,10000,3061.31,Closed
21472,5750,2000,380.59,Closed
21473,5750,2000,1494.72,Closed
21474,5751,30000,8287.43,Closed
21475,5751,2000,819.04,Closed
21476,5752,10000,2590.69,Active
21477,5753,30000,565.4,Active
21478,5753,15000,6692.09,Active
21479,5754,30000,7400.36,Active
21480,5754,15000,8628.02,Active
21481,5755,2000,330.75,Closed
21482,5756,20000,5748.96,Active
21483,5756,30000,19592.85,Closed
21484,5756,5000,4689.56,Closed
21485,5757,5000,4056.73,Active
21486,5757,2000,1053.76,Active
21487,5758,5000,309.62,Active
21488,5758,30000,10744.9,Closed
21489,5758,20000,17586.61,Closed
21490,5759,30000,19651.33,Closed
21491,5759,30000,7348.63,Active
21492,5760,2000,1154.31,Active
21493,5761,10000,3272.94,Active
21494,5761,15000,13886.61,Active
21495,5761,2000,494.94,Active
21496,5762,2000,560.42,Active
21497,5762,20000,16067.87,Active
21498,5763,5000,2864.28,Closed
21499,5764,15000,6793.92,Active
21500,5765,15000,5958.86,Active
21501,5765,20000,5591.18,Active
21502,5766,10000,8870.62,Active
21503,5767,10000,3727.01,Closed
21504,5767,30000,20840.4,Active
21505,5767,20000,6271.69,Active
21506,5768,20000,14358.97,Active
21507,5769,2000,1787.04,Active
21508,5770,20000,18842.59,Closed
21509,5770,20000,4107.54,Active
21510,5770,5000,4434.01,Active
21511,5771,20000,2053.35,Closed
21512,5771,15000,5832.43,Active
21513,5771,20000,17692.28,Active
21514,5772,10000,6769.94,Active
21515,5773,15000,9865.49,Active
21516,5774,15000,2517.05,Closed
21517,5774,2000,145.97,Active
21518,5775,10000,8181.54,Active
21519,5775,20000,14390.29,Active
21520,5776,20000,5117.55,Active
21521,5777,15000,9483.07,Active
21522,5778,30000,3661.3,Active
21523,5778,20000,7847.11,Active
21524,5778,20000,10900.98,Closed
21525,5779,5000,2472.42,Active
21526,5779,30000,17894.36,Active
21527,5779,15000,8270.52,Active
21528,5780,2000,593.24,Active
21529,5781,5000,4325.7,Active
21530,5781,10000,2945.21,Active
21531,5782,15000,6592.22,Closed
21532,5782,5000,1478.59,Active
21533,5782,20000,18125.44,Active
21534,5783,10000,313.44,Active
21535,5783,10000,1509.4,Closed
21536,5784,30000,13259.4,Active
21537,5784,5000,1748.86,Closed
21538,5784,15000,5420.13,Active
21539,5785,15000,11248.29,Closed
21540,5786,20000,9281.53,Active
21541,5786,30000,18375.75,Active
21542,5786,15000,10031.9,Active
21543,5787,20000,16165.78,Active
21544,5788,5000,3926.18,Active
21545,5788,10000,9030.81,Closed
21546,5789,10000,6900.7,Active
21547,5790,30000,21102.25,Closed
21548,5791,20000,2905.86,Active
21549,5792,2000,1116.32,Active
21550,5793,30000,6002.33,Active
21551,5794,5000,2779.43,Active
21552,5795,2000,1487.79,Active
21553,5796,15000,3658.19,Closed
21554,5796,5000,2930.28,Active
21555,5797,10000,9492.57,Active
21556,5797,5000,1143.03,Active
21557,5797,30000,17613.95,Active
21558,5798,15000,4915.28,Active
21559,5798,10000,3579.06,Active
21560,5798,10000,1295.83,Closed
21561,5799,5000,1001.0,Active
21562,5800,20000,10336.7,Active
21563,5800,30000,24695.58,Active
21564,5800,2000,1084.39,Active
21565,5801,30000,8292.25,Active
21566,5802,20000,2619.68,Active
21567,5803,2000,223.27,Active
21568,5804,30000,21972.29,Active
21569,5804,30000,24444.45,Active
21570,5805,2000,382.56,Active
21571,5805,10000,8808.99,Active
21572,5805,15000,9730.61,Active
21573,5806,10000,6823.79,Active
21574,5807,30000,1210.45,Closed
21575,5807,2000,1039.39,Active
21576,5807,2000,1188.55,Active
21577,5808,15000,9555.17,Closed
21578,5809,5000,2702.64,Active
21579,5809,2000,1003.36,Closed
21580,5809,15000,14127.47,Active
21581,5810,2000,1256.69,Active
21582,5810,20000,15246.02,Active
21583,5810,5000,4395.85,Active
21584,5811,20000,4578.92,Closed
21585,5811,20000,12918.56,Active
21586,5811,30000,4002.39,Active
21587,5812,20000,16772.29,Active
21588,5812,10000,4019.31,Active
21589,5813,2000,1716.68,Active
21590,5813,10000,2773.82,Closed
21591,5813,30000,5267.28,Closed
21592,5814,20000,18615.15,Closed
21593,5815,10000,7668.9,Active
21594,5816,20000,13345.41,Active
21595,5817,5000,334.01,Active
21596,5818,2000,496.56,Active
21597,5818,20000,843.44,Active
21598,5818,30000,5450.54,Active
21599,5819,5000,2475.66,Closed
21600,5819,20000,4589.06,Active
21601,5820,20000,18064.6,Active
21602,5821,15000,12114.67,Closed
21603,5822,5000,1012.08,Active
21604,5823,15000,13825.25,Active
21605,5823,5000,4503.17,Active
21606,5824,30000,1495.31,Active
21607,5824,30000,8548.52,Closed
21608,5824,15000,7426.17,Active
21609,5825,20000,6881.67,Active
21610,5826,10000,7021.25,Active
21611,5826,2000,3.07,Active
21612,5826,30000,19932.07,Active
21613,5827,10000,2876.0,Active
21614,5827,20000,16135.14,Closed
21615,5827,20000,2682.88,Closed
21616,5828,2000,696.23,Closed
21617,5828,2000,1849.67,Active
21618,5829,2000,1372.89,Closed
21619,5830,10000,5845.76,Active
21620,5830,5000,1635.88,Active
21621,5831,30000,17014.49,Active
21622,5831,20000,1414.36,Active
21623,5831,5000,29.63,Active
21624,5832,30000,1488.76,Closed
21625,5833,20000,14476.84,Active
21626,5834,20000,8623.76,Active
21627,5835,10000,9438.76,Active
21628,5835,5000,2048.76,Closed
21629,5836,30000,1589.67,Closed
21630,5837,30000,6029.31,Active
21631,5837,5000,752.21,Active
21632,5837,15000,5516.54,Closed
21633,5838,20000,11611.99,Active
21634,5838,5000,2323.23,Closed
21635,5838,5000,468.61,Active
21636,5839,10000,3462.01,Active
21637,5840,5000,3035.18,Active
21638,5840,15000,13348.48,Closed
21639,5840,5000,303.68,Active
21640,5841,30000,9295.81,Active
21641,5841,20000,17027.41,Active
21642,5841,10000,713.31,Active
21643,5842,10000,8726.29,Closed
21644,5842,15000,12055.09,Closed
21645,5843,30000,27903.79,Active
21646,5843,10000,9132.53,Active
21647,5843,20000,6723.98,Closed
21648,5844,15000,6226.79,Active
21649,5844,30000,9212.86,Closed
21650,5845,30000,127.55,Active
21651,5845,20000,7729.84,Active
21652,5846,15000,6611.42,Closed
21653,5847,10000,632.89,Active
21654,5847,20000,12182.09,Active
21655,5848,5000,4149.15,Active
21656,5848,15000,7168.88,Active
21657,5848,10000,8289.53,Closed
21658,5849,15000,13643.34,Closed
21659,5849,20000,6785.09,Active
21660,5850,30000,11326.72,Active
21661,5850,30000,27131.5,Closed
21662,5851,20000,13378.33,Active
21663,5852,10000,300.8,Active
21664,5852,2000,793.31,Closed
21665,5852,10000,0.55,Active
21666,5853,30000,17514.51,Active
21667,5854,5000,522.04,Active
21668,5854,20000,237.63,Active
21669,5855,30000,23373.1,Active
21670,5855,15000,5386.97,Active
21671,5856,2000,1685.04,Active
21672,5856,20000,8816.68,Closed
21673,5856,30000,2610.9,Active
21674,5857,30000,17025.12,Active
21675,5858,10000,7161.03,Active
21676,5858,30000,28067.82,Active
21677,5859,30000,28212.63,Active
21678,5860,20000,16410.25,Active
21679,5860,20000,11573.0,Active
21680,5861,20000,6601.51,Active
21681,5861,30000,18460.64,Active
21682,5862,5000,2613.09,Closed
21683,5863,30000,9168.26,Active
21684,5863,2000,1085.55,Active
21685,5863,2000,1041.59,Closed
21686,5864,10000,7163.61,Closed
21687,5864,5000,3639.2,Active
21688,5864,2000,545.55,Closed
21689,5865,5000,2012.25,Active
21690,5866,20000,11593.04,Active
21691,5866,2000,597.57,Active
21692,5866,10000,6389.29,Active
21693,5867,15000,9050.33,Active
21694,5867,20000,12433.75,Active
21695,5867,2000,53.2,Active
21696,5868,15000,5230.1,Active
21697,5868,10000,8655.26,Active
21698,5868,10000,5704.09,Active
21699,5869,2000,31.31,Active
21700,5870,2000,1284.22,Active
21701,5871,20000,3552.37,Closed
21702,5872,10000,5417.6,Closed
21703,5872,20000,8415.88,Active
21704,5873,2000,1341.57,Active
21705,5873,2000,635.73,Active
21706,5874,2000,1090.15,Closed
21707,5874,10000,7931.68,Closed
21708,5874,2000,1866.38,Closed
21709,5875,15000,9367.5,Active
21710,5875,30000,11454.8,Closed
21711,5875,20000,5236.3,Active
21712,5876,2000,326.49,Active
21713,5876,20000,3894.61,Active
21714,5877,20000,15765.65,Active
21715,5877,15000,6598.07,Active
21716,5878,15000,8308.12,Active
21717,5878,5000,1975.32,Active
21718,5878,10000,3692.3,Active
21719,5879,2000,826.43,Active
21720,5879,20000,12255.06,Closed
21721,5879,15000,1772.96,Active
21722,5880,30000,6421.5,Active
21723,5881,5000,128.85,Active
21724,5881,10000,9430.59,Closed
21725,5881,20000,2083.88,Closed
21726,5882,30000,7436.25,Active
21727,5883,20000,6575.69,Closed
21728,5884,5000,2264.11,Active
21729,5885,30000,2423.14,Closed
21730,5885,30000,15069.21,Active
21731,5885,2000,1066.21,Active
21732,5886,30000,19622.67,Active
21733,5886,2000,1369.63,Active
21734,5886,15000,8693.99,Active
21735,5887,5000,445.37,Active
21736,5888,10000,774.61,Closed
21737,5889,30000,13261.38,Active
21738,5890,15000,7170.94,Closed
21739,5891,5000,3541.98,Closed
21740,5892,30000,1166.66,Active
21741,5892,5000,3206.56,Active
21742,5892,5000,3497.72,Active
21743,5893,2000,579.95,Active
21744,5894,30000,6817.85,Active
21745,5894,2000,1147.08,Active
21746,5894,15000,12550.08,Active
21747,5895,2000,1525.94,Active
21748,5895,10000,9237.7,Active
21749,5896,20000,324.09,Active
21750,5896,20000,5598.47,Active
21751,5896,10000,7266.2,Closed
21752,5897,30000,3545.48,Active
21753,5898,2000,453.26,Closed
21754,5898,30000,7859.46,Active
21755,5898,2000,425.91,Active
21756,5899,30000,19025.73,Active
21757,5899,10000,6718.49,Active
21758,5900,5000,1059.08,Active
21759,5900,20000,2189.15,Closed
21760,5901,5000,3610.28,Active
21761,5901,2000,1193.52,Active
21762,5901,5000,2912.7,Closed
21763,5902,15000,7880.76,Active
21764,5902,15000,2503.51,Active
21765,5902,15000,13581.22,Active
21766,5903,2000,792.42,Active
21767,5903,20000,2601.17,Active
21768,5903,5000,1272.18,Closed
21769,5904,15000,6166.08,Active
21770,5904,30000,23289.56,Closed
21771,5904,5000,3933.62,Active
21772,5905,30000,6989.31,Active
21773,5906,30000,24329.9,Active
21774,5907,10000,2434.72,Closed
21775,5908,30000,27896.31,Active
21776,5908,2000,1120.81,Active
21777,5908,20000,5420.73,Active
21778,5909,10000,6351.71,Active
21779,5909,30000,16923.27,Active
21780,5910,10000,4428.85,Active
21781,5910,30000,25629.5,Active
21782,5911,15000,3572.56,Active
21783,5911,5000,3224.72,Closed
21784,5912,15000,3290.79,Active
21785,5912,20000,36.01,Active
21786,5913,10000,958.47,Active
21787,5913,10000,2456.66,Closed
21788,5914,10000,4607.41,Active
21789,5914,10000,7022.81,Active
21790,5914,10000,1278.99,Closed
21791,5915,15000,4531.53,Active
21792,5915,20000,11597.15,Active
21793,5916,5000,4660.71,Closed
21794,5916,20000,5581.17,Active
21795,5917,20000,1860.44,Closed
21796,5918,20000,11731.63,Closed
21797,5918,10000,2476.01,Active
21798,5918,20000,4078.45,Closed
21799,5919,5000,3554.92,Closed
21800,5919,30000,3476.48,Active
21801,5920,5000,775.34,Active
21802,5920,5000,4728.79,Active
21803,5921,5000,4046.1,Active
21804,5921,10000,7194.07,Active
21805,5921,10000,4510.66,Active
21806,5922,15000,13021.01,Active
21807,5923,10000,8683.01,Closed
21808,5923,10000,2057.08,Closed
21809,5924,30000,1480.8,Closed
21810,5925,5000,1115.02,Closed
21811,5926,5000,1074.04,Active
21812,5926,5000,460.61,Active
21813,5927,10000,8702.64,Active
21814,5927,30000,13111.13,Active
21815,5927,30000,26472.21,Active
21816,5928,5000,755.81,Active
21817,5928,20000,11468.73,Active
21818,5929,30000,1736.73,Active
21819,5930,20000,13410.78,Active
21820,5930,20000,2326.86,Active
21821,5930,20000,11786.74,Active
21822,5931,2000,944.14,Active
21823,5931,10000,1281.58,Active
21824,5931,15000,3636.7,Active
21825,5932,20000,14158.94,Active
21826,5932,10000,1786.7,Active
21827,5932,5000,891.04,Closed
21828,5933,2000,1460.44,Closed
21829,5933,5000,2970.87,Active
21830,5933,2000,1574.44,Active
21831,5934,10000,1409.01,Active
21832,5935,2000,1645.22,Active
21833,5935,30000,21103.26,Closed
21834,5935,5000,530.06,Active
21835,5936,5000,1393.6,Active
21836,5937,30000,14699.47,Closed
21837,5938,10000,2417.68,Active
21838,5939,30000,809.49,Closed
21839,5939,2000,1701.64,Active
21840,5939,5000,1737.57,Closed
21841,5940,2000,94.72,Active
21842,5940,2000,1080.91,Active
21843,5940,15000,10904.62,Active
21844,5941,30000,17769.36,Active
21845,5941,2000,837.24,Active
21846,5942,5000,3876.56,Active
21847,5942,2000,171.05,Closed
21848,5943,20000,10948.99,Active
21849,5943,15000,5781.08,Active
21850,5944,20000,918.01,Active
21851,5945,10000,9248.08,Active
21852,5945,15000,6235.48,Active
21853,5946,30000,24660.91,Active
21854,5947,15000,1961.02,Closed
21855,5948,2000,46.56,Active
21856,5948,2000,409.65,Closed
21857,5949,10000,4479.03,Active
21858,5949,5000,2781.54,Closed
21859,5949,30000,6748.09,Active
21860,5950,30000,23285.71,Active
21861,5950,30000,19755.29,Active
21862,5951,20000,1416.1,Closed
21863,5951,5000,4089.69,Active
21864,5952,5000,2813.15,Active
21865,5953,5000,912.0,Active
21866,5953,15000,13852.82,Active
21867,5953,2000,177.41,Active
21868,5954,5000,4536.39,Active
21869,5954,2000,293.04,Active
21870,5954,5000,2093.14,Active
21871,5955,15000,11148.19,Active
21872,5956,30000,26581.45,Active
21873,5956,5000,4102.91,Active
21874,5956,20000,3034.82,Active
21875,5957,10000,9060.35,Active
21876,5957,15000,5358.85,Active
21877,5958,20000,1752.61,Active
21878,5958,10000,8544.09,Active
21879,5959,15000,4821.16,Active
21880,5960,10000,1506.28,Active
21881,5960,15000,2268.7,Active
21882,5960,15000,6043.98,Closed
21883,5961,5000,794.98,Closed
21884,5961,15000,1052.73,Active
21885,5961,30000,12546.14,Active
21886,5962,10000,9452.87,Active
21887,5962,5000,3591.61,Active
21888,5963,5000,3287.4,Active
21889,5963,20000,14852.88,Active
21890,5963,5000,1739.55,Closed
21891,5964,2000,713.34,Active
21892,5964,15000,1184.27,Closed
21893,5964,2000,1319.75,Active
21894,5965,20000,11824.96,Active
21895,5965,2000,206.2,Active
21896,5966,10000,3610.72,Active
21897,5967,20000,11456.66,Active
21898,5968,2000,1467.25,Active
21899,5969,5000,1211.57,Active
21900,5969,10000,217.69,Active
21901,5970,30000,13261.35,Active
21902,5971,20000,7901.96,Active
21903,5971,20000,15287.34,Active
21904,5971,10000,5009.37,Active
21905,5972,20000,12252.96,Active
21906,5972,15000,3717.26,Active
21907,5973,20000,8518.33,Closed
21908,5973,20000,10737.94,Closed
21909,5973,10000,1263.37,Active
21910,5974,30000,16555.86,Active
21911,5975,10000,2023.46,Active
21912,5975,15000,4654.28,Active
21913,5975,20000,18611.47,Active
21914,5976,30000,25360.15,Closed
21915,5977,30000,24909.08,Closed
21916,5977,5000,3624.07,Active
21917,5977,2000,1442.81,Active
21918,5978,20000,108.39,Closed
21919,5978,15000,7444.75,Active
21920,5979,2000,204.29,Active
21921,5979,30000,25809.69,Active
21922,5980,15000,6873.29,Active
21923,5980,15000,4790.9,Active
21924,5981,2000,38.52,Active
21925,5981,30000,4186.52,Active
21926,5982,30000,10991.07,Active
21927,5982,2000,1523.05,Closed
21928,5982,10000,4297.76,Active
21929,5983,5000,197.41,Active
21930,5984,2000,420.39,Active
21931,5984,2000,548.17,Closed
21932,5985,2000,1181.38,Closed
21933,5985,5000,3372.71,Active
21934,5986,30000,1634.27,Closed
21935,5987,10000,5040.57,Active
21936,5987,15000,8098.14,Active
21937,5988,30000,20805.15,Active
21938,5989,2000,1824.54,Closed
21939,5990,5000,4202.09,Active
21940,5991,15000,398.39,Closed
21941,5991,2000,1005.15,Closed
21942,5991,15000,8422.6,Closed
21943,5992,30000,6672.65,Active
21944,5992,30000,3008.98,Closed
21945,5993,5000,2125.3,Active
21946,5993,15000,4410.77,Active
21947,5993,2000,81.96,Closed
21948,5994,20000,17329.96,Closed
21949,5994,15000,4161.81,Active
21950,5994,20000,13091.76,Active
21951,5995,20000,4092.84,Active
21952,5996,30000,19638.25,Closed
21953,5996,15000,10597.29,Active
21954,5996,20000,165.03,Active
21955,5997,20000,17297.75,Active
21956,5998,2000,12.3,Active
21957,5998,2000,190.45,Active
21958,5999,5000,3443.28,Active
21959,6000,15000,7974.34,Active
21960,6000,20000,794.91,Active
21961,6000,30000,1019.12,Active
21962,6001,2000,1394.48,Active
21963,6001,10000,6899.67,Active
21964,6001,2000,1487.51,Closed
21965,6002,20000,9845.08,Closed
21966,6002,2000,75.37,Active
21967,6003,20000,5793.4,Active
21968,6003,15000,3268.55,Active
21969,6004,5000,3532.5,Active
21970,6004,2000,1078.1,Active
21971,6004,5000,4332.49,Active
21972,6005,30000,11005.16,Closed
21973,6005,15000,2078.42,Active
21974,6005,15000,281.59,Active
21975,6006,10000,8111.09,Closed
21976,6006,10000,3104.97,Active
21977,6007,10000,8773.73,Active
21978,6007,30000,2383.41,Active
21979,6007,10000,7921.39,Active
21980,6008,20000,957.62,Closed
21981,6008,10000,5868.04,Active
21982,6008,2000,1867.47,Active
21983,6009,5000,4599.86,Active
21984,6009,15000,3067.59,Active
21985,6010,5000,548.0,Closed
21986,6011,10000,2731.08,Closed
21987,6011,15000,13438.09,Active
21988,6011,5000,11.31,Active
21989,6012,2000,1311.39,Active
21990,6012,2000,446.7,Closed
21991,6013,15000,11851.75,Closed
21992,6013,10000,2918.61,Active
21993,6014,20000,14165.65,Active
21994,6015,5000,2920.97,Active
21995,6015,10000,5815.32,Active
21996,6016,30000,16490.38,Closed
21997,6017,15000,12354.23,Closed
21998,6017,5000,2696.38,Active
21999,6018,5000,4499.78,Closed
22000,6018,30000,8888.77,Active
22001,6018,30000,1184.56,Closed
22002,6019,15000,4243.72,Active
22003,6020,10000,6060.53,Active
22004,6020,30000,8683.5,Closed
22005,6021,15000,6580.89,Active
22006,6021,5000,3267.36,Closed
22007,6022,10000,1876.45,Active
22008,6023,20000,14181.22,Active
22009,6023,30000,24006.18,Closed
22010,6024,5000,4452.1,Active
22011,6025,15000,6074.06,Active
22012,6025,10000,7183.75,Active
22013,6026,15000,12272.72,Active
22014,6027,30000,8702.59,Active
22015,6027,30000,1670.18,Active
22016,6028,2000,295.11,Active
22017,6028,10000,2219.97,Closed
22018,6028,10000,7189.66,Active
22019,6029,5000,2632.11,Active
22020,6029,5000,648.14,Active
22021,6030,10000,6870.82,Active
22022,6030,10000,3682.17,Active
22023,6031,20000,11374.74,Closed
22024,6032,15000,9559.54,Active
22025,6032,20000,17130.97,Active
22026,6033,2000,1849.07,Active
22027,6033,30000,17520.3,Active
22028,6033,2000,383.49,Closed
22029,6034,15000,1043.46,Active
22030,6034,10000,6383.91,Closed
22031,6034,2000,188.67,Active
22032,6035,2000,1758.18,Active
22033,6036,20000,2051.15,Closed
22034,6036,5000,1006.35,Active
22035,6036,5000,2895.38,Active
22036,6037,2000,214.99,Closed
22037,6037,30000,26204.43,Active
22038,6037,2000,1096.03,Active
22039,6038,5000,4267.21,Closed
22040,6038,30000,10382.27,Active
22041,6039,30000,17256.83,Active
22042,6039,2000,1656.33,Active
22043,6040,2000,1245.52,Active
22044,6041,2000,1224.48,Active
22045,6042,5000,71.87,Active
22046,6042,15000,6955.74,Active
22047,6043,30000,10689.5,Closed
22048,6044,10000,1387.34,Closed
22049,6044,30000,5377.85,Active
22050,6044,30000,14995.1,Closed
22051,6045,5000,4138.84,Closed
22052,6046,30000,6450.31,Active
22053,6046,2000,587.85,Active
22054,6047,2000,871.71,Active
22055,6047,20000,9555.84,Closed
22056,6047,2000,525.01,Active
22057,6048,15000,10277.2,Active
22058,6049,20000,4194.08,Closed
22059,6050,10000,6940.1,Active
22060,6050,10000,8934.75,Active
22061,6050,30000,14428.38,Active
22062,6051,15000,4281.61,Active
22063,6051,30000,15396.12,Active
22064,6052,2000,675.95,Active
22065,6052,30000,13525.37,Active
22066,6053,20000,5563.53,Active
22067,6053,5000,3783.2,Closed
22068,6053,5000,3095.53,Active
22069,6054,15000,13003.03,Active
22070,6054,5000,4397.4,Active
22071,6054,10000,3275.82,Active
22072,6055,30000,18560.02,Active
22073,6056,2000,40.53,Active
22074,6057,30000,16859.21,Closed
22075,6057,2000,208.08,Closed
22076,6058,20000,6112.74,Active
22077,6058,10000,1983.06,Active
22078,6059,10000,4181.76,Closed
22079,6059,15000,13302.55,Closed
22080,6059,20000,3357.8,Active
22081,6060,20000,6429.67,Active
22082,6061,2000,61.81,Active
22083,6061,30000,9872.66,Active
22084,6061,5000,2825.52,Active
22085,6062,10000,3802.96,Active
22086,6062,15000,12008.05,Closed
22087,6062,30000,21270.82,Active
22088,6063,10000,1502.12,Active
22089,6064,30000,23947.74,Active
22090,6064,2000,419.68,Active
22091,6064,30000,23202.85,Active
22092,6065,10000,1158.26,Active
22093,6065,30000,5877.81,Active
22094,6066,5000,4235.16,Active
22095,6066,2000,640.11,Active
22096,6067,20000,5871.48,Active
22097,6067,20000,9413.97,Closed
22098,6068,15000,13278.29,Active
22099,6069,30000,25194.35,Active
22100,6069,10000,8512.44,Active
22101,6070,10000,7442.86,Active
22102,6071,5000,1571.28,Active
22103,6071,30000,25895.5,Active
22104,6071,20000,8066.07,Active
22105,6072,30000,22194.23,Active
22106,6073,2000,1457.77,Active
22107,6073,30000,17084.75,Active
22108,6074,15000,9418.36,Closed
22109,6074,20000,5571.93,Closed
22110,6074,15000,4709.83,Active
22111,6075,15000,9366.66,Active
22112,6076,30000,16812.8,Active
22113,6077,15000,5350.88,Active
22114,6078,30000,3660.31,Active
22115,6078,30000,11279.84,Active
22116,6078,20000,16363.1,Active
22117,6079,15000,4070.29,Active
22118,6080,2000,1455.13,Active
22119,6081,10000,3624.45,Active
22120,6082,2000,323.28,Active
22121,6082,2000,984.01,Closed
22122,6083,30000,18705.34,Active
22123,6083,30000,6997.57,Closed
22124,6083,5000,806.46,Active
22125,6084,2000,1044.74,Active
22126,6084,5000,2824.8,Active
22127,6084,15000,11672.92,Closed
22128,6085,5000,3302.45,Active
22129,6086,30000,23137.11,Closed
22130,6086,2000,1231.17,Active
22131,6087,10000,6475.34,Active
22132,6087,10000,8775.55,Active
22133,6087,2000,7.56,Active
22134,6088,30000,21754.24,Closed
22135,6088,30000,13926.57,Active
22136,6089,30000,25326.28,Closed
22137,6090,10000,8244.26,Active
22138,6090,2000,762.61,Active
22139,6090,5000,4206.84,Active
22140,6091,30000,12356.22,Active
22141,6092,15000,10468.0,Closed
22142,6092,30000,14410.93,Closed
22143,6093,2000,861.11,Active
22144,6093,5000,3929.63,Active
22145,6094,15000,10246.73,Closed
22146,6095,15000,635.71,Closed
22147,6095,20000,12173.99,Active
22148,6096,20000,17793.43,Active
22149,6097,2000,1802.29,Closed
22150,6097,20000,11709.35,Active
22151,6098,30000,5961.77,Closed
22152,6098,10000,4716.3,Active
22153,6099,30000,7401.03,Active
22154,6099,30000,7752.63,Active
22155,6099,5000,2701.82,Active
22156,6100,5000,1512.18,Closed
22157,6100,2000,13.53,Active
22158,6100,20000,12541.66,Active
22159,6101,20000,9277.12,Closed
22160,6102,5000,2523.02,Active
22161,6102,20000,4094.96,Active
22162,6102,15000,1157.44,Active
22163,6103,20000,10938.32,Active
22164,6103,20000,15979.17,Active
22165,6103,20000,10151.43,Active
22166,6104,15000,4737.72,Active
22167,6105,2000,884.18,Active
22168,6105,15000,5999.01,Active
22169,6105,2000,971.69,Closed
22170,6106,15000,9742.36,Active
22171,6106,30000,3566.03,Closed
22172,6106,5000,1454.51,Active
22173,6107,5000,3259.09,Active
22174,6107,5000,2424.24,Closed
22175,6108,10000,7539.47,Active
22176,6108,15000,13510.72,Active
22177,6109,5000,396.37,Closed
22178,6110,20000,4673.56,Active
22179,6110,10000,1307.42,Closed
22180,6111,15000,11401.5,Active
22181,6111,10000,5860.07,Closed
22182,6111,15000,9394.16,Active
22183,6112,20000,16684.79,Active
22184,6113,15000,8921.09,Active
22185,6113,2000,728.41,Active
22186,6114,5000,2226.81,Active
22187,6114,10000,5080.62,Active
22188,6115,5000,2541.27,Active
22189,6115,10000,1154.1,Active
22190,6116,5000,958.01,Closed
22191,6117,30000,13491.62,Closed
22192,6118,20000,8378.58,Closed
22193,6118,10000,6134.36,Active
22194,6118,15000,9972.81,Active
22195,6119,10000,5119.03,Active
22196,6119,20000,16099.55,Closed
22197,6119,5000,2920.25,Active
22198,6120,5000,4247.87,Active
22199,6121,20000,17849.21,Closed
22200,6121,10000,7803.44,Active
22201,6121,2000,414.08,Active
22202,6122,2000,395.2,Closed
22203,6122,10000,511.92,Closed
22204,6123,30000,11916.5,Closed
22205,6123,30000,21235.03,Closed
22206,6124,10000,4553.53,Closed
22207,6124,2000,434.1,Active
22208,6125,10000,7070.53,Active
22209,6126,2000,48.47,Active
22210,6126,15000,11784.88,Active
22211,6127,30000,20661.02,Closed
22212,6127,15000,11953.95,Active
22213,6127,15000,10893.18,Active
22214,6128,15000,9002.77,Active
22215,6128,20000,4428.83,Closed
22216,6129,30000,13879.3,Active
22217,6129,10000,8045.51,Active
22218,6130,30000,15922.45,Active
22219,6130,20000,8913.28,Active
22220,6130,30000,22003.83,Active
22221,6131,5000,4684.69,Active
22222,6131,2000,413.89,Active
22223,6131,2000,1182.31,Active
22224,6132,30000,21525.97,Active
22225,6132,15000,10488.09,Active
22226,6133,5000,3265.54,Active
22227,6133,2000,401.21,Active
22228,6134,15000,5622.59,Closed
22229,6134,30000,10249.69,Active
22230,6135,20000,15022.94,Closed
22231,6135,30000,25819.93,Closed
22232,6136,20000,9727.84,Active
22233,6136,10000,8108.75,Closed
22234,6136,20000,13916.74,Active
22235,6137,30000,16557.78,Active
22236,6137,2000,555.32,Active
22237,6138,20000,16009.73,Closed
22238,6138,2000,1229.88,Active
22239,6139,20000,13461.01,Active
22240,6139,5000,3033.43,Active
22241,6140,2000,1023.93,Active
22242,6141,15000,9556.19,Closed
22243,6142,20000,16276.22,Active
22244,6142,5000,84.27,Active
22245,6143,15000,13385.3,Active
22246,6144,30000,6506.91,Active
22247,6145,5000,1242.25,Active
22248,6145,10000,7171.61,Active
22249,6146,15000,14217.13,Active
22250,6146,2000,1897.06,Active
22251,6146,5000,1602.22,Active
22252,6147,10000,4525.67,Active
22253,6147,5000,3381.99,Closed
22254,6147,30000,2013.67,Active
22255,6148,10000,7472.3,Active
22256,6148,30000,16831.75,Active
22257,6148,10000,7341.34,Active
22258,6149,15000,7734.13,Closed
22259,6149,2000,272.61,Closed
22260,6149,15000,6995.52,Active
22261,6150,30000,26791.01,Active
22262,6151,10000,5994.7,Closed
22263,6151,2000,1886.71,Active
22264,6152,10000,7039.85,Active
22265,6153,10000,5305.49,Active
22266,6153,5000,4654.34,Active
22267,6153,5000,4133.18,Active
22268,6154,20000,14553.29,Active
22269,6155,2000,1847.52,Active
22270,6155,5000,1328.42,Closed
22271,6156,5000,1921.15,Active
22272,6157,5000,3791.54,Active
22273,6158,2000,388.66,Active
22274,6159,2000,555.48,Closed
22275,6159,2000,1523.57,Closed
22276,6160,5000,4013.94,Closed
22277,6160,15000,8628.99,Active
22278,6161,5000,4568.65,Active
22279,6161,2000,66.62,Active
22280,6161,15000,1934.95,Active
22281,6162,5000,384.31,Active
22282,6162,2000,1715.55,Active
22283,6162,2000,1390.88,Closed
22284,6163,20000,8014.78,Active
22285,6163,5000,682.91,Active
22286,6163,30000,24690.99,Active
22287,6164,15000,11634.69,Closed
22288,6164,30000,18350.4,Active
22289,6164,2000,1159.63,Closed
22290,6165,15000,1309.66,Active
22291,6166,2000,1879.25,Active
22292,6166,30000,15141.72,Closed
22293,6167,15000,2321.45,Active
22294,6167,15000,7289.15,Closed
22295,6167,15000,1375.54,Closed
22296,6168,5000,312.71,Active
22297,6169,30000,24845.12,Active
22298,6169,15000,5410.5,Closed
22299,6169,2000,1265.13,Closed
22300,6170,2000,2.74,Active
22301,6170,30000,12498.79,Closed
22302,6170,5000,3498.66,Active
22303,6171,5000,2101.66,Active
22304,6171,5000,0.37,Active
22305,6172,20000,10356.87,Active
22306,6173,10000,4024.52,Active
22307,6173,20000,5842.82,Active
22308,6174,20000,7877.62,Active
22309,6174,20000,12371.42,Closed
22310,6174,30000,7744.64,Active
22311,6175,5000,36.62,Active
22312,6175,5000,1795.92,Closed
22313,6175,20000,8945.36,Active
22314,6176,10000,3535.49,Closed
22315,6176,20000,6992.75,Active
22316,6177,15000,10048.72,Closed
22317,6177,10000,2036.46,Active
22318,6178,30000,27169.54,Active
22319,6178,5000,85.81,Active
22320,6179,5000,712.96,Active
22321,6180,10000,181.06,Active
22322,6180,5000,777.23,Closed
22323,6181,5000,3288.02,Active
22324,6181,30000,21670.65,Active
22325,6182,10000,9193.15,Closed
22326,6182,5000,465.71,Active
22327,6183,15000,6011.89,Active
22328,6183,30000,7217.25,Closed
22329,6183,15000,34.78,Active
22330,6184,20000,1128.38,Active
22331,6184,2000,93.02,Active
22332,6184,10000,4993.37,Closed
22333,6185,2000,1195.03,Active
22334,6185,20000,11457.06,Closed
22335,6186,15000,8593.4,Active
22336,6186,20000,14550.21,Active
22337,6186,20000,3718.14,Active
22338,6187,15000,11669.85,Active
22339,6187,20000,13674.7,Closed
22340,6187,20000,11036.21,Active
22341,6188,20000,2332.45,Closed
22342,6188,5000,2647.12,Closed
22343,6189,2000,1731.0,Closed
22344,6189,10000,1715.11,Active
22345,6189,5000,1579.95,Closed
22346,6190,20000,15842.39,Active
22347,6190,15000,7743.74,Closed
22348,6190,5000,3480.59,Active
22349,6191,2000,1101.55,Active
22350,6192,20000,4857.38,Closed
22351,6192,2000,1267.1,Active
22352,6193,5000,2822.71,Active
22353,6193,2000,1028.25,Closed
22354,6194,30000,4396.44,Closed
22355,6195,20000,1675.36,Active
22356,6196,15000,6275.23,Closed
22357,6196,20000,16214.11,Closed
22358,6197,30000,6524.23,Closed
22359,6197,2000,1012.27,Active
22360,6197,20000,862.73,Closed
22361,6198,15000,7144.63,Active
22362,6198,5000,156.75,Active
22363,6199,15000,3998.98,Closed
22364,6199,5000,4629.19,Active
22365,6199,15000,1672.22,Active
22366,6200,5000,1328.36,Closed
22367,6201,5000,1850.28,Active
22368,6201,20000,10194.37,Active
22369,6202,20000,15652.7,Closed
22370,6202,2000,401.8,Active
22371,6202,2000,760.41,Active
22372,6203,5000,1255.94,Closed
22373,6203,5000,2847.24,Active
22374,6204,5000,3838.0,Active
22375,6204,2000,21.37,Active
22376,6205,30000,20147.02,Active
22377,6205,20000,12318.38,Active
22378,6205,20000,14720.81,Active
22379,6206,20000,11816.4,Closed
22380,6207,30000,26586.05,Active
22381,6207,30000,27813.75,Active
22382,6208,2000,1766.58,Active
22383,6208,10000,5855.25,Active
22384,6208,20000,14355.12,Active
22385,6209,30000,17309.75,Active
22386,6209,10000,2143.96,Active
22387,6210,5000,4709.14,Active
22388,6210,20000,10741.38,Active
22389,6211,2000,925.91,Closed
22390,6211,15000,2029.48,Active
22391,6211,5000,3313.76,Active
22392,6212,30000,19236.47,Active
22393,6212,5000,1125.48,Active
22394,6213,5000,2359.7,Active
22395,6214,10000,7050.43,Closed
22396,6214,15000,11470.29,Closed
22397,6215,15000,9886.56,Active
22398,6215,20000,13145.71,Active
22399,6215,2000,479.07,Active
22400,6216,15000,9249.44,Active
22401,6216,2000,1768.23,Active
22402,6216,5000,3617.95,Active
22403,6217,10000,8287.37,Active
22404,6217,2000,764.83,Active
22405,6218,10000,5032.55,Active
22406,6218,20000,4161.83,Active
22407,6219,10000,2433.31,Active
22408,6220,10000,1736.0,Active
22409,6220,5000,455.6,Active
22410,6221,2000,360.12,Active
22411,6221,30000,2433.73,Closed
22412,6222,20000,11394.24,Active
22413,6222,2000,453.09,Active
22414,6223,15000,8319.14,Active
22415,6223,15000,188.96,Closed
22416,6224,10000,6729.6,Active
22417,6224,15000,11716.67,Active
22418,6224,15000,12874.16,Active
22419,6225,20000,16180.3,Active
22420,6226,30000,22997.25,Active
22421,6227,15000,11791.05,Active
22422,6228,15000,8235.17,Active
22423,6228,20000,2760.04,Active
22424,6228,10000,1257.19,Closed
22425,6229,20000,11447.44,Closed
22426,6229,5000,2400.24,Active
22427,6229,2000,1483.55,Active
22428,6230,10000,535.87,Active
22429,6230,2000,954.67,Active
22430,6230,10000,3641.59,Active
22431,6231,5000,3534.22,Active
22432,6231,5000,3099.91,Active
22433,6231,10000,6666.09,Active
22434,6232,20000,10777.89,Active
22435,6232,10000,5825.97,Active
22436,6232,20000,18492.24,Active
22437,6233,20000,16603.9,Closed
22438,6234,10000,4361.03,Active
22439,6234,15000,9140.9,Active
22440,6235,10000,2408.13,Closed
22441,6235,10000,5030.14,Active
22442,6235,10000,3791.55,Active
22443,6236,2000,1630.01,Active
22444,6237,15000,14201.38,Active
22445,6237,10000,5948.39,Active
22446,6238,2000,1632.22,Active
22447,6238,30000,22191.33,Active
22448,6239,2000,792.39,Active
22449,6239,15000,6166.91,Active
22450,6240,2000,1870.57,Active
22451,6240,20000,16198.85,Active
22452,6241,15000,6101.84,Closed
22453,6241,20000,16934.92,Active
22454,6241,15000,8164.31,Active
22455,6242,2000,1760.82,Active
22456,6242,15000,3798.37,Closed
22457,6242,5000,4162.62,Active
22458,6243,5000,1546.63,Active
22459,6243,2000,1318.42,Closed
22460,6243,2000,1125.73,Active
22461,6244,15000,6021.87,Active
22462,6245,2000,1727.64,Active
22463,6245,5000,1193.03,Active
22464,6246,2000,191.35,Active
22465,6247,15000,9234.5,Active
22466,6248,15000,6412.76,Active
22467,6249,5000,35.32,Active
22468,6250,10000,3514.95,Active
22469,6251,15000,7609.66,Active
22470,6252,10000,3665.83,Active
22471,6253,5000,2446.12,Active
22472,6253,30000,4372.18,Active
22473,6253,15000,4558.44,Closed
22474,6254,20000,647.38,Active
22475,6254,20000,773.98,Active
22476,6255,10000,8620.48,Active
22477,6255,30000,21479.39,Active
22478,6255,10000,4456.64,Active
22479,6256,2000,1621.16,Active
22480,6257,30000,15489.71,Active
22481,6258,20000,2024.17,Active
22482,6258,15000,6470.84,Active
22483,6259,30000,26212.73,Active
22484,6259,20000,18617.56,Active
22485,6259,10000,6362.21,Active
22486,6260,10000,4063.02,Active
22487,6260,20000,12498.51,Active
22488,6261,2000,862.87,Active
22489,6261,2000,1648.59,Closed
22490,6262,15000,12018.67,Closed
22491,6262,15000,6101.79,Active
22492,6263,10000,6336.95,Active
22493,6263,30000,19521.94,Active
22494,6264,15000,6064.22,Active
22495,6264,20000,11793.67,Active
22496,6265,20000,865.45,Active
22497,6265,10000,2674.94,Active
22498,6265,5000,4246.81,Active
22499,6266,5000,876.61,Closed
22500,6266,10000,4848.54,Active
22501,6267,30000,3069.94,Closed
22502,6267,2000,592.9,Active
22503,6267,20000,9817.8,Closed
22504,6268,30000,9551.82,Active
22505,6269,10000,7142.73,Active
22506,6269,2000,1250.7,Active
22507,6269,30000,5690.34,Active
22508,6270,15000,1619.98,Active
22509,6270,15000,12777.92,Active
22510,6271,20000,5501.06,Active
22511,6271,10000,2913.81,Active
22512,6272,5000,3553.7,Active
22513,6272,20000,16888.83,Active
22514,6273,15000,1085.04,Closed
22515,6273,20000,3049.1,Active
22516,6274,20000,10379.42,Active
22517,6274,30000,5615.32,Active
22518,6275,30000,21411.36,Closed
22519,6275,10000,143.51,Closed
22520,6275,10000,4246.36,Active
22521,6276,5000,2897.88,Active
22522,6276,20000,11940.76,Active
22523,6277,15000,4947.78,Active
22524,6277,15000,6912.74,Active
22525,6277,15000,1777.05,Active
22526,6278,10000,2494.15,Active
22527,6278,2000,164.03,Active
22528,6278,20000,6008.89,Active
22529,6279,2000,1111.55,Active
22530,6279,10000,992.47,Active
22531,6280,15000,3375.74,Active
22532,6280,2000,126.68,Closed
22533,6280,2000,1274.6,Active
22534,6281,30000,10848.08,Active
22535,6281,10000,2906.4,Active
22536,6281,5000,2338.21,Active
22537,6282,2000,183.11,Active
22538,6283,20000,1816.92,Closed
22539,6283,30000,3111.52,Active
22540,6284,10000,8370.36,Active
22541,6285,15000,6062.79,Active
22542,6286,30000,17644.12,Active
22543,6287,2000,1195.65,Active
22544,6287,2000,1175.43,Closed
22545,6288,20000,7112.44,Active
22546,6289,10000,8584.34,Active
22547,6289,10000,5537.31,Active
22548,6289,10000,5532.99,Active
22549,6290,20000,14721.25,Closed
22550,6290,5000,1822.39,Active
22551,6291,5000,2825.14,Closed
22552,6291,30000,2219.72,Active
22553,6292,10000,2291.82,Active
22554,6292,15000,11795.82,Active
22555,6292,20000,2658.5,Closed
22556,6293,5000,4650.42,Active
22557,6293,20000,11478.69,Closed
22558,6293,2000,1496.52,Closed
22559,6294,10000,3233.66,Active
22560,6294,2000,1259.69,Closed
22561,6295,2000,497.26,Active
22562,6295,30000,17390.91,Active
22563,6295,20000,1589.24,Closed
22564,6296,5000,250.61,Active
22565,6297,30000,23487.91,Active
22566,6297,30000,28348.55,Closed
22567,6298,5000,981.96,Closed
22568,6299,15000,8736.79,Active
22569,6300,10000,7895.91,Active
22570,6301,15000,12691.13,Active
22571,6301,20000,913.39,Closed
22572,6301,5000,1694.03,Active
22573,6302,5000,1987.04,Active
22574,6303,20000,3914.59,Active
22575,6303,5000,4566.57,Closed
22576,6304,10000,8012.96,Active
22577,6305,30000,18769.84,Closed
22578,6306,5000,1998.85,Closed
22579,6306,2000,1358.53,Closed
22580,6307,15000,3637.45,Active
22581,6308,10000,852.29,Active
22582,6308,2000,1742.04,Closed
22583,6308,10000,865.71,Active
22584,6309,20000,16237.81,Active
22585,6309,15000,5232.42,Active
22586,6309,30000,1407.39,Active
22587,6310,10000,8779.98,Active
22588,6310,15000,580.29,Closed
22589,6310,5000,2565.09,Active
22590,6311,5000,2473.08,Active
22591,6312,15000,8681.34,Active
22592,6312,20000,12279.27,Active
22593,6313,10000,3489.19,Active
22594,6313,5000,1548.68,Closed
22595,6313,10000,8238.35,Active
22596,6314,20000,5144.87,Closed
22597,6315,10000,3782.42,Active
22598,6315,2000,308.55,Active
22599,6316,5000,2546.34,Closed
22600,6316,15000,5811.74,Active
22601,6317,2000,399.33,Active
22602,6317,2000,318.54,Active
22603,6318,5000,3059.04,Closed
22604,6319,5000,3044.78,Active
22605,6319,5000,350.06,Active
22606,6320,20000,4075.16,Active
22607,6320,10000,6421.03,Active
22608,6320,15000,4111.67,Active
22609,6321,15000,12619.38,Active
22610,6321,20000,13169.54,Active
22611,6321,5000,1765.33,Active
22612,6322,2000,1184.19,Active
22613,6323,30000,7093.52,Active
22614,6323,5000,4581.24,Active
22615,6324,15000,2788.63,Active
22616,6325,15000,13474.21,Active
22617,6325,15000,13578.18,Active
22618,6326,10000,4467.05,Active
22619,6326,15000,11108.12,Closed
22620,6326,2000,32.65,Active
22621,6327,2000,73.9,Active
22622,6327,2000,308.44,Active
22623,6327,30000,3986.6,Active
22624,6328,2000,339.85,Closed
22625,6328,20000,9728.47,Active
22626,6329,5000,2638.56,Active
22627,6330,10000,9273.71,Active
22628,6331,5000,2982.57,Closed
22629,6331,30000,28475.42,Active
22630,6332,10000,2508.78,Active
22631,6333,2000,638.54,Active
22632,6333,10000,3057.55,Closed
22633,6334,20000,16375.57,Closed
22634,6334,20000,9500.79,Active
22635,6335,30000,3552.76,Active
22636,6336,2000,395.3,Closed
22637,6336,20000,5671.75,Active
22638,6336,5000,3354.75,Closed
22639,6337,10000,3375.65,Active
22640,6338,20000,12929.06,Active
22641,6338,5000,3407.01,Active
22642,6339,2000,1665.13,Active
22643,6340,2000,1078.39,Active
22644,6340,5000,951.2,Active
22645,6341,10000,3236.98,Active
22646,6341,15000,13780.06,Closed
22647,6342,30000,22178.55,Closed
22648,6342,2000,1671.01,Active
22649,6343,15000,4049.6,Active
22650,6343,2000,1182.81,Closed
22651,6344,20000,18586.15,Active
22652,6344,2000,915.24,Closed
22653,6344,15000,13366.38,Closed
22654,6345,20000,11527.36,Active
22655,6345,30000,14951.38,Active
22656,6345,20000,18965.6,Active
22657,6346,20000,5517.45,Closed
22658,6346,10000,3693.38,Active
22659,6346,5000,4575.29,Active
22660,6347,30000,18871.01,Active
22661,6347,5000,1373.1,Active
22662,6347,10000,1074.25,Active
22663,6348,15000,12910.96,Closed
22664,6348,5000,1582.87,Active
22665,6348,5000,4177.85,Active
22666,6349,20000,14728.41,Closed
22667,6350,15000,7148.12,Active
22668,6350,20000,15833.26,Active
22669,6351,2000,168.9,Active
22670,6352,2000,1353.54,Closed
22671,6353,2000,578.92,Active
22672,6353,15000,2946.12,Closed
22673,6354,10000,6501.9,Active
22674,6354,30000,5727.1,Active
22675,6354,10000,3359.83,Closed
22676,6355,30000,1287.86,Active
22677,6356,2000,1896.75,Active
22678,6356,15000,4710.14,Closed
22679,6356,2000,1058.73,Active
22680,6357,15000,8690.0,Active
22681,6357,10000,8242.67,Active
22682,6357,5000,1215.29,Active
22683,6358,2000,497.31,Active
22684,6359,5000,3523.49,Active
22685,6359,10000,6718.41,Closed
22686,6360,15000,1980.0,Active
22687,6361,20000,2042.24,Active
22688,6361,30000,7767.28,Active
22689,6361,10000,1179.23,Active
22690,6362,2000,554.44,Active
22691,6362,2000,1060.88,Active
22692,6362,30000,2257.01,Active
22693,6363,10000,4552.39,Active
22694,6363,30000,4604.11,Closed
22695,6363,5000,3722.09,Active
22696,6364,5000,815.86,Closed
22697,6365,15000,1933.11,Active
22698,6365,30000,6247.49,Active
22699,6366,10000,2012.88,Closed
22700,6366,2000,1609.78,Active
22701,6367,2000,1020.05,Active
22702,6367,15000,4035.25,Active
22703,6368,10000,6390.61,Closed
22704,6369,30000,9616.49,Active
22705,6369,15000,11307.23,Closed
22706,6369,20000,16266.81,Active
22707,6370,2000,1041.36,Active
22708,6370,5000,723.96,Closed
22709,6370,15000,1751.75,Active
22710,6371,20000,743.38,Closed
22711,6372,5000,38.05,Closed
22712,6373,30000,436.25,Closed
22713,6373,30000,7034.86,Active
22714,6373,30000,9067.44,Active
22715,6374,15000,4867.47,Active
22716,6375,2000,835.74,Active
22717,6376,10000,8505.46,Active
22718,6376,15000,8529.45,Active
22719,6376,20000,7396.25,Active
22720,6377,5000,2221.63,Closed
22721,6377,10000,5228.24,Active
22722,6377,10000,1883.97,Active
22723,6378,5000,168.53,Active
22724,6378,10000,2188.96,Active
22725,6379,2000,379.43,Active
22726,6380,15000,8199.22,Closed
22727,6380,10000,4227.87,Active
22728,6381,5000,4388.81,Active
22729,6382,2000,677.89,Closed
22730,6383,5000,2898.39,Active
22731,6383,5000,669.82,Closed
22732,6383,5000,412.83,Active
22733,6384,2000,1126.71,Active
22734,6385,30000,27450.6,Active
22735,6386,20000,2232.47,Active
22736,6386,10000,7799.12,Active
22737,6386,5000,4079.61,Closed
22738,6387,15000,1253.41,Closed
22739,6387,10000,3977.78,Active
22740,6388,2000,1419.09,Active
22741,6388,10000,1603.26,Active
22742,6389,5000,4186.42,Active
22743,6390,20000,12539.03,Active
22744,6390,30000,16974.22,Active
22745,6391,10000,5662.85,Closed
22746,6391,10000,9248.47,Closed
22747,6391,10000,5222.92,Active
22748,6392,5000,566.6,Closed
22749,6392,2000,1860.64,Closed
22750,6393,2000,1813.74,Active
22751,6393,2000,272.97,Active
22752,6394,10000,388.64,Active
22753,6394,10000,9309.61,Active
22754,6395,15000,12682.13,Active
22755,6396,15000,2804.77,Closed
22756,6397,2000,1821.4,Active
22757,6397,20000,2185.51,Active
22758,6397,2000,1283.95,Active
22759,6398,20000,11942.17,Active
22760,6398,15000,13314.34,Active
22761,6399,5000,3469.19,Active
22762,6399,15000,13497.68,Active
22763,6400,10000,8940.86,Active
22764,6400,15000,6931.88,Closed
22765,6400,20000,18168.73,Closed
22766,6401,10000,3703.76,Active
22767,6401,15000,8490.98,Closed
22768,6401,30000,5542.77,Active
22769,6402,5000,979.09,Active
22770,6402,15000,8764.45,Active
22771,6402,2000,1576.74,Active
22772,6403,30000,27074.96,Closed
22773,6404,20000,10766.78,Active
22774,6405,20000,5379.21,Active
22775,6405,20000,6684.86,Active
22776,6406,15000,5054.28,Active
22777,6406,15000,10530.98,Active
22778,6406,20000,5380.08,Active
22779,6407,5000,1892.06,Closed
22780,6407,20000,16732.79,Active
22781,6407,20000,8709.97,Active
22782,6408,15000,1020.75,Active
22783,6408,2000,1074.66,Closed
22784,6408,15000,996.57,Active
22785,6409,5000,2948.08,Active
22786,6409,5000,3475.66,Closed
22787,6409,20000,11382.8,Active
22788,6410,15000,8100.47,Active
22789,6411,30000,25035.87,Active
22790,6412,30000,21330.54,Closed
22791,6412,30000,23853.0,Active
22792,6413,5000,234.01,Closed
22793,6414,2000,1579.7,Active
22794,6415,20000,11881.18,Active
22795,6416,20000,15815.56,Active
22796,6416,30000,19581.38,Active
22797,6416,2000,882.92,Active
22798,6417,2000,1499.86,Active
22799,6418,30000,15773.3,Active
22800,6418,5000,2737.64,Active
22801,6419,2000,1327.61,Active
22802,6420,20000,11068.71,Closed
22803,6420,5000,2570.11,Closed
22804,6420,20000,2989.35,Closed
22805,6421,15000,13426.16,Active
22806,6421,5000,1859.63,Active
22807,6422,5000,2817.49,Closed
22808,6423,10000,988.49,Active
22809,6423,30000,7416.22,Closed
22810,6424,15000,3858.23,Active
22811,6424,15000,2211.95,Active
22812,6425,20000,1227.14,Active
22813,6425,20000,11673.69,Active
22814,6426,20000,13357.58,Active
22815,6426,2000,329.04,Active
22816,6426,2000,396.12,Active
22817,6427,10000,2257.35,Active
22818,6427,20000,2273.17,Active
22819,6427,2000,1100.48,Active
22820,6428,30000,27362.8,Closed
22821,6429,15000,3550.87,Active
22822,6429,2000,1188.73,Active
22823,6429,15000,10730.84,Active
22824,6430,10000,501.58,Active
22825,6430,10000,2270.95,Active
22826,6430,15000,1379.66,Active
22827,6431,20000,16849.89,Active
22828,6431,5000,3354.26,Active
22829,6431,30000,7515.5,Active
22830,6432,2000,1280.93,Active
22831,6432,30000,27404.56,Active
22832,6433,2000,987.29,Active
22833,6433,2000,1794.44,Closed
22834,6434,5000,1142.5,Active
22835,6435,15000,198.75,Active
22836,6436,30000,18944.83,Active
22837,6436,2000,461.51,Closed
22838,6437,5000,1968.38,Active
22839,6438,10000,1160.66,Active
22840,6438,5000,1710.59,Active
22841,6438,20000,6648.53,Closed
22842,6439,10000,4684.15,Active
22843,6440,15000,4030.92,Active
22844,6441,15000,5850.23,Active
22845,6441,15000,1516.05,Active
22846,6441,5000,3251.98,Active
22847,6442,2000,1685.99,Active
22848,6443,20000,14674.96,Active
22849,6443,30000,3442.13,Active
22850,6444,10000,4993.69,Active
22851,6444,2000,178.13,Closed
22852,6444,2000,250.12,Active
22853,6445,10000,6021.55,Closed
22854,6446,5000,2423.68,Active
22855,6446,2000,1490.72,Active
22856,6446,20000,2160.07,Active
22857,6447,5000,1598.83,Active
22858,6447,2000,758.31,Closed
22859,6447,15000,699.17,Closed
22860,6448,15000,7993.97,Active
22861,6449,20000,17026.21,Active
22862,6449,15000,7304.32,Closed
22863,6450,20000,1457.54,Active
22864,6451,5000,1459.07,Closed
22865,6451,30000,1302.5,Active
22866,6451,2000,1231.96,Active
22867,6452,5000,4709.03,Active
22868,6452,5000,4739.84,Active
22869,6453,5000,540.25,Active
22870,6454,10000,7966.55,Active
22871,6454,10000,5976.16,Active
22872,6454,30000,8575.44,Active
22873,6455,10000,7222.33,Active
22874,6456,20000,8824.41,Active
22875,6456,5000,3782.93,Closed
22876,6457,10000,5506.59,Active
22877,6458,2000,1122.41,Closed
22878,6459,30000,20816.0,Active
22879,6459,5000,1314.6,Active
22880,6459,2000,490.81,Active
22881,6460,30000,2469.51,Active
22882,6461,2000,842.26,Closed
22883,6462,2000,905.75,Closed
22884,6462,30000,26499.38,Closed
22885,6463,30000,11455.21,Active
22886,6463,15000,4429.01,Active
22887,6463,30000,27755.5,Closed
22888,6464,20000,5880.92,Active
22889,6465,2000,1015.65,Closed
22890,6465,20000,2654.05,Active
22891,6465,10000,8519.43,Active
22892,6466,10000,4179.37,Active
22893,6466,15000,10773.51,Active
22894,6467,5000,3707.48,Closed
22895,6468,30000,27504.26,Active
22896,6469,30000,27701.56,Active
22897,6470,2000,1805.64,Active
22898,6470,20000,12863.55,Active
22899,6471,15000,10482.4,Active
22900,6472,2000,1699.13,Active
22901,6473,15000,796.48,Closed
22902,6474,20000,17511.77,Active
22903,6474,15000,1911.99,Active
22904,6475,20000,4093.77,Active
22905,6475,20000,17871.61,Active
22906,6475,10000,4573.52,Active
22907,6476,15000,1259.04,Active
22908,6476,15000,4526.23,Active
22909,6476,15000,12211.33,Active
22910,6477,30000,12209.03,Closed
22911,6478,15000,6520.09,Active
22912,6478,15000,11016.09,Active
22913,6479,2000,266.66,Closed
22914,6480,2000,992.39,Active
22915,6481,10000,5947.04,Active
22916,6481,10000,5411.94,Closed
22917,6481,30000,16805.99,Active
22918,6482,5000,1717.32,Active
22919,6482,5000,1639.68,Closed
22920,6483,10000,268.63,Active
22921,6484,10000,8281.66,Active
22922,6485,2000,1596.91,Closed
22923,6485,2000,957.56,Active
22924,6485,2000,1556.34,Active
22925,6486,5000,764.99,Closed
22926,6486,20000,7099.28,Active
22927,6487,30000,19663.1,Active
22928,6488,5000,1040.25,Active
22929,6488,2000,1073.69,Active
22930,6488,2000,90.13,Closed
22931,6489,10000,5264.38,Active
22932,6489,2000,1694.25,Active
22933,6490,15000,4742.8,Active
22934,6490,5000,3961.94,Closed
22935,6491,15000,531.18,Active
22936,6491,20000,6173.21,Active
22937,6491,5000,3240.43,Closed
22938,6492,20000,10708.93,Active
22939,6492,15000,2748.88,Active
22940,6492,20000,14491.3,Active
22941,6493,5000,3649.72,Closed
22942,6493,10000,5040.99,Active
22943,6493,15000,1896.42,Closed
22944,6494,15000,9981.74,Closed
22945,6495,30000,27551.94,Active
22946,6495,15000,13069.76,Closed
22947,6496,5000,2839.2,Active
22948,6496,30000,22474.78,Closed
22949,6497,2000,679.28,Active
22950,6497,30000,15397.27,Closed
22951,6497,20000,10339.67,Active
22952,6498,30000,7546.29,Active
22953,6498,10000,3114.93,Active
22954,6498,15000,10719.47,Closed
22955,6499,10000,362.64,Closed
22956,6500,10000,388.94,Closed
22957,6500,5000,1261.18,Active
22958,6501,30000,27145.37,Closed
22959,6501,15000,7361.48,Active
22960,6501,2000,192.7,Active
22961,6502,5000,2496.4,Active
22962,6502,15000,13123.66,Active
22963,6502,10000,8318.87,Active
22964,6503,5000,1313.29,Active
22965,6504,20000,18712.91,Active
22966,6505,30000,21781.61,Active
22967,6505,10000,158.18,Closed
22968,6505,5000,1481.81,Closed
22969,6506,30000,5586.55,Active
22970,6506,15000,13209.59,Active
22971,6506,5000,1950.11,Active
22972,6507,5000,1104.86,Active
22973,6507,5000,1452.59,Active
22974,6508,15000,9338.06,Active
22975,6508,5000,4579.94,Active
22976,6509,30000,26836.98,Active
22977,6510,10000,2811.2,Closed
22978,6510,20000,7953.25,Closed
22979,6510,15000,11430.99,Active
22980,6511,15000,8069.42,Active
22981,6512,20000,1443.76,Active
22982,6512,15000,6354.3,Active
22983,6512,15000,273.45,Active
22984,6513,2000,1429.47,Active
22985,6514,10000,3837.7,Active
22986,6514,10000,4583.16,Closed
22987,6514,5000,327.56,Active
22988,6515,20000,490.98,Closed
22989,6516,30000,9787.78,Active
22990,6516,2000,1527.88,Active
22991,6516,10000,2604.73,Active
22992,6517,15000,9688.85,Active
22993,6517,10000,6907.16,Active
22994,6518,10000,4121.14,Active
22995,6518,2000,311.15,Closed
22996,6519,20000,10796.62,Active
22997,6519,20000,13310.04,Active
22998,6520,15000,416.64,Active
22999,6521,15000,10101.3,Active
23000,6521,30000,13007.26,Active
23001,6521,30000,23753.23,Active
23002,6522,10000,4934.43,Active
23003,6522,5000,1080.27,Closed
23004,6522,15000,13061.17,Closed
23005,6523,15000,8711.52,Active
23006,6523,15000,5528.54,Active
23007,6524,5000,1317.11,Active
23008,6525,10000,1483.99,Active
23009,6525,15000,6288.63,Closed
23010,6525,30000,26656.55,Closed
23011,6526,20000,6436.48,Closed
23012,6526,20000,7062.61,Active
23013,6527,2000,1473.89,Active
23014,6527,10000,1306.68,Active
23015,6528,15000,7668.79,Active
23016,6528,30000,17582.29,Active
23017,6529,15000,4928.68,Active
23018,6530,20000,9320.15,Active
23019,6530,10000,1024.73,Closed
23020,6530,15000,7556.7,Active
23021,6531,30000,1936.85,Active
23022,6531,20000,17143.35,Closed
23023,6532,10000,4226.98,Closed
23024,6532,5000,2774.91,Active
23025,6533,5000,319.74,Closed
23026,6534,15000,6931.93,Closed
23027,6535,15000,9509.96,Closed
23028,6536,30000,20365.11,Active
23029,6536,30000,26201.34,Active
23030,6537,30000,20032.78,Active
23031,6537,15000,7623.58,Active
23032,6538,5000,685.15,Active
23033,6538,15000,2981.7,Closed
23034,6539,2000,1009.42,Closed
23035,6539,10000,7333.04,Active
23036,6540,2000,252.01,Active
23037,6541,30000,24471.6,Active
23038,6542,20000,9534.22,Closed
23039,6542,20000,891.04,Closed
23040,6542,30000,14506.62,Active
23041,6543,30000,7223.74,Closed
23042,6544,2000,938.88,Active
23043,6545,5000,2916.89,Closed
23044,6545,2000,203.33,Active
23045,6545,10000,6574.05,Active
23046,6546,15000,4392.45,Active
23047,6547,15000,13634.47,Active
23048,6547,10000,1464.67,Active
23049,6548,15000,7997.6,Active
23050,6548,10000,1090.07,Active
23051,6548,5000,27.0,Active
23052,6549,15000,10211.56,Active
23053,6550,30000,2300.76,Active
23054,6551,5000,390.75,Active
23055,6552,20000,978.41,Active
23056,6552,15000,13876.07,Active
23057,6552,10000,3419.14,Closed
23058,6553,10000,6523.16,Active
23059,6554,20000,3428.96,Active
23060,6555,5000,4722.69,Active
23061,6556,30000,6869.78,Closed
23062,6556,20000,15423.63,Active
23063,6556,20000,9833.08,Active
23064,6557,20000,12181.56,Active
23065,6557,15000,8556.03,Closed
23066,6557,5000,656.49,Closed
23067,6558,20000,5184.66,Active
23068,6558,15000,2018.87,Active
23069,6559,5000,2214.64,Active
23070,6559,10000,8690.27,Closed
23071,6559,20000,9979.2,Active
23072,6560,20000,18571.54,Active
23073,6560,20000,1164.4,Closed
23074,6560,2000,1089.97,Closed
23075,6561,5000,4624.83,Closed
23076,6561,5000,4379.11,Closed
23077,6561,10000,3852.09,Active
23078,6562,20000,17518.02,Closed
23079,6562,5000,4683.28,Active
23080,6562,10000,3693.98,Active
23081,6563,5000,3457.39,Active
23082,6564,30000,26473.08,Active
23083,6565,10000,5566.14,Active
23084,6565,20000,9797.79,Active
23085,6566,5000,180.79,Active
23086,6567,30000,2745.87,Active
23087,6567,30000,19515.5,Active
23088,6568,5000,1820.59,Active
23089,6569,10000,2761.23,Active
23090,6570,15000,9536.32,Active
23091,6570,5000,2320.64,Active
23092,6570,20000,16332.63,Closed
23093,6571,15000,5297.99,Active
23094,6571,2000,390.72,Active
23095,6572,15000,378.82,Active
23096,6572,10000,7221.29,Closed
23097,6572,20000,14192.26,Active
23098,6573,15000,6664.77,Active
23099,6574,10000,4011.01,Active
23100,6574,2000,1475.25,Active
23101,6574,5000,1036.78,Active
23102,6575,30000,23029.12,Active
23103,6575,5000,2121.31,Closed
23104,6575,15000,3364.71,Active
23105,6576,10000,5111.59,Active
23106,6576,20000,8033.72,Active
23107,6576,10000,5723.89,Closed
23108,6577,5000,658.33,Active
23109,6577,2000,1731.91,Active
23110,6577,5000,1689.64,Active
23111,6578,20000,11655.45,Active
23112,6578,30000,17577.36,Active
23113,6578,2000,906.65,Active
23114,6579,2000,242.45,Active
23115,6579,15000,295.51,Closed
23116,6580,2000,868.81,Active
23117,6580,10000,2409.75,Active
23118,6581,30000,23533.09,Closed
23119,6581,10000,6213.82,Closed
23120,6582,2000,438.06,Active
23121,6583,30000,28356.78,Closed
23122,6583,5000,556.3,Active
23123,6584,10000,1494.48,Active
23124,6585,20000,13778.93,Closed
23125,6585,5000,2716.48,Active
23126,6586,20000,5447.56,Active
23127,6586,30000,2837.06,Active
23128,6587,2000,365.51,Active
23129,6587,20000,12906.65,Closed
23130,6587,5000,1795.56,Active
23131,6588,15000,4987.11,Active
23132,6588,15000,9032.29,Active
23133,6588,15000,4356.16,Active
23134,6589,2000,328.69,Closed
23135,6589,5000,4414.4,Active
23136,6589,15000,3554.2,Closed
23137,6590,30000,18168.79,Closed
23138,6590,2000,719.64,Active
23139,6590,20000,13497.81,Active
23140,6591,30000,19473.24,Active
23141,6591,20000,15611.72,Active
23142,6591,5000,3539.32,Active
23143,6592,15000,2045.53,Active
23144,6592,2000,327.11,Active
23145,6593,20000,8960.22,Active
23146,6594,2000,1021.41,Active
23147,6595,5000,4693.68,Active
23148,6596,5000,3561.55,Active
23149,6597,20000,4465.7,Active
23150,6597,15000,14048.91,Active
23151,6597,20000,10853.7,Active
23152,6598,15000,5457.36,Closed
23153,6598,2000,1588.01,Active
23154,6599,10000,4466.55,Active
23155,6600,15000,11748.29,Active
23156,6600,2000,1718.67,Active
23157,6601,2000,1502.03,Closed
23158,6601,10000,553.74,Closed
23159,6601,20000,10086.21,Active
23160,6602,30000,12243.85,Active
23161,6602,5000,2208.01,Active
23162,6603,15000,283.54,Active
23163,6604,5000,3271.42,Active
23164,6605,15000,11718.0,Active
23165,6606,30000,13195.99,Active
23166,6607,30000,19160.87,Active
23167,6607,10000,8691.43,Closed
23168,6607,20000,15459.22,Active
23169,6608,10000,3625.12,Closed
23170,6608,15000,6652.03,Active
23171,6609,20000,16281.43,Active
23172,6609,10000,1575.33,Active
23173,6610,2000,9.59,Active
23174,6611,2000,402.28,Closed
23175,6611,10000,1817.97,Active
23176,6611,15000,10426.2,Active
23177,6612,5000,2411.29,Active
23178,6612,5000,4554.45,Active
23179,6613,30000,26833.81,Active
23180,6613,5000,2284.18,Active
23181,6614,30000,4026.65,Active
23182,6614,30000,6706.39,Active
23183,6614,2000,219.65,Active
23184,6615,15000,7036.81,Active
23185,6616,20000,18985.07,Closed
23186,6616,2000,80.37,Active
23187,6617,2000,1685.66,Active
23188,6618,20000,17047.08,Active
23189,6619,30000,7641.7,Active
23190,6619,20000,4089.69,Active
23191,6619,10000,4827.92,Active
23192,6620,2000,243.95,Closed
23193,6620,5000,409.43,Active
23194,6621,10000,6016.91,Active
23195,6621,30000,537.63,Closed
23196,6621,10000,4733.62,Active
23197,6622,10000,935.87,Active
23198,6622,2000,967.04,Active
23199,6623,30000,15719.59,Active
23200,6623,15000,772.64,Active
23201,6623,10000,2433.15,Active
23202,6624,2000,1268.49,Active
23203,6625,20000,6970.51,Active
23204,6626,20000,17878.86,Active
23205,6627,5000,763.99,Closed
23206,6627,30000,7974.97,Active
23207,6627,15000,654.56,Closed
23208,6628,5000,1085.56,Closed
23209,6628,30000,1083.42,Active
23210,6629,10000,1829.63,Active
23211,6629,10000,2797.92,Closed
23212,6630,5000,2246.66,Active
23213,6631,30000,1084.86,Active
23214,6632,5000,3074.6,Closed
23215,6632,15000,4468.09,Active
23216,6633,30000,628.01,Active
23217,6633,20000,8239.46,Closed
23218,6634,20000,18423.13,Closed
23219,6635,2000,161.39,Active
23220,6635,20000,10966.88,Active
23221,6636,2000,1875.31,Active
23222,6636,20000,8184.67,Active
23223,6636,10000,5339.85,Active
23224,6637,20000,9367.94,Active
23225,6638,30000,10756.51,Active
23226,6639,20000,16432.26,Active
23227,6639,20000,11960.0,Closed
23228,6640,2000,980.42,Closed
23229,6640,2000,1252.6,Active
23230,6640,30000,11248.76,Closed
23231,6641,10000,8563.09,Active
23232,6642,15000,13342.15,Active
23233,6642,5000,136.09,Active
23234,6642,10000,7350.7,Active
23235,6643,2000,376.49,Active
23236,6644,2000,1261.34,Closed
23237,6644,10000,3854.3,Active
23238,6644,10000,7072.66,Active
23239,6645,2000,963.22,Active
23240,6645,5000,1378.74,Active
23241,6645,2000,1697.94,Active
23242,6646,30000,28173.24,Closed
23243,6646,15000,7211.56,Active
23244,6647,2000,943.73,Active
23245,6647,5000,4463.79,Active
23246,6648,2000,733.61,Closed
23247,6648,2000,1707.35,Closed
23248,6648,15000,9482.94,Active
23249,6649,5000,1351.33,Active
23250,6650,15000,12422.05,Closed
23251,6651,15000,4430.37,Closed
23252,6652,2000,900.08,Active
23253,6652,20000,5167.9,Active
23254,6653,2000,53.71,Active
23255,6654,5000,1134.29,Active
23256,6655,2000,524.94,Active
23257,6655,10000,8699.24,Active
23258,6655,2000,1380.62,Active
23259,6656,20000,3071.63,Active
23260,6656,30000,18132.77,Active
23261,6656,20000,2849.92,Closed
23262,6657,10000,2741.59,Closed
23263,6658,15000,13545.66,Active
23264,6658,15000,1075.87,Active
23265,6658,15000,7992.48,Active
23266,6659,30000,18105.06,Active
23267,6659,5000,4332.5,Active
23268,6660,15000,4411.36,Active
23269,6660,30000,27436.88,Active
23270,6660,10000,4895.76,Active
23271,6661,5000,3312.39,Active
23272,6661,20000,14978.65,Active
23273,6661,20000,16872.04,Closed
23274,6662,15000,1728.37,Closed
23275,6662,20000,12066.07,Closed
23276,6663,2000,257.67,Closed
23277,6663,15000,9739.98,Active
23278,6663,15000,10397.59,Active
23279,6664,30000,27875.42,Closed
23280,6664,30000,764.17,Closed
23281,6664,30000,22365.27,Active
23282,6665,10000,8800.07,Closed
23283,6665,10000,7978.8,Closed
23284,6666,30000,27174.69,Closed
23285,6666,15000,6180.02,Active
23286,6667,30000,22580.34,Active
23287,6667,2000,1714.65,Active
23288,6667,2000,1391.5,Closed
23289,6668,5000,912.67,Active
23290,6668,15000,3348.78,Active
23291,6668,20000,4537.27,Closed
23292,6669,30000,2660.07,Active
23293,6669,15000,7107.3,Closed
23294,6670,15000,743.81,Active
23295,6670,30000,23343.58,Active
23296,6671,15000,43.04,Active
23297,6671,5000,386.45,Closed
23298,6672,5000,316.87,Active
23299,6673,30000,9469.69,Closed
23300,6674,20000,11091.97,Active
23301,6674,5000,4670.12,Active
23302,6674,20000,12474.53,Active
23303,6675,15000,5676.5,Active
23304,6675,2000,972.93,Active
23305,6676,30000,908.65,Active
23306,6676,30000,19160.76,Active
23307,6677,5000,895.01,Active
23308,6677,10000,7038.4,Active
23309,6678,10000,5934.2,Closed
23310,6678,10000,8482.66,Closed
23311,6679,30000,15559.66,Active
23312,6680,30000,11314.51,Active
23313,6680,2000,1336.2,Active
23314,6680,10000,5791.65,Active
23315,6681,15000,3414.42,Active
23316,6681,15000,5324.64,Active
23317,6681,20000,4761.62,Closed
23318,6682,30000,19834.13,Closed
23319,6683,5000,1263.48,Closed
23320,6683,5000,2658.31,Closed
23321,6684,2000,1691.78,Active
23322,6685,2000,707.15,Closed
23323,6686,15000,881.58,Active
23324,6686,20000,8836.75,Closed
23325,6687,2000,508.75,Active
23326,6688,20000,10873.11,Active
23327,6688,30000,25377.45,Closed
23328,6688,2000,1729.11,Active
23329,6689,5000,374.16,Active
23330,6690,20000,12309.1,Active
23331,6690,10000,332.0,Active
23332,6690,15000,1553.05,Active
23333,6691,5000,1402.98,Closed
23334,6691,30000,7317.74,Active
23335,6692,15000,11904.67,Active
23336,6692,10000,2850.31,Active
23337,6693,5000,4082.05,Active
23338,6694,20000,1424.89,Active
23339,6694,30000,17661.42,Active
23340,6695,15000,5787.97,Active
23341,6695,30000,5597.35,Active
23342,6695,5000,2434.52,Active
23343,6696,15000,4742.03,Active
23344,6696,15000,13355.72,Active
23345,6696,5000,1546.49,Active
23346,6697,2000,122.17,Active
23347,6697,15000,5213.96,Closed
23348,6697,10000,4379.79,Closed
23349,6698,15000,8739.96,Closed
23350,6698,15000,7228.66,Active
23351,6698,5000,1257.52,Active
23352,6699,5000,1301.67,Active
23353,6699,20000,17793.57,Active
23354,6700,2000,1301.65,Active
23355,6700,5000,1643.97,Active
23356,6700,20000,328.9,Active
23357,6701,10000,6981.28,Active
23358,6702,10000,373.13,Closed
23359,6702,5000,2843.22,Active
23360,6702,30000,20856.5,Active
23361,6703,5000,687.71,Closed
23362,6704,2000,65.62,Active
23363,6705,15000,10914.41,Active
23364,6706,20000,5040.34,Closed
23365,6707,2000,1392.48,Active
23366,6707,20000,15215.95,Active
23367,6707,10000,462.65,Active
23368,6708,5000,1135.89,Active
23369,6708,30000,6950.44,Closed
23370,6709,10000,5534.06,Active
23371,6710,20000,8141.42,Closed
23372,6711,2000,211.13,Active
23373,6711,30000,8352.73,Active
23374,6711,5000,2426.6,Active
23375,6712,2000,812.46,Active
23376,6713,2000,973.44,Active
23377,6713,10000,3458.52,Closed
23378,6713,15000,8129.91,Closed
23379,6714,15000,1743.42,Closed
23380,6714,2000,933.76,Active
23381,6715,15000,2004.19,Active
23382,6716,5000,4493.17,Active
23383,6717,2000,472.92,Active
23384,6717,10000,1959.45,Active
23385,6717,5000,1673.07,Active
23386,6718,20000,16306.79,Active
23387,6718,30000,8866.26,Active
23388,6718,30000,23625.87,Active
23389,6719,30000,26492.47,Active
23390,6719,20000,4820.03,Active
23391,6720,30000,14148.2,Closed
23392,6720,20000,3150.05,Active
23393,6721,20000,12360.01,Active
23394,6722,15000,7800.45,Active
23395,6722,15000,2772.92,Active
23396,6723,15000,55.7,Closed
23397,6723,30000,8117.99,Closed
23398,6723,5000,672.18,Active
23399,6724,5000,4550.51,Active
23400,6725,15000,2849.31,Active
23401,6726,20000,14176.25,Active
23402,6726,10000,2388.05,Active
23403,6727,5000,4435.86,Closed
23404,6727,20000,5322.16,Active
23405,6728,2000,527.3,Closed
23406,6728,10000,6617.65,Closed
23407,6728,15000,4448.65,Active
23408,6729,2000,6.64,Closed
23409,6729,20000,5691.4,Active
23410,6730,30000,9169.58,Active
23411,6730,5000,838.82,Active
23412,6731,5000,1273.4,Active
23413,6731,30000,15321.71,Active
23414,6731,10000,6905.25,Active
23415,6732,20000,7011.85,Active
23416,6732,20000,12389.75,Closed
23417,6732,15000,4533.42,Active
23418,6733,5000,3405.74,Active
23419,6733,30000,9183.96,Closed
23420,6734,15000,6035.12,Active
23421,6735,2000,196.71,Closed
23422,6735,5000,889.2,Active
23423,6735,5000,3132.05,Closed
23424,6736,2000,492.19,Active
23425,6736,20000,17594.5,Active
23426,6737,20000,4756.12,Active
23427,6737,15000,1669.4,Active
23428,6738,30000,27874.82,Active
23429,6738,2000,613.17,Closed
23430,6738,20000,2536.67,Active
23431,6739,2000,966.56,Active
23432,6739,30000,13507.05,Active
23433,6739,20000,9529.19,Active
23434,6740,2000,1102.52,Active
23435,6741,5000,2974.05,Active
23436,6741,30000,20046.93,Active
23437,6742,5000,3017.26,Active
23438,6743,20000,1557.99,Active
23439,6743,30000,4469.28,Active
23440,6744,20000,213.43,Active
23441,6744,2000,43.23,Active
23442,6744,5000,2276.17,Active
23443,6745,15000,8153.51,Active
23444,6745,10000,7493.83,Active
23445,6746,5000,2048.25,Active
23446,6747,5000,3993.51,Active
23447,6748,20000,84.37,Closed
23448,6749,30000,915.11,Active
23449,6749,15000,11003.79,Active
23450,6750,2000,1495.25,Active
23451,6750,15000,7724.84,Active
23452,6751,15000,192.42,Active
23453,6751,20000,3071.37,Active
23454,6752,10000,1112.13,Active
23455,6752,2000,1483.38,Active
23456,6752,30000,24513.26,Closed
23457,6753,2000,40.92,Closed
23458,6753,30000,8258.0,Active
23459,6754,2000,1480.58,Active
23460,6755,20000,17063.17,Active
23461,6755,15000,4213.68,Closed
23462,6756,15000,1793.1,Active
23463,6757,30000,22849.81,Active
23464,6757,2000,277.38,Closed
23465,6757,20000,5306.4,Active
23466,6758,5000,3318.58,Closed
23467,6758,20000,17500.8,Closed
23468,6759,15000,1060.31,Active
23469,6759,30000,24521.06,Active
23470,6759,30000,17694.31,Active
23471,6760,2000,1496.52,Active
23472,6760,15000,9568.88,Closed
23473,6761,2000,888.69,Active
23474,6762,2000,1409.25,Active
23475,6762,5000,1740.89,Active
23476,6762,15000,11610.43,Active
23477,6763,5000,543.42,Closed
23478,6763,5000,959.48,Active
23479,6763,10000,7156.34,Active
23480,6764,10000,5064.26,Closed
23481,6764,15000,3528.34,Active
23482,6765,30000,7754.53,Active
23483,6765,20000,8859.29,Closed
23484,6765,2000,122.17,Active
23485,6766,2000,213.61,Active
23486,6767,10000,5675.39,Active
23487,6767,20000,2810.99,Closed
23488,6767,10000,6378.43,Active
23489,6768,15000,2925.37,Closed
23490,6769,15000,6028.42,Active
23491,6769,10000,2118.77,Active
23492,6769,15000,12843.13,Active
23493,6770,2000,1329.9,Active
23494,6770,2000,1568.98,Active
23495,6770,15000,3534.24,Active
23496,6771,10000,7958.58,Active
23497,6772,15000,4949.48,Active
23498,6773,30000,8955.78,Active
23499,6773,30000,16509.33,Active
23500,6773,10000,618.06,Closed
23501,6774,2000,658.07,Active
23502,6774,15000,8252.31,Active
23503,6774,30000,25599.48,Active
23504,6775,20000,13560.41,Active
23505,6775,2000,1851.87,Active
23506,6776,10000,469.37,Active
23507,6776,20000,16690.25,Active
23508,6776,2000,791.16,Active
23509,6777,20000,10277.75,Active
23510,6777,5000,4438.53,Active
23511,6778,15000,6706.59,Active
23512,6779,15000,4104.9,Active
23513,6779,30000,1373.26,Active
23514,6780,10000,5357.3,Active
23515,6781,15000,3962.77,Active
23516,6781,2000,713.47,Active
23517,6781,2000,1092.93,Closed
23518,6782,15000,5265.74,Active
23519,6782,10000,5750.44,Active
23520,6782,20000,7267.3,Active
23521,6783,15000,4122.57,Active
23522,6783,10000,6560.49,Active
23523,6783,20000,3576.0,Active
23524,6784,15000,5489.33,Active
23525,6784,10000,8401.67,Active
23526,6784,10000,8727.31,Active
23527,6785,15000,7370.25,Active
23528,6786,15000,8945.09,Closed
23529,6787,30000,19141.29,Active
23530,6787,2000,153.76,Closed
23531,6787,2000,1193.54,Active
23532,6788,15000,8941.73,Active
23533,6789,30000,12078.91,Active
23534,6789,30000,4924.86,Active
23535,6790,20000,2165.48,Active
23536,6790,5000,3504.2,Closed
23537,6790,15000,1403.64,Active
23538,6791,20000,559.99,Active
23539,6792,5000,1250.48,Closed
23540,6792,15000,11160.45,Active
23541,6793,10000,8263.28,Active
23542,6794,20000,8431.51,Closed
23543,6794,10000,4721.07,Active
23544,6795,10000,2833.46,Active
23545,6795,20000,5725.24,Closed
23546,6796,30000,27879.28,Active
23547,6796,2000,1130.66,Active
23548,6796,10000,5449.66,Active
23549,6797,30000,20054.54,Active
23550,6798,20000,18179.98,Active
23551,6798,10000,8843.05,Active
23552,6798,10000,8132.07,Closed
23553,6799,30000,21190.88,Active
23554,6800,2000,799.91,Active
23555,6801,20000,8678.29,Active
23556,6801,20000,18546.97,Active
23557,6801,15000,12834.67,Closed
23558,6802,15000,6926.45,Active
23559,6802,10000,6120.51,Active
23560,6802,2000,1837.99,Active
23561,6803,10000,4567.76,Closed
23562,6804,15000,13125.2,Active
23563,6805,2000,194.69,Active
23564,6805,10000,3503.31,Active
23565,6805,15000,6236.69,Active
23566,6806,5000,1554.66,Closed
23567,6806,30000,14579.91,Active
23568,6807,5000,4711.03,Closed
23569,6807,2000,1451.63,Closed
23570,6807,15000,2441.36,Active
23571,6808,5000,4292.39,Active
23572,6808,2000,876.11,Closed
23573,6809,15000,4892.19,Active
23574,6810,5000,3766.59,Closed
23575,6811,5000,1593.47,Active
23576,6812,15000,13116.03,Active
23577,6813,30000,28137.84,Active
23578,6814,5000,3069.03,Active
23579,6815,30000,25852.45,Active
23580,6815,5000,1540.4,Active
23581,6815,2000,523.28,Closed
23582,6816,30000,8802.76,Closed
23583,6816,2000,1034.63,Active
23584,6817,5000,537.67,Active
23585,6818,15000,4204.01,Active
23586,6818,10000,8076.27,Active
23587,6819,20000,16754.11,Active
23588,6819,5000,3260.59,Active
23589,6819,20000,17738.98,Active
23590,6820,15000,4099.57,Active
23591,6821,10000,1426.07,Closed
23592,6822,10000,9036.77,Closed
23593,6822,2000,718.59,Active
23594,6823,20000,3975.54,Active
23595,6823,5000,4725.05,Active
23596,6823,2000,824.68,Active
23597,6824,2000,181.74,Active
23598,6824,2000,1580.45,Active
23599,6825,15000,3745.72,Active
23600,6825,5000,4502.62,Active
23601,6826,5000,493.25,Active
23602,6827,5000,1379.24,Active
23603,6827,15000,8194.37,Active
23604,6827,20000,17129.23,Active
23605,6828,30000,9743.07,Active
23606,6828,15000,12760.95,Closed
23607,6828,20000,14348.95,Closed
23608,6829,10000,1915.49,Closed
23609,6830,2000,922.47,Active
23610,6831,5000,1449.08,Active
23611,6832,15000,9860.41,Active
23612,6832,30000,27916.1,Closed
23613,6832,10000,3615.96,Active
23614,6833,2000,89.88,Active
23615,6834,10000,9291.3,Active
23616,6835,15000,1304.75,Closed
23617,6836,5000,4693.22,Active
23618,6836,30000,22783.7,Active
23619,6837,20000,11828.77,Closed
23620,6838,30000,4555.75,Active
23621,6838,2000,130.55,Active
23622,6838,20000,3072.14,Active
23623,6839,30000,16484.71,Active
23624,6839,15000,11568.77,Closed
23625,6839,30000,7314.92,Active
23626,6840,30000,19904.44,Active
23627,6840,30000,22033.29,Closed
23628,6840,30000,24598.02,Active
23629,6841,2000,147.81,Active
23630,6842,30000,21830.44,Closed
23631,6843,2000,1559.36,Active
23632,6844,2000,591.55,Active
23633,6844,15000,12803.37,Closed
23634,6844,30000,9872.37,Active
23635,6845,20000,15995.4,Active
23636,6846,15000,9770.44,Active
23637,6847,15000,11008.39,Active
23638,6848,5000,3504.65,Active
23639,6848,5000,1617.54,Active
23640,6848,5000,1460.64,Active
23641,6849,15000,8529.61,Closed
23642,6849,10000,4395.19,Closed
23643,6850,10000,2026.71,Active
23644,6850,20000,18144.44,Active
23645,6851,15000,3363.47,Active
23646,6851,5000,4149.34,Active
23647,6852,30000,6739.05,Closed
23648,6852,10000,5528.67,Active
23649,6853,15000,485.4,Active
23650,6854,15000,7753.88,Active
23651,6854,20000,3004.55,Active
23652,6854,5000,3053.84,Active
23653,6855,10000,6026.36,Active
23654,6855,10000,4313.94,Active
23655,6855,20000,5771.56,Active
23656,6856,15000,11090.81,Active
23657,6856,10000,9221.08,Active
23658,6856,30000,7480.56,Active
23659,6857,10000,4402.95,Active
23660,6857,10000,1258.82,Active
23661,6857,15000,915.07,Active
23662,6858,2000,512.66,Active
23663,6858,15000,5745.89,Active
23664,6858,30000,11301.89,Active
23665,6859,30000,17130.77,Active
23666,6860,10000,7027.99,Active
23667,6860,10000,6881.74,Active
23668,6861,15000,2462.28,Active
23669,6862,15000,6289.95,Active
23670,6862,2000,1793.24,Closed
23671,6863,2000,458.27,Active
23672,6863,10000,3803.17,Closed
23673,6863,5000,241.62,Closed
23674,6864,5000,2675.04,Active
23675,6864,30000,22320.18,Active
23676,6865,5000,2455.74,Active
23677,6865,20000,15970.61,Active
23678,6865,30000,9133.11,Closed
23679,6866,20000,9506.89,Active
23680,6867,2000,690.17,Closed
23681,6867,20000,2260.37,Active
23682,6868,2000,503.73,Active
23683,6868,15000,13810.88,Active
23684,6868,15000,10966.2,Closed
23685,6869,2000,892.01,Closed
23686,6870,30000,13168.14,Active
23687,6871,5000,3885.6,Active
23688,6871,10000,2556.74,Active
23689,6872,10000,791.19,Active
23690,6872,20000,11448.23,Active
23691,6873,30000,996.74,Active
23692,6874,15000,10681.69,Active
23693,6874,20000,4970.58,Active
23694,6875,10000,7597.29,Active
23695,6875,5000,3113.34,Active
23696,6876,20000,18508.13,Active
23697,6877,2000,388.5,Active
23698,6877,2000,1823.32,Active
23699,6877,2000,1051.98,Active
23700,6878,20000,13326.64,Active
23701,6879,30000,1128.1,Active
23702,6880,15000,6080.81,Closed
23703,6881,30000,11509.94,Active
23704,6882,20000,3019.19,Active
23705,6882,15000,10081.73,Closed
23706,6882,10000,573.47,Active
23707,6883,2000,1136.84,Closed
23708,6883,15000,3154.71,Active
23709,6883,20000,12513.45,Active
23710,6884,30000,23630.41,Active
23711,6884,20000,346.22,Active
23712,6885,2000,413.03,Active
23713,6886,2000,224.51,Active
23714,6887,10000,6503.43,Active
23715,6888,30000,7365.89,Closed
23716,6888,20000,4230.41,Active
23717,6889,15000,9044.21,Closed
23718,6889,10000,2759.47,Active
23719,6890,2000,508.96,Active
23720,6890,5000,567.73,Active
23721,6890,10000,9048.57,Closed
23722,6891,2000,1690.5,Active
23723,6892,10000,9316.54,Active
23724,6892,2000,753.63,Active
23725,6893,10000,7.58,Closed
23726,6893,20000,5417.69,Active
23727,6894,10000,9186.48,Active
23728,6895,15000,766.39,Active
23729,6895,5000,4680.19,Active
23730,6895,20000,10955.49,Active
23731,6896,20000,12051.08,Closed
23732,6896,15000,7202.51,Active
23733,6896,2000,59.17,Active
23734,6897,5000,2518.62,Active
23735,6897,10000,6975.47,Active
23736,6897,10000,1659.48,Active
23737,6898,15000,1470.86,Active
23738,6898,2000,821.12,Active
23739,6898,30000,12687.27,Closed
23740,6899,5000,2358.86,Active
23741,6899,30000,3970.11,Active
23742,6899,2000,1662.41,Active
23743,6900,5000,3086.7,Active
23744,6901,15000,8124.27,Active
23745,6902,15000,6750.02,Active
23746,6902,2000,1768.99,Active
23747,6902,20000,1905.68,Active
23748,6903,2000,1408.2,Active
23749,6903,5000,4189.63,Active
23750,6903,20000,14385.25,Active
23751,6904,2000,585.8,Active
23752,6904,15000,13791.61,Active
23753,6904,2000,1291.78,Closed
23754,6905,20000,14428.56,Active
23755,6905,10000,6632.23,Closed
23756,6906,20000,15771.68,Active
23757,6906,20000,2178.09,Active
23758,6906,15000,9004.36,Active
23759,6907,2000,756.13,Active
23760,6907,30000,393.06,Closed
23761,6907,15000,9827.14,Active
23762,6908,20000,13140.12,Active
23763,6909,30000,16996.56,Active
23764,6909,2000,1717.18,Active
23765,6910,10000,1316.57,Closed
23766,6910,15000,11705.18,Closed
23767,6910,10000,973.41,Active
23768,6911,15000,3988.93,Closed
23769,6912,15000,10877.32,Closed
23770,6912,20000,6527.13,Closed
23771,6912,5000,3248.38,Active
23772,6913,10000,2247.26,Active
23773,6913,30000,28024.03,Active
23774,6914,15000,11472.94,Active
23775,6915,10000,9410.44,Active
23776,6915,10000,673.24,Closed
23777,6915,2000,817.53,Closed
23778,6916,15000,7803.85,Active
23779,6916,15000,9092.92,Active
23780,6917,30000,5814.57,Active
23781,6917,2000,19.13,Active
23782,6917,2000,314.51,Active
23783,6918,2000,1491.4,Active
23784,6918,10000,727.35,Active
23785,6918,2000,1408.9,Active
23786,6919,30000,12920.76,Active
23787,6920,10000,6652.55,Active
23788,6920,10000,6522.17,Closed
23789,6921,20000,16526.73,Active
23790,6922,5000,3698.85,Active
23791,6923,30000,1930.54,Active
23792,6924,30000,15362.2,Active
23793,6924,15000,10680.82,Active
23794,6925,15000,615.6,Active
23795,6925,15000,7372.94,Active
23796,6925,15000,3836.46,Active
23797,6926,30000,8210.92,Active
23798,6926,10000,1695.41,Active
23799,6927,15000,865.77,Active
23800,6927,15000,8899.45,Active
23801,6927,30000,9074.54,Active
23802,6928,15000,6218.31,Active
23803,6928,2000,919.2,Active
23804,6929,15000,2125.03,Active
23805,6929,30000,3309.86,Closed
23806,6929,2000,966.67,Closed
23807,6930,5000,988.41,Active
23808,6930,30000,7884.29,Active
23809,6930,20000,8349.87,Active
23810,6931,20000,3275.4,Active
23811,6932,5000,4533.44,Active
23812,6932,15000,9981.48,Active
23813,6932,5000,2646.34,Active
23814,6933,5000,2140.99,Active
23815,6934,30000,3758.54,Closed
23816,6934,20000,18421.32,Active
23817,6935,10000,1033.53,Active
23818,6935,15000,8542.4,Active
23819,6935,10000,4329.09,Active
23820,6936,5000,4254.49,Active
23821,6936,15000,12738.82,Active
23822,6937,2000,1702.2,Active
23823,6937,5000,3246.42,Active
23824,6938,30000,463.99,Active
23825,6939,15000,7642.76,Closed
23826,6939,30000,13729.09,Active
23827,6939,30000,7640.75,Active
23828,6940,10000,1924.04,Active
23829,6940,5000,859.67,Active
23830,6940,2000,242.79,Active
23831,6941,20000,396.69,Active
23832,6941,20000,15566.31,Active
23833,6942,5000,1081.31,Closed
23834,6942,5000,1071.13,Active
23835,6942,5000,1272.63,Closed
23836,6943,20000,4071.29,Active
23837,6944,20000,11098.04,Active
23838,6944,20000,17814.72,Active
23839,6945,5000,1019.42,Active
23840,6945,5000,838.16,Active
23841,6945,15000,10749.05,Closed
23842,6946,20000,11090.34,Closed
23843,6947,2000,965.8,Active
23844,6948,15000,2804.5,Active
23845,6948,5000,3055.07,Closed
23846,6948,30000,9063.19,Active
23847,6949,10000,3275.03,Active
23848,6950,10000,4242.69,Active
23849,6950,15000,397.39,Active
23850,6951,20000,17254.53,Closed
23851,6951,10000,7336.58,Active
23852,6952,30000,9782.23,Closed
23853,6953,2000,414.92,Active
23854,6954,10000,6153.64,Active
23855,6954,15000,11967.76,Active
23856,6954,5000,3487.54,Active
23857,6955,30000,126.29,Active
23858,6955,2000,1214.21,Closed
23859,6956,5000,4535.89,Closed
23860,6956,15000,10836.47,Active
23861,6957,20000,8393.54,Closed
23862,6957,2000,1381.67,Active
23863,6957,15000,11976.91,Active
23864,6958,10000,9460.29,Active
23865,6959,20000,18363.41,Active
23866,6959,5000,2537.29,Active
23867,6960,2000,620.39,Active
23868,6960,30000,23699.39,Closed
23869,6960,2000,1808.7,Active
23870,6961,30000,25255.41,Active
23871,6961,5000,3529.89,Active
23872,6962,20000,12007.71,Active
23873,6962,10000,5139.14,Active
23874,6963,5000,1245.36,Active
23875,6964,10000,4053.58,Closed
23876,6964,30000,6995.28,Closed
23877,6965,2000,149.85,Active
23878,6966,2000,847.8,Active
23879,6967,30000,11156.47,Closed
23880,6967,10000,4559.21,Active
23881,6968,2000,1690.84,Closed
23882,6969,10000,8231.75,Active
23883,6969,30000,17238.28,Active
23884,6969,30000,13992.22,Active
23885,6970,15000,6956.86,Closed
23886,6970,20000,17027.68,Active
23887,6970,5000,86.2,Active
23888,6971,20000,16126.13,Active
23889,6971,30000,19276.96,Active
23890,6972,20000,4073.67,Active
23891,6973,20000,9116.51,Active
23892,6974,30000,8919.95,Active
23893,6974,5000,2930.88,Active
23894,6975,5000,2420.37,Active
23895,6976,10000,2559.99,Active
23896,6977,15000,10483.11,Active
23897,6978,30000,16279.12,Active
23898,6979,20000,17086.49,Active
23899,6979,20000,10281.2,Active
23900,6980,20000,8786.85,Active
23901,6980,30000,5056.31,Active
23902,6980,15000,7483.86,Active
23903,6981,5000,4192.1,Closed
23904,6981,5000,4152.56,Active
23905,6981,30000,1111.32,Active
23906,6982,10000,9036.91,Closed
23907,6983,15000,12976.72,Active
23908,6983,5000,2578.5,Closed
23909,6983,20000,1280.62,Active
23910,6984,15000,6835.38,Closed
23911,6984,30000,10824.93,Closed
23912,6984,10000,2589.37,Active
23913,6985,2000,228.0,Active
23914,6985,2000,80.33,Active
23915,6985,10000,6354.57,Closed
23916,6986,10000,3175.28,Closed
23917,6987,2000,1399.43,Active
23918,6988,15000,1931.89,Active
23919,6988,5000,4057.81,Active
23920,6988,5000,766.47,Closed
23921,6989,15000,9850.97,Active
23922,6990,2000,1305.77,Active
23923,6991,30000,27677.71,Active
23924,6991,5000,327.94,Active
23925,6992,10000,2105.26,Active
23926,6992,30000,11003.82,Active
23927,6992,20000,3015.04,Closed
23928,6993,10000,7548.93,Closed
23929,6993,5000,2209.34,Closed
23930,6994,30000,16297.21,Active
23931,6995,2000,669.82,Active
23932,6995,15000,13089.2,Active
23933,6996,15000,4081.74,Active
23934,6996,20000,7238.72,Active
23935,6996,10000,6561.34,Closed
23936,6997,20000,9575.36,Active
23937,6997,15000,9904.25,Closed
23938,6997,5000,2917.68,Active
23939,6998,15000,10714.29,Closed
23940,6998,2000,618.71,Active
23941,6999,2000,162.24,Active
23942,6999,2000,60.72,Closed
23943,6999,20000,4492.66,Active
23944,7000,5000,3479.13,Active
23945,7000,15000,9111.01,Active
23946,7000,20000,10259.89,Active
23947,7001,5000,883.36,Active
23948,7002,20000,1680.68,Active
23949,7002,5000,2968.68,Active
23950,7002,5000,2255.02,Active
23951,7003,10000,8299.59,Active
23952,7003,30000,19766.9,Active
23953,7003,10000,8665.73,Active
23954,7004,20000,17359.28,Active
23955,7004,10000,2685.56,Closed
23956,7005,30000,19552.2,Active
23957,7005,15000,4443.31,Closed
23958,7005,15000,7952.28,Closed
23959,7006,20000,14168.22,Active
23960,7006,2000,1293.97,Closed
23961,7006,2000,415.53,Closed
23962,7007,20000,16502.87,Active
23963,7007,15000,5355.66,Active
23964,7007,10000,9278.76,Active
23965,7008,20000,9354.48,Closed
23966,7009,2000,1140.21,Active
23967,7009,20000,18672.5,Active
23968,7009,2000,1790.89,Closed
23969,7010,10000,7581.21,Active
23970,7011,15000,6815.15,Active
23971,7011,5000,4560.3,Closed
23972,7012,5000,3369.57,Active
23973,7013,5000,911.98,Closed
23974,7013,5000,3785.7,Active
23975,7013,10000,2183.28,Active
23976,7014,5000,4195.94,Active
23977,7014,2000,1375.46,Active
23978,7014,5000,1685.47,Active
23979,7015,2000,504.22,Active
23980,7016,20000,18624.89,Active
23981,7017,30000,3354.51,Active
23982,7017,15000,13028.27,Closed
23983,7017,30000,11938.88,Closed
23984,7018,5000,123.52,Active
23985,7018,15000,2415.24,Active
23986,7018,2000,1168.56,Active
23987,7019,10000,763.53,Closed
23988,7019,15000,12633.14,Active
23989,7020,2000,575.84,Active
23990,7020,30000,16970.64,Closed
23991,7020,15000,8027.9,Active
23992,7021,10000,7724.95,Active
23993,7021,20000,2913.92,Active
23994,7021,20000,14236.92,Active
23995,7022,20000,6383.57,Active
23996,7023,10000,8893.21,Active
23997,7024,10000,6021.34,Active
23998,7024,30000,7187.18,Active
23999,7024,2000,1587.75,Active
24000,7025,20000,8603.07,Closed
24001,7026,5000,4102.73,Active
24002,7027,30000,18767.5,Active
24003,7027,2000,244.64,Active
24004,7028,20000,4721.42,Active
24005,7028,30000,4460.43,Active
24006,7029,5000,1770.89,Active
24007,7029,30000,22201.42,Active
24008,7030,30000,338.76,Active
24009,7030,15000,8216.13,Active
24010,7031,10000,7425.31,Closed
24011,7031,15000,2116.28,Closed
24012,7032,30000,13820.94,Active
24013,7032,20000,207.77,Closed
24014,7033,2000,773.51,Active
24015,7033,15000,6073.53,Closed
24016,7034,20000,17519.11,Active
24017,7034,20000,13196.12,Active
24018,7035,5000,2217.04,Active
24019,7035,5000,2932.06,Active
24020,7036,15000,3907.67,Active
24021,7036,5000,1899.83,Active
24022,7037,30000,21931.97,Active
24023,7037,10000,241.1,Active
24024,7037,20000,1516.92,Active
24025,7038,10000,183.63,Active
24026,7038,30000,14893.73,Active
24027,7039,30000,7731.72,Active
24028,7040,20000,4254.5,Active
24029,7041,15000,483.72,Active
24030,7041,5000,3977.68,Active
24031,7041,10000,8575.13,Active
24032,7042,15000,11019.13,Closed
24033,7042,5000,1973.74,Active
24034,7042,20000,13970.09,Active
24035,7043,10000,3720.81,Active
24036,7043,15000,85.1,Active
24037,7043,5000,1602.09,Active
24038,7044,10000,5759.2,Active
24039,7044,15000,2287.12,Active
24040,7045,20000,12793.47,Active
24041,7046,15000,2863.99,Active
24042,7046,10000,4245.14,Closed
24043,7047,5000,2003.72,Active
24044,7048,20000,13517.84,Closed
24045,7048,10000,9471.44,Active
24046,7048,5000,4216.63,Closed
24047,7049,20000,15943.55,Closed
24048,7049,30000,11948.65,Active
24049,7049,20000,7688.57,Active
24050,7050,20000,10434.53,Closed
24051,7051,30000,8628.25,Closed
24052,7051,5000,3758.31,Active
24053,7052,30000,12898.83,Active
24054,7052,10000,3021.45,Active
24055,7053,30000,13171.22,Closed
24056,7053,2000,989.74,Active
24057,7054,10000,5245.1,Active
24058,7054,10000,5132.8,Active
24059,7054,15000,4040.98,Active
24060,7055,15000,10060.88,Active
24061,7056,2000,1379.44,Active
24062,7057,10000,1428.19,Closed
24063,7057,2000,1735.76,Active
24064,7058,5000,1851.28,Active
24065,7058,20000,1079.91,Active
24066,7059,15000,14066.03,Active
24067,7060,2000,1060.7,Active
24068,7061,5000,3878.03,Closed
24069,7061,30000,21708.25,Active
24070,7062,15000,556.76,Closed
24071,7062,30000,8808.39,Active
24072,7062,5000,1134.08,Active
24073,7063,30000,23382.61,Active
24074,7063,20000,9893.57,Active
24075,7064,30000,2533.59,Active
24076,7065,5000,1698.86,Active
24077,7065,20000,6169.21,Active
24078,7065,20000,15222.02,Active
24079,7066,2000,1787.57,Closed
24080,7066,15000,6195.5,Active
24081,7066,10000,4749.97,Closed
24082,7067,2000,66.43,Active
24083,7067,2000,288.15,Active
24084,7067,2000,74.58,Active
24085,7068,30000,11916.82,Closed
24086,7069,15000,7990.35,Closed
24087,7070,10000,6593.71,Active
24088,7070,15000,13863.52,Active
24089,7071,30000,13858.44,Closed
24090,7071,10000,33.41,Active
24091,7072,10000,593.07,Active
24092,7073,5000,3861.68,Active
24093,7074,5000,1750.02,Closed
24094,7074,10000,9374.07,Active
24095,7075,2000,1822.01,Closed
24096,7075,15000,10620.68,Active
24097,7076,5000,1370.99,Active
24098,7076,5000,2519.97,Active
24099,7077,2000,1451.3,Closed
24100,7077,30000,1266.43,Closed
24101,7077,15000,10751.67,Active
24102,7078,15000,281.14,Active
24103,7078,10000,9410.73,Closed
24104,7079,20000,2224.58,Active
24105,7079,2000,865.96,Active
24106,7080,5000,4562.08,Active
24107,7081,10000,8110.8,Active
24108,7082,20000,9474.62,Active
24109,7082,2000,1590.35,Active
24110,7083,30000,849.88,Active
24111,7084,10000,993.58,Active
24112,7084,15000,3992.81,Closed
24113,7085,15000,7527.64,Active
24114,7085,5000,2895.32,Closed
24115,7085,30000,24863.46,Active
24116,7086,5000,2114.95,Closed
24117,7086,2000,302.79,Active
24118,7086,30000,17795.13,Closed
24119,7087,10000,3480.54,Active
24120,7088,30000,28024.35,Active
24121,7088,5000,315.32,Active
24122,7088,10000,8781.88,Active
24123,7089,10000,1817.55,Active
24124,7090,10000,2247.95,Active
24125,7090,2000,1470.09,Closed
24126,7090,10000,2579.98,Closed
24127,7091,10000,7520.23,Active
24128,7092,10000,6440.75,Active
24129,7092,10000,2973.95,Active
24130,7093,5000,178.48,Active
24131,7094,20000,12658.24,Active
24132,7094,30000,12883.16,Active
24133,7094,30000,18102.19,Active
24134,7095,5000,316.77,Active
24135,7095,2000,64.39,Closed
24136,7096,15000,8674.71,Active
24137,7096,5000,384.09,Active
24138,7096,20000,5403.86,Closed
24139,7097,10000,1665.34,Active
24140,7097,30000,12353.5,Closed
24141,7098,5000,785.63,Active
24142,7099,30000,9183.72,Active
24143,7099,10000,7660.77,Closed
24144,7099,2000,33.6,Closed
24145,7100,5000,2852.65,Active
24146,7100,20000,4113.6,Closed
24147,7101,2000,884.69,Active
24148,7101,15000,3579.39,Closed
24149,7101,5000,3395.93,Active
24150,7102,30000,5355.46,Active
24151,7102,2000,878.02,Active
24152,7102,30000,3954.28,Active
24153,7103,15000,330.66,Active
24154,7103,20000,3712.27,Active
24155,7104,15000,5567.99,Closed
24156,7104,5000,4168.89,Active
24157,7104,10000,2026.12,Active
24158,7105,30000,8748.65,Active
24159,7105,5000,3309.59,Closed
24160,7106,5000,1602.18,Closed
24161,7107,10000,5030.19,Closed
24162,7108,30000,19384.32,Active
24163,7109,2000,135.49,Closed
24164,7110,15000,6879.13,Active
24165,7110,5000,2518.59,Active
24166,7111,10000,8542.2,Active
24167,7111,20000,5991.99,Active
24168,7111,2000,402.98,Closed
24169,7112,2000,1546.74,Active
24170,7113,2000,524.88,Active
24171,7113,5000,1034.62,Active
24172,7113,2000,1109.43,Active
24173,7114,20000,17004.67,Active
24174,7114,10000,389.74,Closed
24175,7114,30000,562.41,Closed
24176,7115,20000,5542.86,Closed
24177,7115,10000,3109.88,Active
24178,7116,5000,1669.83,Closed
24179,7117,15000,7446.63,Closed
24180,7117,10000,3479.02,Closed
24181,7118,10000,9204.54,Active
24182,7118,15000,7035.19,Active
24183,7119,20000,3993.56,Active
24184,7120,30000,11622.8,Closed
24185,7121,20000,5307.07,Active
24186,7121,5000,428.32,Closed
24187,7122,20000,18257.36,Active
24188,7123,5000,2418.71,Active
24189,7124,20000,10402.65,Active
24190,7124,30000,8200.78,Active
24191,7125,30000,6338.51,Active
24192,7125,15000,12556.87,Closed
24193,7125,20000,4187.82,Active
24194,7126,2000,550.8,Active
24195,7126,20000,7281.8,Active
24196,7127,5000,3583.43,Active
24197,7127,15000,4815.58,Active
24198,7128,5000,3473.8,Active
24199,7129,10000,8672.34,Closed
24200,7129,30000,12304.94,Active
24201,7129,30000,27197.56,Active
24202,7130,10000,4838.15,Closed
24203,7130,15000,14125.64,Active
24204,7130,30000,22656.35,Active
24205,7131,30000,18148.18,Closed
24206,7131,5000,3017.98,Active
24207,7132,15000,10733.12,Active
24208,7132,20000,17687.73,Active
24209,7132,30000,22050.59,Active
24210,7133,5000,4486.01,Active
24211,7133,15000,7582.87,Closed
24212,7133,2000,1185.72,Closed
24213,7134,2000,602.0,Active
24214,7134,2000,1766.43,Active
24215,7135,10000,7630.76,Active
24216,7135,15000,13264.45,Active
24217,7136,20000,7626.94,Closed
24218,7136,2000,164.15,Active
24219,7136,2000,927.2,Closed
24220,7137,20000,8668.39,Active
24221,7138,30000,5304.09,Closed
24222,7139,5000,3048.25,Active
24223,7139,15000,2403.69,Active
24224,7139,5000,286.25,Active
24225,7140,30000,24976.49,Active
24226,7140,2000,767.18,Closed
24227,7141,20000,199.57,Active
24228,7141,5000,1585.07,Active
24229,7142,20000,14957.51,Active
24230,7142,20000,15574.02,Active
24231,7143,15000,1190.75,Active
24232,7143,30000,3733.35,Active
24233,7143,5000,2358.81,Active
24234,7144,30000,13504.59,Active
24235,7145,10000,9026.03,Active
24236,7146,5000,572.03,Active
24237,7146,5000,3855.73,Active
24238,7146,10000,4832.79,Active
24239,7147,15000,10157.78,Active
24240,7147,2000,841.43,Active
24241,7148,2000,1227.46,Active
24242,7148,15000,2985.83,Active
24243,7148,2000,997.54,Closed
24244,7149,15000,12419.55,Active
24245,7149,20000,10209.83,Active
24246,7149,10000,189.96,Active
24247,7150,10000,3435.43,Active
24248,7150,2000,1039.73,Active
24249,7151,5000,1705.31,Closed
24250,7152,20000,11023.23,Active
24251,7153,2000,448.33,Active
24252,7153,10000,2643.85,Active
24253,7154,15000,3621.68,Closed
24254,7154,2000,1234.55,Closed
24255,7155,5000,2992.2,Active
24256,7155,5000,1942.93,Active
24257,7155,5000,418.71,Active
24258,7156,20000,5347.61,Active
24259,7157,5000,3709.96,Closed
24260,7157,20000,16154.11,Active
24261,7158,20000,5263.34,Active
24262,7158,2000,335.9,Active
24263,7158,15000,10256.77,Closed
24264,7159,2000,246.29,Active
24265,7159,15000,10794.98,Closed
24266,7159,5000,1594.81,Closed
24267,7160,5000,3567.95,Active
24268,7160,10000,8571.57,Active
24269,7160,2000,1353.11,Active
24270,7161,15000,6965.21,Active
24271,7161,2000,1391.88,Active
24272,7162,5000,70.67,Active
24273,7162,30000,7885.56,Active
24274,7162,30000,13963.68,Active
24275,7163,30000,14786.68,Active
24276,7163,10000,4221.44,Active
24277,7163,10000,1760.34,Active
24278,7164,5000,1603.66,Active
24279,7164,20000,16211.42,Active
24280,7165,20000,7968.57,Active
24281,7165,5000,766.25,Active
24282,7166,10000,249.52,Active
24283,7167,15000,3727.2,Closed
24284,7167,30000,16504.78,Active
24285,7168,20000,4841.13,Active
24286,7169,15000,12637.77,Active
24287,7170,15000,12536.89,Closed
24288,7170,30000,9546.6,Active
24289,7170,5000,3745.82,Active
24290,7171,2000,63.74,Active
24291,7171,2000,1204.4,Active
24292,7171,30000,27663.94,Active
24293,7172,5000,1073.94,Closed
24294,7173,5000,2626.84,Active
24295,7173,5000,1704.83,Active
24296,7173,2000,238.02,Active
24297,7174,30000,11724.06,Active
24298,7174,15000,5380.51,Active
24299,7174,30000,21530.93,Closed
24300,7175,20000,7129.84,Active
24301,7175,20000,1347.15,Closed
24302,7176,30000,24939.84,Active
24303,7176,5000,3371.27,Active
24304,7176,10000,7612.49,Active
24305,7177,30000,4605.91,Closed
24306,7178,15000,2705.93,Active
24307,7178,20000,5920.65,Active
24308,7179,5000,421.52,Closed
24309,7179,2000,755.37,Closed
24310,7179,15000,3271.51,Active
24311,7180,20000,15398.78,Active
24312,7181,10000,2466.11,Active
24313,7182,20000,3272.47,Closed
24314,7182,15000,81.11,Active
24315,7183,10000,6335.26,Active
24316,7183,2000,1756.22,Active
24317,7183,2000,1792.83,Closed
24318,7184,30000,7702.57,Closed
24319,7184,15000,5035.47,Active
24320,7185,15000,9750.93,Active
24321,7185,20000,16933.78,Closed
24322,7186,5000,1655.03,Active
24323,7186,20000,4717.14,Active
24324,7187,5000,3902.3,Active
24325,7187,5000,1434.4,Active
24326,7188,10000,1031.65,Active
24327,7188,5000,3348.53,Active
24328,7189,20000,15626.47,Active
24329,7190,15000,517.92,Closed
24330,7190,15000,5818.08,Active
24331,7191,15000,1193.51,Active
24332,7191,20000,17391.68,Active
24333,7191,5000,3675.1,Active
24334,7192,2000,593.29,Closed
24335,7192,20000,16023.13,Active
24336,7193,20000,2844.86,Active
24337,7193,20000,1917.51,Active
24338,7193,30000,16969.23,Closed
24339,7194,10000,6072.16,Active
24340,7195,2000,986.57,Active
24341,7195,2000,1445.03,Active
24342,7195,30000,11137.41,Closed
24343,7196,30000,7521.91,Active
24344,7196,15000,7469.46,Closed
24345,7197,15000,2841.57,Active
24346,7197,15000,902.18,Active
24347,7197,2000,767.46,Active
24348,7198,2000,1260.01,Active
24349,7198,15000,10728.98,Closed
24350,7199,2000,958.26,Closed
24351,7199,30000,1620.93,Active
24352,7199,10000,2168.7,Closed
24353,7200,2000,666.41,Active
24354,7200,2000,1097.56,Active
24355,7201,30000,17144.91,Active
24356,7201,30000,22472.77,Active
24357,7201,15000,4113.37,Closed
24358,7202,10000,1244.84,Closed
24359,7203,2000,563.62,Active
24360,7203,5000,3964.7,Active
24361,7204,20000,12227.0,Active
24362,7204,30000,13115.56,Active
24363,7204,2000,1412.25,Active
24364,7205,30000,7868.51,Active
24365,7205,20000,10763.88,Active
24366,7206,2000,591.64,Active
24367,7207,15000,520.15,Active
24368,7207,5000,2574.85,Active
24369,7208,30000,18661.09,Closed
24370,7208,5000,1901.65,Active
24371,7209,30000,9545.98,Active
24372,7210,20000,8261.51,Closed
24373,7211,10000,8820.05,Active
24374,7212,20000,6821.65,Closed
24375,7212,20000,350.63,Active
24376,7212,10000,2647.64,Active
24377,7213,10000,1422.26,Active
24378,7213,5000,4048.24,Active
24379,7214,20000,17301.05,Closed
24380,7214,20000,12593.77,Closed
24381,7214,10000,9177.33,Active
24382,7215,5000,382.27,Active
24383,7216,20000,7211.99,Active
24384,7216,20000,17004.85,Active
24385,7217,2000,1341.5,Active
24386,7217,15000,2040.56,Active
24387,7218,15000,3852.67,Active
24388,7219,2000,210.68,Closed
24389,7219,2000,1344.1,Closed
24390,7220,15000,2304.21,Active
24391,7221,30000,10651.3,Active
24392,7221,20000,9364.84,Active
24393,7222,2000,1080.56,Active
24394,7222,15000,1679.51,Closed
24395,7222,20000,11587.72,Active
24396,7223,30000,10045.2,Active
24397,7223,2000,825.79,Closed
24398,7223,20000,6432.74,Closed
24399,7224,15000,7505.7,Active
24400,7224,5000,3483.24,Active
24401,7225,15000,10918.61,Active
24402,7225,20000,3975.07,Active
24403,7225,30000,11136.09,Active
24404,7226,20000,10699.75,Active
24405,7226,15000,10424.24,Active
24406,7226,20000,17583.64,Closed
24407,7227,30000,10577.59,Closed
24408,7228,10000,9350.54,Active
24409,7228,15000,7624.6,Closed
24410,7228,30000,14947.76,Active
24411,7229,2000,887.88,Closed
24412,7229,10000,5112.45,Active
24413,7230,10000,9082.28,Active
24414,7230,30000,4177.74,Active
24415,7231,10000,2873.55,Closed
24416,7231,10000,4123.99,Active
24417,7232,15000,10676.18,Active
24418,7232,15000,2779.15,Active
24419,7232,5000,4353.08,Active
24420,7233,5000,4201.58,Active
24421,7233,2000,1720.08,Active
24422,7233,2000,107.64,Closed
24423,7234,30000,27697.41,Active
24424,7234,2000,574.26,Closed
24425,7234,20000,17824.73,Active
24426,7235,30000,1309.62,Active
24427,7235,5000,1100.81,Active
24428,7236,30000,16212.99,Active
24429,7236,30000,14088.16,Closed
24430,7237,30000,9890.36,Active
24431,7237,2000,339.58,Active
24432,7237,20000,15825.09,Active
24433,7238,5000,4217.98,Active
24434,7238,5000,993.37,Active
24435,7238,30000,8145.49,Closed
24436,7239,30000,200.73,Active
24437,7239,2000,1755.6,Closed
24438,7240,10000,5718.3,Active
24439,7240,2000,1865.74,Active
24440,7240,20000,2555.44,Closed
24441,7241,15000,10668.19,Active
24442,7241,20000,15963.29,Closed
24443,7241,20000,4261.01,Active
24444,7242,2000,1306.65,Active
24445,7242,5000,2669.89,Active
24446,7242,15000,10681.17,Active
24447,7243,15000,999.76,Active
24448,7243,10000,4739.99,Closed
24449,7243,2000,1151.07,Active
24450,7244,2000,1721.79,Active
24451,7244,20000,2046.08,Active
24452,7245,2000,22.2,Active
24453,7245,30000,25596.28,Active
24454,7245,5000,4421.06,Active
24455,7246,20000,9318.19,Active
24456,7246,30000,19281.78,Active
24457,7246,30000,18511.87,Active
24458,7247,2000,1891.82,Active
24459,7248,15000,2255.91,Active
24460,7249,5000,3106.03,Closed
24461,7249,10000,9467.08,Closed
24462,7249,20000,4503.16,Active
24463,7250,20000,16914.1,Active
24464,7251,2000,11.18,Active
24465,7251,10000,7235.7,Active
24466,7252,5000,1611.63,Closed
24467,7252,10000,1317.29,Active
24468,7253,15000,7141.66,Active
24469,7254,30000,14233.4,Active
24470,7254,5000,2772.85,Active
24471,7255,2000,1145.68,Active
24472,7256,2000,1134.62,Active
24473,7256,2000,555.1,Active
24474,7257,20000,8448.08,Active
24475,7257,5000,4604.55,Active
24476,7257,2000,1272.07,Active
24477,7258,5000,1653.94,Active
24478,7258,20000,13050.45,Active
24479,7259,2000,1742.26,Active
24480,7260,20000,5575.19,Active
24481,7260,20000,8902.4,Closed
24482,7261,30000,26248.65,Closed
24483,7261,2000,1310.59,Closed
24484,7262,20000,8320.55,Active
24485,7262,20000,18184.98,Active
24486,7262,30000,24760.04,Active
24487,7263,20000,9355.77,Active
24488,7264,2000,1308.17,Active
24489,7265,2000,1372.56,Active
24490,7266,20000,12073.75,Active
24491,7266,2000,735.12,Active
24492,7267,15000,5893.37,Active
24493,7268,2000,607.97,Active
24494,7268,20000,9762.3,Active
24495,7269,20000,17279.07,Active
24496,7269,10000,2605.87,Active
24497,7270,2000,961.38,Active
24498,7270,30000,28496.91,Closed
24499,7271,2000,1737.3,Active
24500,7271,2000,1443.43,Closed
24501,7271,5000,3988.56,Closed
24502,7272,20000,15616.09,Active
24503,7272,5000,1836.05,Active
24504,7272,5000,4140.9,Active
24505,7273,2000,442.57,Active
24506,7273,10000,5244.02,Active
24507,7274,30000,26287.52,Active
24508,7275,15000,10661.92,Active
24509,7276,5000,1133.86,Active
24510,7277,20000,2648.52,Active
24511,7277,2000,829.62,Closed
24512,7278,30000,2356.38,Active
24513,7278,15000,12787.6,Active
24514,7279,20000,18910.25,Active
24515,7280,2000,723.03,Active
24516,7280,5000,1623.04,Active
24517,7281,30000,8675.85,Active
24518,7282,30000,20099.51,Active
24519,7282,10000,7834.44,Active
24520,7282,15000,10390.88,Closed
24521,7283,10000,6872.29,Active
24522,7283,5000,268.16,Active
24523,7283,5000,4276.98,Active
24524,7284,30000,24010.01,Active
24525,7284,20000,14771.27,Active
24526,7284,10000,6295.09,Active
24527,7285,10000,30.51,Closed
24528,7286,20000,2887.99,Active
24529,7287,30000,17001.25,Active
24530,7287,20000,1197.2,Active
24531,7287,5000,2105.32,Active
24532,7288,5000,319.25,Active
24533,7289,20000,7239.53,Active
24534,7289,10000,3828.29,Active
24535,7289,30000,1689.83,Active
24536,7290,2000,1213.13,Active
24537,7291,5000,2583.93,Active
24538,7291,15000,13589.26,Active
24539,7292,20000,7021.92,Active
24540,7292,5000,4539.11,Active
24541,7293,10000,722.15,Active
24542,7293,30000,10536.79,Active
24543,7294,15000,1614.56,Active
24544,7294,2000,217.24,Active
24545,7295,30000,12922.71,Active
24546,7296,2000,10.53,Closed
24547,7296,2000,1522.99,Closed
24548,7297,2000,189.99,Active
24549,7297,20000,13778.31,Active
24550,7297,2000,1623.45,Closed
24551,7298,10000,7907.47,Closed
24552,7299,5000,452.83,Active
24553,7300,30000,21693.59,Closed
24554,7301,5000,483.22,Active
24555,7301,5000,3881.76,Closed
24556,7302,5000,4442.76,Active
24557,7303,2000,1705.49,Active
24558,7303,2000,255.98,Active
24559,7304,30000,9522.3,Active
24560,7304,20000,4331.4,Active
24561,7305,2000,351.58,Closed
24562,7305,30000,7619.92,Closed
24563,7305,10000,9318.37,Closed
24564,7306,20000,13727.64,Active
24565,7306,5000,1645.45,Active
24566,7306,30000,23769.65,Closed
24567,7307,5000,525.1,Active
24568,7307,20000,2650.23,Active
24569,7308,15000,10287.77,Active
24570,7309,15000,6673.99,Active
24571,7309,15000,9156.84,Closed
24572,7310,30000,24258.51,Active
24573,7310,2000,657.29,Active
24574,7310,10000,7037.63,Closed
24575,7311,10000,7722.6,Active
24576,7312,30000,6584.63,Active
24577,7312,5000,1188.2,Active
24578,7312,20000,2120.77,Active
24579,7313,15000,7360.11,Active
24580,7313,10000,2094.66,Closed
24581,7313,5000,529.12,Active
24582,7314,2000,271.28,Active
24583,7314,5000,4656.5,Active
24584,7314,20000,2019.12,Active
24585,7315,20000,1725.37,Active
24586,7316,10000,118.4,Active
24587,7316,10000,9256.21,Closed
24588,7316,20000,15060.26,Active
24589,7317,15000,12914.51,Active
24590,7318,10000,7025.1,Active
24591,7318,5000,4460.59,Active
24592,7318,5000,1430.45,Active
24593,7319,15000,13857.54,Active
24594,7319,2000,1506.27,Active
24595,7319,5000,2634.37,Active
24596,7320,2000,442.68,Closed
24597,7320,30000,2429.52,Active
24598,7321,20000,10172.23,Active
24599,7321,15000,3216.73,Active
24600,7321,15000,1739.08,Closed
24601,7322,10000,3260.66,Active
24602,7323,10000,4130.53,Closed
24603,7323,5000,3614.34,Closed
24604,7323,5000,249.72,Active
24605,7324,20000,4235.49,Active
24606,7325,15000,862.79,Active
24607,7326,5000,2265.34,Active
24608,7327,5000,1803.83,Active
24609,7328,10000,5862.33,Active
24610,7328,10000,5317.24,Active
24611,7328,5000,1119.24,Active
24612,7329,2000,964.68,Active
24613,7330,10000,6847.37,Active
24614,7330,10000,7089.68,Active
24615,7330,10000,2238.64,Active
24616,7331,5000,2318.36,Active
24617,7331,20000,876.53,Active
24618,7332,10000,4724.85,Active
24619,7332,20000,16482.19,Active
24620,7332,30000,5753.49,Active
24621,7333,2000,772.23,Active
24622,7333,30000,8123.16,Closed
24623,7334,5000,1028.89,Active
24624,7335,5000,3782.65,Active
24625,7335,15000,838.12,Active
24626,7336,10000,7171.83,Closed
24627,7336,5000,1381.26,Active
24628,7337,2000,1624.0,Active
24629,7337,15000,13937.26,Active
24630,7338,2000,1419.61,Active
24631,7338,20000,2565.3,Active
24632,7338,20000,15987.05,Closed
24633,7339,5000,2529.14,Active
24634,7339,30000,2994.79,Active
24635,7340,20000,2.01,Active
24636,7341,10000,3012.5,Closed
24637,7341,10000,3544.82,Active
24638,7342,30000,21477.98,Active
24639,7342,10000,169.09,Closed
24640,7342,5000,4669.84,Closed
24641,7343,5000,1973.51,Active
24642,7343,10000,7179.36,Active
24643,7343,15000,1599.47,Active
24644,7344,15000,3476.52,Closed
24645,7344,2000,1232.84,Active
24646,7345,10000,5039.25,Active
24647,7345,10000,1631.28,Closed
24648,7345,5000,708.73,Active
24649,7346,5000,1917.07,Active
24650,7347,10000,4532.08,Active
24651,7347,20000,3801.66,Closed
24652,7348,5000,1547.25,Active
24653,7348,2000,760.09,Active
24654,7349,2000,317.28,Closed
24655,7349,10000,7414.86,Active
24656,7350,20000,3867.08,Closed
24657,7350,10000,4516.8,Active
24658,7350,10000,2080.36,Active
24659,7351,5000,3801.47,Active
24660,7351,10000,1420.77,Closed
24661,7352,15000,6477.49,Active
24662,7353,20000,11459.62,Active
24663,7353,15000,10468.24,Active
24664,7353,2000,396.2,Active
24665,7354,2000,783.53,Closed
24666,7354,5000,885.29,Active
24667,7354,2000,1333.66,Closed
24668,7355,15000,14078.9,Active
24669,7355,2000,567.1,Closed
24670,7355,15000,10502.83,Active
24671,7356,10000,2142.96,Active
24672,7356,15000,10421.73,Closed
24673,7357,15000,8524.42,Closed
24674,7357,5000,2185.92,Active
24675,7357,10000,2324.53,Closed
24676,7358,2000,1431.24,Active
24677,7358,2000,73.37,Closed
24678,7358,20000,10082.23,Active
24679,7359,30000,6160.08,Active
24680,7360,20000,9322.21,Active
24681,7360,30000,17877.68,Closed
24682,7361,20000,3517.05,Active
24683,7362,15000,7896.24,Active
24684,7362,30000,10945.0,Closed
24685,7362,30000,27575.28,Closed
24686,7363,5000,1559.7,Active
24687,7363,2000,671.2,Closed
24688,7364,10000,2850.92,Closed
24689,7365,10000,7652.96,Active
24690,7365,2000,1178.41,Closed
24691,7365,20000,12851.69,Closed
24692,7366,20000,3110.19,Active
24693,7366,30000,11362.25,Active
24694,7366,15000,12184.83,Active
24695,7367,30000,27645.64,Active
24696,7367,20000,8452.98,Active
24697,7367,20000,7479.98,Closed
24698,7368,30000,22988.71,Closed
24699,7369,30000,13962.95,Closed
24700,7369,5000,2961.67,Closed
24701,7369,5000,4102.1,Active
24702,7370,5000,1914.38,Active
24703,7370,15000,5147.75,Active
24704,7371,2000,1237.15,Active
24705,7371,2000,1347.75,Active
24706,7372,20000,966.83,Active
24707,7372,15000,4522.62,Active
24708,7372,20000,12267.74,Active
24709,7373,15000,8510.72,Closed
24710,7373,15000,12148.17,Closed
24711,7373,2000,1741.84,Active
24712,7374,15000,10063.55,Closed
24713,7374,15000,3718.85,Active
24714,7375,30000,104.46,Active
24715,7375,5000,811.63,Active
24716,7375,30000,8575.57,Closed
24717,7376,2000,1847.61,Closed
24718,7376,10000,878.62,Active
24719,7377,15000,5671.4,Active
24720,7377,15000,5056.83,Closed
24721,7377,2000,567.54,Active
24722,7378,20000,3820.99,Active
24723,7378,5000,4681.62,Active
24724,7378,2000,1182.99,Active
24725,7379,15000,12683.92,Active
24726,7380,15000,10918.55,Active
24727,7380,15000,6332.77,Active
24728,7381,15000,2988.02,Active
24729,7382,20000,18145.74,Active
24730,7382,30000,19440.35,Closed
24731,7382,2000,1373.04,Active
24732,7383,15000,2199.5,Active
24733,7383,15000,3817.27,Closed
24734,7384,10000,7661.55,Closed
24735,7384,15000,10214.99,Active
24736,7384,15000,1578.53,Active
24737,7385,15000,5839.49,Active
24738,7385,15000,3310.32,Active
24739,7385,30000,26914.44,Active
24740,7386,15000,8109.33,Closed
24741,7387,15000,13415.55,Active
24742,7387,2000,339.94,Active
24743,7388,30000,26206.61,Closed
24744,7389,5000,1031.59,Active
24745,7389,5000,1179.13,Active
24746,7390,5000,140.62,Active
24747,7391,5000,4713.59,Active
24748,7392,30000,11440.47,Active
24749,7392,5000,3518.84,Active
24750,7392,5000,1714.97,Active
24751,7393,10000,1006.16,Active
24752,7393,20000,14953.9,Active
24753,7393,10000,3307.36,Active
24754,7394,10000,926.62,Closed
24755,7394,10000,3949.34,Active
24756,7394,15000,4320.43,Active
24757,7395,20000,12438.65,Active
24758,7396,5000,2428.37,Closed
24759,7396,10000,6426.06,Closed
24760,7397,2000,1840.12,Active
24761,7398,2000,544.84,Active
24762,7398,2000,770.14,Active
24763,7398,5000,3855.69,Active
24764,7399,20000,11816.25,Closed
24765,7399,2000,1139.46,Active
24766,7399,15000,8517.09,Active
24767,7400,20000,2443.31,Closed
24768,7400,2000,113.76,Active
24769,7400,20000,1117.96,Active
24770,7401,2000,424.79,Closed
24771,7401,10000,4027.07,Active
24772,7401,15000,10120.62,Closed
24773,7402,10000,5119.72,Active
24774,7402,5000,2844.27,Active
24775,7402,30000,22863.25,Closed
24776,7403,2000,639.06,Closed
24777,7403,10000,720.61,Active
24778,7403,5000,3468.39,Active
24779,7404,20000,8578.99,Active
24780,7405,20000,14135.02,Closed
24781,7406,15000,2893.67,Active
24782,7406,2000,480.29,Active
24783,7406,10000,6343.13,Active
24784,7407,30000,25869.74,Closed
24785,7408,30000,18383.34,Active
24786,7408,30000,8572.83,Active
24787,7408,10000,7273.6,Active
24788,7409,2000,63.76,Closed
24789,7410,20000,7127.78,Active
24790,7410,5000,1232.81,Closed
24791,7411,2000,1169.44,Active
24792,7411,5000,4261.91,Active
24793,7411,10000,4160.62,Active
24794,7412,15000,4486.55,Closed
24795,7412,5000,802.6,Active
24796,7413,30000,17900.0,Active
24797,7414,15000,997.23,Active
24798,7414,2000,337.3,Active
24799,7415,2000,1385.65,Closed
24800,7416,5000,1200.27,Closed
24801,7416,30000,19957.89,Active
24802,7416,15000,3902.75,Active
24803,7417,30000,20294.68,Active
24804,7417,2000,1461.02,Closed
24805,7418,10000,1175.95,Closed
24806,7418,5000,2324.52,Active
24807,7418,2000,742.91,Closed
24808,7419,10000,1110.88,Active
24809,7419,15000,2763.51,Active
24810,7420,2000,1527.53,Active
24811,7420,2000,1730.63,Active
24812,7420,5000,2913.32,Active
24813,7421,20000,2881.5,Active
24814,7422,5000,4172.65,Active
24815,7423,30000,9174.2,Active
24816,7423,5000,3079.44,Closed
24817,7424,15000,2342.23,Active
24818,7425,2000,779.31,Closed
24819,7426,10000,3182.29,Active
24820,7427,10000,7849.52,Closed
24821,7427,30000,19497.62,Active
24822,7427,20000,13898.73,Active
24823,7428,15000,7113.93,Active
24824,7428,2000,720.89,Active
24825,7428,30000,26922.5,Closed
24826,7429,15000,2795.97,Active
24827,7429,20000,17600.42,Closed
24828,7429,10000,6829.27,Active
24829,7430,20000,15965.25,Closed
24830,7431,10000,8834.14,Active
24831,7431,2000,200.28,Active
24832,7431,5000,375.65,Active
24833,7432,15000,11532.62,Closed
24834,7432,30000,15776.65,Active
24835,7433,15000,10750.15,Active
24836,7433,10000,690.27,Active
24837,7433,20000,2800.73,Active
24838,7434,10000,1601.24,Active
24839,7435,30000,19104.97,Active
24840,7435,10000,4284.17,Closed
24841,7435,10000,6544.57,Active
24842,7436,10000,409.22,Active
24843,7436,10000,2481.62,Active
24844,7437,20000,16260.26,Active
24845,7437,15000,8175.73,Active
24846,7437,5000,2752.74,Closed
24847,7438,20000,10257.73,Active
24848,7438,20000,12169.32,Active
24849,7438,10000,8026.18,Closed
24850,7439,5000,3744.83,Active
24851,7440,30000,10424.98,Active
24852,7440,2000,656.21,Active
24853,7440,2000,1854.25,Active
24854,7441,2000,1510.81,Closed
24855,7442,15000,2764.43,Active
24856,7442,10000,2183.38,Active
24857,7443,5000,982.22,Closed
24858,7443,15000,6395.64,Active
24859,7443,5000,2680.71,Active
24860,7444,5000,2568.54,Active
24861,7444,30000,22181.54,Closed
24862,7445,30000,2962.79,Active
24863,7445,5000,1775.37,Active
24864,7445,5000,3338.06,Active
24865,7446,30000,495.26,Active
24866,7446,15000,2462.43,Active
24867,7446,5000,651.38,Active
24868,7447,2000,167.79,Active
24869,7447,10000,6188.04,Active
24870,7447,30000,26234.97,Active
24871,7448,5000,3217.03,Closed
24872,7449,2000,34.76,Active
24873,7449,15000,11855.59,Active
24874,7449,2000,940.04,Active
24875,7450,15000,9666.4,Closed
24876,7450,5000,70.23,Active
24877,7451,30000,8650.55,Closed
24878,7452,15000,2711.76,Closed
24879,7453,2000,584.55,Active
24880,7454,5000,4468.67,Active
24881,7454,2000,539.19,Active
24882,7454,2000,300.59,Closed
24883,7455,10000,9069.58,Active
24884,7455,30000,21558.52,Active
24885,7455,15000,988.25,Active
24886,7456,2000,161.09,Active
24887,7456,10000,2268.82,Active
24888,7457,15000,7640.04,Closed
24889,7457,15000,6515.41,Active
24890,7457,15000,4181.8,Active
24891,7458,5000,979.9,Active
24892,7458,2000,1080.36,Active
24893,7459,20000,15942.92,Active
24894,7459,2000,1679.49,Active
24895,7460,20000,8970.5,Active
24896,7460,2000,1436.73,Closed
24897,7460,2000,1763.27,Closed
24898,7461,30000,20106.02,Closed
24899,7462,5000,4227.54,Active
24900,7462,10000,7592.4,Closed
24901,7462,20000,14828.04,Active
24902,7463,30000,22311.24,Active
24903,7463,5000,1585.79,Active
24904,7464,20000,13945.22,Active
24905,7464,5000,3675.72,Active
24906,7464,20000,7807.28,Closed
24907,7465,30000,8696.98,Closed
24908,7465,30000,23410.59,Active
24909,7465,5000,1183.34,Active
24910,7466,20000,13553.97,Active
24911,7466,20000,3148.19,Active
24912,7467,5000,656.63,Active
24913,7468,2000,982.34,Active
24914,7468,15000,286.31,Closed
24915,7469,5000,4329.4,Active
24916,7469,10000,256.4,Active
24917,7469,30000,20016.26,Active
24918,7470,20000,3190.38,Active
24919,7470,15000,10498.52,Active
24920,7470,5000,1313.49,Active
24921,7471,20000,12829.01,Active
24922,7471,5000,3633.06,Active
24923,7471,5000,1520.21,Closed
24924,7472,2000,1139.16,Active
24925,7473,15000,677.25,Active
24926,7473,2000,564.91,Active
24927,7474,10000,1391.42,Closed
24928,7475,15000,2208.37,Active
24929,7475,15000,780.97,Closed
24930,7476,5000,126.53,Active
24931,7476,15000,2282.89,Closed
24932,7477,15000,13848.13,Active
24933,7477,10000,7366.12,Active
24934,7478,5000,2929.45,Closed
24935,7479,5000,2195.48,Closed
24936,7479,15000,5412.66,Active
24937,7479,15000,6731.77,Closed
24938,7480,10000,7332.58,Active
24939,7481,5000,2292.74,Active
24940,7481,30000,2055.51,Closed
24941,7482,15000,10977.96,Active
24942,7482,5000,3581.82,Active
24943,7482,15000,13896.49,Active
24944,7483,30000,16621.82,Closed
24945,7483,15000,8682.02,Active
24946,7484,20000,1391.92,Active
24947,7484,30000,24340.94,Closed
24948,7484,30000,15715.68,Active
24949,7485,10000,3816.05,Active
24950,7485,30000,304.6,Active
24951,7486,15000,6728.87,Active
24952,7486,5000,1537.21,Closed
24953,7486,20000,18266.51,Active
24954,7487,15000,12123.87,Active
24955,7488,2000,1790.17,Closed
24956,7488,10000,8702.14,Active
24957,7489,30000,22365.41,Closed
24958,7489,10000,660.85,Active
24959,7489,2000,638.94,Active
24960,7490,5000,2386.04,Closed
24961,7490,20000,8000.61,Active
24962,7491,15000,110.49,Closed
24963,7491,20000,7131.23,Active
24964,7492,30000,4302.27,Active
24965,7493,15000,1788.44,Active
24966,7494,10000,7298.65,Active
24967,7494,5000,3858.98,Active
24968,7495,30000,3921.56,Active
24969,7495,10000,2798.93,Active
24970,7496,30000,26536.98,Active
24971,7496,20000,18654.64,Active
24972,7497,20000,15195.81,Closed
24973,7497,5000,3362.52,Active
24974,7498,10000,1310.5,Active
24975,7498,10000,8072.54,Active
24976,7498,10000,7862.73,Active
24977,7499,2000,1392.08,Closed
24978,7499,15000,180.73,Active
24979,7499,20000,5998.66,Active
24980,7500,10000,2005.85,Active
24981,7500,10000,9447.38,Active
24982,7500,5000,737.53,Active
24983,7501,2000,320.26,Active
24984,7501,15000,7736.28,Closed
24985,7502,30000,23317.79,Active
24986,7502,20000,11575.92,Active
24987,7503,2000,488.89,Closed
24988,7503,10000,8441.61,Active
24989,7503,30000,13743.48,Active
24990,7504,10000,6419.63,Active
24991,7504,15000,11445.1,Active
24992,7505,5000,2649.17,Active
24993,7505,15000,5537.85,Active
24994,7506,20000,3737.69,Closed
24995,7506,30000,8036.37,Active
24996,7507,10000,6108.18,Closed
24997,7508,20000,14196.24,Active
24998,7508,10000,7612.47,Closed
24999,7509,2000,206.97,Active
25000,7509,10000,3790.01,Active
25001,7509,15000,13110.34,Closed
25002,7510,30000,1639.77,Closed
25003,7510,20000,9374.41,Closed
25004,7511,2000,1448.61,Active
25005,7511,15000,13289.57,Active
25006,7512,20000,7236.36,Active
25007,7512,10000,7115.49,Closed
25008,7512,5000,80.98,Active
25009,7513,30000,811.8,Closed
25010,7513,20000,9462.36,Active
25011,7513,15000,2882.96,Active
25012,7514,20000,8119.54,Active
25013,7514,15000,11968.56,Active
25014,7514,2000,902.92,Active
25015,7515,15000,4478.9,Active
25016,7515,5000,3814.45,Closed
25017,7515,20000,5620.92,Active
25018,7516,30000,15887.3,Closed
25019,7517,10000,1010.33,Active
25020,7517,10000,4429.43,Active
25021,7517,10000,8999.51,Closed
25022,7518,20000,16429.01,Active
25023,7519,15000,10218.42,Closed
25024,7519,30000,3734.58,Active
25025,7519,10000,8832.91,Active
25026,7520,30000,608.08,Active
25027,7521,15000,12435.73,Closed
25028,7522,20000,17006.5,Closed
25029,7523,30000,22138.26,Active
25030,7523,20000,9487.72,Closed
25031,7523,15000,7458.81,Closed
25032,7524,20000,17241.75,Active
25033,7524,15000,1558.49,Active
25034,7525,15000,5078.69,Active
25035,7525,10000,370.13,Closed
25036,7525,2000,1872.47,Closed
25037,7526,10000,1077.95,Closed
25038,7526,10000,3982.13,Active
25039,7526,10000,7799.88,Active
25040,7527,2000,289.49,Active
25041,7527,20000,1924.74,Closed
25042,7528,15000,8762.64,Closed
25043,7529,5000,3666.29,Closed
25044,7529,20000,13237.61,Active
25045,7530,5000,3845.78,Active
25046,7531,5000,4631.82,Active
25047,7531,2000,1072.53,Active
25048,7532,5000,1996.96,Active
25049,7532,5000,4215.99,Active
25050,7533,15000,7927.75,Closed
25051,7533,5000,2004.99,Active
25052,7534,15000,8334.47,Active
25053,7534,30000,20335.46,Active
25054,7535,5000,2938.6,Active
25055,7536,20000,14216.2,Active
25056,7536,30000,10167.93,Active
25057,7536,15000,3928.47,Active
25058,7537,30000,3064.09,Active
25059,7537,2000,819.9,Closed
25060,7538,5000,2606.09,Active
25061,7538,2000,59.96,Active
25062,7539,15000,9902.72,Closed
25063,7539,20000,16390.36,Active
25064,7540,5000,712.67,Active
25065,7540,30000,27827.78,Active
25066,7540,15000,13207.62,Active
25067,7541,30000,17783.07,Closed
25068,7541,30000,12875.78,Active
25069,7541,10000,2585.32,Active
25070,7542,20000,12507.45,Active
25071,7543,10000,8980.61,Active
25072,7544,15000,14243.88,Closed
25073,7544,5000,321.46,Closed
25074,7544,2000,533.1,Closed
25075,7545,20000,18892.41,Active
25076,7545,30000,22903.2,Active
25077,7546,20000,7368.05,Active
25078,7546,2000,1815.71,Closed
25079,7547,5000,1117.26,Active
25080,7548,30000,9774.51,Active
25081,7548,15000,11493.34,Active
25082,7549,30000,19218.97,Active
25083,7549,15000,9549.4,Active
25084,7549,20000,15511.16,Active
25085,7550,15000,11378.94,Active
25086,7551,5000,4557.14,Active
25087,7552,15000,12306.9,Active
25088,7552,5000,477.25,Active
25089,7552,30000,19897.26,Active
25090,7553,15000,11832.46,Active
25091,7553,15000,7846.66,Active
25092,7553,20000,10394.51,Active
25093,7554,2000,1438.69,Active
25094,7554,10000,6614.39,Active
25095,7555,30000,13349.87,Active
25096,7556,10000,2960.75,Active
25097,7557,15000,11723.45,Closed
25098,7557,15000,12080.97,Active
25099,7557,20000,7570.18,Active
25100,7558,5000,4692.33,Active
25101,7559,5000,2947.63,Active
25102,7559,2000,1742.27,Closed
25103,7559,15000,1170.05,Active
25104,7560,2000,744.93,Active
25105,7561,15000,2138.06,Closed
25106,7561,30000,965.95,Active
25107,7561,30000,2157.3,Active
25108,7562,5000,4013.77,Active
25109,7562,30000,1761.73,Active
25110,7562,10000,3245.33,Active
25111,7563,30000,25493.87,Active
25112,7563,20000,16337.96,Active
25113,7564,10000,1226.39,Active
25114,7565,20000,6947.22,Active
25115,7566,5000,2271.11,Active
25116,7566,2000,1453.46,Closed
25117,7567,10000,8255.39,Closed
25118,7567,5000,882.39,Active
25119,7568,20000,7401.91,Active
25120,7569,2000,1329.0,Active
25121,7569,2000,103.76,Active
25122,7569,20000,18815.34,Active
25123,7570,5000,1256.8,Active
25124,7571,10000,2420.62,Active
25125,7571,2000,1362.39,Closed
25126,7571,15000,13200.27,Active
25127,7572,20000,11961.43,Active
25128,7572,5000,250.23,Closed
25129,7573,30000,19244.99,Closed
25130,7573,2000,1048.31,Active
25131,7574,10000,6542.19,Active
25132,7574,10000,2084.08,Active
25133,7575,30000,13755.42,Active
25134,7576,15000,10487.72,Active
25135,7576,2000,972.32,Active
25136,7577,30000,1090.39,Closed
25137,7577,2000,1534.85,Closed
25138,7577,20000,39.93,Closed
25139,7578,5000,1615.65,Active
25140,7579,5000,710.39,Active
25141,7579,5000,4304.5,Active
25142,7580,2000,1418.92,Closed
25143,7580,10000,5402.76,Active
25144,7581,5000,1500.66,Active
25145,7581,15000,10370.32,Closed
25146,7581,30000,21165.26,Active
25147,7582,2000,1329.47,Closed
25148,7582,30000,16418.51,Active
25149,7582,2000,1384.15,Active
25150,7583,30000,28174.42,Closed
25151,7584,5000,3335.89,Active
25152,7585,15000,1316.01,Closed
25153,7585,5000,3882.27,Active
25154,7586,5000,3470.41,Active
25155,7587,5000,1984.66,Active
25156,7588,20000,3923.08,Active
25157,7589,2000,1452.03,Active
25158,7590,30000,6451.48,Active
25159,7590,20000,4517.74,Active
25160,7591,10000,7611.12,Active
25161,7592,30000,1952.91,Active
25162,7593,2000,915.35,Active
25163,7594,5000,2793.58,Active
25164,7595,20000,9870.16,Active
25165,7595,20000,8558.06,Closed
25166,7595,2000,399.72,Active
25167,7596,5000,4053.71,Closed
25168,7596,30000,11374.86,Active
25169,7597,20000,130.72,Closed
25170,7597,30000,21042.71,Closed
25171,7597,10000,1494.15,Closed
25172,7598,30000,981.68,Closed
25173,7598,20000,14875.81,Active
25174,7599,5000,4000.08,Active
25175,7599,5000,4347.97,Active
25176,7600,2000,428.99,Closed
25177,7600,30000,18487.37,Active
25178,7601,30000,18357.69,Active
25179,7601,20000,6814.2,Active
25180,7601,5000,3187.72,Active
25181,7602,10000,393.77,Active
25182,7602,30000,15857.67,Active
25183,7603,2000,17.67,Active
25184,7603,30000,23246.01,Closed
25185,7604,2000,1694.9,Closed
25186,7605,20000,6176.96,Active
25187,7605,10000,5717.28,Closed
25188,7606,30000,23482.19,Active
25189,7606,20000,14163.67,Active
25190,7607,10000,4744.47,Closed
25191,7607,15000,4711.0,Active
25192,7608,15000,11313.05,Active
25193,7608,10000,1803.82,Active
25194,7608,15000,7467.66,Active
25195,7609,30000,26672.94,Closed
25196,7610,2000,1851.55,Closed
25197,7611,10000,4003.36,Active
25198,7611,2000,796.15,Active
25199,7612,10000,6439.85,Active
25200,7612,15000,4096.52,Active
25201,7612,30000,17515.08,Closed
25202,7613,30000,7720.99,Active
25203,7614,2000,1138.64,Closed
25204,7614,10000,7902.35,Active
25205,7615,30000,711.84,Closed
25206,7616,20000,259.83,Closed
25207,7617,10000,7426.8,Active
25208,7617,5000,4608.93,Active
25209,7617,10000,8154.22,Closed
25210,7618,20000,4142.18,Closed
25211,7619,30000,22833.73,Closed
25212,7619,5000,3265.81,Active
25213,7619,20000,9106.63,Active
25214,7620,20000,12424.65,Active
25215,7620,5000,3447.91,Active
25216,7621,30000,17170.32,Active
25217,7621,2000,447.87,Active
25218,7622,30000,26590.11,Active
25219,7623,5000,633.57,Active
25220,7623,10000,3945.32,Active
25221,7624,10000,1171.4,Closed
25222,7624,20000,9813.37,Active
25223,7625,15000,11575.54,Closed
25224,7625,15000,11352.75,Active
25225,7625,10000,2184.87,Closed
25226,7626,20000,9743.44,Active
25227,7627,15000,12052.21,Closed
25228,7628,20000,8083.92,Closed
25229,7628,10000,8827.31,Active
25230,7628,30000,6211.91,Active
25231,7629,10000,175.7,Active
25232,7629,10000,4625.95,Closed
25233,7629,10000,7041.19,Active
25234,7630,2000,793.86,Active
25235,7630,5000,1615.32,Active
25236,7631,5000,1885.21,Active
25237,7631,2000,1649.86,Active
25238,7631,2000,186.28,Closed
25239,7632,2000,1236.53,Active
25240,7633,2000,1748.43,Active
25241,7633,30000,831.5,Active
25242,7633,15000,8936.51,Active
25243,7634,5000,3161.58,Closed
25244,7634,30000,3508.08,Active
25245,7635,20000,15607.87,Active
25246,7636,2000,1680.09,Active
25247,7636,30000,26413.61,Closed
25248,7636,30000,7714.99,Active
25249,7637,15000,8444.96,Active
25250,7637,10000,7078.33,Active
25251,7637,20000,15561.72,Active
25252,7638,30000,14078.75,Closed
25253,7638,5000,1682.36,Active
25254,7639,20000,14917.24,Active
25255,7640,15000,11847.96,Active
25256,7640,15000,3187.83,Active
25257,7640,20000,5942.36,Closed
25258,7641,5000,2006.3,Active
25259,7642,5000,1594.13,Active
25260,7643,30000,16351.33,Active
25261,7643,2000,223.82,Active
25262,7644,20000,1318.55,Active
25263,7644,30000,9192.2,Active
25264,7644,5000,2153.53,Active
25265,7645,30000,14846.78,Active
25266,7645,15000,14226.28,Closed
25267,7646,2000,1345.51,Closed
25268,7646,5000,1155.23,Active
25269,7646,2000,1122.42,Closed
25270,7647,30000,26019.98,Closed
25271,7647,15000,13525.86,Active
25272,7647,30000,7578.65,Active
25273,7648,15000,11380.76,Active
25274,7648,10000,4806.97,Active
25275,7648,10000,3827.63,Active
25276,7649,5000,1179.4,Active
25277,7649,2000,423.18,Active
25278,7650,15000,1412.1,Closed
25279,7650,5000,1118.95,Active
25280,7651,5000,3538.16,Active
25281,7651,2000,1726.78,Active
25282,7652,10000,113.49,Active
25283,7652,2000,170.56,Active
25284,7652,5000,244.92,Active
25285,7653,15000,10456.42,Active
25286,7653,2000,576.37,Active
25287,7653,15000,11773.23,Active
25288,7654,2000,937.82,Active
25289,7654,30000,6717.46,Closed
25290,7655,15000,10030.1,Active
25291,7656,5000,1775.26,Active
25292,7656,10000,3339.48,Active
25293,7657,30000,4712.59,Active
25294,7657,30000,15259.63,Active
25295,7658,15000,5514.84,Active
25296,7658,20000,9252.23,Active
25297,7659,2000,1228.23,Closed
25298,7659,2000,1152.3,Active
25299,7659,20000,1864.94,Active
25300,7660,2000,1033.73,Active
25301,7660,20000,15674.52,Active
25302,7661,2000,590.57,Closed
25303,7662,15000,110.96,Active
25304,7662,15000,8025.32,Active
25305,7663,10000,5676.55,Active
25306,7663,15000,10606.56,Closed
25307,7663,15000,5137.94,Closed
25308,7664,5000,1168.11,Active
25309,7665,2000,1434.11,Active
25310,7666,5000,2908.76,Active
25311,7667,30000,2551.03,Active
25312,7668,15000,2351.21,Active
25313,7668,5000,110.42,Active
25314,7669,2000,872.12,Active
25315,7669,2000,1124.99,Active
25316,7669,10000,1653.55,Active
25317,7670,5000,1411.3,Active
25318,7670,30000,17069.23,Active
25319,7670,15000,6491.75,Closed
25320,7671,10000,1048.65,Active
25321,7672,5000,987.64,Closed
25322,7672,5000,1498.07,Active
25323,7673,5000,1853.42,Active
25324,7673,20000,8448.11,Active
25325,7673,20000,9450.1,Active
25326,7674,30000,24708.7,Active
25327,7675,10000,5068.37,Active
25328,7676,10000,6036.35,Active
25329,7676,2000,598.35,Active
25330,7677,5000,1999.77,Active
25331,7677,10000,2279.13,Closed
25332,7678,10000,2235.19,Active
25333,7679,15000,10411.27,Closed
25334,7679,10000,6178.14,Active
25335,7679,10000,7012.14,Active
25336,7680,30000,1419.5,Closed
25337,7680,20000,3650.0,Closed
25338,7680,10000,6645.56,Active
25339,7681,10000,9085.31,Active
25340,7682,20000,18.99,Closed
25341,7682,5000,2720.86,Active
25342,7682,10000,2579.73,Active
25343,7683,10000,8521.57,Active
25344,7683,20000,7390.43,Active
25345,7683,15000,654.28,Active
25346,7684,15000,10338.11,Active
25347,7684,20000,10502.75,Closed
25348,7685,5000,4321.75,Active
25349,7685,10000,928.82,Active
25350,7685,10000,2925.76,Active
25351,7686,15000,5164.16,Active
25352,7687,15000,9640.88,Active
25353,7687,10000,1685.4,Active
25354,7687,2000,456.55,Active
25355,7688,20000,4648.11,Active
25356,7688,10000,337.29,Active
25357,7689,2000,510.77,Active
25358,7690,20000,782.53,Active
25359,7690,15000,374.87,Active
25360,7690,5000,4307.18,Active
25361,7691,20000,8036.73,Closed
25362,7692,10000,5732.55,Closed
25363,7693,2000,710.2,Active
25364,7693,15000,6407.15,Active
25365,7694,20000,758.56,Active
25366,7694,10000,6057.51,Active
25367,7694,15000,14245.31,Active
25368,7695,2000,1141.03,Active
25369,7696,30000,4432.56,Active
25370,7697,2000,1055.1,Active
25371,7697,30000,27480.34,Active
25372,7697,5000,2577.85,Closed
25373,7698,30000,27554.67,Active
25374,7699,15000,10555.48,Active
25375,7700,30000,11483.96,Closed
25376,7700,2000,1317.81,Closed
25377,7700,15000,13415.63,Active
25378,7701,5000,4456.15,Closed
25379,7702,2000,1135.08,Active
25380,7702,5000,4269.4,Active
25381,7703,5000,2329.31,Active
25382,7703,20000,14176.5,Active
25383,7703,10000,517.42,Active
25384,7704,20000,4373.99,Closed
25385,7705,20000,11425.21,Active
25386,7705,15000,9353.91,Active
25387,7705,5000,2814.57,Active
25388,7706,5000,4653.15,Active
25389,7706,2000,1556.4,Active
25390,7707,30000,26682.61,Active
25391,7708,15000,2177.27,Active
25392,7708,2000,388.49,Active
25393,7708,2000,308.55,Active
25394,7709,20000,2578.21,Closed
25395,7709,2000,1605.8,Closed
25396,7709,5000,2410.6,Active
25397,7710,10000,3452.96,Active
25398,7710,10000,904.0,Active
25399,7710,30000,26572.81,Closed
25400,7711,15000,13332.74,Active
25401,7711,10000,1512.57,Closed
25402,7711,5000,1405.28,Active
25403,7712,15000,6804.04,Active
25404,7712,10000,5979.54,Active
25405,7713,2000,952.42,Active
25406,7714,5000,3060.11,Closed
25407,7714,10000,5870.27,Active
25408,7714,10000,6235.58,Closed
25409,7715,20000,11260.17,Closed
25410,7715,10000,1326.74,Active
25411,7716,10000,7073.72,Active
25412,7716,15000,6958.77,Active
25413,7717,10000,7372.87,Closed
25414,7718,10000,3895.82,Closed
25415,7719,5000,2359.13,Active
25416,7720,10000,5193.43,Active
25417,7721,2000,47.92,Active
25418,7721,2000,320.14,Active
25419,7721,2000,1736.08,Active
25420,7722,15000,6586.17,Active
25421,7723,15000,14117.83,Active
25422,7723,10000,6363.13,Active
25423,7724,20000,8974.57,Active
25424,7724,2000,184.57,Active
25425,7725,10000,1659.16,Closed
25426,7725,30000,4999.33,Closed
25427,7725,10000,7309.11,Active
25428,7726,30000,17726.54,Active
25429,7727,30000,25266.19,Closed
25430,7727,20000,13749.26,Active
25431,7727,5000,2054.58,Active
25432,7728,2000,1198.11,Active
25433,7728,20000,12698.7,Active
25434,7729,5000,1823.21,Active
25435,7729,30000,15136.62,Active
25436,7729,15000,12537.46,Active
25437,7730,10000,3328.83,Active
25438,7731,20000,8846.52,Active
25439,7732,2000,1146.52,Closed
25440,7733,5000,4060.71,Active
25441,7734,10000,7991.01,Active
25442,7734,30000,4441.92,Active
25443,7734,10000,5842.79,Active
25444,7735,10000,8641.0,Closed
25445,7735,5000,3828.23,Active
25446,7736,10000,4569.06,Closed
25447,7736,10000,5392.75,Active
25448,7737,2000,27.48,Active
25449,7738,5000,3416.58,Active
25450,7739,20000,6752.63,Active
25451,7739,5000,928.19,Closed
25452,7740,2000,965.61,Active
25453,7740,5000,703.68,Active
25454,7741,2000,468.16,Active
25455,7742,5000,820.12,Active
25456,7742,20000,12964.71,Active
25457,7742,10000,4271.09,Active
25458,7743,15000,5730.33,Active
25459,7744,2000,1888.25,Active
25460,7745,10000,4463.33,Closed
25461,7746,2000,971.12,Active
25462,7747,10000,1714.73,Active
25463,7748,10000,4163.2,Active
25464,7748,30000,9784.81,Active
25465,7749,30000,3489.88,Closed
25466,7749,5000,3598.96,Active
25467,7750,2000,772.3,Active
25468,7751,15000,5587.45,Closed
25469,7751,20000,1717.0,Active
25470,7751,30000,16057.82,Closed
25471,7752,10000,3189.75,Active
25472,7752,15000,2066.95,Closed
25473,7753,5000,363.57,Active
25474,7753,15000,755.02,Active
25475,7754,2000,577.62,Closed
25476,7754,5000,4179.72,Active
25477,7755,5000,2884.81,Active
25478,7755,10000,1904.16,Active
25479,7755,20000,7703.52,Active
25480,7756,15000,4019.2,Active
25481,7757,20000,12574.58,Active
25482,7758,2000,53.01,Active
25483,7758,30000,6405.12,Active
25484,7759,30000,17253.66,Active
25485,7759,2000,1484.27,Closed
25486,7759,20000,7559.64,Active
25487,7760,20000,11232.8,Closed
25488,7760,20000,10296.79,Closed
25489,7760,10000,7015.29,Active
25490,7761,2000,200.07,Closed
25491,7762,30000,26311.76,Closed
25492,7763,30000,2180.09,Closed
25493,7763,10000,6593.81,Active
25494,7763,15000,12078.14,Active
25495,7764,10000,4118.94,Active
25496,7764,30000,16395.78,Closed
25497,7765,15000,11572.02,Active
25498,7765,2000,1389.8,Active
25499,7766,5000,4585.31,Active
25500,7767,30000,14702.66,Closed
25501,7768,10000,7679.01,Active
25502,7768,10000,9005.15,Active
25503,7768,30000,2376.55,Active
25504,7769,15000,7327.28,Active
25505,7770,2000,1032.11,Active
25506,7771,15000,9667.32,Closed
25507,7772,15000,2845.82,Active
25508,7772,20000,14718.78,Active
25509,7772,30000,7192.95,Closed
25510,7773,15000,5336.73,Active
25511,7773,30000,27135.31,Active
25512,7774,2000,267.13,Active
25513,7774,5000,3613.61,Active
25514,7775,30000,10971.85,Active
25515,7776,30000,22205.25,Closed
25516,7776,20000,11753.99,Closed
25517,7776,2000,1834.71,Active
25518,7777,2000,86.33,Closed
25519,7777,20000,18599.76,Active
25520,7778,30000,4156.79,Active
25521,7779,2000,330.88,Closed
25522,7779,20000,11669.04,Active
25523,7779,2000,385.71,Active
25524,7780,30000,13264.21,Active
25525,7780,10000,24.84,Closed
25526,7781,5000,3503.04,Closed
25527,7781,5000,4295.56,Active
25528,7781,5000,1660.33,Active
25529,7782,15000,6068.14,Active
25530,7783,30000,16114.05,Active
25531,7784,5000,3399.7,Active
25532,7785,5000,3787.37,Active
25533,7785,15000,5655.84,Active
25534,7786,20000,12302.49,Active
25535,7786,20000,9457.56,Active
25536,7787,15000,4612.0,Active
25537,7788,10000,3557.65,Active
25538,7788,20000,14591.62,Active
25539,7789,30000,11419.03,Active
25540,7790,10000,4904.98,Closed
25541,7790,2000,528.71,Closed
25542,7790,15000,2122.75,Active
25543,7791,15000,10261.79,Active
25544,7792,2000,815.16,Active
25545,7792,15000,9886.39,Active
25546,7792,2000,511.86,Closed
25547,7793,2000,316.54,Active
25548,7794,20000,8411.22,Closed
25549,7795,20000,17886.6,Closed
25550,7796,2000,1637.1,Active
25551,7796,30000,4793.62,Active
25552,7797,5000,4676.62,Active
25553,7797,5000,414.53,Active
25554,7797,20000,10896.82,Active
25555,7798,2000,1701.12,Closed
25556,7799,30000,24321.76,Active
25557,7799,2000,1118.49,Active
25558,7800,30000,7510.19,Closed
25559,7800,2000,1507.49,Active
25560,7800,2000,1314.47,Active
25561,7801,2000,450.64,Active
25562,7801,5000,139.34,Closed
25563,7801,2000,573.36,Active
25564,7802,10000,7093.92,Active
25565,7803,2000,1500.7,Active
25566,7803,15000,9076.49,Closed
25567,7804,10000,9493.01,Active
25568,7804,20000,18238.96,Active
25569,7804,20000,10481.02,Active
25570,7805,30000,12521.26,Active
25571,7805,5000,902.3,Closed
25572,7806,5000,3879.16,Active
25573,7806,10000,3871.85,Closed
25574,7807,30000,28394.1,Closed
25575,7808,5000,1837.51,Active
25576,7808,2000,1838.58,Closed
25577,7809,2000,1733.37,Active
25578,7809,10000,242.22,Active
25579,7810,30000,1077.21,Active
25580,7810,5000,3802.22,Active
25581,7811,2000,1584.39,Active
25582,7811,2000,1312.25,Active
25583,7811,15000,5660.45,Active
25584,7812,20000,17817.57,Closed
25585,7813,30000,26014.86,Active
25586,7813,15000,10456.74,Active
25587,7813,15000,7994.31,Closed
25588,7814,30000,528.95,Active
25589,7815,5000,329.81,Active
25590,7815,2000,1530.05,Active
25591,7816,10000,2036.42,Active
25592,7816,30000,25739.56,Active
25593,7817,30000,9805.06,Closed
25594,7818,30000,11131.28,Active
25595,7818,20000,15360.91,Active
25596,7818,30000,26359.78,Active
25597,7819,15000,12931.07,Active
25598,7819,15000,9618.03,Active
25599,7820,20000,10818.65,Active
25600,7820,15000,13030.85,Active
25601,7820,10000,3698.38,Active
25602,7821,15000,4013.57,Active
25603,7822,10000,4517.53,Active
25604,7822,30000,12435.73,Closed
25605,7822,5000,1337.46,Active
25606,7823,2000,483.07,Active
25607,7823,2000,529.02,Closed
25608,7823,30000,15911.54,Active
25609,7824,15000,9455.69,Active
25610,7825,5000,3922.96,Active
25611,7825,15000,816.6,Active
25612,7825,20000,5547.62,Closed
25613,7826,30000,6275.87,Active
25614,7827,10000,4649.93,Closed
25615,7828,10000,6322.05,Active
25616,7828,5000,3947.37,Active
25617,7828,30000,12685.25,Active
25618,7829,30000,25181.99,Active
25619,7829,2000,532.33,Active
25620,7830,10000,1113.41,Active
25621,7831,10000,7473.65,Active
25622,7831,15000,4385.38,Closed
25623,7831,5000,2866.71,Active
25624,7832,2000,1597.32,Active
25625,7832,30000,26230.71,Closed
25626,7832,5000,1144.78,Closed
25627,7833,30000,16480.59,Closed
25628,7833,20000,5190.52,Closed
25629,7834,15000,6563.3,Closed
25630,7834,10000,3597.52,Closed
25631,7835,15000,5653.84,Closed
25632,7835,10000,9160.05,Active
25633,7836,10000,6674.88,Active
25634,7837,20000,14523.75,Active
25635,7837,2000,403.76,Active
25636,7838,5000,525.38,Active
25637,7839,10000,1896.22,Active
25638,7839,30000,8085.29,Active
25639,7839,30000,18088.7,Active
25640,7840,15000,1354.96,Active
25641,7840,10000,5435.84,Active
25642,7841,20000,815.15,Active
25643,7841,10000,8006.48,Active
25644,7842,20000,3646.13,Active
25645,7842,2000,1450.85,Closed
25646,7842,20000,1088.94,Active
25647,7843,5000,2286.05,Active
25648,7843,5000,2942.36,Active
25649,7843,2000,609.53,Active
25650,7844,2000,32.35,Active
25651,7844,15000,5100.41,Active
25652,7845,30000,26598.09,Active
25653,7846,10000,8577.42,Active
25654,7846,2000,398.02,Closed
25655,7847,2000,238.99,Active
25656,7847,5000,4601.12,Active
25657,7848,2000,1264.01,Active
25658,7848,20000,6105.01,Active
25659,7848,2000,275.32,Active
25660,7849,10000,8649.05,Active
25661,7849,20000,11670.1,Active
25662,7850,5000,4336.8,Active
25663,7850,20000,13195.58,Active
25664,7850,15000,5577.76,Active
25665,7851,15000,11544.21,Active
25666,7852,2000,207.43,Closed
25667,7852,2000,388.79,Active
25668,7852,30000,7092.82,Active
25669,7853,20000,3795.61,Active
25670,7854,10000,9265.73,Active
25671,7854,15000,8258.51,Active
25672,7855,15000,4815.52,Active
25673,7855,20000,2292.47,Active
25674,7855,2000,1642.33,Active
25675,7856,20000,9474.32,Active
25676,7856,15000,1645.96,Closed
25677,7857,15000,206.39,Active
25678,7858,5000,2589.04,Active
25679,7858,10000,395.0,Active
25680,7859,10000,5957.13,Closed
25681,7859,15000,3187.09,Active
25682,7860,2000,288.45,Active
25683,7860,2000,1843.49,Active
25684,7860,10000,1879.8,Closed
25685,7861,30000,11064.42,Active
25686,7861,5000,4379.88,Closed
25687,7862,2000,635.77,Active
25688,7863,2000,1449.82,Active
25689,7863,2000,1595.2,Active
25690,7864,30000,3216.25,Active
25691,7864,2000,652.1,Active
25692,7865,20000,5346.27,Closed
25693,7865,10000,2088.72,Active
25694,7865,15000,12932.2,Active
25695,7866,10000,4899.34,Active
25696,7866,30000,5382.33,Active
25697,7867,30000,6970.03,Closed
25698,7868,10000,598.6,Closed
25699,7868,10000,1055.03,Active
25700,7868,30000,91.61,Active
25701,7869,10000,5085.29,Active
25702,7869,10000,2478.65,Active
25703,7870,15000,7959.76,Closed
25704,7870,2000,267.7,Active
25705,7870,20000,9243.2,Active
25706,7871,2000,910.65,Active
25707,7871,2000,1334.64,Active
25708,7872,5000,2686.7,Active
25709,7872,15000,13940.54,Active
25710,7873,15000,5754.55,Active
25711,7873,2000,1734.24,Active
25712,7874,30000,11525.24,Active
25713,7874,30000,14793.38,Active
25714,7874,5000,2587.9,Closed
25715,7875,10000,4649.18,Active
25716,7875,30000,2264.3,Active
25717,7876,5000,4026.58,Active
25718,7876,20000,15673.97,Active
25719,7877,5000,2707.67,Active
25720,7877,15000,14045.45,Active
25721,7877,20000,16850.84,Active
25722,7878,15000,5243.3,Closed
25723,7878,2000,558.36,Active
25724,7879,30000,13242.72,Active
25725,7879,15000,6623.21,Active
25726,7879,15000,3998.28,Active
25727,7880,5000,1601.78,Active
25728,7881,20000,15084.98,Active
25729,7881,30000,8093.23,Active
25730,7881,5000,4229.14,Active
25731,7882,20000,9823.77,Active
25732,7882,20000,4707.83,Active
25733,7883,20000,7398.17,Closed
25734,7883,30000,4131.61,Closed
25735,7883,5000,2578.26,Active
25736,7884,20000,2083.34,Active
25737,7885,10000,4467.44,Closed
25738,7885,10000,3371.31,Active
25739,7885,10000,3986.47,Active
25740,7886,30000,3470.97,Closed
25741,7887,15000,5138.47,Active
25742,7887,15000,8513.45,Active
25743,7887,20000,2165.27,Active
25744,7888,30000,11749.03,Active
25745,7888,10000,4937.04,Active
25746,7888,15000,7060.43,Active
25747,7889,2000,1808.22,Active
25748,7889,20000,14231.53,Active
25749,7889,2000,1574.25,Active
25750,7890,10000,2947.04,Closed
25751,7890,15000,2291.24,Active
25752,7891,20000,9546.99,Active
25753,7892,2000,1394.37,Active
25754,7892,10000,4248.23,Active
25755,7893,5000,4597.65,Active
25756,7893,30000,16858.4,Closed
25757,7893,2000,896.38,Active
25758,7894,20000,16262.45,Active
25759,7894,30000,18883.58,Active
25760,7895,10000,8693.81,Active
25761,7895,15000,13863.59,Active
25762,7895,10000,3430.33,Active
25763,7896,20000,16473.83,Active
25764,7897,5000,518.67,Closed
25765,7898,30000,25983.26,Closed
25766,7898,10000,9099.99,Active
25767,7899,10000,1179.3,Active
25768,7899,15000,336.28,Closed
25769,7900,30000,4675.06,Closed
25770,7901,30000,19609.13,Active
25771,7902,15000,11202.2,Active
25772,7903,30000,27259.01,Active
25773,7904,10000,4886.63,Active
25774,7905,30000,18766.25,Active
25775,7905,2000,1182.65,Closed
25776,7905,30000,5187.77,Active
25777,7906,5000,1257.01,Active
25778,7906,10000,4811.04,Closed
25779,7907,5000,3897.7,Active
25780,7908,2000,1501.17,Active
25781,7908,10000,1487.32,Active
25782,7908,20000,2961.34,Closed
25783,7909,2000,345.88,Active
25784,7909,10000,5322.88,Active
25785,7910,10000,1292.5,Active
25786,7910,10000,2797.08,Closed
25787,7911,20000,2102.08,Closed
25788,7912,5000,1180.23,Active
25789,7912,30000,24657.88,Active
25790,7913,2000,1603.29,Closed
25791,7913,30000,6141.95,Active
25792,7914,2000,1190.19,Closed
25793,7915,20000,18526.46,Active
25794,7916,15000,11327.39,Active
25795,7916,5000,2828.21,Active
25796,7917,2000,746.67,Closed
25797,7917,5000,335.19,Active
25798,7917,30000,12059.79,Closed
25799,7918,20000,14041.82,Active
25800,7918,15000,4027.97,Closed
25801,7919,5000,3054.0,Active
25802,7920,15000,3467.62,Closed
25803,7920,30000,20112.71,Active
25804,7921,30000,14573.75,Active
25805,7921,30000,13006.81,Active
25806,7922,10000,2150.61,Active
25807,7923,30000,15722.79,Active
25808,7923,20000,6189.57,Active
25809,7923,20000,9770.52,Closed
25810,7924,30000,3509.77,Active
25811,7924,15000,3885.33,Closed
25812,7925,2000,467.22,Active
25813,7926,2000,1448.85,Active
25814,7927,15000,399.75,Active
25815,7927,10000,843.08,Active
25816,7927,20000,11176.94,Closed
25817,7928,10000,143.4,Active
25818,7928,20000,9058.08,Closed
25819,7929,30000,28414.32,Active
25820,7929,30000,13473.18,Active
25821,7930,5000,3232.63,Active
25822,7930,10000,9197.37,Active
25823,7930,2000,617.23,Active
25824,7931,10000,1732.63,Active
25825,7931,30000,857.9,Active
25826,7931,15000,7982.0,Active
25827,7932,2000,687.62,Active
25828,7933,5000,4391.91,Active
25829,7934,10000,1810.43,Active
25830,7934,15000,9086.27,Active
25831,7934,30000,19590.05,Active
25832,7935,5000,697.7,Active
25833,7935,10000,3110.46,Active
25834,7936,20000,8029.84,Closed
25835,7936,2000,1717.91,Active
25836,7936,15000,12224.46,Closed
25837,7937,15000,172.48,Active
25838,7937,15000,10867.43,Closed
25839,7938,10000,6810.57,Active
25840,7939,15000,4129.15,Active
25841,7939,2000,167.41,Active
25842,7939,5000,2620.43,Active
25843,7940,30000,21241.81,Active
25844,7941,10000,386.68,Active
25845,7941,10000,1920.34,Active
25846,7941,10000,2138.65,Closed
25847,7942,30000,4173.49,Active
25848,7943,2000,666.73,Active
25849,7943,5000,736.67,Active
25850,7944,5000,4424.85,Active
25851,7945,20000,15649.15,Active
25852,7945,5000,1970.34,Active
25853,7946,10000,5125.52,Active
25854,7946,10000,8988.73,Active
25855,7947,5000,2549.76,Closed
25856,7947,20000,10377.31,Closed
25857,7948,30000,26388.46,Active
25858,7949,15000,7277.87,Active
25859,7949,15000,735.85,Active
25860,7950,20000,7121.28,Closed
25861,7951,20000,1971.19,Active
25862,7951,20000,14200.63,Active
25863,7952,20000,4845.03,Active
25864,7952,2000,879.5,Active
25865,7952,10000,4318.43,Active
25866,7953,20000,12369.36,Active
25867,7953,30000,22961.12,Active
25868,7954,15000,11635.84,Closed
25869,7955,10000,6228.42,Active
25870,7956,2000,1241.84,Active
25871,7956,20000,8016.49,Active
25872,7956,2000,964.55,Closed
25873,7957,20000,18994.65,Active
25874,7957,20000,1381.45,Active
25875,7958,30000,21537.77,Closed
25876,7958,20000,1045.47,Active
25877,7958,2000,541.28,Active
25878,7959,30000,18337.11,Active
25879,7959,30000,22440.62,Active
25880,7959,10000,8143.54,Active
25881,7960,5000,1658.29,Closed
25882,7960,5000,424.59,Active
25883,7960,20000,12925.53,Active
25884,7961,2000,14.39,Active
25885,7962,30000,19558.64,Active
25886,7962,15000,5038.79,Active
25887,7963,15000,4865.41,Active
25888,7964,15000,2459.88,Active
25889,7964,2000,13.07,Closed
25890,7965,15000,4251.85,Active
25891,7965,10000,2279.63,Closed
25892,7965,5000,760.49,Active
25893,7966,15000,11243.81,Active
25894,7966,2000,1597.05,Active
25895,7967,5000,1686.32,Active
25896,7967,30000,1279.78,Closed
25897,7967,5000,679.84,Closed
25898,7968,2000,1122.65,Active
25899,7968,5000,2125.82,Closed
25900,7968,15000,3520.75,Active
25901,7969,5000,3886.01,Active
25902,7970,5000,3717.11,Active
25903,7970,20000,4166.42,Active
25904,7970,20000,5960.02,Active
25905,7971,2000,1188.96,Active
25906,7971,2000,1262.2,Closed
25907,7971,10000,8766.24,Closed
25908,7972,5000,1079.74,Closed
25909,7972,20000,15438.04,Active
25910,7973,20000,18399.57,Active
25911,7974,30000,21395.15,Closed
25912,7975,30000,915.42,Active
25913,7975,10000,5086.29,Closed
25914,7976,10000,1368.92,Active
25915,7977,15000,12952.34,Closed
25916,7977,20000,13606.64,Closed
25917,7977,15000,10192.51,Active
25918,7978,10000,5581.91,Closed
25919,7978,2000,1709.11,Closed
25920,7979,5000,2602.21,Closed
25921,7980,15000,11957.77,Active
25922,7981,2000,685.46,Active
25923,7981,5000,550.38,Closed
25924,7981,5000,2864.26,Closed
25925,7982,30000,21896.94,Active
25926,7982,15000,3261.15,Active
25927,7982,20000,10711.76,Active
25928,7983,10000,1616.26,Active
25929,7983,30000,19557.14,Active
25930,7983,15000,11740.43,Closed
25931,7984,20000,10912.86,Active
25932,7984,5000,334.0,Active
25933,7984,30000,23591.86,Active
25934,7985,30000,899.53,Active
25935,7986,5000,451.02,Active
25936,7986,5000,1423.34,Active
25937,7987,10000,8265.14,Active
25938,7987,10000,2965.83,Active
25939,7988,2000,1627.32,Active
25940,7988,30000,21827.51,Active
25941,7989,15000,13277.31,Active
25942,7990,30000,18814.33,Closed
25943,7990,10000,8011.61,Closed
25944,7991,2000,118.56,Active
25945,7992,20000,301.52,Closed
25946,7992,10000,7579.51,Active
25947,7993,30000,25927.71,Closed
25948,7994,15000,306.07,Active
25949,7994,30000,23703.21,Active
25950,7994,15000,8457.26,Active
25951,7995,30000,15936.18,Active
25952,7996,15000,742.86,Active
25953,7996,15000,11544.54,Active
25954,7996,5000,4517.0,Closed
25955,7997,5000,84.67,Closed
25956,7997,15000,2078.86,Closed
25957,7998,15000,11041.69,Closed
25958,7998,15000,3216.17,Active
25959,7998,20000,13231.99,Closed
25960,7999,2000,1399.93,Active
25961,8000,20000,7060.28,Active
25962,8001,20000,1280.74,Active
25963,8001,30000,11083.04,Active
25964,8002,15000,11224.98,Active
25965,8002,2000,271.67,Active
25966,8003,20000,18145.32,Active
25967,8003,5000,1927.45,Closed
25968,8003,2000,975.12,Closed
25969,8004,30000,16673.56,Active
25970,8005,30000,21278.66,Closed
25971,8005,5000,4189.62,Active
25972,8005,15000,3637.66,Active
25973,8006,15000,1114.77,Active
25974,8006,5000,3163.06,Active
25975,8007,20000,13387.98,Active
25976,8007,10000,5266.62,Active
25977,8007,5000,86.12,Active
25978,8008,30000,27597.5,Active
25979,8008,15000,12519.64,Active
25980,8009,15000,8081.3,Active
25981,8009,5000,4525.16,Active
25982,8009,2000,652.84,Active
25983,8010,15000,9873.64,Active
25984,8010,10000,31.45,Closed
25985,8010,15000,1316.0,Active
25986,8011,15000,13806.56,Active
25987,8012,10000,7061.38,Active
25988,8012,15000,1304.8,Active
25989,8012,30000,4232.68,Closed
25990,8013,5000,4737.91,Closed
25991,8013,2000,567.98,Active
25992,8014,2000,1051.51,Closed
25993,8014,20000,6898.63,Active
25994,8014,5000,3868.86,Active
25995,8015,5000,1827.71,Active
25996,8015,5000,1611.96,Active
25997,8015,5000,3599.96,Closed
25998,8016,20000,18314.74,Active
25999,8017,10000,602.07,Active
26000,8018,5000,383.44,Active
26001,8019,20000,8638.59,Active
26002,8020,30000,11009.78,Active
26003,8021,5000,3879.61,Closed
26004,8021,20000,14865.6,Active
26005,8021,15000,3237.34,Closed
26006,8022,15000,13537.25,Active
26007,8022,30000,2931.6,Active
26008,8023,5000,149.5,Active
26009,8023,10000,5785.74,Active
26010,8024,2000,366.77,Closed
26011,8024,10000,5551.81,Active
26012,8024,5000,4654.64,Active
26013,8025,20000,16425.29,Active
26014,8025,30000,9101.21,Active
26015,8025,30000,26145.55,Active
26016,8026,10000,9105.91,Active
26017,8026,5000,803.08,Active
26018,8027,10000,865.76,Active
26019,8028,30000,5775.45,Active
26020,8028,10000,5015.15,Closed
26021,8029,5000,1002.63,Active
26022,8030,5000,51.25,Closed
26023,8030,2000,1533.54,Active
26024,8030,2000,148.01,Active
26025,8031,5000,4474.18,Closed
26026,8031,15000,10216.96,Active
26027,8032,5000,3526.71,Active
26028,8032,5000,3521.04,Active
26029,8032,30000,18014.32,Active
26030,8033,2000,145.53,Active
26031,8034,20000,4104.78,Active
26032,8034,20000,9159.31,Active
26033,8034,5000,981.4,Active
26034,8035,20000,15303.11,Active
26035,8036,30000,17309.99,Closed
26036,8036,2000,307.27,Active
26037,8036,20000,10712.24,Active
26038,8037,2000,505.34,Active
26039,8037,10000,8767.06,Closed
26040,8037,5000,4675.3,Active
26041,8038,20000,13638.78,Active
26042,8038,10000,9297.43,Closed
26043,8039,30000,27109.53,Closed
26044,8039,20000,687.81,Closed
26045,8040,15000,8106.36,Active
26046,8040,10000,2695.22,Active
26047,8040,10000,1505.82,Active
26048,8041,10000,8882.68,Closed
26049,8041,10000,4885.61,Active
26050,8041,30000,20678.72,Active
26051,8042,15000,417.26,Active
26052,8042,20000,767.84,Closed
26053,8042,10000,2428.65,Active
26054,8043,30000,7513.01,Active
26055,8044,10000,4404.55,Active
26056,8045,5000,3075.37,Active
26057,8045,10000,8507.81,Closed
26058,8046,20000,7128.58,Active
26059,8046,10000,513.61,Active
26060,8047,20000,16155.81,Active
26061,8047,10000,3081.45,Closed
26062,8048,20000,15520.32,Active
26063,8048,30000,21532.33,Closed
26064,8049,5000,1237.74,Closed
26065,8050,20000,12721.36,Active
26066,8051,10000,9314.35,Closed
26067,8051,15000,11474.11,Active
26068,8052,30000,12081.64,Active
26069,8052,20000,12681.11,Active
26070,8053,30000,17288.1,Active
26071,8053,15000,1751.21,Closed
26072,8053,2000,729.88,Active
26073,8054,2000,1783.82,Active
26074,8054,30000,6100.97,Active
26075,8055,15000,163.93,Active
26076,8055,20000,6360.05,Active
26077,8055,5000,844.33,Active
26078,8056,20000,12762.31,Active
26079,8057,15000,264.77,Active
26080,8058,20000,15423.8,Active
26081,8058,20000,12497.44,Closed
26082,8058,30000,21728.06,Active
26083,8059,10000,3069.71,Active
26084,8059,15000,5737.84,Active
26085,8060,30000,6087.77,Closed
26086,8060,20000,13263.64,Active
26087,8061,2000,1731.51,Closed
26088,8061,5000,3079.63,Active
26089,8061,5000,2013.9,Active
26090,8062,15000,3918.31,Closed
26091,8062,10000,2042.84,Active
26092,8063,20000,13430.46,Closed
26093,8064,10000,3210.66,Active
26094,8065,30000,27774.64,Active
26095,8066,5000,3873.4,Active
26096,8067,30000,2543.09,Closed
26097,8068,5000,4631.81,Closed
26098,8068,30000,8228.66,Closed
26099,8068,30000,6385.98,Active
26100,8069,30000,7333.79,Active
26101,8070,2000,1569.81,Active
26102,8070,2000,630.21,Active
26103,8071,15000,2957.94,Active
26104,8072,2000,87.37,Active
26105,8073,15000,7329.38,Active
26106,8073,15000,2009.75,Active
26107,8074,10000,1277.3,Active
26108,8074,2000,985.1,Closed
26109,8075,5000,2232.05,Closed
26110,8075,5000,3529.76,Active
26111,8075,2000,1482.88,Active
26112,8076,20000,8329.78,Closed
26113,8076,30000,7299.65,Active
26114,8077,30000,24686.72,Closed
26115,8077,2000,1228.79,Active
26116,8077,5000,3562.84,Active
26117,8078,5000,3515.39,Active
26118,8078,15000,5913.08,Active
26119,8078,10000,1994.29,Active
26120,8079,5000,1762.85,Active
26121,8079,20000,15159.27,Closed
26122,8080,20000,14421.94,Active
26123,8080,10000,4488.89,Active
26124,8080,15000,4069.17,Closed
26125,8081,10000,7923.03,Closed
26126,8082,15000,3763.79,Closed
26127,8083,5000,588.65,Active
26128,8083,15000,1056.0,Active
26129,8083,5000,2013.8,Active
26130,8084,5000,3439.11,Active
26131,8084,10000,2568.36,Active
26132,8084,5000,2084.94,Closed
26133,8085,30000,19991.0,Active
26134,8085,10000,6441.03,Active
26135,8086,10000,8714.5,Closed
26136,8086,2000,411.49,Active
26137,8086,5000,716.53,Active
26138,8087,2000,757.12,Active
26139,8087,20000,8695.43,Active
26140,8087,10000,8953.56,Active
26141,8088,2000,537.21,Active
26142,8089,30000,17011.85,Closed
26143,8090,30000,14814.66,Active
26144,8090,15000,5805.5,Active
26145,8090,2000,1289.9,Closed
26146,8091,15000,13022.15,Closed
26147,8091,30000,12603.61,Active
26148,8091,20000,10757.95,Active
26149,8092,20000,12790.03,Active
26150,8092,15000,9095.41,Active
26151,8093,15000,8287.41,Active
26152,8093,30000,24229.83,Closed
26153,8093,30000,19382.18,Active
26154,8094,15000,9389.44,Active
26155,8095,5000,2471.57,Active
26156,8095,2000,1719.74,Active
26157,8095,15000,12530.31,Active
26158,8096,20000,14121.63,Active
26159,8097,10000,7507.27,Active
26160,8097,30000,27555.15,Closed
26161,8097,10000,7366.03,Closed
26162,8098,10000,8798.73,Closed
26163,8098,30000,25227.19,Active
26164,8099,30000,26084.81,Active
26165,8100,10000,2898.75,Closed
26166,8101,30000,14887.73,Active
26167,8101,20000,16581.06,Active
26168,8102,20000,6293.52,Closed
26169,8102,10000,1719.32,Active
26170,8103,20000,18899.64,Active
26171,8104,10000,7581.04,Active
26172,8105,15000,12334.67,Active
26173,8105,10000,8212.9,Active
26174,8105,5000,3211.94,Active
26175,8106,5000,4324.13,Closed
26176,8107,30000,7767.56,Active
26177,8108,20000,16463.91,Active
26178,8108,30000,22631.42,Closed
26179,8108,20000,14629.37,Active
26180,8109,5000,2512.3,Active
26181,8109,5000,2979.9,Active
26182,8110,5000,4442.85,Active
26183,8111,5000,407.9,Active
26184,8111,20000,12912.27,Active
26185,8112,15000,78.36,Active
26186,8112,5000,1278.11,Active
26187,8113,5000,3044.22,Active
26188,8114,30000,24434.34,Closed
26189,8115,2000,113.18,Active
26190,8115,2000,1170.55,Closed
26191,8115,10000,9362.59,Active
26192,8116,5000,2661.74,Active
26193,8116,10000,3479.08,Closed
26194,8116,30000,16721.87,Active
26195,8117,2000,1308.77,Active
26196,8118,5000,3805.97,Active
26197,8118,10000,6473.39,Active
26198,8118,5000,187.7,Closed
26199,8119,2000,972.37,Active
26200,8120,15000,780.0,Active
26201,8120,20000,3579.53,Active
26202,8120,2000,1538.56,Closed
26203,8121,2000,711.79,Active
26204,8121,2000,967.6,Active
26205,8122,10000,1070.56,Active
26206,8123,30000,16447.77,Active
26207,8123,2000,48.47,Active
26208,8123,5000,924.83,Active
26209,8124,2000,412.84,Active
26210,8124,30000,15396.99,Active
26211,8124,10000,9319.98,Closed
26212,8125,10000,344.11,Active
26213,8126,30000,7660.36,Active
26214,8127,2000,99.57,Active
26215,8127,20000,15634.87,Active
26216,8128,30000,4045.61,Active
26217,8129,10000,5801.51,Active
26218,8130,5000,3862.07,Active
26219,8130,10000,8856.13,Active
26220,8130,30000,9224.58,Active
26221,8131,30000,17642.35,Active
26222,8131,30000,20131.35,Closed
26223,8131,20000,14975.21,Active
26224,8132,15000,3442.15,Active
26225,8132,20000,15485.48,Active
26226,8133,10000,2625.4,Active
26227,8134,2000,1546.34,Closed
26228,8134,2000,148.87,Active
26229,8134,2000,1792.76,Active
26230,8135,30000,27875.21,Active
26231,8135,2000,772.22,Active
26232,8136,5000,3076.34,Active
26233,8136,30000,730.51,Active
26234,8137,5000,3351.3,Active
26235,8137,15000,10925.36,Active
26236,8137,30000,19653.52,Active
26237,8138,15000,1864.08,Active
26238,8138,2000,1412.23,Active
26239,8138,15000,4998.5,Closed
26240,8139,30000,2695.63,Closed
26241,8139,15000,13482.26,Active
26242,8139,5000,2203.61,Active
26243,8140,30000,539.54,Active
26244,8140,2000,661.5,Closed
26245,8141,10000,7579.34,Active
26246,8142,30000,4704.72,Closed
26247,8142,2000,870.52,Active
26248,8142,2000,752.47,Closed
26249,8143,20000,8979.68,Closed
26250,8143,2000,1091.29,Active
26251,8143,30000,19157.85,Active
26252,8144,5000,2579.79,Active
26253,8144,10000,428.46,Active
26254,8144,5000,1915.96,Active
26255,8145,15000,11195.22,Active
26256,8145,10000,6517.05,Active
26257,8146,15000,10665.73,Active
26258,8146,5000,1626.65,Active
26259,8147,2000,1183.53,Active
26260,8147,15000,187.33,Active
26261,8147,30000,21330.43,Active
26262,8148,15000,7827.37,Active
26263,8148,15000,13907.56,Active
26264,8148,30000,21156.97,Active
26265,8149,15000,9650.18,Closed
26266,8149,5000,2762.76,Active
26267,8149,15000,8028.37,Active
26268,8150,5000,1058.38,Active
26269,8150,5000,911.66,Active
26270,8151,2000,1161.77,Active
26271,8152,20000,8620.4,Active
26272,8152,5000,559.94,Active
26273,8153,20000,6476.06,Active
26274,8154,30000,10351.95,Active
26275,8155,20000,9948.3,Active
26276,8155,10000,2426.8,Active
26277,8156,10000,4152.59,Active
26278,8156,2000,1109.47,Closed
26279,8156,30000,7326.31,Active
26280,8157,10000,8959.52,Active
26281,8157,10000,7147.31,Active
26282,8157,30000,27982.44,Active
26283,8158,2000,1126.62,Active
26284,8158,10000,3469.98,Active
26285,8158,5000,3583.51,Active
26286,8159,2000,1531.78,Active
26287,8160,10000,8585.04,Active
26288,8160,5000,3988.4,Active
26289,8160,5000,2964.19,Active
26290,8161,20000,16913.27,Active
26291,8161,5000,2081.95,Closed
26292,8161,30000,6257.2,Active
26293,8162,10000,7823.99,Active
26294,8162,2000,1078.4,Active
26295,8162,15000,7573.31,Closed
26296,8163,10000,637.92,Closed
26297,8163,5000,2595.07,Active
26298,8163,20000,12736.2,Active
26299,8164,30000,28188.1,Active
26300,8165,2000,311.89,Active
26301,8165,20000,11230.35,Active
26302,8166,5000,1162.0,Active
26303,8166,2000,824.73,Closed
26304,8167,10000,3706.84,Closed
26305,8167,5000,2.18,Active
26306,8168,5000,961.92,Active
26307,8168,2000,661.97,Active
26308,8168,2000,871.06,Active
26309,8169,30000,11494.81,Active
26310,8169,2000,502.81,Closed
26311,8170,15000,14214.92,Active
26312,8170,20000,18144.7,Active
26313,8170,30000,14376.51,Closed
26314,8171,10000,7169.12,Closed
26315,8172,30000,2891.6,Closed
26316,8172,2000,1533.98,Closed
26317,8173,15000,9796.44,Active
26318,8173,15000,5728.45,Active
26319,8174,5000,1157.18,Active
26320,8174,10000,4833.16,Active
26321,8175,2000,160.04,Closed
26322,8175,20000,15648.46,Closed
26323,8176,15000,8538.23,Active
26324,8176,10000,8469.69,Closed
26325,8176,5000,1076.34,Active
26326,8177,15000,8558.61,Active
26327,8178,10000,793.26,Closed
26328,8178,5000,3387.77,Active
26329,8178,15000,8528.5,Active
26330,8179,15000,8989.53,Active
26331,8179,15000,10500.32,Active
26332,8180,5000,1969.87,Active
26333,8180,2000,101.12,Closed
26334,8180,20000,17919.0,Closed
26335,8181,30000,1285.93,Active
26336,8181,10000,7091.86,Active
26337,8182,5000,1559.09,Active
26338,8183,30000,21077.87,Active
26339,8183,10000,5804.18,Active
26340,8184,30000,11193.73,Active
26341,8184,15000,4296.6,Closed
26342,8184,15000,88.63,Active
26343,8185,15000,4358.78,Active
26344,8185,5000,4046.78,Active
26345,8186,5000,4186.69,Active
26346,8186,20000,14821.49,Closed
26347,8186,5000,682.31,Active
26348,8187,30000,4039.28,Closed
26349,8187,5000,1947.98,Active
26350,8187,15000,5967.56,Active
26351,8188,2000,717.94,Active
26352,8188,15000,12870.67,Closed
26353,8188,30000,14102.3,Active
26354,8189,5000,1964.19,Closed
26355,8189,15000,1071.31,Active
26356,8189,15000,9950.9,Closed
26357,8190,30000,22850.03,Closed
26358,8190,30000,3368.8,Active
26359,8191,5000,749.53,Active
26360,8192,30000,21119.34,Active
26361,8192,5000,1213.14,Active
26362,8192,10000,6906.52,Active
26363,8193,30000,7482.9,Active
26364,8193,15000,6134.38,Active
26365,8194,2000,572.38,Active
26366,8194,2000,1098.74,Active
26367,8195,15000,7307.84,Active
26368,8195,20000,4640.88,Active
26369,8195,15000,14177.27,Active
26370,8196,5000,3556.44,Active
26371,8196,15000,10890.03,Closed
26372,8196,2000,646.35,Active
26373,8197,30000,1147.94,Active
26374,8197,2000,1138.83,Active
26375,8197,20000,12859.98,Active
26376,8198,20000,7649.34,Active
26377,8198,10000,9446.17,Active
26378,8199,30000,16302.04,Active
26379,8199,2000,1600.64,Active
26380,8200,20000,8376.88,Active
26381,8200,20000,7313.27,Active
26382,8200,10000,522.42,Active
26383,8201,2000,1770.33,Active
26384,8201,15000,5782.19,Active
26385,8202,2000,755.01,Active
26386,8203,20000,6639.5,Closed
26387,8203,2000,1195.91,Active
26388,8204,20000,14942.0,Active
26389,8204,10000,8028.0,Closed
26390,8205,30000,16606.22,Closed
26391,8205,10000,5034.5,Active
26392,8206,2000,321.6,Active
26393,8206,20000,8736.21,Active
26394,8206,20000,11399.3,Active
26395,8207,20000,13080.52,Active
26396,8207,30000,8016.41,Active
26397,8208,10000,3198.2,Active
26398,8208,10000,8165.68,Closed
26399,8208,5000,3097.02,Active
26400,8209,30000,17112.75,Active
26401,8209,15000,1067.93,Active
26402,8209,30000,10048.1,Closed
26403,8210,20000,3238.23,Active
26404,8210,10000,6967.27,Closed
26405,8210,15000,3253.49,Active
26406,8211,10000,1049.84,Active
26407,8212,5000,3946.1,Closed
26408,8212,5000,4175.8,Closed
26409,8213,5000,3582.39,Active
26410,8214,10000,3761.95,Active
26411,8214,15000,8138.32,Active
26412,8214,15000,565.01,Active
26413,8215,10000,6428.31,Active
26414,8216,5000,567.48,Closed
26415,8216,5000,2894.71,Active
26416,8217,10000,3848.62,Active
26417,8217,5000,1243.94,Active
26418,8217,5000,1755.77,Closed
26419,8218,5000,78.77,Active
26420,8219,10000,5861.01,Active
26421,8219,5000,3039.68,Closed
26422,8220,15000,7185.12,Closed
26423,8221,30000,18915.43,Closed
26424,8222,5000,4669.29,Active
26425,8223,10000,7584.4,Active
26426,8223,5000,4230.6,Active
26427,8224,15000,9108.98,Active
26428,8224,15000,423.31,Closed
26429,8225,20000,10906.73,Closed
26430,8226,10000,2164.34,Active
26431,8226,20000,14601.26,Active
26432,8227,30000,26568.52,Active
26433,8227,15000,9989.48,Active
26434,8228,30000,18328.98,Closed
26435,8228,5000,1167.95,Active
26436,8229,30000,27298.72,Active
26437,8229,30000,19169.58,Active
26438,8230,5000,1012.0,Active
26439,8230,5000,102.28,Closed
26440,8230,15000,2273.41,Active
26441,8231,5000,4742.07,Active
26442,8231,20000,1640.72,Active
26443,8232,10000,272.16,Active
26444,8233,2000,760.66,Active
26445,8234,20000,14170.7,Active
26446,8234,5000,1386.31,Active
26447,8234,2000,1194.12,Closed
26448,8235,30000,15911.56,Active
26449,8235,20000,3039.97,Active
26450,8235,10000,7501.85,Closed
26451,8236,20000,6577.19,Closed
26452,8236,5000,921.82,Active
26453,8237,15000,13347.11,Closed
26454,8237,15000,13283.34,Closed
26455,8238,5000,2924.77,Active
26456,8238,2000,1405.69,Active
26457,8238,15000,208.34,Closed
26458,8239,10000,8048.42,Active
26459,8239,5000,2410.97,Active
26460,8240,20000,9846.06,Active
26461,8241,30000,12852.31,Active
26462,8241,10000,8547.13,Active
26463,8242,10000,1555.86,Active
26464,8242,10000,6019.95,Closed
26465,8243,10000,1633.54,Active
26466,8243,20000,5063.55,Active
26467,8243,10000,7373.38,Closed
26468,8244,30000,20744.43,Active
26469,8244,2000,1666.62,Closed
26470,8244,2000,1729.64,Active
26471,8245,15000,5238.49,Active
26472,8245,20000,4357.4,Active
26473,8245,15000,6432.96,Closed
26474,8246,2000,1637.31,Active
26475,8247,15000,567.49,Active
26476,8248,15000,10690.71,Active
26477,8248,10000,6997.72,Active
26478,8248,30000,5616.64,Active
26479,8249,30000,28248.87,Active
26480,8249,5000,4416.69,Closed
26481,8249,5000,1195.93,Active
26482,8250,15000,7059.56,Active
26483,8250,10000,7416.6,Closed
26484,8250,30000,18959.71,Active
26485,8251,30000,19527.97,Active
26486,8251,10000,3306.25,Active
26487,8252,5000,1760.52,Active
26488,8252,10000,5513.22,Active
26489,8252,20000,126.47,Closed
26490,8253,10000,5432.22,Active
26491,8253,30000,14440.81,Active
26492,8254,30000,1132.38,Closed
26493,8255,20000,7596.2,Active
26494,8255,15000,933.64,Active
26495,8256,15000,4592.8,Closed
26496,8257,10000,985.32,Closed
26497,8258,30000,12898.32,Active
26498,8258,30000,20428.71,Active
26499,8258,10000,3811.01,Active
26500,8259,15000,12887.03,Active
26501,8260,5000,4426.49,Active
26502,8260,5000,4459.74,Active
26503,8261,30000,18186.26,Closed
26504,8261,20000,13997.11,Active
26505,8261,5000,1592.28,Closed
26506,8262,15000,6558.3,Active
26507,8262,15000,11952.67,Active
26508,8263,5000,4110.66,Active
26509,8264,30000,20432.35,Active
26510,8264,10000,5336.35,Active
26511,8264,10000,8358.75,Closed
26512,8265,20000,18175.93,Active
26513,8265,10000,6548.8,Active
26514,8265,20000,12889.31,Active
26515,8266,20000,7810.44,Active
26516,8266,30000,4522.31,Closed
26517,8266,5000,3750.53,Active
26518,8267,5000,4350.7,Closed
26519,8267,2000,52.5,Closed
26520,8267,2000,1851.66,Active
26521,8268,30000,17302.43,Active
26522,8269,15000,10090.49,Active
26523,8269,5000,4388.89,Active
26524,8270,10000,1806.09,Closed
26525,8271,20000,14125.38,Active
26526,8271,2000,809.43,Active
26527,8272,15000,13095.55,Closed
26528,8272,2000,956.71,Active
26529,8272,2000,509.97,Closed
26530,8273,15000,11889.91,Closed
26531,8273,5000,552.43,Active
26532,8274,5000,2487.15,Closed
26533,8274,5000,3090.79,Closed
26534,8274,20000,14268.91,Active
26535,8275,20000,14195.5,Active
26536,8276,5000,2653.11,Active
26537,8276,30000,19501.67,Active
26538,8276,5000,2060.07,Active
26539,8277,20000,16851.26,Active
26540,8277,10000,6286.08,Closed
26541,8277,10000,6024.6,Active
26542,8278,30000,8703.55,Active
26543,8278,20000,5513.43,Active
26544,8279,20000,14465.39,Active
26545,8279,20000,3404.57,Closed
26546,8280,15000,9543.68,Closed
26547,8280,15000,4500.61,Closed
26548,8281,20000,9822.63,Active
26549,8281,10000,9492.38,Active
26550,8282,5000,3194.12,Active
26551,8282,5000,3528.54,Active
26552,8282,15000,2902.99,Active
26553,8283,30000,8636.54,Active
26554,8283,20000,1836.73,Active
26555,8284,10000,5339.32,Active
26556,8284,5000,113.51,Active
26557,8285,15000,3329.31,Active
26558,8286,5000,442.09,Closed
26559,8286,30000,14445.01,Active
26560,8286,30000,7868.03,Active
26561,8287,15000,1129.89,Active
26562,8287,2000,1500.35,Active
26563,8287,5000,3206.2,Closed
26564,8288,2000,228.39,Active
26565,8289,5000,4699.63,Closed
26566,8289,10000,1445.81,Active
26567,8290,30000,22391.7,Active
26568,8290,10000,3852.21,Active
26569,8290,10000,2079.53,Closed
26570,8291,20000,18098.17,Active
26571,8292,15000,13159.8,Active
26572,8292,10000,8714.41,Closed
26573,8293,2000,1752.42,Closed
26574,8293,2000,835.71,Active
26575,8294,20000,17212.2,Active
26576,8295,10000,4594.0,Active
26577,8295,5000,4315.36,Active
26578,8295,10000,7364.65,Closed
26579,8296,10000,6533.89,Closed
26580,8296,2000,1853.22,Closed
26581,8296,30000,21958.08,Active
26582,8297,30000,11498.98,Active
26583,8297,30000,1783.64,Closed
26584,8297,20000,1536.71,Closed
26585,8298,20000,14464.76,Active
26586,8298,20000,11202.15,Active
26587,8299,30000,25737.34,Active
26588,8299,5000,2859.61,Closed
26589,8299,20000,5079.13,Closed
26590,8300,20000,6916.99,Active
26591,8301,15000,14061.35,Active
26592,8301,2000,18.18,Active
26593,8302,10000,8585.76,Active
26594,8303,10000,423.31,Active
26595,8303,15000,7351.7,Active
26596,8303,2000,368.01,Closed
26597,8304,20000,17737.31,Active
26598,8305,15000,12065.94,Active
26599,8305,2000,269.29,Closed
26600,8306,10000,1646.73,Closed
26601,8306,20000,3687.82,Closed
26602,8306,5000,4281.36,Active
26603,8307,10000,4481.22,Active
26604,8307,5000,1870.41,Active
26605,8307,30000,10550.75,Closed
26606,8308,30000,25840.57,Active
26607,8308,20000,2447.45,Closed
26608,8308,20000,3085.04,Active
26609,8309,5000,247.96,Active
26610,8309,5000,1373.25,Active
26611,8310,30000,14519.05,Closed
26612,8310,15000,3266.13,Active
26613,8311,20000,9509.96,Active
26614,8311,20000,2081.84,Active
26615,8311,5000,568.47,Closed
26616,8312,20000,10321.71,Active
26617,8312,10000,5603.88,Active
26618,8312,30000,9950.71,Active
26619,8313,15000,3557.18,Active
26620,8313,15000,7480.85,Active
26621,8313,10000,3147.1,Active
26622,8314,20000,9468.9,Active
26623,8314,30000,6172.09,Active
26624,8314,15000,2117.29,Active
26625,8315,20000,2997.28,Active
26626,8315,20000,3478.7,Closed
26627,8315,10000,2908.79,Active
26628,8316,15000,706.07,Active
26629,8316,10000,7655.02,Active
26630,8316,10000,6547.3,Closed
26631,8317,10000,1825.52,Active
26632,8317,2000,1749.84,Closed
26633,8318,2000,1543.66,Active
26634,8318,5000,3442.8,Active
26635,8318,20000,11667.12,Active
26636,8319,30000,2996.74,Closed
26637,8319,2000,896.75,Closed
26638,8320,20000,7993.43,Active
26639,8320,30000,5806.06,Closed
26640,8320,2000,1.04,Active
26641,8321,10000,4732.01,Active
26642,8321,5000,2357.13,Active
26643,8322,15000,3058.25,Active
26644,8323,15000,12097.91,Active
26645,8324,15000,2098.04,Active
26646,8325,20000,18037.76,Active
26647,8325,5000,4357.75,Closed
26648,8326,10000,8889.16,Active
26649,8326,30000,25297.37,Active
26650,8326,15000,8513.85,Active
26651,8327,20000,1831.56,Active
26652,8328,30000,22987.32,Active
26653,8328,5000,4102.25,Active
26654,8329,20000,9204.88,Active
26655,8330,20000,6738.04,Closed
26656,8330,2000,1784.0,Active
26657,8330,2000,145.55,Closed
26658,8331,20000,10919.92,Closed
26659,8331,20000,15396.6,Closed
26660,8332,15000,5418.5,Active
26661,8333,15000,986.73,Active
26662,8333,30000,26113.48,Active
26663,8334,20000,17249.43,Active
26664,8335,10000,7379.57,Active
26665,8335,2000,622.43,Active
26666,8335,2000,633.54,Active
26667,8336,2000,777.37,Active
26668,8336,5000,4437.68,Closed
26669,8336,30000,22334.09,Active
26670,8337,2000,1692.92,Active
26671,8337,2000,1247.91,Active
26672,8338,20000,1882.12,Active
26673,8339,30000,10354.99,Closed
26674,8339,5000,2641.34,Active
26675,8339,15000,6881.72,Active
26676,8340,20000,11688.79,Active
26677,8341,20000,8386.91,Active
26678,8341,2000,1488.81,Active
26679,8342,30000,24467.53,Active
26680,8342,30000,1826.39,Active
26681,8343,30000,6953.02,Active
26682,8344,20000,4463.09,Closed
26683,8344,2000,77.01,Closed
26684,8344,10000,8060.31,Closed
26685,8345,5000,3654.45,Closed
26686,8345,30000,10048.38,Active
26687,8345,20000,12807.53,Closed
26688,8346,30000,22058.57,Active
26689,8347,30000,12515.65,Active
26690,8348,20000,7730.2,Active
26691,8348,15000,4512.17,Active
26692,8349,30000,22795.81,Active
26693,8350,30000,24138.25,Active
26694,8351,5000,103.29,Active
26695,8352,5000,102.21,Closed
26696,8352,15000,2450.77,Active
26697,8353,2000,1125.19,Active
26698,8353,30000,2347.75,Active
26699,8354,20000,13327.62,Active
26700,8355,15000,2867.76,Active
26701,8355,5000,2069.02,Active
26702,8355,20000,1036.28,Active
26703,8356,2000,1193.67,Active
26704,8356,5000,3531.16,Active
26705,8357,20000,1617.69,Closed
26706,8357,15000,2488.13,Active
26707,8357,10000,4448.19,Active
26708,8358,5000,4650.66,Active
26709,8358,5000,1057.04,Active
26710,8359,5000,705.38,Active
26711,8359,5000,2021.66,Active
26712,8359,2000,1206.68,Active
26713,8360,5000,4357.35,Closed
26714,8361,20000,9999.39,Active
26715,8362,30000,4040.49,Active
26716,8363,10000,5942.68,Closed
26717,8364,5000,4511.31,Active
26718,8364,2000,147.12,Closed
26719,8365,10000,3159.55,Active
26720,8365,30000,9918.49,Active
26721,8365,2000,1119.26,Active
26722,8366,20000,11944.08,Closed
26723,8367,10000,4792.26,Active
26724,8368,2000,158.29,Active
26725,8368,10000,220.87,Active
26726,8368,2000,314.53,Active
26727,8369,10000,566.18,Active
26728,8369,2000,1855.01,Closed
26729,8369,10000,569.72,Active
26730,8370,15000,11429.71,Active
26731,8370,20000,1044.7,Closed
26732,8371,20000,157.28,Active
26733,8372,20000,18133.96,Closed
26734,8372,2000,1140.6,Active
26735,8373,10000,1052.88,Active
26736,8373,10000,3623.66,Active
26737,8374,10000,7142.59,Active
26738,8374,2000,1075.44,Active
26739,8375,20000,13733.05,Active
26740,8375,20000,1243.03,Active
26741,8376,10000,8320.97,Closed
26742,8376,30000,5268.75,Closed
26743,8377,20000,14122.59,Active
26744,8377,5000,3633.9,Active
26745,8377,30000,18824.44,Active
26746,8378,10000,128.32,Active
26747,8378,15000,7846.83,Active
26748,8379,15000,2728.11,Closed
26749,8379,10000,8013.75,Active
26750,8379,20000,17853.78,Active
26751,8380,20000,7051.01,Closed
26752,8381,2000,894.71,Active
26753,8381,15000,12021.65,Active
26754,8382,15000,14207.15,Closed
26755,8382,5000,4685.51,Closed
26756,8383,2000,1616.71,Closed
26757,8384,2000,541.61,Active
26758,8385,2000,898.26,Active
26759,8386,20000,7419.98,Active
26760,8387,2000,611.57,Closed
26761,8387,20000,401.99,Closed
26762,8387,30000,24291.36,Closed
26763,8388,15000,8620.36,Active
26764,8389,10000,2331.04,Closed
26765,8389,10000,2989.42,Closed
26766,8389,10000,9166.22,Active
26767,8390,10000,8801.24,Active
26768,8390,20000,4980.99,Closed
26769,8391,20000,3194.73,Closed
26770,8391,5000,1966.8,Active
26771,8391,20000,16982.68,Active
26772,8392,30000,14885.7,Active
26773,8392,20000,16723.37,Active
26774,8392,5000,1326.67,Active
26775,8393,10000,8701.91,Active
26776,8394,30000,24062.11,Active
26777,8394,15000,6571.41,Closed
26778,8394,2000,361.4,Closed
26779,8395,15000,332.41,Active
26780,8396,2000,221.46,Closed
26781,8397,15000,961.86,Closed
26782,8397,30000,17261.2,Closed
26783,8397,30000,20188.2,Active
26784,8398,5000,277.56,Active
26785,8398,15000,13562.3,Active
26786,8398,10000,5265.08,Active
26787,8399,20000,12183.32,Closed
26788,8400,30000,9438.52,Active
26789,8401,30000,10949.2,Closed
26790,8401,2000,635.13,Active
26791,8402,20000,10774.03,Active
26792,8402,10000,7039.15,Active
26793,8403,20000,14597.88,Closed
26794,8403,5000,2185.31,Active
26795,8403,2000,839.66,Active
26796,8404,2000,1104.86,Active
26797,8404,10000,7810.05,Closed
26798,8405,2000,942.05,Active
26799,8405,5000,4489.59,Closed
26800,8405,5000,152.81,Active
26801,8406,5000,3846.9,Active
26802,8406,2000,220.2,Active
26803,8407,2000,1611.08,Closed
26804,8407,10000,4256.98,Active
26805,8408,10000,7038.11,Active
26806,8408,2000,324.09,Active
26807,8408,5000,3706.19,Active
26808,8409,10000,7968.76,Active
26809,8409,10000,8672.69,Active
26810,8409,2000,414.67,Closed
26811,8410,10000,9178.65,Active
26812,8411,15000,3657.28,Active
26813,8412,5000,2071.9,Active
26814,8412,2000,155.58,Active
26815,8412,5000,3408.01,Active
26816,8413,5000,1921.51,Active
26817,8413,2000,919.15,Closed
26818,8414,15000,8159.07,Closed
26819,8414,10000,6453.29,Active
26820,8414,30000,21557.95,Closed
26821,8415,15000,2004.79,Active
26822,8415,2000,828.83,Closed
26823,8415,5000,2013.12,Closed
26824,8416,30000,20179.75,Active
26825,8416,20000,13229.75,Active
26826,8416,2000,1201.96,Active
26827,8417,2000,1665.46,Active
26828,8418,20000,3761.25,Active
26829,8418,10000,8034.64,Active
26830,8419,2000,1122.94,Active
26831,8419,30000,21970.18,Closed
26832,8419,30000,3147.86,Closed
26833,8420,20000,18568.81,Active
26834,8420,20000,14868.74,Active
26835,8421,15000,13931.61,Closed
26836,8421,2000,1235.13,Closed
26837,8422,5000,4522.29,Active
26838,8423,2000,1694.9,Active
26839,8423,20000,5046.76,Active
26840,8423,20000,2217.28,Closed
26841,8424,5000,3970.99,Closed
26842,8424,10000,9028.15,Active
26843,8424,10000,8845.45,Active
26844,8425,5000,1304.27,Active
26845,8425,20000,9916.76,Active
26846,8426,20000,18240.5,Active
26847,8426,20000,8677.45,Active
26848,8426,15000,4471.78,Closed
26849,8427,30000,19437.49,Active
26850,8427,15000,8291.11,Active
26851,8428,20000,1302.07,Closed
26852,8428,20000,3835.84,Active
26853,8428,2000,888.61,Active
26854,8429,30000,19519.9,Active
26855,8429,10000,2216.68,Active
26856,8429,2000,232.8,Closed
26857,8430,20000,3395.73,Closed
26858,8430,30000,3887.29,Active
26859,8430,20000,17484.14,Closed
26860,8431,20000,14810.01,Active
26861,8432,20000,9394.32,Closed
26862,8432,2000,183.65,Active
26863,8433,30000,17811.43,Closed
26864,8434,10000,3453.99,Active
26865,8435,10000,7167.25,Active
26866,8436,5000,3667.22,Active
26867,8436,5000,856.66,Closed
26868,8436,2000,1314.5,Closed
26869,8437,10000,3887.41,Closed
26870,8437,10000,8159.66,Active
26871,8437,20000,4753.5,Active
26872,8438,30000,20345.68,Active
26873,8439,2000,408.54,Closed
26874,8439,10000,5539.45,Closed
26875,8439,5000,2015.45,Active
26876,8440,15000,13908.7,Active
26877,8440,2000,1335.26,Active
26878,8441,20000,13846.46,Closed
26879,8441,15000,9119.05,Active
26880,8441,2000,610.86,Closed
26881,8442,30000,3881.03,Active
26882,8442,2000,1321.41,Active
26883,8442,5000,2767.61,Closed
26884,8443,5000,3812.71,Active
26885,8443,5000,3740.62,Active
26886,8443,20000,8572.72,Closed
26887,8444,5000,848.87,Active
26888,8444,15000,11540.99,Active
26889,8444,30000,2187.43,Active
26890,8445,30000,20285.91,Active
26891,8446,15000,7400.77,Active
26892,8446,20000,5472.37,Active
26893,8447,20000,3905.9,Closed
26894,8447,15000,3977.79,Closed
26895,8448,5000,4548.14,Active
26896,8449,2000,1806.43,Active
26897,8449,10000,2577.27,Closed
26898,8450,10000,4518.37,Closed
26899,8450,30000,11453.25,Active
26900,8450,2000,1747.53,Active
26901,8451,2000,908.5,Active
26902,8451,15000,1284.66,Active
26903,8451,10000,2944.75,Active
26904,8452,15000,3037.92,Active
26905,8452,10000,4683.78,Active
26906,8452,10000,1591.66,Active
26907,8453,30000,20234.22,Closed
26908,8453,2000,313.92,Active
26909,8454,5000,4652.17,Active
26910,8454,15000,7916.96,Active
26911,8455,20000,3444.11,Active
26912,8455,5000,2938.7,Closed
26913,8456,15000,5582.46,Closed
26914,8456,10000,1881.34,Active
26915,8456,20000,1921.54,Closed
26916,8457,10000,5768.72,Active
26917,8457,10000,4769.92,Active
26918,8457,2000,1109.17,Active
26919,8458,5000,1309.38,Active
26920,8458,30000,26066.14,Active
26921,8458,2000,1648.03,Active
26922,8459,30000,7683.81,Closed
26923,8460,30000,512.64,Active
26924,8461,20000,4080.06,Active
26925,8461,15000,3399.14,Active
26926,8462,30000,11295.1,Closed
26927,8463,30000,12518.02,Active
26928,8464,10000,347.88,Active
26929,8464,5000,1868.19,Closed
26930,8464,5000,1456.9,Active
26931,8465,15000,4070.83,Active
26932,8465,20000,385.37,Active
26933,8466,10000,9255.33,Active
26934,8466,2000,1326.86,Active
26935,8467,15000,5216.93,Active
26936,8468,20000,12639.54,Active
26937,8468,15000,7811.81,Active
26938,8469,5000,4545.94,Closed
26939,8470,2000,1594.76,Active
26940,8471,5000,4556.21,Closed
26941,8472,5000,3143.94,Active
26942,8472,20000,3200.04,Active
26943,8472,5000,3911.89,Active
26944,8473,2000,1246.23,Closed
26945,8473,10000,8463.47,Active
26946,8473,2000,1487.24,Active
26947,8474,5000,1836.66,Active
26948,8475,5000,4555.83,Closed
26949,8476,2000,1818.57,Active
26950,8476,10000,3581.66,Active
26951,8477,10000,2597.67,Active
26952,8477,10000,7780.13,Active
26953,8477,5000,746.88,Closed
26954,8478,15000,2126.6,Active
26955,8478,30000,6981.67,Active
26956,8479,5000,753.33,Closed
26957,8479,2000,1469.15,Active
26958,8479,5000,646.66,Closed
26959,8480,15000,1429.31,Active
26960,8480,20000,4068.17,Active
26961,8481,2000,1557.77,Active
26962,8481,2000,1184.01,Active
26963,8481,30000,22596.72,Active
26964,8482,30000,16367.73,Active
26965,8482,10000,6949.9,Active
26966,8482,10000,1039.64,Active
26967,8483,15000,13981.73,Active
26968,8483,20000,9353.29,Active
26969,8483,5000,2435.57,Active
26970,8484,2000,1445.49,Active
26971,8485,15000,10948.75,Active
26972,8485,2000,1560.48,Active
26973,8485,20000,4379.61,Closed
26974,8486,20000,6987.19,Active
26975,8486,10000,8924.54,Active
26976,8487,30000,16931.39,Active
26977,8487,10000,6965.14,Active
26978,8488,30000,13203.1,Active
26979,8488,15000,2092.29,Active
26980,8488,5000,3762.64,Active
26981,8489,20000,4050.77,Closed
26982,8489,30000,10060.28,Closed
26983,8490,30000,24212.31,Active
26984,8490,15000,7714.57,Active
26985,8490,5000,4603.34,Active
26986,8491,2000,1643.48,Closed
26987,8492,5000,540.83,Closed
26988,8492,10000,3290.29,Closed
26989,8493,30000,17538.35,Closed
26990,8493,10000,7973.01,Active
26991,8493,10000,4538.03,Closed
26992,8494,10000,5909.75,Active
26993,8495,20000,4238.94,Active
26994,8495,5000,1103.44,Closed
26995,8495,5000,3669.07,Active
26996,8496,2000,232.55,Active
26997,8496,20000,5796.61,Active
26998,8497,30000,6918.97,Active
26999,8497,2000,148.28,Active
27000,8497,15000,2744.01,Active
27001,8498,30000,18098.42,Active
27002,8499,2000,157.74,Closed
27003,8500,20000,18969.39,Active
27004,8501,15000,11038.9,Active
27005,8501,15000,7679.98,Closed
27006,8501,15000,3282.67,Closed
27007,8502,20000,11827.12,Closed
27008,8503,20000,18272.05,Closed
27009,8503,5000,4381.26,Closed
27010,8504,15000,7990.11,Active
27011,8504,20000,3212.03,Active
27012,8505,2000,164.18,Active
27013,8505,5000,2937.0,Active
27014,8505,20000,12344.84,Active
27015,8506,2000,1549.51,Active
27016,8506,5000,4434.85,Active
27017,8507,5000,2934.04,Closed
27018,8508,10000,8057.47,Closed
27019,8508,5000,4144.75,Active
27020,8508,2000,1323.95,Active
27021,8509,30000,26742.44,Active
27022,8510,10000,7413.6,Active
27023,8510,5000,1126.47,Closed
27024,8511,2000,1568.58,Closed
27025,8511,15000,4404.76,Active
27026,8511,2000,644.01,Closed
27027,8512,30000,22093.77,Active
27028,8512,15000,11357.07,Active
27029,8513,20000,7891.7,Active
27030,8514,15000,8000.73,Closed
27031,8514,20000,357.13,Active
27032,8514,2000,535.44,Active
27033,8515,5000,761.25,Active
27034,8516,2000,1571.61,Active
27035,8516,30000,5408.36,Active
27036,8516,5000,3297.35,Active
27037,8517,15000,3493.68,Active
27038,8517,10000,2020.33,Active
27039,8517,2000,1448.84,Active
27040,8518,30000,7763.18,Active
27041,8518,5000,3503.77,Active
27042,8519,2000,1451.73,Active
27043,8519,30000,27628.86,Closed
27044,8520,30000,28162.51,Active
27045,8521,20000,3256.94,Active
27046,8521,30000,23301.03,Active
27047,8521,2000,185.0,Active
27048,8522,2000,1738.08,Active
27049,8523,20000,9312.83,Active
27050,8523,20000,9160.9,Active
27051,8523,10000,8913.16,Active
27052,8524,2000,1105.07,Closed
27053,8524,30000,11553.15,Closed
27054,8524,30000,23484.69,Active
27055,8525,2000,1146.53,Active
27056,8526,5000,364.43,Active
27057,8526,5000,638.7,Active
27058,8527,10000,7063.42,Active
27059,8527,5000,2246.0,Active
27060,8528,30000,5091.45,Active
27061,8528,2000,915.52,Closed
27062,8529,5000,1083.88,Active
27063,8530,10000,375.53,Active
27064,8530,10000,7769.89,Active
27065,8531,5000,395.06,Active
27066,8531,30000,16561.29,Active
27067,8531,15000,129.44,Active
27068,8532,2000,828.89,Closed
27069,8532,30000,22328.49,Closed
27070,8533,30000,882.07,Closed
27071,8534,15000,2317.53,Active
27072,8535,10000,5179.87,Active
27073,8535,15000,2971.7,Active
27074,8536,2000,194.28,Active
27075,8536,20000,11677.65,Active
27076,8537,5000,2702.69,Closed
27077,8538,20000,2403.67,Active
27078,8538,5000,3218.49,Active
27079,8538,20000,8158.11,Active
27080,8539,5000,3118.71,Active
27081,8539,10000,8631.45,Active
27082,8540,15000,4304.98,Active
27083,8541,10000,6041.07,Active
27084,8542,2000,690.23,Closed
27085,8543,15000,6440.92,Active
27086,8543,30000,21800.44,Active
27087,8544,30000,4312.32,Active
27088,8544,15000,3677.68,Active
27089,8544,5000,592.42,Active
27090,8545,20000,10194.2,Active
27091,8546,20000,507.01,Active
27092,8546,15000,8616.61,Active
27093,8546,15000,6155.16,Active
27094,8547,15000,9474.78,Closed
27095,8548,30000,15942.24,Active
27096,8548,30000,17857.52,Closed
27097,8549,30000,27145.64,Closed
27098,8549,2000,280.0,Closed
27099,8550,15000,13125.44,Active
27100,8550,30000,16693.2,Closed
27101,8550,15000,4305.08,Closed
27102,8551,5000,4368.02,Active
27103,8551,20000,12873.27,Active
27104,8551,5000,2613.15,Active
27105,8552,15000,9950.6,Closed
27106,8552,20000,18529.02,Active
27107,8553,20000,3482.26,Active
27108,8553,10000,4444.22,Active
27109,8553,10000,2801.67,Closed
27110,8554,20000,18949.82,Active
27111,8554,2000,207.26,Closed
27112,8554,30000,11011.7,Active
27113,8555,5000,4610.43,Active
27114,8555,5000,2304.05,Active
27115,8556,2000,1802.17,Closed
27116,8557,10000,2159.31,Active
27117,8557,5000,315.88,Closed
27118,8557,30000,1760.8,Active
27119,8558,5000,1795.4,Closed
27120,8558,15000,8155.79,Active
27121,8559,2000,275.54,Active
27122,8560,2000,510.09,Active
27123,8561,15000,6606.79,Active
27124,8562,2000,1209.81,Active
27125,8562,2000,1596.28,Active
27126,8562,5000,1169.11,Active
27127,8563,20000,11626.4,Active
27128,8564,2000,1764.75,Closed
27129,8564,5000,2306.27,Active
27130,8565,15000,2848.21,Active
27131,8566,10000,7085.38,Active
27132,8566,15000,5543.14,Closed
27133,8567,30000,27575.24,Active
27134,8567,30000,17443.37,Active
27135,8568,30000,12022.5,Active
27136,8568,15000,4959.87,Active
27137,8568,15000,4548.82,Active
27138,8569,5000,2291.77,Active
27139,8569,5000,3727.92,Active
27140,8570,2000,690.31,Active
27141,8570,20000,8547.18,Closed
27142,8571,2000,11.85,Active
27143,8572,10000,532.07,Active
27144,8572,10000,5942.2,Closed
27145,8573,30000,5898.22,Active
27146,8574,5000,4215.4,Active
27147,8575,5000,4605.26,Active
27148,8575,15000,665.23,Closed
27149,8575,5000,27.11,Closed
27150,8576,2000,245.95,Active
27151,8576,30000,14195.81,Closed
27152,8577,15000,3381.77,Closed
27153,8578,20000,823.67,Active
27154,8578,15000,11891.35,Closed
27155,8579,2000,852.8,Active
27156,8579,10000,8516.91,Closed
27157,8580,2000,639.62,Active
27158,8581,2000,1109.45,Active
27159,8581,20000,18627.97,Active
27160,8581,10000,5825.67,Active
27161,8582,30000,11079.71,Active
27162,8582,20000,829.3,Closed
27163,8582,20000,13276.44,Active
27164,8583,30000,4926.37,Active
27165,8583,10000,8728.02,Closed
27166,8584,2000,1177.94,Active
27167,8584,30000,9826.83,Active
27168,8585,30000,27152.64,Active
27169,8585,15000,5469.65,Active
27170,8585,15000,3319.38,Active
27171,8586,30000,2510.3,Closed
27172,8586,2000,1730.43,Active
27173,8586,2000,466.2,Active
27174,8587,15000,2860.4,Active
27175,8588,20000,590.05,Active
27176,8589,5000,3518.28,Closed
27177,8590,10000,2535.28,Active
27178,8590,20000,1811.16,Active
27179,8591,10000,3950.2,Active
27180,8591,10000,8319.08,Closed
27181,8591,20000,2154.57,Active
27182,8592,15000,6645.16,Active
27183,8592,30000,13871.52,Active
27184,8593,2000,833.85,Active
27185,8593,15000,233.93,Active
27186,8593,5000,1633.96,Active
27187,8594,2000,295.09,Active
27188,8594,5000,1261.33,Closed
27189,8595,10000,4521.61,Closed
27190,8596,10000,5782.78,Active
27191,8596,2000,1861.46,Active
27192,8597,30000,538.29,Active
27193,8597,30000,16222.17,Closed
27194,8597,20000,8469.36,Closed
27195,8598,30000,12680.03,Active
27196,8598,30000,15868.14,Active
27197,8599,15000,4863.28,Active
27198,8600,10000,4145.99,Active
27199,8601,15000,14215.67,Active
27200,8601,2000,267.35,Active
27201,8602,15000,11286.87,Active
27202,8603,30000,17945.5,Active
27203,8603,15000,12926.63,Active
27204,8603,5000,4361.7,Active
27205,8604,10000,3653.03,Closed
27206,8604,20000,6532.56,Active
27207,8605,15000,13687.14,Active
27208,8606,10000,8545.42,Active
27209,8606,30000,7836.74,Closed
27210,8606,5000,4313.83,Active
27211,8607,30000,18179.57,Active
27212,8608,5000,2899.54,Closed
27213,8608,2000,506.58,Active
27214,8609,2000,1843.96,Active
27215,8610,20000,9540.86,Active
27216,8610,2000,1108.62,Active
27217,8611,30000,18029.33,Active
27218,8611,15000,8979.9,Active
27219,8612,5000,4705.81,Active
27220,8613,10000,4028.11,Closed
27221,8613,20000,1310.18,Active
27222,8613,20000,6414.48,Active
27223,8614,20000,12581.52,Active
27224,8615,5000,789.09,Active
27225,8616,2000,591.09,Active
27226,8617,2000,150.7,Active
27227,8618,20000,13139.49,Active
27228,8618,10000,8277.5,Active
27229,8619,30000,26587.0,Active
27230,8620,30000,1015.52,Active
27231,8620,20000,6499.25,Active
27232,8621,30000,4757.33,Active
27233,8622,30000,2181.43,Active
27234,8622,20000,12626.88,Active
27235,8623,15000,9921.27,Active
27236,8623,5000,364.3,Closed
27237,8623,10000,5433.11,Active
27238,8624,20000,8572.05,Active
27239,8624,5000,2098.75,Active
27240,8625,20000,3170.37,Active
27241,8626,20000,16679.91,Active
27242,8626,15000,9077.55,Active
27243,8626,5000,3566.02,Active
27244,8627,2000,151.29,Closed
27245,8627,5000,4003.09,Active
27246,8628,15000,7704.71,Active
27247,8629,5000,4573.04,Active
27248,8629,20000,8811.14,Active
27249,8630,30000,18274.68,Active
27250,8630,15000,6993.53,Active
27251,8630,20000,17771.37,Active
27252,8631,15000,12918.28,Active
27253,8631,30000,1593.19,Active
27254,8632,10000,8398.29,Active
27255,8632,10000,9265.69,Active
27256,8633,5000,2068.38,Closed
27257,8634,15000,978.58,Active
27258,8635,15000,4524.53,Active
27259,8635,10000,8337.46,Active
27260,8636,30000,17949.2,Closed
27261,8636,2000,1588.9,Closed
27262,8636,20000,9826.44,Active
27263,8637,5000,3097.05,Active
27264,8637,20000,7032.06,Active
27265,8637,20000,17662.34,Active
27266,8638,10000,6422.33,Active
27267,8639,5000,744.68,Active
27268,8639,15000,11361.22,Closed
27269,8639,15000,8965.82,Closed
27270,8640,2000,221.33,Active
27271,8640,15000,517.41,Active
27272,8641,2000,1608.82,Active
27273,8642,15000,3290.53,Closed
27274,8643,10000,3410.72,Closed
27275,8643,2000,1156.01,Active
27276,8644,5000,2693.25,Active
27277,8644,10000,657.31,Active
27278,8645,15000,11571.07,Active
27279,8645,15000,5482.72,Closed
27280,8645,30000,25914.99,Active
27281,8646,15000,2118.04,Closed
27282,8646,5000,1636.54,Active
27283,8646,15000,13429.02,Active
27284,8647,30000,6242.46,Active
27285,8647,2000,1325.91,Active
27286,8647,30000,26484.49,Active
27287,8648,20000,18455.69,Active
27288,8648,5000,2967.26,Active
27289,8648,30000,23217.64,Closed
27290,8649,5000,3249.44,Active
27291,8650,5000,4193.01,Active
27292,8651,15000,12365.79,Active
27293,8651,2000,1698.05,Active
27294,8652,2000,1780.81,Active
27295,8653,10000,7993.14,Active
27296,8653,20000,9039.07,Active
27297,8653,20000,17330.37,Closed
27298,8654,20000,12490.61,Active
27299,8655,10000,6894.79,Closed
27300,8656,2000,1177.77,Closed
27301,8656,5000,3928.94,Active
27302,8656,2000,361.91,Closed
27303,8657,15000,2802.24,Active
27304,8658,2000,984.45,Active
27305,8658,2000,1320.18,Active
27306,8659,15000,7054.07,Active
27307,8659,5000,3661.86,Active
27308,8659,15000,909.21,Active
27309,8660,10000,8564.64,Active
27310,8660,10000,4258.09,Active
27311,8661,2000,1691.74,Active
27312,8662,15000,13606.8,Closed
27313,8662,10000,8058.54,Active
27314,8663,10000,4222.53,Active
27315,8663,10000,4972.15,Active
27316,8664,10000,3322.15,Active
27317,8665,15000,4917.63,Closed
27318,8665,20000,4752.63,Closed
27319,8665,10000,92.37,Active
27320,8666,30000,11766.12,Closed
27321,8666,20000,16375.81,Active
27322,8666,20000,15509.01,Closed
27323,8667,10000,2433.14,Active
27324,8668,5000,3988.68,Active
27325,8668,10000,277.48,Active
27326,8668,5000,153.67,Active
27327,8669,5000,4185.88,Active
27328,8670,20000,8360.28,Active
27329,8671,2000,90.68,Active
27330,8672,10000,1103.36,Active
27331,8672,30000,19675.7,Active
27332,8672,2000,1666.08,Active
27333,8673,2000,839.5,Closed
27334,8674,10000,5926.8,Active
27335,8674,20000,3323.71,Active
27336,8674,5000,1404.78,Active
27337,8675,2000,11.57,Closed
27338,8676,30000,12866.09,Active
27339,8676,10000,5917.63,Active
27340,8676,15000,8232.97,Active
27341,8677,30000,13031.3,Closed
27342,8677,15000,5902.56,Closed
27343,8678,30000,26078.6,Closed
27344,8678,20000,3970.51,Active
27345,8679,15000,2093.33,Closed
27346,8679,20000,3336.4,Active
27347,8679,15000,8602.82,Active
27348,8680,2000,768.31,Active
27349,8680,15000,4140.88,Closed
27350,8680,5000,1429.95,Closed
27351,8681,5000,3210.59,Active
27352,8681,20000,16182.67,Closed
27353,8682,2000,165.85,Active
27354,8683,10000,6919.25,Active
27355,8683,10000,5335.63,Closed
27356,8684,10000,3873.79,Active
27357,8684,10000,9497.33,Active
27358,8685,5000,4317.73,Active
27359,8686,10000,8855.67,Active
27360,8686,5000,1994.73,Active
27361,8686,5000,4172.46,Active
27362,8687,30000,976.9,Active
27363,8687,15000,54.51,Active
27364,8687,15000,9730.84,Closed
27365,8688,2000,893.36,Active
27366,8688,20000,17665.03,Active
27367,8689,2000,976.14,Closed
27368,8689,2000,1484.45,Closed
27369,8689,20000,17458.53,Active
27370,8690,2000,605.5,Active
27371,8690,15000,6436.2,Active
27372,8690,2000,682.0,Active
27373,8691,10000,6671.75,Closed
27374,8691,30000,20887.36,Active
27375,8692,2000,1617.45,Active
27376,8692,5000,168.67,Active
27377,8693,5000,3679.98,Active
27378,8693,5000,1839.57,Active
27379,8694,30000,20985.74,Closed
27380,8694,20000,11836.98,Active
27381,8694,2000,1499.69,Active
27382,8695,15000,3263.32,Closed
27383,8696,2000,1516.34,Closed
27384,8696,15000,12793.6,Closed
27385,8697,15000,11214.33,Closed
27386,8697,20000,1277.57,Active
27387,8697,15000,5410.26,Active
27388,8698,2000,823.77,Active
27389,8698,15000,9462.41,Active
27390,8699,15000,584.9,Closed
27391,8699,5000,4426.42,Active
27392,8699,5000,2147.17,Active
27393,8700,10000,1171.64,Closed
27394,8701,2000,1152.8,Closed
27395,8701,5000,2178.82,Active
27396,8701,15000,6766.67,Active
27397,8702,20000,2845.26,Active
27398,8702,5000,2048.8,Closed
27399,8702,30000,2629.38,Closed
27400,8703,10000,88.76,Active
27401,8703,20000,6623.09,Active
27402,8703,5000,82.06,Active
27403,8704,30000,10760.11,Closed
27404,8705,15000,180.0,Active
27405,8706,20000,12867.36,Closed
27406,8706,15000,1442.67,Active
27407,8707,30000,24462.46,Active
27408,8707,15000,7905.45,Active
27409,8707,30000,4140.76,Active
27410,8708,20000,4440.19,Active
27411,8708,20000,9338.42,Active
27412,8708,15000,7146.15,Active
27413,8709,2000,600.55,Active
27414,8710,5000,3358.59,Closed
27415,8710,2000,1889.66,Active
27416,8710,30000,3848.27,Active
27417,8711,15000,4492.47,Active
27418,8711,5000,2882.78,Active
27419,8712,15000,10193.6,Closed
27420,8712,5000,4454.65,Active
27421,8713,10000,9456.12,Active
27422,8713,15000,9411.63,Closed
27423,8714,5000,131.71,Active
27424,8714,5000,3895.45,Active
27425,8715,5000,2307.54,Active
27426,8715,5000,1342.51,Closed
27427,8715,2000,1330.06,Closed
27428,8716,30000,13829.99,Closed
27429,8717,15000,7531.38,Active
27430,8717,20000,8250.8,Active
27431,8718,10000,9401.76,Active
27432,8718,5000,378.21,Active
27433,8719,15000,5605.35,Active
27434,8719,30000,4374.16,Closed
27435,8720,20000,5770.23,Active
27436,8721,30000,10109.55,Closed
27437,8722,20000,11248.72,Active
27438,8723,10000,7560.02,Active
27439,8723,15000,7902.11,Active
27440,8723,15000,8929.65,Active
27441,8724,2000,1826.21,Closed
27442,8724,5000,3240.33,Active
27443,8724,15000,2445.7,Active
27444,8725,10000,205.81,Active
27445,8725,5000,731.64,Active
27446,8726,15000,143.47,Active
27447,8726,15000,7981.35,Closed
27448,8726,30000,26271.91,Active
27449,8727,15000,12838.78,Active
27450,8728,10000,5652.71,Active
27451,8728,30000,10160.84,Closed
27452,8729,2000,1514.98,Active
27453,8729,2000,895.01,Active
27454,8729,2000,1424.4,Closed
27455,8730,2000,1407.9,Closed
27456,8730,15000,13420.35,Active
27457,8731,20000,7314.1,Active
27458,8731,30000,3736.48,Active
27459,8732,20000,9413.21,Active
27460,8732,2000,600.52,Active
27461,8732,2000,862.28,Closed
27462,8733,10000,2908.65,Closed
27463,8733,30000,7057.47,Active
27464,8734,10000,5271.84,Active
27465,8735,15000,4425.74,Active
27466,8735,30000,25393.25,Active
27467,8735,5000,1902.66,Active
27468,8736,10000,752.77,Active
27469,8736,30000,26828.87,Closed
27470,8736,2000,95.84,Active
27471,8737,5000,720.98,Active
27472,8737,30000,12026.56,Active
27473,8737,15000,5349.91,Active
27474,8738,10000,8554.13,Active
27475,8739,20000,18816.47,Active
27476,8739,10000,4967.42,Active
27477,8740,20000,13392.21,Closed
27478,8740,10000,9136.75,Closed
27479,8740,2000,567.74,Active
27480,8741,2000,1314.82,Active
27481,8741,30000,10871.63,Closed
27482,8741,10000,4549.63,Active
27483,8742,5000,3392.07,Closed
27484,8743,15000,168.68,Active
27485,8743,10000,2928.94,Closed
27486,8744,20000,7353.85,Active
27487,8745,2000,432.19,Active
27488,8745,10000,349.14,Active
27489,8745,20000,17403.21,Active
27490,8746,30000,14838.95,Active
27491,8746,10000,6915.74,Active
27492,8746,30000,13726.13,Active
27493,8747,15000,449.99,Active
27494,8748,20000,1581.17,Active
27495,8749,2000,286.15,Active
27496,8749,5000,4510.93,Active
27497,8749,30000,3839.73,Active
27498,8750,5000,4100.12,Closed
27499,8751,30000,5068.07,Active
27500,8751,15000,8003.36,Active
27501,8752,15000,11145.86,Active
27502,8752,20000,67.07,Active
27503,8753,20000,6293.32,Active
27504,8753,2000,132.75,Active
27505,8753,30000,3391.97,Active
27506,8754,2000,681.64,Active
27507,8755,2000,1636.75,Active
27508,8755,10000,8289.41,Active
27509,8756,5000,2202.6,Closed
27510,8756,30000,25301.93,Active
27511,8756,2000,1696.96,Active
27512,8757,5000,4148.37,Closed
27513,8757,15000,4135.83,Closed
27514,8758,20000,406.43,Active
27515,8758,30000,19450.57,Active
27516,8758,5000,1808.14,Active
27517,8759,2000,1842.24,Active
27518,8759,10000,6970.22,Closed
27519,8759,10000,9434.11,Active
27520,8760,5000,3871.56,Active
27521,8760,2000,242.48,Active
27522,8761,10000,2490.26,Closed
27523,8762,15000,6031.35,Active
27524,8763,20000,6034.88,Active
27525,8764,10000,7175.99,Closed
27526,8764,10000,7806.5,Active
27527,8764,15000,4940.11,Closed
27528,8765,2000,658.07,Active
27529,8766,30000,8256.05,Active
27530,8766,5000,2953.18,Active
27531,8766,30000,26551.27,Active
27532,8767,2000,809.57,Closed
27533,8767,5000,2920.71,Active
27534,8767,20000,13755.87,Closed
27535,8768,5000,1815.05,Active
27536,8769,2000,1715.12,Active
27537,8770,15000,3675.1,Active
27538,8771,5000,4726.6,Closed
27539,8772,20000,14793.13,Active
27540,8772,2000,1317.85,Closed
27541,8772,15000,12027.5,Active
27542,8773,2000,687.45,Active
27543,8773,15000,1970.1,Active
27544,8774,30000,8092.88,Closed
27545,8774,10000,8491.27,Active
27546,8774,30000,8037.2,Active
27547,8775,20000,15110.58,Active
27548,8775,20000,6389.25,Active
27549,8776,10000,5666.73,Active
27550,8776,10000,3572.95,Active
27551,8776,5000,1851.32,Closed
27552,8777,30000,19790.49,Active
27553,8778,5000,460.75,Active
27554,8779,20000,8894.51,Active
27555,8780,5000,3.69,Active
27556,8781,15000,6897.7,Closed
27557,8781,15000,9469.36,Closed
27558,8782,30000,15816.16,Closed
27559,8782,30000,151.03,Active
27560,8782,2000,107.6,Active
27561,8783,30000,27012.14,Active
27562,8783,15000,9344.61,Closed
27563,8783,15000,2438.24,Active
27564,8784,10000,3337.16,Active
27565,8784,30000,12768.34,Active
27566,8784,10000,1928.61,Active
27567,8785,2000,834.26,Active
27568,8785,30000,1426.36,Active
27569,8785,30000,17860.87,Active
27570,8786,30000,1162.38,Active
27571,8786,30000,6249.27,Active
27572,8787,10000,2321.06,Closed
27573,8787,10000,4661.49,Active
27574,8787,15000,2965.79,Active
27575,8788,20000,11847.07,Active
27576,8789,15000,10283.15,Closed
27577,8789,20000,12392.84,Active
27578,8789,10000,9335.21,Active
27579,8790,10000,1300.76,Closed
27580,8791,2000,1234.73,Active
27581,8791,2000,819.81,Active
27582,8792,30000,6481.89,Active
27583,8793,10000,579.34,Closed
27584,8793,20000,8088.95,Active
27585,8794,20000,2675.7,Active
27586,8794,15000,2012.79,Closed
27587,8795,20000,4706.6,Active
27588,8796,30000,4214.95,Active
27589,8796,10000,8182.73,Active
27590,8796,2000,900.89,Active
27591,8797,10000,6684.1,Closed
27592,8797,15000,3450.41,Closed
27593,8798,5000,3731.53,Active
27594,8798,10000,1255.92,Active
27595,8799,30000,17144.03,Active
27596,8799,15000,101.88,Closed
27597,8800,15000,2710.14,Active
27598,8801,2000,441.95,Active
27599,8801,5000,2993.05,Closed
27600,8802,20000,17829.99,Closed
27601,8802,5000,1581.33,Active
27602,8802,2000,267.34,Active
27603,8803,15000,12368.93,Closed
27604,8803,15000,4299.52,Active
27605,8803,15000,13514.86,Closed
27606,8804,20000,7512.5,Active
27607,8805,10000,3929.01,Active
27608,8806,15000,406.85,Active
27609,8807,5000,302.23,Active
27610,8808,10000,1257.29,Active
27611,8808,20000,17542.44,Active
27612,8809,10000,538.72,Active
27613,8809,15000,10182.24,Active
27614,8810,10000,4114.92,Active
27615,8810,5000,1728.81,Active
27616,8811,15000,1054.52,Active
27617,8812,2000,893.59,Active
27618,8812,2000,1274.52,Active
27619,8812,30000,14764.53,Active
27620,8813,30000,20405.08,Active
27621,8813,5000,3028.5,Active
27622,8813,10000,1828.18,Active
27623,8814,20000,14048.65,Closed
27624,8815,2000,1630.33,Active
27625,8815,30000,24744.01,Active
27626,8816,20000,10588.89,Active
27627,8816,30000,12054.29,Closed
27628,8816,2000,125.91,Active
27629,8817,10000,6593.54,Active
27630,8818,15000,13720.14,Active
27631,8818,10000,7556.74,Active
27632,8818,2000,603.7,Active
27633,8819,2000,1851.35,Active
27634,8819,5000,775.94,Closed
27635,8819,10000,5539.54,Active
27636,8820,5000,2100.71,Active
27637,8821,10000,7394.55,Active
27638,8821,2000,1670.36,Active
27639,8821,20000,10982.1,Active
27640,8822,15000,6047.9,Active
27641,8822,20000,11108.57,Active
27642,8823,5000,718.45,Active
27643,8823,5000,3458.23,Closed
27644,8823,30000,8435.17,Active
27645,8824,30000,11720.0,Closed
27646,8825,15000,4102.28,Active
27647,8826,10000,1157.38,Active
27648,8827,30000,19180.47,Active
27649,8827,15000,569.51,Active
27650,8828,20000,18053.05,Active
27651,8829,20000,9503.21,Active
27652,8829,30000,25700.04,Active
27653,8830,10000,4481.51,Active
27654,8831,30000,17579.02,Active
27655,8831,20000,6353.07,Active
27656,8832,2000,423.9,Active
27657,8833,5000,688.22,Active
27658,8833,5000,497.28,Closed
27659,8833,2000,1696.27,Closed
27660,8834,5000,1693.19,Active
27661,8834,20000,8656.2,Active
27662,8835,2000,281.21,Active
27663,8835,5000,4672.26,Active
27664,8835,15000,4643.38,Active
27665,8836,20000,1814.54,Active
27666,8836,15000,4038.92,Closed
27667,8836,2000,1709.45,Active
27668,8837,20000,5542.6,Active
27669,8837,5000,4144.23,Active
27670,8838,20000,17715.78,Closed
27671,8839,10000,4931.08,Active
27672,8839,10000,8058.95,Active
27673,8840,5000,693.51,Active
27674,8840,5000,4443.38,Active
27675,8841,10000,7350.49,Active
27676,8841,10000,5390.2,Active
27677,8842,10000,6606.14,Active
27678,8842,2000,689.17,Active
27679,8843,15000,12849.92,Active
27680,8844,15000,8567.0,Closed
27681,8844,5000,3140.67,Active
27682,8845,15000,2360.25,Active
27683,8845,10000,1770.9,Active
27684,8846,20000,11648.09,Closed
27685,8847,5000,2147.52,Active
27686,8847,10000,7497.38,Closed
27687,8848,2000,257.05,Active
27688,8849,20000,5400.87,Closed
27689,8850,20000,9723.94,Active
27690,8850,5000,2275.14,Active
27691,8851,10000,5630.86,Active
27692,8851,2000,940.41,Active
27693,8851,20000,8943.58,Closed
27694,8852,10000,504.6,Active
27695,8853,20000,7522.79,Closed
27696,8854,15000,6258.79,Active
27697,8854,30000,5371.54,Closed
27698,8854,30000,23311.88,Closed
27699,8855,15000,13354.36,Active
27700,8855,20000,15776.21,Active
27701,8855,15000,6317.84,Active
27702,8856,20000,17577.59,Active
27703,8856,30000,11518.16,Active
27704,8856,2000,167.6,Active
27705,8857,15000,7499.66,Active
27706,8857,5000,3039.27,Active
27707,8858,30000,13137.58,Active
27708,8858,20000,4183.1,Active
27709,8858,15000,2162.38,Active
27710,8859,10000,6421.98,Closed
27711,8859,10000,2934.91,Active
27712,8859,20000,16225.23,Closed
27713,8860,30000,8358.86,Active
27714,8860,2000,952.35,Active
27715,8861,20000,14392.3,Active
27716,8861,20000,11022.19,Active
27717,8862,5000,789.42,Closed
27718,8862,20000,7410.09,Active
27719,8862,30000,15013.22,Active
27720,8863,10000,9033.43,Active
27721,8863,5000,3869.98,Active
27722,8864,2000,1190.19,Active
27723,8864,10000,1316.6,Active
27724,8864,2000,1712.02,Active
27725,8865,20000,10940.24,Closed
27726,8866,30000,13554.59,Closed
27727,8867,30000,4972.49,Closed
27728,8868,5000,4566.51,Active
27729,8869,2000,1592.64,Active
27730,8870,5000,2989.6,Active
27731,8870,2000,374.49,Active
27732,8870,20000,15661.83,Closed
27733,8871,10000,2126.53,Closed
27734,8871,2000,554.77,Active
27735,8872,15000,1958.47,Active
27736,8873,30000,25974.45,Active
27737,8873,15000,13346.45,Active
27738,8874,20000,5577.16,Closed
27739,8874,2000,1015.33,Active
27740,8874,30000,19055.68,Active
27741,8875,5000,400.24,Active
27742,8876,5000,2683.42,Closed
27743,8876,5000,3698.49,Closed
27744,8877,15000,11403.73,Closed
27745,8877,30000,5823.15,Closed
27746,8878,15000,11939.42,Active
27747,8878,30000,12988.82,Active
27748,8879,15000,6510.75,Active
27749,8880,2000,895.25,Active
27750,8880,10000,9069.15,Active
27751,8880,5000,4235.56,Active
27752,8881,30000,4132.15,Active
27753,8881,10000,5936.6,Active
27754,8882,2000,991.38,Active
27755,8882,15000,12066.51,Active
27756,8882,5000,4288.04,Active
27757,8883,15000,7107.38,Active
27758,8884,5000,2148.4,Active
27759,8885,15000,12369.12,Active
27760,8885,2000,1378.37,Active
27761,8885,2000,371.64,Closed
27762,8886,10000,3487.76,Active
27763,8886,30000,228.92,Active
27764,8887,5000,3040.52,Active
27765,8887,15000,9213.9,Active
27766,8887,20000,3731.85,Active
27767,8888,5000,1974.05,Active
27768,8888,5000,256.6,Active
27769,8888,30000,14163.9,Closed
27770,8889,5000,3455.1,Active
27771,8889,30000,11477.82,Active
27772,8890,10000,6138.94,Closed
27773,8890,20000,16683.27,Active
27774,8890,30000,4728.68,Active
27775,8891,30000,12018.94,Active
27776,8892,2000,1024.76,Active
27777,8893,30000,10597.01,Active
27778,8893,30000,2274.97,Active
27779,8893,10000,8598.21,Active
27780,8894,2000,664.46,Active
27781,8894,20000,15315.8,Active
27782,8894,2000,305.02,Closed
27783,8895,15000,12712.23,Active
27784,8896,30000,26707.88,Active
27785,8897,5000,1041.16,Active
27786,8898,5000,3142.27,Active
27787,8898,30000,18814.35,Closed
27788,8899,15000,7365.62,Closed
27789,8899,5000,3797.56,Active
27790,8899,5000,2256.82,Active
27791,8900,15000,4825.01,Active
27792,8900,15000,6043.71,Active
27793,8900,30000,7253.01,Active
27794,8901,5000,4108.84,Active
27795,8901,30000,3966.04,Active
27796,8902,2000,1723.07,Closed
27797,8903,2000,231.82,Active
27798,8903,2000,1864.09,Closed
27799,8903,10000,3055.33,Active
27800,8904,2000,1297.52,Active
27801,8905,30000,3622.2,Active
27802,8906,10000,1182.1,Active
27803,8906,20000,5837.96,Closed
27804,8907,5000,3718.93,Active
27805,8907,20000,2891.8,Closed
27806,8908,20000,15618.16,Active
27807,8908,30000,6355.99,Active
27808,8908,30000,10845.73,Closed
27809,8909,2000,1135.34,Active
27810,8909,5000,4118.09,Active
27811,8910,30000,22064.06,Closed
27812,8910,2000,231.36,Active
27813,8911,20000,16222.78,Active
27814,8911,2000,709.46,Active
27815,8911,5000,1254.44,Active
27816,8912,20000,8978.09,Active
27817,8913,2000,768.07,Active
27818,8914,2000,196.83,Active
27819,8914,2000,1255.1,Closed
27820,8915,2000,1121.48,Active
27821,8916,30000,3374.01,Active
27822,8916,30000,16288.38,Closed
27823,8917,10000,8933.21,Closed
27824,8917,15000,7285.3,Active
27825,8918,20000,14867.27,Active
27826,8918,15000,11385.13,Active
27827,8919,10000,5166.1,Active
27828,8919,10000,4196.12,Active
27829,8919,20000,6490.84,Active
27830,8920,2000,932.97,Active
27831,8920,10000,3176.4,Active
27832,8921,20000,13120.81,Active
27833,8921,5000,724.78,Active
27834,8921,15000,8368.17,Active
27835,8922,20000,17859.33,Active
27836,8923,20000,11310.79,Closed
27837,8923,2000,1114.22,Active
27838,8924,30000,17991.77,Closed
27839,8924,5000,1194.75,Active
27840,8924,20000,2844.66,Active
27841,8925,10000,4867.86,Active
27842,8926,2000,1530.81,Active
27843,8927,2000,855.94,Active
27844,8928,2000,96.38,Closed
27845,8928,5000,3524.14,Active
27846,8928,10000,7496.89,Active
27847,8929,30000,4628.81,Closed
27848,8929,15000,12535.69,Active
27849,8930,2000,360.86,Closed
27850,8930,20000,8465.88,Active
27851,8930,20000,1941.97,Active
27852,8931,20000,4757.26,Closed
27853,8931,5000,3766.44,Active
27854,8931,5000,393.91,Active
27855,8932,20000,6737.96,Closed
27856,8932,30000,6047.19,Closed
27857,8932,20000,18407.15,Closed
27858,8933,15000,4840.84,Closed
27859,8933,2000,176.86,Active
27860,8933,30000,19749.37,Active
27861,8934,30000,3796.57,Closed
27862,8935,20000,18242.56,Active
27863,8936,15000,6487.34,Active
27864,8936,2000,1684.64,Active
27865,8937,10000,6600.82,Closed
27866,8937,20000,15392.66,Active
27867,8937,20000,10948.89,Active
27868,8938,10000,8674.68,Active
27869,8939,5000,151.06,Closed
27870,8939,15000,5886.35,Active
27871,8939,5000,4154.81,Active
27872,8940,10000,6930.7,Active
27873,8940,10000,2096.8,Active
27874,8940,20000,2046.04,Closed
27875,8941,2000,1529.37,Active
27876,8941,15000,5701.73,Active
27877,8941,15000,9199.48,Active
27878,8942,5000,1227.97,Active
27879,8942,15000,13270.09,Closed
27880,8943,10000,3464.35,Closed
27881,8943,2000,820.33,Active
27882,8944,5000,4247.62,Active
27883,8944,5000,2066.25,Active
27884,8944,30000,23012.73,Active
27885,8945,30000,12657.25,Active
27886,8945,15000,5810.57,Active
27887,8945,2000,309.12,Active
27888,8946,10000,3984.1,Active
27889,8947,10000,3286.42,Active
27890,8947,2000,1424.26,Active
27891,8947,2000,916.13,Active
27892,8948,30000,25249.12,Active
27893,8949,15000,2249.62,Closed
27894,8949,2000,903.28,Active
27895,8949,20000,13636.6,Active
27896,8950,20000,12415.29,Active
27897,8950,10000,1588.62,Active
27898,8951,20000,17135.59,Active
27899,8951,5000,3269.35,Active
27900,8952,30000,13437.34,Active
27901,8953,5000,2312.24,Active
27902,8953,30000,22943.53,Active
27903,8954,15000,7440.76,Active
27904,8954,20000,4008.06,Active
27905,8954,10000,1814.0,Active
27906,8955,30000,19667.54,Active
27907,8955,20000,5411.73,Active
27908,8956,10000,7164.81,Active
27909,8956,20000,16679.04,Closed
27910,8956,2000,478.16,Active
27911,8957,5000,3852.76,Closed
27912,8957,5000,616.68,Active
27913,8957,10000,967.7,Active
27914,8958,20000,7871.69,Active
27915,8959,5000,1447.32,Active
27916,8960,10000,9189.88,Active
27917,8960,20000,13904.77,Active
27918,8960,5000,4592.8,Active
27919,8961,30000,14855.63,Active
27920,8961,30000,18761.54,Active
27921,8962,20000,1120.94,Active
27922,8962,20000,11951.16,Active
27923,8962,20000,14208.57,Active
27924,8963,20000,10188.79,Active
27925,8963,20000,6351.41,Active
27926,8964,15000,6956.16,Closed
27927,8964,10000,1266.81,Active
27928,8965,5000,248.49,Closed
27929,8965,5000,1859.52,Closed
27930,8966,10000,7645.11,Closed
27931,8967,10000,7929.74,Active
27932,8968,30000,15414.91,Active
27933,8968,20000,2677.16,Active
27934,8969,10000,4207.71,Active
27935,8969,5000,3018.92,Closed
27936,8969,15000,11002.38,Active
27937,8970,2000,1766.59,Closed
27938,8970,2000,215.59,Active
27939,8970,5000,4703.11,Closed
27940,8971,10000,5625.16,Active
27941,8972,15000,8475.91,Closed
27942,8972,2000,1493.24,Closed
27943,8972,20000,17007.14,Closed
27944,8973,2000,38.87,Active
27945,8974,5000,2317.94,Active
27946,8974,5000,4518.56,Active
27947,8974,5000,4306.11,Active
27948,8975,20000,5363.84,Active
27949,8975,5000,706.02,Active
27950,8976,2000,418.85,Closed
27951,8977,30000,25973.26,Active
27952,8977,20000,7691.55,Active
27953,8977,15000,206.62,Active
27954,8978,30000,21478.19,Active
27955,8979,5000,3649.9,Active
27956,8979,15000,7943.41,Active
27957,8980,30000,22666.86,Closed
27958,8980,20000,18342.79,Active
27959,8981,2000,1846.34,Active
27960,8981,5000,3466.47,Active
27961,8981,2000,690.95,Active
27962,8982,10000,5415.56,Active
27963,8982,2000,1305.66,Active
27964,8983,15000,10333.49,Active
27965,8984,10000,3858.3,Active
27966,8984,5000,2801.38,Active
27967,8985,30000,4802.09,Closed
27968,8985,10000,8104.45,Active
27969,8986,30000,6416.11,Closed
27970,8987,10000,6910.37,Active
27971,8988,20000,16007.37,Active
27972,8988,15000,1402.58,Active
27973,8989,15000,3344.99,Active
27974,8990,5000,4326.11,Active
27975,8990,20000,18069.69,Active
27976,8990,15000,1570.66,Active
27977,8991,20000,15850.47,Active
27978,8992,2000,1494.31,Active
27979,8992,2000,1478.56,Active
27980,8992,10000,6116.47,Active
27981,8993,5000,1491.65,Active
27982,8994,10000,1690.46,Active
27983,8994,30000,24925.83,Active
27984,8995,20000,15051.38,Active
27985,8995,10000,9137.14,Active
27986,8996,2000,624.77,Closed
27987,8997,20000,5754.54,Active
27988,8997,10000,1628.32,Closed
27989,8997,30000,27303.32,Active
27990,8998,2000,1289.38,Active
27991,8999,10000,3239.42,Active
27992,8999,15000,5265.21,Active
27993,9000,5000,3107.46,Active
27994,9001,15000,7656.99,Closed
27995,9002,30000,4637.04,Active
27996,9002,2000,576.18,Active
27997,9003,10000,1517.36,Active
27998,9003,15000,12835.11,Active
27999,9003,10000,1486.93,Active
28000,9004,10000,461.48,Active
28001,9004,5000,1916.5,Active
28002,9004,10000,3193.96,Active
28003,9005,30000,1522.34,Active
28004,9006,10000,8501.44,Closed
28005,9006,10000,1375.84,Active
28006,9006,5000,1820.12,Active
28007,9007,30000,10687.52,Active
28008,9007,2000,37.27,Active
28009,9008,5000,128.08,Closed
28010,9008,15000,9304.14,Active
28011,9008,30000,10229.54,Active
28012,9009,30000,26110.25,Closed
28013,9009,20000,14498.67,Active
28014,9009,2000,989.71,Active
28015,9010,20000,10960.7,Active
28016,9010,10000,5284.96,Active
28017,9011,10000,4936.6,Closed
28018,9011,10000,1336.22,Active
28019,9011,2000,850.01,Active
28020,9012,15000,6809.23,Active
28021,9013,10000,307.61,Active
28022,9013,15000,12605.54,Active
28023,9014,15000,2725.72,Closed
28024,9014,10000,6901.33,Closed
28025,9015,2000,219.91,Active
28026,9015,2000,399.57,Active
28027,9015,20000,12366.61,Active
28028,9016,20000,8751.64,Active
28029,9016,30000,8753.52,Closed
28030,9016,10000,9137.68,Active
28031,9017,10000,8506.73,Active
28032,9017,2000,374.63,Closed
28033,9018,2000,1741.86,Active
28034,9019,10000,8197.84,Active
28035,9020,30000,8505.19,Active
28036,9020,20000,14632.84,Active
28037,9020,30000,20274.11,Closed
28038,9021,2000,1542.93,Closed
28039,9022,20000,5792.65,Active
28040,9023,2000,695.87,Closed
28041,9024,10000,8489.59,Closed
28042,9025,20000,2710.0,Active
28043,9025,5000,3907.57,Active
28044,9026,10000,4496.25,Active
28045,9026,30000,4873.29,Active
28046,9027,15000,5041.88,Active
28047,9027,20000,4353.57,Active
28048,9028,10000,6599.77,Active
28049,9028,2000,358.79,Active
28050,9029,30000,23857.74,Active
28051,9029,5000,605.65,Closed
28052,9030,5000,3277.98,Active
28053,9030,5000,4245.88,Active
28054,9030,5000,586.34,Active
28055,9031,30000,21222.47,Active
28056,9032,5000,741.49,Active
28057,9032,20000,9529.0,Closed
28058,9032,2000,1288.4,Closed
28059,9033,2000,1206.56,Active
28060,9034,15000,12064.13,Active
28061,9035,20000,5457.61,Active
28062,9036,20000,17286.23,Closed
28063,9036,15000,9789.56,Closed
28064,9037,5000,4245.37,Active
28065,9037,20000,7464.35,Closed
28066,9038,5000,4389.79,Active
28067,9038,5000,552.53,Active
28068,9039,30000,13432.29,Active
28069,9039,20000,13674.52,Active
28070,9039,30000,7606.97,Active
28071,9040,20000,1705.61,Active
28072,9040,5000,3505.47,Active
28073,9041,20000,8280.43,Active
28074,9041,20000,18796.9,Active
28075,9041,20000,16707.6,Active
28076,9042,10000,3031.59,Active
28077,9042,30000,12809.78,Active
28078,9043,5000,2355.1,Active
28079,9043,2000,477.58,Active
28080,9043,2000,329.24,Active
28081,9044,15000,11016.69,Closed
28082,9045,2000,130.5,Active
28083,9045,15000,6718.72,Active
28084,9046,20000,11297.27,Active
28085,9047,5000,4517.83,Closed
28086,9047,30000,7357.93,Active
28087,9047,5000,2051.15,Active
28088,9048,2000,804.53,Closed
28089,9048,5000,2801.94,Active
28090,9049,20000,570.78,Active
28091,9050,20000,6624.66,Active
28092,9051,2000,712.26,Closed
28093,9051,10000,2721.5,Closed
28094,9052,5000,4255.52,Active
28095,9053,15000,1389.44,Active
28096,9053,15000,4144.98,Active
28097,9053,15000,8727.99,Active
28098,9054,20000,7030.68,Active
28099,9055,5000,1883.82,Active
28100,9055,2000,1316.41,Closed
28101,9056,5000,4401.48,Active
28102,9056,30000,24119.85,Active
28103,9057,15000,11661.67,Active
28104,9057,2000,1672.96,Active
28105,9058,10000,1645.41,Active
28106,9058,20000,8272.51,Active
28107,9058,5000,2857.23,Closed
28108,9059,20000,5013.17,Closed
28109,9060,5000,635.41,Active
28110,9060,30000,8324.18,Active
28111,9061,5000,3793.74,Active
28112,9061,15000,10757.89,Active
28113,9061,15000,3158.38,Active
28114,9062,10000,5329.55,Active
28115,9062,10000,1059.26,Active
28116,9063,10000,3204.24,Closed
28117,9063,2000,133.32,Active
28118,9064,15000,6987.3,Active
28119,9064,20000,7399.98,Closed
28120,9064,10000,6099.07,Closed
28121,9065,30000,15313.33,Active
28122,9065,15000,2773.76,Active
28123,9066,30000,21231.86,Closed
28124,9066,2000,44.29,Active
28125,9066,15000,7307.61,Closed
28126,9067,10000,8041.34,Active
28127,9067,15000,4322.82,Active
28128,9068,5000,364.74,Closed
28129,9069,10000,7505.1,Active
28130,9069,5000,60.36,Closed
28131,9069,15000,5106.04,Closed
28132,9070,15000,13645.54,Closed
28133,9070,10000,4960.86,Active
28134,9070,10000,2166.58,Active
28135,9071,10000,4403.66,Closed
28136,9071,30000,10834.33,Active
28137,9071,5000,1884.49,Closed
28138,9072,30000,7061.79,Closed
28139,9072,2000,345.4,Active
28140,9073,10000,9356.34,Closed
28141,9073,15000,11024.98,Closed
28142,9074,30000,27632.66,Active
28143,9074,2000,479.87,Active
28144,9074,2000,752.19,Active
28145,9075,2000,1423.78,Active
28146,9075,2000,659.19,Active
28147,9076,10000,9219.76,Active
28148,9076,20000,16339.92,Closed
28149,9077,20000,2364.57,Active
28150,9077,15000,2048.81,Active
28151,9077,30000,7587.76,Closed
28152,9078,20000,4156.54,Active
28153,9078,20000,4497.41,Active
28154,9079,2000,286.84,Closed
28155,9079,20000,7341.81,Active
28156,9079,30000,25821.92,Active
28157,9080,2000,502.03,Active
28158,9080,5000,1505.27,Active
28159,9080,5000,3273.89,Closed
28160,9081,10000,773.12,Active
28161,9081,5000,75.07,Active
28162,9081,2000,1454.87,Active
28163,9082,15000,13524.97,Active
28164,9082,15000,7759.37,Active
28165,9083,5000,2160.18,Active
28166,9083,15000,5923.03,Active
28167,9083,10000,3251.5,Active
28168,9084,30000,21688.62,Active
28169,9084,20000,16604.48,Active
28170,9084,2000,986.79,Active
28171,9085,10000,8053.19,Active
28172,9086,10000,198.04,Closed
28173,9087,30000,11752.81,Closed
28174,9087,30000,22452.68,Closed
28175,9088,10000,3356.76,Active
28176,9088,20000,3789.15,Active
28177,9089,2000,86.84,Closed
28178,9090,10000,4160.4,Active
28179,9090,5000,409.6,Closed
28180,9090,15000,6524.1,Active
28181,9091,5000,2745.03,Active
28182,9092,10000,8585.62,Active
28183,9093,15000,11269.07,Active
28184,9094,20000,10182.04,Active
28185,9094,5000,2173.48,Active
28186,9095,20000,11577.66,Active
28187,9096,5000,4285.35,Active
28188,9096,5000,4.43,Closed
28189,9097,10000,2966.0,Closed
28190,9097,15000,12400.01,Active
28191,9098,10000,4509.03,Closed
28192,9099,2000,1888.93,Active
28193,9100,15000,463.42,Active
28194,9100,2000,1762.35,Active
28195,9100,15000,2795.2,Closed
28196,9101,2000,173.0,Active
28197,9102,2000,705.81,Active
28198,9103,30000,3933.58,Closed
28199,9103,20000,416.26,Active
28200,9103,15000,12726.7,Closed
28201,9104,20000,18098.56,Active
28202,9105,20000,18220.58,Active
28203,9106,10000,7705.49,Active
28204,9106,10000,4166.31,Closed
28205,9106,20000,550.63,Active
28206,9107,20000,3160.33,Active
28207,9107,30000,20856.39,Active
28208,9108,10000,4568.29,Active
28209,9108,5000,2512.12,Active
28210,9108,5000,1554.26,Active
28211,9109,10000,1069.24,Active
28212,9109,2000,885.16,Closed
28213,9109,5000,471.06,Active
28214,9110,20000,7220.25,Active
28215,9110,15000,7303.82,Closed
28216,9111,15000,10002.11,Closed
28217,9111,30000,17002.26,Active
28218,9111,15000,7615.78,Active
28219,9112,20000,6124.84,Closed
28220,9112,15000,4971.45,Active
28221,9112,15000,12172.2,Active
28222,9113,30000,17973.35,Closed
28223,9113,20000,18820.37,Closed
28224,9113,30000,7664.99,Active
28225,9114,2000,626.6,Active
28226,9115,2000,960.76,Active
28227,9115,30000,21230.15,Closed
28228,9115,10000,1174.84,Active
28229,9116,5000,3852.92,Active
28230,9117,20000,4546.78,Active
28231,9117,30000,13580.66,Active
28232,9118,20000,4243.86,Active
28233,9118,15000,12206.61,Closed
28234,9118,5000,4528.57,Active
28235,9119,15000,13840.28,Active
28236,9119,15000,10119.16,Closed
28237,9120,15000,2069.58,Active
28238,9121,2000,1662.39,Closed
28239,9121,30000,18636.41,Active
28240,9121,15000,13847.47,Active
28241,9122,30000,15353.23,Active
28242,9122,20000,15129.14,Closed
28243,9122,30000,1712.41,Closed
28244,9123,20000,11579.53,Active
28245,9123,5000,657.82,Active
28246,9123,15000,6986.28,Active
28247,9124,30000,9693.12,Active
28248,9124,30000,27133.37,Active
28249,9125,20000,18835.38,Closed
28250,9126,2000,132.49,Active
28251,9127,30000,4039.0,Closed
28252,9128,5000,539.35,Active
28253,9129,15000,4208.96,Active
28254,9130,20000,16177.81,Active
28255,9130,30000,12831.35,Active
28256,9130,10000,8617.95,Active
28257,9131,30000,9561.43,Closed
28258,9131,5000,1521.03,Closed
28259,9131,20000,3518.61,Active
28260,9132,15000,1981.96,Active
28261,9132,20000,13822.02,Closed
28262,9133,5000,2806.93,Closed
28263,9133,10000,1250.17,Closed
28264,9134,5000,1001.58,Active
28265,9134,5000,703.57,Active
28266,9135,5000,3914.75,Closed
28267,9136,30000,22086.61,Closed
28268,9137,20000,15299.86,Active
28269,9138,10000,630.41,Active
28270,9139,5000,1850.42,Active
28271,9139,5000,2796.46,Active
28272,9139,20000,1727.76,Active
28273,9140,30000,7971.0,Closed
28274,9140,10000,7788.63,Active
28275,9141,5000,3671.08,Active
28276,9142,20000,8348.44,Active
28277,9142,2000,1825.8,Closed
28278,9142,15000,10138.36,Active
28279,9143,5000,4118.48,Active
28280,9144,30000,21175.36,Active
28281,9144,20000,306.89,Active
28282,9145,5000,1467.97,Closed
28283,9146,10000,8686.86,Active
28284,9146,30000,2381.81,Active
28285,9147,20000,16966.35,Active
28286,9148,30000,3807.65,Closed
28287,9149,2000,1564.83,Active
28288,9149,2000,331.42,Active
28289,9150,10000,6195.22,Active
28290,9150,30000,11043.65,Active
28291,9150,20000,16507.13,Active
28292,9151,30000,1487.51,Active
28293,9152,15000,13236.39,Active
28294,9152,30000,24994.36,Active
28295,9153,15000,7964.92,Active
28296,9153,15000,8947.59,Active
28297,9154,10000,3757.4,Active
28298,9154,2000,1278.05,Closed
28299,9155,15000,1976.55,Closed
28300,9155,15000,2563.06,Active
28301,9156,15000,7686.98,Closed
28302,9157,5000,2286.67,Active
28303,9157,30000,5655.95,Closed
28304,9158,20000,11308.73,Closed
28305,9158,30000,1576.58,Closed
28306,9159,30000,8537.37,Active
28307,9160,20000,17144.16,Active
28308,9161,20000,11656.5,Active
28309,9161,2000,755.07,Active
28310,9161,5000,3423.02,Active
28311,9162,30000,8590.5,Active
28312,9163,15000,5787.98,Active
28313,9163,15000,3194.93,Active
28314,9164,15000,6418.99,Closed
28315,9165,5000,2951.09,Active
28316,9165,10000,2307.01,Active
28317,9166,15000,1688.07,Active
28318,9167,30000,12392.71,Active
28319,9167,30000,9470.37,Active
28320,9168,2000,1707.81,Active
28321,9169,2000,1186.32,Closed
28322,9170,15000,3868.29,Closed
28323,9171,15000,1450.46,Closed
28324,9172,5000,4027.34,Active
28325,9172,20000,4647.99,Active
28326,9173,2000,701.53,Closed
28327,9173,30000,4488.66,Closed
28328,9174,5000,1195.94,Closed
28329,9174,10000,1417.11,Active
28330,9175,20000,1822.46,Active
28331,9175,20000,16920.35,Closed
28332,9175,10000,4071.57,Active
28333,9176,20000,10121.52,Closed
28334,9177,10000,3597.32,Active
28335,9177,15000,421.65,Active
28336,9177,5000,3054.01,Active
28337,9178,20000,18222.86,Closed
28338,9178,20000,15735.85,Active
28339,9178,2000,1318.56,Closed
28340,9179,15000,10903.0,Active
28341,9180,20000,10465.03,Active
28342,9181,30000,15085.21,Active
28343,9181,2000,592.82,Active
28344,9181,30000,27519.74,Active
28345,9182,2000,22.01,Active
28346,9183,30000,24169.8,Active
28347,9183,10000,1536.19,Closed
28348,9183,20000,13205.19,Active
28349,9184,15000,7742.88,Active
28350,9184,5000,1241.98,Closed
28351,9184,30000,13.52,Closed
28352,9185,20000,14222.47,Active
28353,9185,15000,1007.59,Active
28354,9185,5000,559.52,Active
28355,9186,15000,13192.67,Active
28356,9187,30000,5237.73,Closed
28357,9187,15000,8712.35,Closed
28358,9188,5000,760.99,Active
28359,9188,5000,4369.73,Active
28360,9189,10000,3797.64,Active
28361,9189,15000,8092.78,Active
28362,9190,20000,13812.5,Closed
28363,9190,2000,1292.88,Active
28364,9191,2000,559.64,Active
28365,9191,30000,19980.8,Active
28366,9192,5000,1834.23,Active
28367,9192,10000,3181.64,Active
28368,9193,30000,18287.41,Active
28369,9193,2000,1737.44,Active
28370,9193,5000,449.8,Active
28371,9194,15000,11440.34,Active
28372,9194,10000,7845.28,Active
28373,9194,10000,3735.16,Active
28374,9195,2000,1756.25,Active
28375,9196,2000,886.07,Closed
28376,9196,20000,12963.05,Active
28377,9197,15000,12501.81,Active
28378,9198,2000,1217.52,Closed
28379,9198,10000,316.57,Active
28380,9198,10000,5236.56,Active
28381,9199,10000,978.79,Active
28382,9199,20000,16660.15,Closed
28383,9200,20000,4969.84,Active
28384,9201,20000,10340.99,Active
28385,9201,15000,13401.7,Closed
28386,9201,10000,7704.58,Closed
28387,9202,30000,7689.61,Active
28388,9203,10000,7564.84,Active
28389,9204,10000,6642.44,Active
28390,9204,20000,2062.35,Active
28391,9205,15000,5011.63,Active
28392,9206,10000,3487.74,Active
28393,9207,20000,10129.47,Closed
28394,9208,15000,8422.33,Closed
28395,9209,15000,10916.17,Closed
28396,9209,20000,16845.35,Active
28397,9209,20000,11937.38,Active
28398,9210,30000,22763.39,Closed
28399,9210,20000,608.61,Active
28400,9211,15000,9441.15,Closed
28401,9211,10000,7999.51,Active
28402,9212,2000,615.12,Active
28403,9213,5000,2010.2,Closed
28404,9213,5000,493.68,Closed
28405,9214,15000,2102.55,Active
28406,9215,20000,5236.59,Active
28407,9215,15000,8942.86,Active
28408,9215,15000,1926.07,Active
28409,9216,30000,13862.43,Closed
28410,9216,10000,639.67,Active
28411,9217,20000,16323.95,Active
28412,9217,30000,6341.44,Active
28413,9217,20000,10755.77,Closed
28414,9218,2000,592.61,Active
28415,9219,2000,692.48,Closed
28416,9219,15000,9380.96,Active
28417,9220,10000,8806.88,Active
28418,9220,10000,5915.93,Closed
28419,9220,2000,500.5,Closed
28420,9221,10000,800.17,Active
28421,9221,2000,1575.87,Active
28422,9222,10000,7813.54,Active
28423,9222,5000,4577.12,Active
28424,9223,5000,4002.69,Active
28425,9223,15000,5781.12,Closed
28426,9223,5000,3304.86,Active
28427,9224,15000,2573.06,Closed
28428,9224,10000,3204.37,Active
28429,9225,30000,12412.04,Closed
28430,9226,2000,890.52,Active
28431,9226,20000,10732.96,Active
28432,9226,10000,6104.95,Active
28433,9227,30000,27087.22,Active
28434,9227,20000,15221.68,Active
28435,9228,10000,8153.49,Active
28436,9228,2000,1344.51,Closed
28437,9229,20000,9208.57,Active
28438,9229,30000,129.03,Active
28439,9229,20000,7929.76,Active
28440,9230,10000,6995.39,Active
28441,9231,15000,12213.56,Active
28442,9232,15000,5816.02,Active
28443,9232,15000,1213.54,Active
28444,9232,30000,22602.72,Active
28445,9233,5000,583.06,Closed
28446,9233,20000,8658.92,Active
28447,9234,10000,441.99,Closed
28448,9234,30000,7192.2,Active
28449,9235,20000,2882.65,Active
28450,9235,10000,2051.2,Active
28451,9236,15000,6916.11,Active
28452,9237,15000,4218.48,Active
28453,9237,30000,13720.21,Active
28454,9238,15000,7761.15,Closed
28455,9239,10000,1316.39,Active
28456,9240,2000,518.33,Closed
28457,9240,10000,7910.03,Active
28458,9240,20000,152.89,Active
28459,9241,2000,812.48,Active
28460,9242,2000,710.23,Active
28461,9242,20000,15043.87,Closed
28462,9243,5000,3333.36,Active
28463,9243,15000,9192.74,Active
28464,9244,20000,12078.08,Active
28465,9245,20000,9718.88,Active
28466,9245,5000,658.14,Active
28467,9246,15000,1241.48,Active
28468,9246,20000,3548.94,Active
28469,9246,20000,5090.44,Active
28470,9247,10000,5402.49,Closed
28471,9248,10000,9372.13,Active
28472,9248,5000,1823.98,Active
28473,9249,20000,10467.55,Active
28474,9249,10000,2602.09,Active
28475,9250,20000,7792.81,Active
28476,9250,5000,2391.55,Active
28477,9250,5000,3278.96,Active
28478,9251,30000,2824.37,Closed
28479,9251,30000,14241.01,Closed
28480,9251,30000,8012.57,Active
28481,9252,20000,14073.92,Active
28482,9252,5000,1691.51,Closed
28483,9252,5000,2462.7,Active
28484,9253,5000,859.59,Active
28485,9253,15000,13282.4,Closed
28486,9253,15000,6498.57,Active
28487,9254,20000,15465.21,Active
28488,9255,20000,5950.64,Active
28489,9255,15000,11838.57,Active
28490,9255,30000,3988.65,Closed
28491,9256,2000,1277.06,Active
28492,9256,15000,11176.38,Closed
28493,9256,30000,6966.5,Active
28494,9257,10000,7730.46,Closed
28495,9258,5000,345.48,Active
28496,9259,5000,3039.35,Closed
28497,9259,30000,12724.36,Active
28498,9259,30000,16813.01,Active
28499,9260,30000,16442.28,Active
28500,9260,20000,18204.23,Closed
28501,9260,30000,19193.34,Active
28502,9261,20000,6291.56,Active
28503,9262,2000,344.16,Active
28504,9263,10000,5993.22,Active
28505,9264,30000,20005.44,Active
28506,9265,15000,995.22,Active
28507,9265,20000,2932.63,Active
28508,9265,20000,13686.84,Active
28509,9266,5000,1541.6,Closed
28510,9266,5000,57.09,Active
28511,9266,15000,4551.08,Active
28512,9267,5000,2468.54,Active
28513,9267,15000,9941.81,Active
28514,9268,15000,2768.36,Active
28515,9268,10000,2737.71,Active
28516,9269,10000,2149.45,Active
28517,9269,15000,4662.61,Active
28518,9269,10000,2477.86,Active
28519,9270,20000,18441.85,Active
28520,9270,30000,4493.03,Closed
28521,9270,30000,13464.96,Closed
28522,9271,5000,2747.01,Active
28523,9272,30000,8069.97,Closed
28524,9272,15000,1526.63,Active
28525,9272,10000,3960.74,Closed
28526,9273,5000,2149.71,Active
28527,9274,30000,12654.03,Closed
28528,9275,30000,7184.97,Active
28529,9275,2000,189.11,Active
28530,9276,30000,24867.22,Closed
28531,9276,15000,8348.15,Active
28532,9277,10000,5432.49,Active
28533,9278,2000,276.94,Active
28534,9278,20000,18842.06,Closed
28535,9279,10000,6656.11,Active
28536,9279,30000,9892.32,Active
28537,9280,30000,8488.48,Closed
28538,9281,20000,1125.28,Active
28539,9282,10000,6001.74,Active
28540,9282,15000,1471.28,Active
28541,9282,30000,25238.89,Active
28542,9283,2000,1124.37,Active
28543,9283,2000,1382.57,Active
28544,9284,15000,9857.54,Closed
28545,9285,5000,764.42,Active
28546,9285,15000,7216.58,Closed
28547,9286,15000,6325.44,Active
28548,9286,20000,1334.81,Active
28549,9287,30000,17850.35,Closed
28550,9288,30000,19065.47,Closed
28551,9289,10000,1191.34,Closed
28552,9289,5000,4404.33,Closed
28553,9289,2000,1039.52,Active
28554,9290,10000,3236.51,Closed
28555,9291,15000,2310.55,Active
28556,9291,20000,9356.46,Active
28557,9292,30000,14369.02,Active
28558,9292,30000,3260.84,Active
28559,9292,15000,5415.56,Active
28560,9293,2000,299.84,Closed
28561,9293,2000,1488.11,Active
28562,9293,15000,992.97,Closed
28563,9294,30000,13790.71,Closed
28564,9294,10000,690.14,Active
28565,9295,15000,740.27,Active
28566,9295,5000,2783.61,Active
28567,9296,5000,3656.16,Active
28568,9296,20000,560.92,Active
28569,9297,15000,8563.31,Active
28570,9297,2000,403.72,Active
28571,9297,15000,2150.03,Active
28572,9298,15000,6982.95,Active
28573,9298,20000,13800.14,Closed
28574,9298,15000,6880.11,Active
28575,9299,15000,5334.82,Closed
28576,9299,15000,14112.64,Active
28577,9299,5000,4145.15,Active
28578,9300,10000,5897.85,Active
28579,9300,10000,2201.33,Active
28580,9301,15000,9606.05,Active
28581,9301,10000,8452.2,Active
28582,9301,20000,17559.0,Active
28583,9302,15000,10853.12,Active
28584,9303,10000,4079.5,Closed
28585,9304,10000,719.53,Active
28586,9305,2000,457.59,Active
28587,9305,10000,6859.28,Active
28588,9306,15000,555.66,Active
28589,9307,10000,3271.03,Closed
28590,9307,30000,11259.57,Active
28591,9308,10000,169.28,Active
28592,9308,20000,18323.75,Closed
28593,9308,10000,9380.89,Active
28594,9309,20000,17399.1,Closed
28595,9309,15000,5256.69,Active
28596,9309,15000,8601.06,Active
28597,9310,30000,25198.56,Active
28598,9310,2000,1832.41,Active
28599,9311,30000,10698.49,Active
28600,9311,20000,5978.61,Closed
28601,9312,5000,2254.01,Active
28602,9313,5000,1516.06,Closed
28603,9313,2000,1884.23,Closed
28604,9313,2000,790.99,Active
28605,9314,2000,888.74,Active
28606,9314,30000,28408.62,Closed
28607,9314,2000,412.2,Active
28608,9315,5000,2617.54,Active
28609,9315,15000,8269.4,Active
28610,9316,5000,3814.37,Active
28611,9316,10000,3261.12,Active
28612,9317,30000,23124.93,Closed
28613,9317,5000,1322.04,Closed
28614,9317,10000,7217.49,Closed
28615,9318,30000,16605.18,Active
28616,9318,30000,961.15,Active
28617,9318,20000,2815.05,Active
28618,9319,15000,8697.67,Active
28619,9320,30000,16321.79,Closed
28620,9320,20000,7798.33,Active
28621,9321,15000,5949.04,Active
28622,9322,15000,4921.6,Closed
28623,9323,2000,154.98,Active
28624,9323,5000,1538.85,Active
28625,9324,2000,1522.89,Active
28626,9324,30000,27305.1,Active
28627,9324,15000,5698.37,Active
28628,9325,15000,12095.08,Closed
28629,9325,15000,9382.66,Active
28630,9326,2000,356.82,Closed
28631,9326,2000,76.29,Active
28632,9326,30000,20531.65,Active
28633,9327,2000,1742.47,Closed
28634,9327,5000,3423.27,Active
28635,9327,15000,7547.03,Active
28636,9328,20000,13334.89,Active
28637,9328,2000,1146.28,Closed
28638,9329,20000,8605.24,Active
28639,9329,20000,1891.32,Closed
28640,9329,5000,3181.69,Active
28641,9330,10000,867.66,Active
28642,9330,2000,512.62,Closed
28643,9331,2000,620.6,Active
28644,9332,30000,908.97,Active
28645,9332,10000,4831.68,Active
28646,9333,2000,1709.52,Active
28647,9333,2000,1254.52,Active
28648,9334,30000,10397.25,Active
28649,9334,30000,15491.69,Active
28650,9335,30000,9257.83,Active
28651,9336,20000,14552.86,Active
28652,9336,5000,622.63,Active
28653,9336,30000,7546.49,Active
28654,9337,5000,1223.99,Active
28655,9337,30000,22054.74,Active
28656,9337,30000,22313.43,Active
28657,9338,10000,1891.47,Active
28658,9338,5000,1572.48,Active
28659,9338,5000,3288.81,Active
28660,9339,30000,2080.58,Active
28661,9339,5000,4664.3,Closed
28662,9340,20000,278.65,Active
28663,9340,30000,19201.48,Closed
28664,9340,30000,7513.88,Closed
28665,9341,5000,56.8,Active
28666,9341,2000,1593.5,Closed
28667,9341,30000,20553.14,Active
28668,9342,20000,9272.36,Closed
28669,9342,15000,7519.15,Active
28670,9342,5000,4689.08,Active
28671,9343,30000,18543.19,Active
28672,9343,10000,6442.72,Closed
28673,9344,10000,2081.49,Active
28674,9344,2000,1289.84,Active
28675,9344,5000,939.5,Closed
28676,9345,5000,1860.56,Closed
28677,9346,10000,228.44,Active
28678,9346,10000,571.49,Active
28679,9346,30000,26486.36,Active
28680,9347,15000,3367.45,Closed
28681,9348,10000,9314.45,Active
28682,9348,30000,26205.95,Active
28683,9348,15000,11576.13,Active
28684,9349,5000,60.92,Active
28685,9349,30000,18530.66,Closed
28686,9350,5000,2092.33,Active
28687,9351,5000,1906.91,Active
28688,9352,5000,3023.97,Closed
28689,9352,2000,247.11,Active
28690,9353,2000,30.89,Closed
28691,9353,10000,772.33,Active
28692,9353,2000,1479.97,Active
28693,9354,30000,24183.04,Active
28694,9354,2000,1092.05,Closed
28695,9354,10000,3970.92,Active
28696,9355,15000,3913.43,Active
28697,9355,20000,18475.84,Active
28698,9355,15000,912.76,Active
28699,9356,5000,4240.34,Active
28700,9357,10000,2832.73,Active
28701,9357,2000,402.83,Active
28702,9357,30000,5810.96,Active
28703,9358,5000,4172.09,Active
28704,9359,2000,1228.38,Active
28705,9360,5000,2951.16,Closed
28706,9360,2000,360.78,Active
28707,9360,20000,3776.4,Active
28708,9361,10000,8272.8,Closed
28709,9361,30000,5204.6,Active
28710,9361,2000,1462.6,Active
28711,9362,2000,37.72,Active
28712,9363,10000,3731.97,Active
28713,9363,2000,971.74,Closed
28714,9364,15000,10065.09,Active
28715,9365,2000,504.78,Closed
28716,9365,10000,2865.88,Closed
28717,9365,5000,33.22,Active
28718,9366,20000,7975.09,Closed
28719,9366,15000,3366.42,Active
28720,9367,20000,18777.96,Closed
28721,9367,15000,10893.18,Active
28722,9367,10000,1303.17,Active
28723,9368,15000,12881.55,Closed
28724,9368,10000,5218.74,Active
28725,9368,5000,4506.09,Active
28726,9369,5000,4146.79,Active
28727,9369,15000,5164.62,Closed
28728,9370,10000,594.86,Active
28729,9370,5000,332.17,Active
28730,9370,2000,193.13,Closed
28731,9371,20000,5865.45,Active
28732,9371,5000,3374.02,Active
28733,9371,30000,26218.58,Active
28734,9372,20000,4856.24,Active
28735,9372,20000,16838.07,Active
28736,9372,20000,13261.52,Active
28737,9373,30000,6319.67,Active
28738,9373,5000,3128.96,Active
28739,9374,2000,288.75,Active
28740,9375,10000,6095.69,Closed
28741,9376,20000,16899.78,Active
28742,9376,30000,2649.26,Active
28743,9377,20000,16272.05,Active
28744,9377,20000,17444.79,Active
28745,9378,5000,4423.81,Closed
28746,9379,5000,2914.38,Active
28747,9380,30000,15619.83,Active
28748,9380,5000,3751.31,Active
28749,9380,20000,5036.24,Active
28750,9381,2000,782.47,Active
28751,9381,15000,7863.09,Active
28752,9381,10000,5964.34,Active
28753,9382,30000,27677.91,Active
28754,9382,5000,1284.04,Active
28755,9382,15000,10981.26,Closed
28756,9383,10000,3909.72,Active
28757,9383,30000,13994.73,Closed
28758,9384,5000,1605.55,Active
28759,9385,15000,1882.38,Active
28760,9386,20000,5634.22,Active
28761,9386,15000,611.19,Active
28762,9386,20000,11376.77,Active
28763,9387,2000,854.58,Active
28764,9387,5000,1906.88,Closed
28765,9388,20000,5452.33,Active
28766,9388,15000,10456.6,Active
28767,9388,15000,10309.08,Closed
28768,9389,2000,1156.53,Active
28769,9389,30000,4471.02,Active
28770,9390,30000,14456.7,Active
28771,9391,30000,27800.41,Closed
28772,9392,2000,49.15,Active
28773,9393,2000,1692.61,Active
28774,9393,5000,688.44,Active
28775,9393,30000,21494.2,Closed
28776,9394,20000,15321.93,Active
28777,9394,2000,1469.69,Active
28778,9394,10000,4988.39,Active
28779,9395,30000,26754.5,Active
28780,9395,10000,700.18,Active
28781,9396,10000,9455.37,Active
28782,9397,20000,7812.24,Active
28783,9398,20000,1564.48,Active
28784,9398,30000,3415.26,Active
28785,9399,20000,5944.41,Active
28786,9399,30000,2207.34,Closed
28787,9399,15000,6318.19,Active
28788,9400,30000,16545.76,Closed
28789,9401,15000,10251.74,Closed
28790,9401,30000,10569.6,Active
28791,9402,20000,7548.22,Closed
28792,9402,20000,8974.33,Active
28793,9402,10000,5602.6,Closed
28794,9403,2000,1463.07,Closed
28795,9404,5000,1340.64,Active
28796,9404,20000,13904.69,Active
28797,9404,15000,2835.99,Closed
28798,9405,20000,15931.7,Active
28799,9405,15000,2176.79,Closed
28800,9405,15000,10279.27,Active
28801,9406,30000,14788.52,Active
28802,9406,15000,935.2,Active
28803,9407,10000,450.19,Closed
28804,9407,5000,218.16,Active
28805,9408,20000,2938.14,Active
28806,9408,15000,4381.23,Active
28807,9408,30000,17589.09,Active
28808,9409,10000,846.46,Active
28809,9409,5000,1328.57,Active
28810,9409,30000,3676.45,Active
28811,9410,30000,19469.27,Active
28812,9410,5000,388.62,Active
28813,9411,5000,1627.61,Active
28814,9411,10000,6991.27,Active
28815,9411,10000,2081.56,Active
28816,9412,5000,1640.23,Active
28817,9412,20000,17586.3,Closed
28818,9412,30000,17218.3,Active
28819,9413,10000,657.33,Active
28820,9414,30000,22113.22,Active
28821,9414,20000,5764.51,Active
28822,9415,20000,3566.89,Active
28823,9415,5000,2456.48,Active
28824,9415,5000,2101.98,Closed
28825,9416,15000,6874.0,Active
28826,9417,20000,15813.43,Closed
28827,9417,10000,1356.63,Closed
28828,9418,2000,936.11,Active
28829,9418,5000,3708.84,Active
28830,9418,10000,1645.56,Active
28831,9419,2000,1879.94,Closed
28832,9419,20000,18368.41,Active
28833,9420,30000,2273.57,Active
28834,9420,15000,846.13,Active
28835,9420,5000,1367.17,Closed
28836,9421,20000,456.67,Active
28837,9422,2000,914.65,Active
28838,9422,20000,12771.83,Active
28839,9423,5000,2112.72,Active
28840,9424,20000,5150.23,Active
28841,9424,10000,1615.46,Active
28842,9424,20000,15494.2,Closed
28843,9425,15000,14027.47,Closed
28844,9426,5000,1638.86,Closed
28845,9426,30000,24097.84,Active
28846,9426,15000,3430.76,Closed
28847,9427,30000,10997.31,Active
28848,9427,30000,507.72,Active
28849,9428,20000,7355.8,Closed
28850,9428,5000,2459.63,Active
28851,9429,30000,18802.22,Closed
28852,9429,10000,5744.86,Active
28853,9430,15000,13744.03,Active
28854,9430,30000,5748.04,Closed
28855,9430,5000,1666.02,Active
28856,9431,2000,441.63,Active
28857,9432,30000,4029.14,Closed
28858,9433,2000,829.9,Active
28859,9433,10000,2940.93,Active
28860,9433,20000,14165.58,Active
28861,9434,20000,9004.07,Active
28862,9434,2000,454.21,Active
28863,9435,15000,8377.3,Active
28864,9436,2000,1848.31,Active
28865,9436,30000,42.18,Closed
28866,9437,15000,746.03,Closed
28867,9437,10000,2684.53,Active
28868,9438,5000,3608.34,Active
28869,9438,15000,6271.61,Active
28870,9438,10000,9141.43,Closed
28871,9439,30000,4375.05,Active
28872,9439,2000,654.05,Active
28873,9439,20000,7869.62,Active
28874,9440,10000,363.79,Active
28875,9440,2000,842.11,Active
28876,9441,10000,9132.3,Active
28877,9441,20000,17681.67,Active
28878,9442,20000,12327.19,Active
28879,9442,30000,10015.12,Active
28880,9443,5000,2184.15,Active
28881,9443,20000,14549.77,Closed
28882,9444,15000,6822.47,Active
28883,9445,5000,2537.9,Active
28884,9445,2000,19.6,Active
28885,9446,2000,598.69,Active
28886,9447,15000,11144.98,Active
28887,9448,2000,1275.17,Closed
28888,9448,20000,8882.88,Closed
28889,9449,2000,914.3,Active
28890,9449,5000,2642.74,Active
28891,9449,2000,1140.35,Active
28892,9450,20000,2044.33,Active
28893,9451,30000,14980.41,Active
28894,9451,2000,1303.89,Active
28895,9451,2000,1090.53,Active
28896,9452,20000,3665.65,Active
28897,9452,30000,10971.6,Active
28898,9453,20000,212.21,Closed
28899,9453,30000,3219.8,Closed
28900,9454,5000,4256.18,Active
28901,9455,30000,24149.94,Active
28902,9456,5000,1776.52,Closed
28903,9457,10000,6451.76,Active
28904,9457,15000,9860.94,Active
28905,9458,5000,3583.66,Active
28906,9458,2000,1236.3,Closed
28907,9458,5000,219.94,Closed
28908,9459,15000,7072.29,Closed
28909,9459,30000,21964.61,Closed
28910,9460,20000,8959.52,Active
28911,9460,2000,973.53,Active
28912,9460,20000,4007.23,Closed
28913,9461,2000,1740.79,Closed
28914,9462,15000,3031.32,Active
28915,9462,15000,7240.78,Closed
28916,9462,10000,4173.65,Active
28917,9463,15000,12182.61,Active
28918,9463,15000,10677.37,Closed
28919,9464,2000,4.58,Active
28920,9464,30000,25120.44,Active
28921,9465,5000,4156.29,Active
28922,9465,2000,671.73,Active
28923,9466,10000,9158.52,Active
28924,9467,10000,6589.31,Active
28925,9468,30000,5421.64,Active
28926,9468,30000,25418.68,Active
28927,9469,10000,3119.49,Active
28928,9470,2000,1896.02,Closed
28929,9470,20000,5730.72,Closed
28930,9471,2000,186.28,Active
28931,9471,5000,3700.37,Closed
28932,9472,20000,9718.41,Active
28933,9472,30000,10955.43,Active
28934,9472,30000,19010.2,Active
28935,9473,10000,1419.71,Closed
28936,9473,20000,3612.75,Closed
28937,9473,2000,494.5,Active
28938,9474,20000,17725.76,Active
28939,9474,10000,7039.77,Active
28940,9475,20000,17681.82,Active
28941,9476,20000,10915.61,Active
28942,9476,30000,21259.74,Active
28943,9476,5000,3397.2,Active
28944,9477,10000,4714.93,Active
28945,9477,5000,1481.89,Active
28946,9478,20000,6743.32,Active
28947,9478,5000,4468.57,Closed
28948,9479,10000,1352.61,Active
28949,9479,30000,20695.17,Active
28950,9479,2000,1850.69,Closed
28951,9480,20000,7254.69,Active
28952,9481,2000,1298.44,Active
28953,9482,15000,3192.76,Active
28954,9482,2000,384.33,Active
28955,9482,15000,324.51,Active
28956,9483,2000,1510.43,Active
28957,9483,5000,1326.33,Active
28958,9484,5000,4182.58,Active
28959,9485,20000,10602.03,Active
28960,9485,15000,2977.77,Active
28961,9485,20000,9277.94,Active
28962,9486,15000,106.67,Active
28963,9486,10000,422.19,Closed
28964,9486,5000,3614.31,Active
28965,9487,20000,2079.65,Active
28966,9487,10000,2068.39,Active
28967,9487,20000,15253.05,Closed
28968,9488,2000,883.34,Active
28969,9488,2000,895.36,Active
28970,9488,15000,10007.38,Active
28971,9489,5000,1847.1,Active
28972,9489,2000,655.67,Active
28973,9490,15000,13920.81,Closed
28974,9490,10000,6817.11,Active
28975,9491,20000,5715.92,Closed
28976,9492,20000,16184.06,Active
28977,9492,5000,2728.64,Active
28978,9492,10000,476.8,Active
28979,9493,5000,1624.88,Active
28980,9494,15000,7274.75,Active
28981,9494,15000,2836.61,Active
28982,9494,5000,105.56,Active
28983,9495,5000,2150.47,Active
28984,9496,10000,2864.08,Active
28985,9496,30000,6634.4,Active
28986,9496,2000,1524.5,Active
28987,9497,10000,9237.49,Closed
28988,9497,20000,13951.15,Active
28989,9498,15000,13320.78,Active
28990,9498,5000,2372.58,Closed
28991,9498,10000,4804.81,Active
28992,9499,2000,248.18,Active
28993,9500,10000,3806.67,Active
28994,9500,20000,16971.34,Active
28995,9500,5000,4591.7,Active
28996,9501,15000,13312.0,Active
28997,9502,5000,3251.01,Active
28998,9502,2000,1139.39,Active
28999,9503,15000,8577.7,Closed
29000,9503,20000,5960.34,Active
29001,9504,30000,19978.45,Active
29002,9504,15000,2614.12,Active
29003,9505,2000,1780.67,Closed
29004,9506,20000,1475.83,Active
29005,9506,20000,12254.6,Active
29006,9507,5000,946.28,Active
29007,9507,15000,12552.98,Active
29008,9507,30000,7994.97,Active
29009,9508,30000,21448.43,Active
29010,9508,15000,6172.66,Active
29011,9509,20000,7223.06,Active
29012,9509,5000,2244.73,Active
29013,9510,30000,2720.98,Active
29014,9511,20000,16389.91,Active
29015,9511,2000,979.27,Closed
29016,9511,2000,208.86,Active
29017,9512,10000,6502.58,Active
29018,9512,10000,669.94,Closed
29019,9512,2000,408.81,Active
29020,9513,10000,281.12,Active
29021,9514,15000,7422.53,Active
29022,9514,2000,603.71,Active
29023,9514,5000,4630.45,Closed
29024,9515,10000,2299.5,Active
29025,9515,20000,13564.92,Active
29026,9515,20000,1923.29,Closed
29027,9516,10000,2992.64,Active
29028,9516,20000,452.2,Active
29029,9517,20000,12758.54,Active
29030,9518,15000,8740.52,Closed
29031,9518,2000,853.51,Active
29032,9518,2000,1597.6,Active
29033,9519,30000,28355.27,Active
29034,9520,5000,238.46,Closed
29035,9521,5000,3790.64,Active
29036,9521,10000,2039.29,Active
29037,9521,10000,7500.59,Active
29038,9522,10000,5442.95,Active
29039,9523,10000,8225.21,Active
29040,9523,5000,1791.76,Active
29041,9524,5000,2612.34,Active
29042,9525,20000,7844.51,Active
29043,9526,2000,1276.74,Active
29044,9526,10000,625.31,Active
29045,9527,30000,16722.44,Closed
29046,9527,5000,2892.56,Active
29047,9527,30000,28329.55,Active
29048,9528,20000,9465.89,Closed
29049,9528,2000,902.38,Active
29050,9528,10000,3208.81,Active
29051,9529,10000,3413.5,Active
29052,9530,10000,1455.53,Active
29053,9530,15000,8117.92,Active
29054,9531,10000,7208.23,Active
29055,9531,20000,14919.73,Active
29056,9531,2000,1259.51,Active
29057,9532,10000,2509.99,Active
29058,9532,15000,4591.18,Closed
29059,9533,30000,23693.31,Active
29060,9533,10000,532.62,Closed
29061,9533,15000,5745.27,Active
29062,9534,15000,12437.68,Active
29063,9534,15000,3839.22,Active
29064,9534,2000,789.54,Active
29065,9535,2000,1735.62,Active
29066,9536,10000,4103.54,Closed
29067,9536,15000,12259.66,Active
29068,9537,2000,1869.76,Closed
29069,9538,10000,5884.36,Active
29070,9539,10000,6975.07,Active
29071,9539,10000,8579.23,Active
29072,9539,15000,6191.11,Active
29073,9540,15000,7522.75,Active
29074,9540,10000,7533.9,Active
29075,9541,20000,11112.76,Closed
29076,9541,10000,8953.46,Active
29077,9541,10000,1266.87,Active
29078,9542,30000,8429.47,Active
29079,9542,2000,306.79,Active
29080,9543,30000,6084.77,Closed
29081,9543,2000,21.02,Active
29082,9544,5000,4427.71,Active
29083,9544,5000,622.49,Active
29084,9545,5000,3028.89,Active
29085,9545,10000,7148.75,Closed
29086,9546,5000,3413.06,Active
29087,9546,5000,2427.43,Active
29088,9546,2000,1667.0,Active
29089,9547,20000,5772.13,Closed
29090,9547,2000,1152.62,Active
29091,9547,30000,9415.5,Active
29092,9548,2000,1242.91,Active
29093,9548,5000,4656.23,Active
29094,9548,20000,3707.49,Closed
29095,9549,2000,1724.01,Active
29096,9549,30000,13487.7,Active
29097,9549,30000,12844.4,Active
29098,9550,10000,7956.34,Closed
29099,9551,15000,9742.02,Active
29100,9551,20000,16098.36,Active
29101,9552,5000,1924.07,Active
29102,9552,2000,1344.54,Active
29103,9552,20000,1075.95,Active
29104,9553,5000,2487.64,Active
29105,9553,5000,1889.84,Active
29106,9553,2000,1390.87,Active
29107,9554,10000,3538.59,Active
29108,9554,30000,11458.12,Active
29109,9555,5000,2892.89,Active
29110,9556,20000,16960.68,Active
29111,9556,20000,16642.98,Active
29112,9556,20000,18421.87,Active
29113,9557,15000,9941.87,Active
29114,9557,20000,16024.23,Active
29115,9558,15000,9210.82,Active
29116,9558,15000,8417.81,Closed
29117,9559,20000,6261.03,Closed
29118,9559,15000,6225.11,Active
29119,9560,30000,12838.71,Active
29120,9561,10000,2950.67,Active
29121,9561,15000,5129.36,Active
29122,9561,5000,4500.66,Closed
29123,9562,20000,10030.42,Active
29124,9562,20000,1418.86,Active
29125,9563,2000,960.91,Active
29126,9563,2000,1825.04,Active
29127,9563,10000,4769.17,Active
29128,9564,15000,13229.9,Active
29129,9564,5000,1855.01,Active
29130,9565,2000,1326.1,Active
29131,9565,30000,26451.99,Active
29132,9566,2000,78.87,Closed
29133,9567,10000,1359.47,Active
29134,9567,2000,1847.1,Active
29135,9567,10000,4102.11,Active
29136,9568,5000,319.25,Active
29137,9568,20000,1066.9,Active
29138,9569,10000,942.28,Active
29139,9569,15000,2643.44,Active
29140,9570,5000,926.64,Active
29141,9570,30000,27326.6,Active
29142,9571,10000,1151.76,Active
29143,9571,30000,17289.01,Active
29144,9571,30000,23022.16,Active
29145,9572,15000,10257.53,Closed
29146,9573,10000,5253.55,Active
29147,9574,30000,2404.9,Closed
29148,9574,30000,8435.4,Active
29149,9575,5000,570.5,Active
29150,9576,5000,4641.24,Active
29151,9576,5000,2959.75,Active
29152,9576,15000,374.04,Active
29153,9577,20000,8406.97,Active
29154,9578,20000,1775.61,Active
29155,9578,10000,2174.37,Closed
29156,9578,5000,3032.77,Closed
29157,9579,10000,4945.01,Active
29158,9579,20000,8827.36,Active
29159,9579,15000,10328.47,Active
29160,9580,20000,9102.47,Active
29161,9581,20000,4809.86,Closed
29162,9582,10000,1180.41,Active
29163,9582,15000,937.31,Active
29164,9582,30000,15386.41,Closed
29165,9583,5000,2139.99,Active
29166,9583,5000,3123.22,Active
29167,9583,30000,1512.69,Active
29168,9584,2000,78.85,Active
29169,9584,2000,1710.4,Active
29170,9585,2000,570.06,Active
29171,9585,30000,25512.71,Closed
29172,9586,15000,4264.32,Active
29173,9587,5000,560.59,Closed
29174,9587,30000,106.68,Active
29175,9588,5000,2684.23,Closed
29176,9588,2000,1194.04,Closed
29177,9589,5000,4588.18,Closed
29178,9589,5000,2749.62,Active
29179,9589,2000,1578.15,Closed
29180,9590,2000,1105.46,Closed
29181,9590,15000,6984.7,Active
29182,9591,30000,11468.61,Active
29183,9592,10000,5207.45,Active
29184,9592,30000,22833.56,Active
29185,9593,5000,1362.65,Active
29186,9593,10000,6965.57,Closed
29187,9593,10000,8095.63,Active
29188,9594,15000,7965.88,Active
29189,9594,10000,1012.03,Closed
29190,9594,10000,8402.6,Closed
29191,9595,15000,13507.92,Closed
29192,9595,5000,4504.31,Active
29193,9596,5000,1501.05,Active
29194,9596,2000,1320.9,Active
29195,9597,2000,149.42,Closed
29196,9598,2000,1050.31,Active
29197,9598,2000,1610.16,Closed
29198,9598,5000,1416.54,Active
29199,9599,30000,19613.22,Closed
29200,9599,15000,903.23,Active
29201,9600,30000,27669.55,Active
29202,9600,15000,13068.26,Active
29203,9601,5000,3879.78,Active
29204,9601,5000,1707.93,Active
29205,9602,20000,12134.45,Active
29206,9602,2000,630.61,Active
29207,9602,2000,1513.14,Closed
29208,9603,15000,13121.74,Active
29209,9604,20000,17947.22,Closed
29210,9604,2000,962.82,Active
29211,9605,30000,7324.73,Active
29212,9606,20000,8877.57,Active
29213,9606,15000,1619.71,Active
29214,9606,15000,1664.44,Active
29215,9607,30000,10701.49,Active
29216,9608,10000,4320.25,Active
29217,9608,5000,4286.01,Active
29218,9609,2000,798.0,Active
29219,9610,30000,17454.16,Active
29220,9610,15000,7890.25,Active
29221,9610,5000,2914.58,Closed
29222,9611,20000,186.19,Active
29223,9611,5000,3016.23,Active
29224,9612,5000,1515.42,Active
29225,9613,10000,5676.03,Active
29226,9613,20000,4075.89,Active
29227,9613,15000,888.29,Active
29228,9614,2000,746.89,Active
29229,9614,10000,3105.47,Closed
29230,9614,2000,367.67,Closed
29231,9615,2000,1508.86,Active
29232,9615,15000,9206.3,Active
29233,9615,30000,192.87,Active
29234,9616,5000,1522.01,Active
29235,9616,15000,5333.5,Active
29236,9617,5000,3762.44,Active
29237,9618,2000,850.81,Closed
29238,9618,20000,14873.33,Active
29239,9619,20000,15655.65,Active
29240,9620,20000,15092.99,Active
29241,9620,20000,13971.56,Active
29242,9620,30000,12888.35,Active
29243,9621,20000,17835.72,Active
29244,9621,20000,461.41,Active
29245,9622,15000,10617.75,Active
29246,9622,10000,4.08,Active
29247,9623,10000,7542.76,Active
29248,9623,2000,1002.67,Active
29249,9623,15000,3362.2,Active
29250,9624,20000,6404.7,Active
29251,9624,5000,1285.36,Active
29252,9624,5000,4330.79,Closed
29253,9625,5000,3081.12,Active
29254,9625,2000,1396.78,Active
29255,9626,5000,3674.49,Active
29256,9626,10000,5988.92,Active
29257,9626,5000,398.07,Active
29258,9627,5000,534.38,Active
29259,9627,20000,16849.89,Closed
29260,9627,5000,894.23,Active
29261,9628,15000,13798.16,Active
29262,9628,5000,2079.59,Closed
29263,9628,20000,17243.6,Active
29264,9629,15000,370.44,Closed
29265,9629,20000,12224.51,Active
29266,9630,5000,2220.49,Active
29267,9631,30000,6732.07,Active
29268,9631,20000,14571.95,Closed
29269,9631,30000,9667.17,Active
29270,9632,30000,25687.06,Active
29271,9632,15000,3573.92,Active
29272,9633,15000,10160.94,Active
29273,9633,10000,2964.46,Active
29274,9633,5000,354.52,Active
29275,9634,5000,1878.9,Active
29276,9634,5000,4580.03,Active
29277,9634,2000,560.73,Closed
29278,9635,2000,963.91,Active
29279,9635,30000,770.29,Active
29280,9636,10000,3992.85,Active
29281,9636,30000,13902.56,Closed
29282,9637,10000,564.3,Closed
29283,9637,15000,7354.15,Closed
29284,9637,10000,2453.63,Active
29285,9638,10000,9195.85,Active
29286,9638,5000,1203.54,Closed
29287,9639,10000,2929.01,Active
29288,9639,2000,238.33,Active
29289,9639,30000,17454.18,Closed
29290,9640,15000,5173.98,Active
29291,9640,30000,20715.59,Active
29292,9641,20000,6422.65,Closed
29293,9641,5000,3260.61,Closed
29294,9641,10000,1212.84,Active
29295,9642,10000,8946.8,Active
29296,9643,20000,13133.08,Active
29297,9644,30000,24775.5,Active
29298,9645,15000,4854.01,Closed
29299,9646,15000,7305.45,Closed
29300,9646,10000,2167.01,Active
29301,9646,15000,9160.48,Active
29302,9647,20000,4994.86,Active
29303,9648,5000,2300.51,Closed
29304,9649,15000,13669.36,Active
29305,9650,2000,1495.14,Closed
29306,9650,5000,3670.11,Active
29307,9650,10000,1115.67,Active
29308,9651,10000,4923.68,Active
29309,9651,5000,853.06,Closed
29310,9652,2000,1210.2,Active
29311,9652,20000,9760.15,Active
29312,9652,20000,6285.86,Active
29313,9653,2000,1470.53,Active
29314,9654,30000,17258.09,Active
29315,9654,20000,15192.43,Closed
29316,9654,2000,104.74,Closed
29317,9655,20000,14140.01,Active
29318,9655,10000,7301.22,Active
29319,9655,15000,1396.57,Closed
29320,9656,5000,4464.1,Active
29321,9656,2000,866.35,Active
29322,9657,5000,1424.74,Closed
29323,9658,15000,8423.18,Active
29324,9658,2000,462.86,Active
29325,9659,5000,1230.61,Active
29326,9660,5000,3224.98,Active
29327,9660,10000,5821.37,Active
29328,9661,10000,1985.86,Active
29329,9661,5000,1234.57,Closed
29330,9661,15000,3565.64,Active
29331,9662,10000,61.14,Active
29332,9662,5000,2130.56,Active
29333,9662,10000,665.62,Active
29334,9663,15000,10228.96,Active
29335,9663,15000,12750.92,Closed
29336,9663,30000,24584.98,Active
29337,9664,2000,705.12,Active
29338,9664,5000,173.01,Active
29339,9665,5000,1106.78,Active
29340,9665,5000,888.95,Active
29341,9666,5000,1077.13,Active
29342,9666,15000,6928.92,Closed
29343,9666,5000,2839.48,Closed
29344,9667,30000,15689.85,Closed
29345,9667,10000,2923.56,Active
29346,9667,10000,2800.11,Active
29347,9668,30000,7015.9,Active
29348,9668,5000,3163.83,Active
29349,9668,15000,696.5,Active
29350,9669,30000,28250.18,Active
29351,9669,15000,4369.41,Closed
29352,9669,20000,17939.24,Closed
29353,9670,5000,4526.24,Active
29354,9670,20000,6652.34,Active
29355,9670,5000,2218.74,Active
29356,9671,10000,6749.48,Closed
29357,9671,20000,8685.8,Active
29358,9671,20000,9390.56,Active
29359,9672,15000,7296.25,Closed
29360,9673,20000,12340.77,Active
29361,9673,20000,14553.81,Active
29362,9674,20000,4183.26,Active
29363,9674,30000,21348.35,Active
29364,9675,5000,141.67,Active
29365,9675,5000,4248.48,Active
29366,9676,2000,574.42,Active
29367,9677,10000,8852.96,Active
29368,9678,20000,16108.56,Active
29369,9679,2000,402.14,Closed
29370,9680,30000,27126.87,Active
29371,9681,5000,1022.15,Active
29372,9681,30000,19198.87,Active
29373,9681,30000,7945.23,Active
29374,9682,30000,22910.52,Active
29375,9682,10000,944.84,Closed
29376,9683,20000,17447.59,Active
29377,9684,5000,3086.52,Active
29378,9685,10000,7971.24,Active
29379,9685,2000,432.84,Closed
29380,9686,15000,1843.88,Active
29381,9686,20000,17271.74,Active
29382,9686,15000,8736.63,Active
29383,9687,20000,11173.11,Active
29384,9688,30000,14608.13,Active
29385,9688,20000,17159.27,Active
29386,9689,2000,713.94,Active
29387,9690,2000,1003.46,Active
29388,9690,2000,1269.78,Closed
29389,9691,30000,8311.84,Active
29390,9691,10000,7807.16,Active
29391,9692,20000,6990.77,Closed
29392,9692,30000,23279.52,Active
29393,9692,15000,7507.99,Active
29394,9693,30000,6516.79,Active
29395,9694,10000,2117.7,Active
29396,9695,5000,4006.52,Active
29397,9695,20000,4414.37,Active
29398,9695,30000,14743.23,Active
29399,9696,5000,1743.39,Closed
29400,9697,10000,8465.96,Closed
29401,9698,15000,2370.08,Active
29402,9699,2000,1701.48,Active
29403,9699,20000,1796.27,Active
29404,9700,15000,9604.24,Closed
29405,9701,5000,25.95,Closed
29406,9701,30000,3853.7,Active
29407,9701,2000,444.14,Active
29408,9702,2000,23.56,Active
29409,9702,30000,27231.03,Active
29410,9702,2000,819.84,Active
29411,9703,30000,27206.95,Closed
29412,9703,30000,26346.99,Closed
29413,9703,10000,8987.45,Closed
29414,9704,15000,10594.68,Active
29415,9705,5000,2746.03,Active
29416,9706,30000,10927.97,Active
29417,9707,10000,2455.81,Active
29418,9707,20000,3727.1,Active
29419,9708,30000,23405.6,Active
29420,9709,20000,3465.78,Active
29421,9710,2000,1110.13,Active
29422,9711,20000,4254.23,Active
29423,9711,5000,1834.36,Active
29424,9711,10000,3645.12,Active
29425,9712,20000,15079.31,Active
29426,9713,15000,8134.85,Active
29427,9713,30000,8176.85,Active
29428,9714,15000,13719.58,Active
29429,9715,15000,12121.68,Active
29430,9715,10000,4399.23,Closed
29431,9716,20000,2891.91,Active
29432,9716,2000,24.03,Active
29433,9716,20000,9564.47,Active
29434,9717,30000,3609.08,Active
29435,9717,10000,3151.0,Active
29436,9717,15000,4418.86,Active
29437,9718,30000,14679.44,Active
29438,9718,5000,3381.29,Active
29439,9718,10000,286.17,Active
29440,9719,2000,6.98,Active
29441,9720,20000,18843.5,Closed
29442,9720,15000,8509.85,Active
29443,9721,15000,11841.9,Closed
29444,9721,10000,2863.98,Active
29445,9721,2000,1564.5,Closed
29446,9722,20000,11531.38,Active
29447,9722,30000,14251.1,Closed
29448,9722,20000,15386.6,Active
29449,9723,20000,16514.58,Active
29450,9723,20000,8216.94,Active
29451,9724,15000,1784.71,Active
29452,9724,30000,2420.86,Active
29453,9725,15000,474.98,Closed
29454,9725,20000,5428.92,Active
29455,9725,10000,4343.7,Active
29456,9726,2000,146.94,Active
29457,9727,10000,4364.81,Active
29458,9727,5000,1240.32,Active
29459,9728,5000,2264.54,Active
29460,9728,20000,15568.32,Active
29461,9729,2000,1535.58,Active
29462,9730,20000,9389.36,Active
29463,9731,20000,14712.43,Closed
29464,9731,30000,1934.05,Active
29465,9732,30000,25173.62,Active
29466,9733,30000,1653.84,Active
29467,9733,10000,6841.74,Active
29468,9734,5000,754.17,Active
29469,9734,5000,1151.81,Active
29470,9735,2000,171.19,Active
29471,9735,10000,1367.19,Active
29472,9736,2000,1736.13,Active
29473,9737,10000,1416.43,Active
29474,9738,5000,3106.94,Active
29475,9738,30000,11918.12,Active
29476,9738,10000,3852.34,Closed
29477,9739,15000,7281.94,Closed
29478,9740,2000,254.22,Active
29479,9741,30000,16866.98,Active
29480,9741,20000,5533.98,Closed
29481,9741,2000,510.45,Closed
29482,9742,5000,3063.22,Active
29483,9743,5000,580.04,Closed
29484,9743,2000,213.83,Active
29485,9743,5000,2307.62,Active
29486,9744,2000,830.27,Active
29487,9745,30000,13618.32,Active
29488,9745,5000,1236.51,Active
29489,9745,10000,8250.02,Closed
29490,9746,15000,11869.87,Active
29491,9746,2000,710.21,Active
29492,9746,5000,459.62,Closed
29493,9747,10000,5777.7,Active
29494,9747,2000,1092.75,Active
29495,9748,2000,903.08,Active
29496,9748,20000,7761.69,Active
29497,9749,10000,2860.52,Active
29498,9749,30000,22672.41,Active
29499,9749,5000,681.51,Active
29500,9750,10000,3065.19,Active
29501,9751,20000,8532.78,Active
29502,9752,30000,9248.79,Closed
29503,9752,2000,5.87,Closed
29504,9752,30000,21446.41,Active
29505,9753,2000,1151.9,Active
29506,9754,20000,9344.39,Active
29507,9754,20000,15496.27,Closed
29508,9755,15000,11445.27,Active
29509,9756,15000,10062.76,Active
29510,9757,30000,21542.5,Active
29511,9758,2000,425.52,Active
29512,9758,5000,4705.13,Active
29513,9758,5000,1685.35,Active
29514,9759,5000,3268.07,Active
29515,9760,5000,3887.24,Active
29516,9760,15000,536.05,Active
29517,9761,15000,10043.14,Active
29518,9761,5000,383.76,Closed
29519,9762,20000,3140.57,Active
29520,9763,15000,13105.61,Active
29521,9763,5000,4333.21,Closed
29522,9763,5000,1322.22,Active
29523,9764,20000,8125.29,Active
29524,9765,20000,7218.19,Active
29525,9765,15000,8298.89,Active
29526,9765,2000,664.75,Active
29527,9766,30000,879.19,Closed
29528,9766,2000,1192.48,Active
29529,9767,2000,783.26,Active
29530,9767,5000,3283.74,Active
29531,9767,20000,13407.71,Active
29532,9768,30000,1796.44,Active
29533,9768,30000,26746.69,Active
29534,9768,2000,1357.77,Active
29535,9769,5000,3107.02,Active
29536,9769,10000,1432.76,Active
29537,9769,30000,17202.95,Active
29538,9770,2000,606.56,Active
29539,9770,30000,20761.16,Active
29540,9770,2000,1381.78,Closed
29541,9771,20000,17508.13,Active
29542,9771,30000,8940.77,Closed
29543,9772,20000,4021.88,Active
29544,9772,10000,3827.28,Closed
29545,9772,30000,7578.16,Active
29546,9773,20000,8235.91,Closed
29547,9773,20000,206.07,Active
29548,9773,30000,12007.89,Active
29549,9774,2000,608.42,Closed
29550,9775,10000,9200.08,Active
29551,9775,30000,8203.7,Active
29552,9776,5000,3524.33,Active
29553,9776,20000,1717.06,Active
29554,9777,10000,3453.35,Active
29555,9778,15000,11271.26,Active
29556,9778,15000,9238.14,Active
29557,9779,5000,2876.82,Active
29558,9779,2000,454.37,Active
29559,9780,15000,6099.79,Active
29560,9780,5000,2784.11,Active
29561,9780,2000,779.81,Active
29562,9781,30000,5148.16,Active
29563,9782,30000,282.35,Active
29564,9782,10000,9319.78,Active
29565,9783,15000,57.55,Closed
29566,9783,2000,380.91,Closed
29567,9784,15000,12010.02,Active
29568,9784,20000,7195.27,Active
29569,9785,15000,11703.7,Active
29570,9785,5000,205.77,Closed
29571,9786,30000,8467.89,Closed
29572,9786,5000,1728.07,Active
29573,9787,2000,1334.84,Active
29574,9788,5000,1841.27,Active
29575,9789,10000,2318.07,Active
29576,9790,5000,578.16,Closed
29577,9790,2000,1227.9,Active
29578,9791,20000,10442.75,Active
29579,9792,2000,1432.72,Active
29580,9793,10000,8636.13,Active
29581,9793,5000,4096.61,Active
29582,9793,2000,1342.21,Active
29583,9794,2000,1690.01,Closed
29584,9794,10000,5454.88,Active
29585,9794,10000,8437.17,Closed
29586,9795,5000,4025.46,Active
29587,9796,30000,21493.29,Closed
29588,9796,10000,2928.23,Active
29589,9797,20000,2134.14,Active
29590,9798,5000,721.28,Closed
29591,9799,5000,2784.82,Active
29592,9800,20000,1965.5,Closed
29593,9801,20000,14318.28,Closed
29594,9801,10000,8920.77,Active
29595,9802,30000,1797.27,Closed
29596,9802,15000,10009.9,Active
29597,9803,30000,860.57,Active
29598,9803,2000,1166.35,Closed
29599,9803,20000,549.92,Active
29600,9804,5000,3973.87,Active
29601,9804,15000,6751.42,Active
29602,9805,20000,6419.46,Active
29603,9805,15000,6546.62,Active
29604,9805,5000,1668.9,Active
29605,9806,2000,1083.09,Active
29606,9806,30000,25762.77,Active
29607,9806,5000,4322.75,Active
29608,9807,30000,21066.16,Active
29609,9807,30000,9331.49,Active
29610,9807,15000,8206.09,Active
29611,9808,5000,1035.9,Active
29612,9808,5000,1538.69,Active
29613,9809,30000,2548.61,Active
29614,9809,15000,13894.39,Active
29615,9810,15000,3578.44,Active
29616,9810,20000,6933.98,Closed
29617,9811,20000,13103.77,Closed
29618,9811,20000,11353.51,Closed
29619,9812,20000,6777.38,Active
29620,9812,2000,280.12,Active
29621,9812,30000,2716.39,Active
29622,9813,2000,751.29,Active
29623,9813,30000,14158.81,Active
29624,9814,10000,3393.75,Active
29625,9814,2000,635.18,Active
29626,9815,5000,4377.85,Closed
29627,9815,2000,1847.98,Active
29628,9816,20000,5793.03,Active
29629,9817,30000,15817.73,Active
29630,9817,10000,7335.38,Active
29631,9817,10000,6755.31,Active
29632,9818,2000,1852.11,Active
29633,9818,20000,472.33,Active
29634,9818,30000,8627.83,Active
29635,9819,5000,3175.19,Active
29636,9819,15000,4346.94,Active
29637,9819,20000,13071.91,Active
29638,9820,30000,15041.87,Active
29639,9820,30000,20923.52,Active
29640,9820,10000,3387.0,Closed
29641,9821,15000,2713.03,Active
29642,9822,10000,3954.55,Active
29643,9822,10000,4693.89,Active
29644,9823,30000,24036.3,Active
29645,9823,10000,5597.46,Active
29646,9823,5000,227.77,Active
29647,9824,30000,2445.9,Active
29648,9825,5000,2032.45,Active
29649,9826,20000,8290.8,Closed
29650,9826,15000,6170.06,Active
29651,9826,20000,3358.55,Active
29652,9827,15000,5725.22,Closed
29653,9827,15000,4865.19,Active
29654,9827,30000,22188.99,Active
29655,9828,5000,492.54,Active
29656,9828,15000,13963.48,Closed
29657,9828,2000,174.03,Active
29658,9829,5000,1592.61,Active
29659,9829,20000,15600.37,Closed
29660,9830,20000,12356.95,Closed
29661,9831,20000,3817.73,Closed
29662,9831,10000,5760.11,Active
29663,9831,30000,12940.42,Active
29664,9832,10000,9166.91,Active
29665,9832,2000,1481.32,Active
29666,9833,30000,10810.16,Active
29667,9833,15000,1031.69,Active
29668,9833,20000,10864.04,Active
29669,9834,30000,13278.86,Active
29670,9834,10000,6046.96,Active
29671,9835,20000,4942.72,Active
29672,9835,5000,2922.07,Active
29673,9836,2000,350.96,Active
29674,9837,10000,7817.53,Active
29675,9837,30000,23299.65,Active
29676,9838,15000,8170.62,Closed
29677,9839,5000,3420.06,Active
29678,9839,15000,13617.18,Active
29679,9839,15000,4383.51,Active
29680,9840,30000,459.96,Closed
29681,9840,10000,117.8,Closed
29682,9841,10000,3461.89,Active
29683,9842,15000,7243.89,Closed
29684,9842,30000,1795.93,Active
29685,9843,15000,10398.79,Active
29686,9844,15000,10083.44,Active
29687,9844,15000,5706.15,Active
29688,9844,15000,3608.41,Closed
29689,9845,5000,3597.1,Active
29690,9845,20000,5941.97,Closed
29691,9846,15000,9824.77,Active
29692,9847,2000,803.16,Closed
29693,9847,15000,4028.92,Active
29694,9847,20000,10736.98,Closed
29695,9848,30000,26496.14,Active
29696,9849,30000,18631.0,Active
29697,9850,20000,223.43,Active
29698,9851,10000,6995.97,Active
29699,9852,30000,28470.14,Active
29700,9852,2000,89.76,Closed
29701,9853,30000,12726.07,Closed
29702,9854,5000,4290.4,Active
29703,9855,5000,92.36,Closed
29704,9855,30000,5395.03,Active
29705,9856,5000,2279.41,Active
29706,9856,30000,2422.1,Active
29707,9857,2000,466.93,Active
29708,9857,20000,18253.86,Active
29709,9857,20000,1040.76,Active
29710,9858,15000,12459.05,Active
29711,9858,5000,2156.2,Active
29712,9858,2000,1670.92,Active
29713,9859,15000,253.85,Active
29714,9859,15000,9014.19,Closed
29715,9859,10000,3253.81,Closed
29716,9860,20000,10826.19,Active
29717,9861,2000,727.8,Active
29718,9862,20000,8682.31,Active
29719,9862,30000,26420.15,Active
29720,9862,20000,2720.61,Active
29721,9863,10000,7554.44,Active
29722,9863,5000,103.38,Active
29723,9864,10000,8038.36,Active
29724,9864,5000,39.29,Active
29725,9864,2000,653.81,Active
29726,9865,2000,1144.51,Active
29727,9865,15000,6514.44,Active
29728,9866,2000,1445.85,Active
29729,9866,10000,1009.75,Active
29730,9866,30000,1061.6,Active
29731,9867,5000,2388.9,Active
29732,9868,30000,9827.23,Active
29733,9868,15000,3516.66,Active
29734,9868,15000,5695.86,Active
29735,9869,30000,20665.44,Active
29736,9869,10000,7321.38,Closed
29737,9869,15000,2539.3,Closed
29738,9870,5000,3358.23,Active
29739,9870,20000,16667.09,Closed
29740,9870,5000,2164.23,Active
29741,9871,30000,17008.12,Closed
29742,9872,15000,11786.78,Active
29743,9873,15000,4323.2,Active
29744,9874,5000,3801.18,Active
29745,9874,10000,3443.2,Active
29746,9875,20000,15377.08,Active
29747,9875,2000,236.06,Active
29748,9876,20000,10834.4,Active
29749,9876,20000,1762.86,Active
29750,9876,2000,324.21,Active
29751,9877,30000,1125.36,Active
29752,9877,20000,11068.18,Closed
29753,9877,30000,6640.56,Active
29754,9878,20000,4695.62,Active
29755,9878,5000,2853.61,Closed
29756,9878,30000,24.6,Closed
29757,9879,20000,17796.43,Closed
29758,9880,20000,9238.62,Active
29759,9881,10000,522.39,Active
29760,9881,20000,17972.7,Active
29761,9882,2000,325.73,Active
29762,9882,15000,9550.46,Active
29763,9882,30000,23630.37,Active
29764,9883,30000,21658.6,Closed
29765,9883,10000,1716.17,Active
29766,9883,15000,7007.27,Active
29767,9884,10000,8138.4,Active
29768,9885,10000,3051.92,Active
29769,9886,5000,800.56,Active
29770,9887,2000,130.24,Active
29771,9887,20000,14729.16,Active
29772,9887,5000,1887.03,Active
29773,9888,10000,3990.53,Active
29774,9889,10000,1824.12,Active
29775,9889,10000,4661.15,Active
29776,9889,15000,1964.18,Closed
29777,9890,20000,2845.51,Active
29778,9890,10000,8974.05,Active
29779,9890,2000,1758.76,Active
29780,9891,10000,6709.76,Closed
29781,9891,20000,803.95,Active
29782,9892,15000,2840.21,Active
29783,9892,15000,1407.22,Closed
29784,9893,30000,15021.48,Active
29785,9893,15000,6521.8,Active
29786,9893,20000,14005.52,Closed
29787,9894,10000,376.89,Active
29788,9894,2000,98.33,Active
29789,9895,15000,10315.64,Active
29790,9895,10000,7246.48,Closed
29791,9896,2000,1596.28,Active
29792,9896,2000,1349.91,Active
29793,9897,10000,2327.39,Active
29794,9897,5000,2101.57,Active
29795,9898,10000,8467.28,Closed
29796,9898,30000,16569.97,Active
29797,9898,5000,2903.14,Active
29798,9899,20000,16592.61,Closed
29799,9899,15000,7721.24,Active
29800,9899,30000,14455.15,Active
29801,9900,30000,17071.44,Active
29802,9900,20000,11192.51,Active
29803,9900,2000,1483.59,Closed
29804,9901,20000,16023.68,Active
29805,9901,5000,4609.36,Active
29806,9902,15000,13768.25,Closed
29807,9902,5000,1945.08,Closed
29808,9903,30000,11292.32,Active
29809,9904,30000,1485.93,Closed
29810,9904,2000,641.28,Active
29811,9904,10000,9322.6,Active
29812,9905,15000,7612.75,Closed
29813,9905,2000,1808.93,Active
29814,9905,30000,27373.87,Active
29815,9906,30000,13220.99,Closed
29816,9907,5000,1430.73,Closed
29817,9908,2000,961.27,Closed
29818,9909,15000,13442.66,Closed
29819,9910,15000,2161.14,Active
29820,9910,2000,1219.17,Active
29821,9911,15000,2391.84,Active
29822,9911,30000,15484.79,Active
29823,9912,30000,9097.41,Active
29824,9912,2000,142.42,Active
29825,9912,20000,8417.9,Closed
29826,9913,20000,11152.89,Active
29827,9914,10000,1135.69,Closed
29828,9914,2000,479.97,Active
29829,9915,10000,1690.78,Closed
29830,9916,30000,11531.81,Active
29831,9916,30000,3228.49,Active
29832,9917,2000,883.69,Closed
29833,9918,5000,2090.35,Active
29834,9919,5000,4735.01,Active
29835,9919,10000,2631.9,Active
29836,9919,15000,8579.11,Active
29837,9920,5000,2801.9,Active
29838,9921,20000,2316.22,Active
29839,9921,5000,908.96,Active
29840,9922,20000,3590.09,Closed
29841,9923,30000,3697.29,Active
29842,9923,15000,5158.55,Active
29843,9924,10000,6989.91,Closed
29844,9925,2000,1783.19,Closed
29845,9925,30000,12646.66,Active
29846,9925,5000,3930.38,Closed
29847,9926,5000,4674.39,Active
29848,9926,15000,12662.61,Closed
29849,9926,30000,15541.46,Active
29850,9927,2000,935.17,Active
29851,9927,20000,9362.13,Active
29852,9927,2000,175.52,Active
29853,9928,20000,15452.91,Active
29854,9928,2000,1023.68,Active
29855,9928,10000,6320.3,Active
29856,9929,2000,1848.43,Active
29857,9929,30000,15569.65,Active
29858,9929,20000,9976.02,Active
29859,9930,2000,492.77,Active
29860,9930,15000,624.44,Active
29861,9930,10000,8676.02,Active
29862,9931,2000,292.31,Active
29863,9932,10000,1826.73,Active
29864,9932,10000,6727.93,Active
29865,9932,5000,283.12,Closed
29866,9933,30000,18263.35,Active
29867,9933,10000,6876.61,Active
29868,9933,20000,11090.07,Active
29869,9934,30000,1500.03,Active
29870,9934,15000,8949.36,Closed
29871,9934,5000,1159.33,Active
29872,9935,20000,4646.34,Active
29873,9935,30000,26833.76,Closed
29874,9936,20000,7106.21,Active
29875,9937,10000,5970.52,Active
29876,9938,15000,12668.25,Active
29877,9938,2000,655.22,Active
29878,9939,10000,3979.6,Closed
29879,9939,10000,3489.1,Closed
29880,9939,5000,3771.05,Active
29881,9940,20000,9204.15,Active
29882,9941,10000,851.28,Active
29883,9941,2000,752.47,Active
29884,9941,2000,1124.92,Active
29885,9942,30000,26382.01,Active
29886,9943,5000,3247.8,Active
29887,9943,15000,1569.47,Active
29888,9944,15000,8459.13,Closed
29889,9944,15000,13428.5,Active
29890,9945,15000,7560.13,Active
29891,9946,15000,13026.97,Active
29892,9947,30000,26389.12,Closed
29893,9947,10000,3307.85,Active
29894,9947,2000,1483.78,Active
29895,9948,30000,8916.51,Active
29896,9948,2000,338.64,Active
29897,9948,20000,107.38,Active
29898,9949,2000,1340.0,Active
29899,9950,5000,1330.71,Active
29900,9950,30000,14437.92,Active
29901,9950,5000,397.64,Active
29902,9951,10000,722.3,Active
29903,9952,20000,16905.31,Active
29904,9952,30000,17219.3,Active
29905,9952,2000,737.0,Active
29906,9953,30000,24023.61,Active
29907,9953,15000,11864.01,Active
29908,9953,2000,46.33,Active
29909,9954,30000,9982.19,Closed
29910,9954,2000,764.67,Active
29911,9955,15000,10528.22,Active
29912,9956,30000,466.19,Closed
29913,9956,10000,5701.24,Active
29914,9957,5000,1409.01,Active
29915,9958,20000,12298.85,Closed
29916,9958,15000,12687.15,Active
29917,9958,15000,424.43,Closed
29918,9959,20000,5490.44,Closed
29919,9959,10000,6451.56,Closed
29920,9960,30000,25433.61,Active
29921,9961,20000,6613.35,Closed
29922,9962,10000,2820.37,Closed
29923,9963,20000,18726.82,Active
29924,9963,5000,124.36,Active
29925,9964,15000,6630.9,Active
29926,9964,30000,16492.37,Active
29927,9965,30000,23600.84,Active
29928,9965,5000,3039.69,Active
29929,9965,5000,1513.62,Active
29930,9966,2000,241.45,Closed
29931,9967,20000,17549.25,Active
29932,9967,15000,2032.2,Active
29933,9968,2000,645.5,Closed
29934,9969,10000,6592.86,Active
29935,9970,30000,1833.46,Closed
29936,9971,15000,5340.02,Closed
29937,9971,5000,4616.89,Active
29938,9972,15000,8536.84,Active
29939,9972,20000,8432.96,Closed
29940,9973,30000,17720.78,Closed
29941,9974,2000,420.36,Active
29942,9974,2000,247.33,Active
29943,9974,20000,9488.99,Active
29944,9975,5000,4519.99,Active
29945,9976,10000,6123.4,Active
29946,9976,2000,1399.37,Active
29947,9977,20000,399.74,Active
29948,9978,20000,17150.96,Active
29949,9978,10000,4975.86,Active
29950,9979,2000,973.51,Closed
29951,9980,5000,3827.12,Closed
29952,9980,15000,4174.23,Closed
29953,9981,5000,1679.23,Closed
29954,9982,15000,11816.23,Active
29955,9983,30000,18836.9,Closed
29956,9984,2000,1300.57,Closed
29957,9984,5000,4059.33,Active
29958,9984,5000,3116.31,Active
29959,9985,15000,10756.62,Closed
29960,9985,10000,5281.43,Active
29961,9986,2000,992.31,Active
29962,9986,5000,2489.05,Active
29963,9986,20000,10030.85,Closed
29964,9987,15000,11140.1,Active
29965,9988,10000,4542.24,Active
29966,9988,30000,17639.55,Closed
29967,9989,5000,2485.6,Active
29968,9989,2000,1554.01,Closed
29969,9990,30000,23319.91,Active
29970,9990,10000,1600.78,Closed
29971,9990,20000,12958.11,Active
29972,9991,20000,9973.96,Closed
29973,9991,30000,4402.78,Active
29974,9992,20000,6793.33,Active
29975,9993,10000,4490.71,Closed
29976,9993,15000,2426.82,Closed
29977,9993,15000,11946.26,Active
29978,9994,15000,6099.72,Active
29979,9994,10000,8118.2,Active
29980,9995,15000,12998.48,Active
29981,9995,2000,510.35,Active
29982,9996,20000,18384.0,Active
29983,9996,5000,488.24,Active
29984,9996,2000,1657.14,Active
29985,9997,5000,221.94,Closed
29986,9997,10000,2498.15,Active
29987,9997,5000,3176.05,Active
29988,9998,15000,1551.35,Active
29989,9998,15000,4056.18,Active
29990,9999,20000,16307.28,Closed
29991,10000,15000,10620.85,Closed
29992,10000,15000,9521.49,Closed
29993,10000,2000,1582.44,Closed
