customer_id,first_name,last_name,age,income,state,account_open_date
1,Troy,Davis,58,59184,OH,2025-04-02
2,Cynthia,Mendez,19,224393,DE,2017-07-28
3,Sean,Bowers,35,94196,GA,2026-01-03
4,Joseph,Quinn,32,66579,HI,2024-08-01
5,Charles,Burgess,65,56868,CO,2017-07-23
6,Elizabeth,Hickman,61,224161,PW,2021-05-31
7,Stacy,Pearson,75,172964,MT,2025-07-20
8,Jamie,Mckenzie,23,184794,WY,2018-12-17
9,James,Chavez,45,38331,MA,2017-09-05
10,Austin,Ward,19,54561,TN,2021-12-01
11,Jordan,Chase,31,90990,PA,2023-02-03
12,Angela,Meyer,50,187815,MA,2022-05-29
13,Jennifer,Pacheco,19,177127,ID,2021-08-06
14,Elizabeth,Walker,30,217700,DE,2020-08-20
15,Jessica,Rodriguez,59,213848,HI,2019-01-06
16,Donna,Vazquez,52,139974,IL,2016-10-28
17,Leslie,Odom,32,147757,WY,2023-08-02
18,Angela,Bray,55,102926,KS,2025-08-04
19,Cody,Mitchell,69,31703,NE,2024-04-28
20,Stephanie,Rodriguez,66,241240,PR,2017-11-04
21,Jeffrey,Gutierrez,28,213013,AZ,2017-01-06
22,Troy,Johnson,45,119194,KY,2020-11-02
23,Brittany,Morgan,35,70758,VT,2022-06-16
24,Lisa,Green,31,230145,MS,2018-05-22
25,Katie,Williams,39,56793,UT,2025-02-05
26,Michael,Campos,23,129595,WA,2022-06-11
27,Kimberly,Williams,24,124104,CA,2019-12-07
28,Lawrence,Martin,72,120165,IA,2016-09-26
29,Adam,Mccarthy,56,99342,ID,2018-06-13
30,Thomas,Schroeder,69,41390,MN,2016-09-05
31,Marie,Bates,64,150435,MO,2018-07-20
32,Amanda,Alexander,52,62722,ND,2025-08-03
33,Denise,Morris,80,129230,KY,2023-09-30
34,Veronica,Diaz,23,174714,MI,2021-09-18
35,Jeffrey,Johnson,36,247423,LA,2025-06-29
36,Timothy,Garcia,58,192141,MT,2016-10-18
37,Michael,Wells,74,124800,MI,2025-03-07
38,Robert,Anderson,54,80407,VT,2026-04-23
39,Lisa,Lopez,63,48233,MN,2020-11-16
40,Daniel,Obrien,20,203346,PA,2019-06-15
41,Vanessa,Bailey,32,232655,CT,2025-08-25
42,Dana,Donovan,36,50916,TN,2022-07-24
43,Christopher,Weiss,72,91024,IA,2023-12-27
44,Julie,Brown,73,56476,NV,2023-10-11
45,Lauren,Hull,42,102869,MP,2018-08-30
46,Shelly,Evans,47,196640,MD,2019-08-12
47,Maria,Swanson,71,125638,GU,2024-01-11
48,Kara,Duncan,28,127040,NC,2024-05-04
49,Rebecca,Jones,40,84921,PR,2016-10-15
50,Christine,Smith,60,99986,AL,2022-01-07
51,Julia,Miller,62,209187,IA,2022-02-10
52,Cynthia,Kim,59,48717,AR,2017-12-26
53,Robyn,Wright,56,196455,NE,2024-10-05
54,Joseph,Martinez,28,170021,ME,2026-02-18
55,Tammy,Munoz,64,94175,NC,2021-08-14
56,Jay,Ramirez,28,151178,CA,2026-05-10
57,Jo,Munoz,42,100765,PR,2022-10-14
58,Rhonda,Coleman,77,197772,GA,2021-03-28
59,Anthony,Rodriguez,62,176001,RI,2022-10-21
60,Joyce,Murphy,32,209467,ID,2018-06-22
61,Blake,Ramirez,38,231408,CO,2025-05-28
62,Colleen,Wilson,67,44663,HI,2022-05-08
63,Diane,Martinez,32,245430,PA,2021-12-16
64,Theresa,Willis,20,241037,WY,2018-09-02
65,Cassandra,Ortiz,38,135162,CO,2022-09-08
66,Daniel,Strickland,35,47350,AR,2025-09-20
67,Melanie,Chaney,31,178682,HI,2019-09-04
68,Bradley,Caldwell,74,218196,CT,2022-06-28
69,Travis,Cox,38,85738,WY,2020-03-07
70,Laurie,Stone,59,160870,PA,2022-06-17
71,Robert,Hicks,43,198519,AR,2019-07-18
72,Alexis,Jones,47,67452,ND,2019-10-26
73,Kathryn,Mayo,34,66603,AZ,2022-03-29
74,Rebecca,Perez,33,225294,MS,2017-09-10
75,Andrew,Rose,53,171289,NJ,2024-04-08
76,Kerry,Foster,34,225825,CA,2018-12-18
77,Toni,Payne,55,142311,NH,2023-07-12
78,Carlos,Savage,75,182969,VA,2021-07-24
79,Amanda,Williams,43,124895,AL,2020-06-22
80,Fernando,Wells,32,66262,SD,2020-02-02
81,David,Neal,50,159372,GA,2022-06-20
82,Scott,King,23,228123,WV,2017-09-06
83,Roberto,Roberts,21,58743,WI,2021-01-11
84,Carl,Miller,27,194481,OK,2024-12-20
85,Keith,Mcguire,28,237638,WV,2024-09-30
86,Christopher,Gray,61,140666,MO,2022-12-10
87,Matthew,Nelson,56,46653,PA,2020-07-02
88,Ashley,Davis,42,130039,FM,2022-08-17
89,Rebecca,Pham,56,152696,IL,2025-11-01
90,Craig,Johnson,51,95906,IL,2025-12-31
91,Cheryl,Gutierrez,80,175024,AR,2023-09-30
92,Daniel,Glover,73,33009,OK,2020-09-01
93,Rachel,Dunn,61,218932,AR,2025-01-21
94,Deborah,Ewing,25,208706,MO,2022-10-19
95,Ebony,Perez,74,170763,SD,2018-02-16
96,Julie,Chandler,66,99946,WA,2021-10-24
97,Tanya,Thompson,67,198024,OK,2024-05-15
98,Jacob,Bentley,39,59242,AL,2026-03-08
99,Jill,Moses,36,143971,NV,2016-12-19
100,Victoria,Alexander,28,148940,PA,2022-11-01
101,Phyllis,Gonzales,18,219292,OR,2021-11-01
102,Jessica,Griffin,74,218659,ND,2019-12-09
103,Valerie,Woods,34,161225,ID,2017-05-04
104,Jeffrey,Williams,66,76832,GA,2025-03-31
105,Allison,Brandt,50,57894,WV,2023-09-22
106,Zachary,Castillo,73,193918,SC,2019-04-28
107,Joshua,Frey,37,197496,GU,2023-02-23
108,Edward,Gomez,50,189637,SD,2025-09-18
109,Kim,Johnson,30,70065,FL,2023-02-07
110,Amanda,White,41,229887,OR,2016-08-31
111,Daniel,Douglas,28,171394,IL,2016-09-18
112,Thomas,West,79,234112,NM,2021-08-09
113,Katherine,Smith,77,169029,KY,2017-08-31
114,Rebecca,Nicholson,76,30149,WI,2021-02-02
115,Melanie,Hernandez,56,114975,FM,2023-03-14
116,Katherine,Schmidt,49,35105,PW,2025-01-24
117,Dana,Dunn,25,125153,WI,2022-11-03
118,Anne,Bradley,74,248016,WA,2023-09-13
119,Allen,Harris,69,110612,NJ,2018-08-10
120,Susan,Vargas,33,45184,NM,2024-12-10
121,Jennifer,Guzman,33,178729,DE,2019-04-12
122,Cynthia,Bishop,78,50645,FM,2025-07-27
123,Lisa,Hall,23,221865,AL,2022-03-03
124,Kevin,Aguilar,49,243915,IA,2019-09-20
125,John,Smith,22,229387,AZ,2022-11-13
126,Eric,Herring,52,230758,AS,2017-08-30
127,Joy,Green,26,63657,UT,2018-12-20
128,Joshua,Acosta,60,154592,AL,2018-12-17
129,Leslie,Green,78,174127,CO,2023-11-09
130,Clarence,Robinson,28,99483,NH,2026-03-27
131,Hunter,Taylor,51,189014,PW,2019-10-26
132,Scott,Velez,45,85521,CO,2018-08-04
133,Mark,Perez,77,171373,VA,2017-12-17
134,Bradley,Powell,66,221347,WI,2021-08-16
135,Amanda,Galvan,62,82730,VT,2020-09-07
136,Kevin,Park,63,111714,KS,2019-06-02
137,Michael,Hill,43,206078,DC,2024-04-11
138,Regina,Hall,59,127889,NM,2019-07-19
139,Lawrence,Guerra,46,165679,WY,2020-03-03
140,Laura,Wong,46,61720,WA,2025-07-21
141,Krystal,Hall,33,88903,PR,2019-04-09
142,Anthony,Le,22,118627,AS,2017-02-17
143,Amanda,Hansen,19,184221,KS,2020-08-06
144,Madison,Solomon,53,90323,WI,2017-10-28
145,Kelly,Dawson,55,87728,NH,2022-11-13
146,James,Kelly,18,48610,FL,2024-12-15
147,Jessica,Perry,63,195439,AR,2023-01-06
148,Ashley,Norris,21,90015,NC,2017-03-24
149,Betty,Ellison,22,38234,IA,2018-11-15
150,Betty,Kramer,73,116619,AZ,2023-05-02
151,James,Palmer,22,164782,HI,2019-08-10
152,Carla,Sanders,33,103001,PW,2022-07-30
153,Brian,Cox,60,157248,WY,2017-07-24
154,Tina,Lee,31,171356,NC,2018-11-24
155,Linda,Peterson,26,219622,CT,2017-04-20
156,William,Horton,77,179695,AZ,2022-09-30
157,Andrew,Richards,54,153907,PA,2018-07-09
158,Daniel,Hall,33,235683,MA,2025-11-03
159,Benjamin,Griffin,48,241680,DE,2019-03-06
160,Kathleen,Martin,44,79914,KS,2018-11-11
161,Kirk,Sanchez,24,55409,SC,2021-02-05
162,Ian,Jones,60,142997,PR,2018-08-12
163,Ronald,Esparza,40,141038,SD,2017-06-29
164,Dennis,Fitzgerald,44,152427,NY,2016-09-08
165,Lindsay,Harris,73,221122,CA,2023-06-24
166,Troy,Moore,21,206518,DC,2022-06-04
167,Virginia,Morgan,59,199392,GU,2025-11-06
168,Robin,Vega,24,45889,MP,2025-06-01
169,Daniel,Alvarado,43,220896,MO,2016-09-19
170,Emily,Morris,39,239870,AK,2022-10-24
171,Rebecca,Harris,73,58644,CT,2026-05-20
172,Timothy,Davis,33,80224,TN,2020-10-16
173,Andrew,Webster,30,170584,DC,2021-04-02
174,Kristi,Norris,46,66747,LA,2024-10-26
175,Michael,Yates,45,78100,CO,2021-04-13
176,Pamela,Yang,35,151275,OK,2016-08-09
177,Vicki,Alexander,33,49761,MA,2021-03-30
178,Nancy,Pittman,46,241818,OH,2019-04-12
179,Robert,Lopez,73,174264,NY,2026-05-27
180,Jordan,Cordova,24,43261,IN,2021-11-07
181,William,Shaw,59,171711,AL,2021-09-14
182,Patricia,Hodge,71,33868,PW,2017-09-19
183,Kelly,Ashley,80,54448,NE,2017-11-27
184,Michael,Nicholson,77,227542,IL,2018-07-16
185,Theresa,Thomas,72,91965,IN,2019-11-28
186,Zachary,Jimenez,28,136539,NJ,2025-12-27
187,Stuart,Woods,49,156185,WV,2019-04-15
188,Cheryl,Wells,31,135130,ID,2017-10-16
189,Douglas,Ortiz,75,45370,NC,2021-05-13
190,Christopher,Cole,28,129345,ND,2023-09-01
191,Jason,Webb,18,132346,TX,2023-08-04
192,Anthony,Smith,34,235539,SC,2020-08-25
193,Kayla,Bowman,68,149277,PW,2021-07-10
194,Sarah,Kerr,36,140888,DC,2016-10-06
195,Tina,Park,62,221497,CA,2017-08-15
196,Henry,Evans,68,175691,PR,2019-02-20
197,Michelle,May,60,218326,AR,2018-10-29
198,Jeffrey,Lewis,49,70579,DE,2022-02-27
199,Gary,Kennedy,30,107780,WV,2023-08-15
200,Suzanne,Richard,31,45331,HI,2023-02-04
201,Ralph,Brown,55,222869,SD,2021-12-20
202,Kelly,Austin,52,45979,LA,2023-02-09
203,Cynthia,Nelson,65,112209,ND,2019-05-26
204,Stephanie,West,21,43144,KY,2018-11-26
205,Samantha,Thomas,55,154987,UT,2016-11-11
206,Debra,Martin,50,169231,WI,2023-10-29
207,Laura,Novak,28,44910,AZ,2023-06-29
208,Kathy,Lopez,79,163124,ID,2024-06-23
209,Charles,Rodriguez,23,78712,WV,2021-04-24
210,James,Hamilton,22,185984,CO,2021-03-03
211,William,Phillips,22,207002,VT,2016-06-24
212,Robert,Stout,73,91657,MS,2026-02-04
213,Kenneth,Bailey,43,61427,MI,2018-11-02
214,Emily,Nelson,78,179336,NC,2019-02-12
215,Stephanie,Moran,33,181760,MH,2019-05-19
216,Shelley,Jackson,56,40418,KS,2025-01-26
217,Joseph,Black,57,51491,OK,2024-04-12
218,Jaime,Haas,44,202326,OR,2026-02-28
219,Daniel,Ferguson,55,178170,MD,2026-02-13
220,Alexis,Mitchell,51,112934,VA,2024-07-25
221,Alexandria,Rivers,77,98358,DE,2026-04-01
222,Audrey,York,31,205564,VT,2020-11-15
223,Michelle,Key,63,112361,MA,2020-02-23
224,Jason,Delgado,33,99629,AL,2018-03-12
225,Anna,Young,43,64308,NC,2022-01-05
226,Amanda,Fisher,60,199214,PW,2023-05-22
227,Eric,Ross,37,149858,TX,2020-06-22
228,Nicole,Stewart,38,227096,VI,2017-11-27
229,Kelly,Stewart,77,49016,OH,2021-07-27
230,Adrian,Ortiz,18,150136,NC,2018-04-09
231,Elizabeth,Rivas,57,177585,PA,2016-10-01
232,Amy,Santiago,24,49204,DE,2026-02-01
233,Thomas,Munoz,52,85877,OK,2022-01-29
234,Jennifer,Wolf,50,99520,CT,2026-02-20
235,Brittany,Mcdonald,26,121490,NV,2025-12-02
236,Jack,Fitzgerald,74,48033,KS,2024-08-04
237,Brian,Thompson,74,94037,CO,2025-04-22
238,Russell,Lynch,41,104707,WV,2023-07-20
239,Alexander,Hall,28,144867,AZ,2019-02-09
240,William,Lewis,71,172401,MP,2021-04-20
241,Isaac,Hernandez,63,109303,HI,2021-02-08
242,Andrew,Walker,57,241576,DC,2018-02-28
243,John,Brown,59,168658,MT,2016-09-21
244,Paul,Fields,18,205076,HI,2017-12-02
245,Amber,Rich,70,175385,SD,2020-07-10
246,Annette,Smith,37,203903,FL,2017-03-26
247,Michelle,Hardy,24,65203,KS,2022-12-11
248,Lawrence,Miller,34,60258,MI,2017-03-28
249,Peggy,Brown,74,58058,MT,2022-09-11
250,Jonathan,James,65,175024,KY,2024-10-07
251,Katrina,Carroll,27,101394,RI,2018-12-08
252,John,Rojas,36,188552,OK,2023-08-14
253,Ryan,Arnold,31,218117,PA,2019-04-08
254,Justin,Alexander,39,83371,UT,2021-01-03
255,Sarah,Steele,61,196261,NY,2019-06-03
256,Kevin,Gonzales,72,99201,IL,2021-08-12
257,Jason,Jordan,50,158065,MA,2025-12-31
258,Christine,Gutierrez,34,43316,KY,2020-06-27
259,David,Wilson,23,196273,VT,2019-03-20
260,Melissa,Martinez,45,247408,ME,2021-10-05
261,Kimberly,Fritz,35,41557,ID,2019-09-13
262,Alfred,Thomas,18,117439,NM,2024-03-12
263,Danny,Bennett,67,64293,OR,2019-02-27
264,Erika,Huff,58,98670,MS,2018-12-11
265,Regina,Simpson,28,224309,OK,2021-08-09
266,Lauren,Schmidt,46,174619,SC,2024-10-24
267,Stephanie,Crawford,63,142115,WY,2024-07-18
268,Ricky,Snow,53,32534,MD,2017-01-28
269,Stephanie,Rodriguez,25,49724,GA,2017-04-12
270,Christopher,Walker,78,211146,MS,2025-04-27
271,Amber,Wagner,75,69073,SC,2025-01-08
272,Joshua,Ford,52,39444,MO,2023-06-02
273,Gary,Dawson,71,126787,FL,2025-01-07
274,Karen,Anderson,55,174841,GA,2022-04-19
275,Edward,Cross,27,142666,UT,2018-02-08
276,Zachary,Bautista,26,40965,ID,2023-08-03
277,Marie,Pham,37,125591,FL,2018-10-05
278,David,Reyes,75,238698,TN,2025-03-18
279,Jesus,Rivera,80,40458,MI,2023-02-21
280,Maria,Dixon,75,123797,CT,2018-05-16
281,Scott,Diaz,31,208799,VA,2025-02-13
282,Andrew,Hamilton,33,204832,TX,2023-07-20
283,Elizabeth,Holland,24,122714,MS,2016-11-06
284,Robert,Lopez,67,176770,HI,2018-03-18
285,Jared,Alvarez,74,136529,NV,2017-05-18
286,Alejandro,Green,80,192702,PW,2017-05-08
287,Virginia,Rojas,65,70515,DC,2017-06-08
288,Maria,Manning,77,92059,NE,2024-02-26
289,Aaron,Williams,73,72598,IL,2016-12-09
290,Maureen,Williams,80,239685,MS,2025-10-27
291,Brittney,Harrell,69,76413,TX,2022-10-14
292,Jason,Blanchard,74,138080,FL,2020-11-07
293,Keith,Morse,19,77018,NJ,2019-01-16
294,Daniel,Hernandez,65,117080,OH,2020-06-04
295,Lorraine,Shepherd,68,137928,MI,2019-10-23
296,Richard,Wilson,69,205612,ID,2017-05-25
297,Melvin,Smith,73,222690,CO,2021-01-17
298,Barbara,Sanchez,69,95055,MT,2017-07-03
299,Tammy,Powell,35,71732,MD,2020-05-08
300,Michael,Hurley,68,213835,GA,2024-08-17
301,Edward,Martinez,24,130281,MN,2019-12-05
302,Michael,Barrera,73,40151,VT,2017-06-17
303,Stacey,Hughes,72,153388,NH,2021-05-01
304,Darlene,Brown,32,82316,AS,2020-09-08
305,Christian,Jimenez,70,150665,ND,2023-10-14
306,Cindy,Boone,40,110003,AR,2022-09-08
307,James,Robinson,70,238495,SC,2023-11-24
308,Samantha,Payne,73,89662,MN,2020-10-06
309,Laura,Lopez,32,36203,NE,2023-06-03
310,Jason,Davis,60,80627,RI,2018-05-20
311,Randy,Grimes,43,116051,NV,2021-05-17
312,Norma,Foster,35,48198,AZ,2026-03-02
313,Jessica,Reed,79,232722,PW,2018-11-15
314,Jenny,Reynolds,35,122050,ID,2026-05-18
315,Suzanne,Stein,59,163537,OR,2021-09-07
316,Marissa,Young,43,208131,ND,2017-05-08
317,Tyler,Durham,80,170565,NY,2018-12-19
318,Brian,Adkins,39,37235,RI,2021-11-26
319,Christopher,Perez,25,98475,LA,2021-08-16
320,Beth,Murphy,29,182198,SD,2023-07-28
321,Johnny,Roberts,79,99590,NM,2022-04-01
322,April,Lawson,20,58417,UT,2022-12-31
323,Barry,Lara,56,143918,WV,2025-03-10
324,Michael,Patel,40,220983,NM,2016-11-03
325,Donald,Warner,68,112228,NJ,2016-11-03
326,Sonya,Hansen,45,188914,NJ,2022-11-06
327,Steven,Gill,80,164066,NH,2023-04-25
328,Steven,Roberson,25,130976,IL,2023-12-29
329,Jessica,Keith,75,181149,ND,2026-05-31
330,Hannah,Marshall,30,96773,UT,2025-12-28
331,Jessica,Smith,20,215803,PA,2020-10-22
332,Ruben,Pugh,45,30443,DE,2021-08-08
333,Ralph,Hart,51,241421,OH,2016-10-04
334,Christopher,Cooper,52,210055,MH,2016-07-25
335,Carolyn,Aguilar,64,224497,CA,2024-03-19
336,Miranda,Walker,65,205801,ME,2025-07-01
337,Susan,Johnson,30,125478,VI,2021-12-28
338,Maria,Hayden,45,48343,NJ,2016-08-24
339,Sierra,Knight,78,204125,MO,2022-01-31
340,Brian,Curtis,76,116559,MO,2025-05-02
341,Jasmine,Barber,57,112291,ND,2020-04-24
342,James,Jones,60,62669,KY,2025-12-13
343,Alexander,Brock,64,108727,OR,2024-12-06
344,Jade,Campbell,50,111077,MP,2017-07-11
345,Joseph,Fuentes,60,137057,NM,2022-05-28
346,Pamela,Rivera,38,135486,CA,2019-02-03
347,Melissa,Cook,62,107504,AL,2023-02-21
348,Darlene,Shelton,53,63367,HI,2018-11-29
349,Nancy,Brown,30,140217,AZ,2022-03-28
350,Anthony,Tate,60,129390,OR,2021-10-16
351,Mary,Arnold,61,226118,AZ,2024-12-09
352,James,Smith,75,75620,WA,2025-01-21
353,Angela,Mitchell,57,179187,GA,2026-03-30
354,Jennifer,Dalton,37,136450,IL,2022-01-26
355,Benjamin,Obrien,53,248556,MH,2018-09-22
356,Adam,Phillips,18,109658,TN,2024-12-05
357,Kayla,Campos,36,85098,MI,2019-02-18
358,Charles,Knox,45,235981,MP,2017-03-17
359,Donna,Anderson,55,189032,TX,2026-05-11
360,Matthew,Haynes,59,114475,MN,2016-06-21
361,Christina,Moore,47,145811,NC,2024-01-27
362,Charles,Wilson,46,207111,FL,2020-02-27
363,Mary,Martin,31,164001,TN,2018-03-08
364,Dana,Garcia,48,238072,MN,2021-09-14
365,William,Burch,75,238673,AR,2020-03-09
366,Gregory,Jones,65,74483,AK,2021-08-02
367,Steven,Johnson,60,52228,MO,2021-02-11
368,Victor,Hernandez,36,165122,AR,2019-01-01
369,Stephen,Mcgee,60,195921,PR,2024-05-15
370,Krystal,Mills,57,117867,MT,2020-09-24
371,Scott,Newman,23,244544,OK,2019-12-18
372,Joshua,French,78,226906,NM,2017-11-10
373,Cynthia,Martinez,33,206369,CT,2021-10-03
374,Sheryl,Jones,37,88888,FM,2021-09-05
375,Chad,Reynolds,69,82200,KS,2026-01-20
376,Tyler,Vargas,27,36402,HI,2022-10-16
377,Jacob,Murray,20,94184,NH,2018-09-22
378,Lisa,Simpson,80,154554,ID,2016-11-18
379,Alexander,White,57,231454,NE,2023-01-04
380,Catherine,Foster,22,149384,MA,2017-01-27
381,Steven,Meyer,44,195089,WI,2021-12-27
382,Christopher,Moore,54,80970,NH,2016-12-13
383,Jason,York,63,212545,MA,2022-12-24
384,Jack,Garrett,42,159598,ND,2025-11-03
385,Stephen,Barnes,43,93959,WI,2017-06-15
386,Leslie,Morales,27,201981,MT,2017-07-30
387,Christine,Edwards,62,31453,MA,2018-05-11
388,John,Patrick,75,226860,WA,2020-05-16
389,Megan,Herrera,73,231862,HI,2020-08-26
390,Tiffany,Harris,74,57941,MT,2022-03-13
391,Raymond,Garcia,67,141449,ME,2025-09-17
392,Christy,Johns,32,76107,OR,2018-12-07
393,Heather,Dudley,69,212429,OR,2021-03-13
394,Tina,Phillips,51,151778,OH,2016-10-06
395,Kyle,Arnold,21,176120,VA,2024-11-08
396,Robert,Ferguson,33,61813,PR,2023-09-11
397,Katie,Hunter,47,64954,AR,2023-06-30
398,Gregory,Davis,69,151803,AZ,2022-01-29
399,Ronald,Fleming,60,169233,TN,2026-03-09
400,Kimberly,Cameron,53,186094,MP,2017-09-25
401,Penny,Wood,38,227984,MN,2023-04-09
402,Samuel,Rivera,75,146017,KY,2026-05-17
403,Trevor,Thomas,57,243649,MH,2021-10-24
404,Lori,Meyer,64,162324,CA,2017-02-04
405,Stacy,Gonzalez,45,247728,AL,2018-02-09
406,Kenneth,Alexander,76,173621,PW,2020-07-18
407,Robert,Stewart,46,71722,HI,2016-11-14
408,Jennifer,Shaffer,65,154433,OH,2019-11-29
409,Austin,Hamilton,46,97945,CA,2022-12-19
410,Jennifer,Hahn,66,94812,PR,2022-01-24
411,Angela,Stokes,71,197159,UT,2024-10-24
412,Lori,Davis,35,230753,ND,2019-12-30
413,Jaclyn,Lamb,67,166655,GA,2017-02-17
414,Amanda,Arroyo,49,194298,DE,2021-04-14
415,Sharon,Hopkins,33,101984,DE,2022-07-13
416,Matthew,Thompson,46,50311,NJ,2021-08-07
417,Gina,Stone,63,104901,ND,2021-08-23
418,Stephanie,Lambert,33,101228,NV,2018-08-15
419,Michael,Jones,39,113809,NV,2020-05-11
420,Michelle,Steele,75,171597,ME,2020-10-22
421,Paul,Jones,23,66273,OK,2025-02-28
422,Crystal,Flores,27,90623,PA,2023-01-17
423,Kelly,Jackson,42,211914,SD,2021-10-24
424,Angela,Edwards,27,215183,GU,2019-04-08
425,Miranda,Thomas,31,46837,PW,2024-10-02
426,Alexis,Davidson,44,136849,PR,2021-12-05
427,Desiree,Washington,39,172242,OH,2024-08-30
428,Kelly,Ruiz,47,138992,WY,2022-01-09
429,Jennifer,Martin,21,84220,FM,2018-08-30
430,Luis,Parks,71,140138,MH,2017-06-04
431,Rachel,Bradley,42,231797,OK,2017-04-05
432,Steven,Morris,55,212327,NJ,2022-01-25
433,Melissa,Scott,19,230696,GU,2025-07-15
434,Natasha,Castillo,54,129714,AR,2018-11-11
435,Jeffrey,Scott,48,31545,UT,2021-07-31
436,Danielle,Russell,78,122211,NJ,2019-08-31
437,Joseph,Aguirre,37,227518,UT,2023-03-21
438,Robert,White,42,249081,OR,2025-01-30
439,Jenna,Douglas,44,171091,ND,2024-01-02
440,Courtney,Leon,65,222579,IN,2017-03-27
441,Nancy,Warner,52,239680,MO,2017-11-08
442,Colleen,Reynolds,56,87812,LA,2016-09-25
443,Brandi,Patel,49,87520,AS,2020-08-20
444,Veronica,Reed,35,144251,VA,2022-12-12
445,Carol,Palmer,49,37608,IN,2016-12-22
446,Linda,Vargas,42,118114,MN,2021-07-14
447,Kylie,White,60,208032,LA,2022-05-12
448,Jeffrey,Park,69,135989,NM,2018-04-29
449,Timothy,Jones,64,73265,MP,2020-01-04
450,Jenny,Peterson,71,152523,SD,2019-01-12
451,Thomas,Villa,76,63456,MI,2025-02-01
452,Kelly,Davis,80,193120,ND,2017-04-30
453,Stephen,Brandt,52,37069,MT,2016-08-31
454,Rhonda,Newton,76,133290,WI,2022-07-18
455,Andrew,Powell,55,177951,FM,2016-12-26
456,Beth,Maldonado,60,37104,ND,2019-04-25
457,Christopher,Brown,23,198492,DE,2016-08-09
458,Krista,Bradley,45,65572,HI,2019-11-29
459,Rebecca,Hall,73,151031,NH,2021-08-04
460,Nicole,Kelly,29,43181,NM,2025-08-09
461,Christine,Gomez,34,129379,MN,2020-02-11
462,Kimberly,Shaffer,38,85485,OK,2017-08-09
463,Keith,Singh,47,115680,AZ,2019-05-26
464,Kenneth,Flores,39,229551,NV,2026-02-08
465,Deanna,George,74,129385,NV,2022-12-08
466,Robyn,Casey,35,227134,NH,2023-12-25
467,Ryan,Kelley,78,248083,DE,2023-07-26
468,Derek,Davis,44,96131,NY,2024-09-04
469,Michael,Myers,71,51471,AK,2016-08-01
470,Candace,Smith,48,35081,PA,2020-10-06
471,Nichole,Ramos,65,171405,OR,2018-06-22
472,Raymond,Owens,21,121740,KS,2023-04-17
473,Megan,Washington,32,200431,ME,2021-02-05
474,Amy,Perry,22,234795,NY,2025-11-02
475,Benjamin,Harrison,79,200853,IA,2020-11-12
476,Matthew,Walter,20,227717,AK,2016-07-16
477,Michael,Ramirez,19,94823,MT,2022-07-25
478,Brittany,Rodriguez,30,249998,FM,2018-06-12
479,Tommy,Williams,19,192879,NY,2025-08-28
480,Shari,Chambers,27,92533,RI,2018-10-27
481,Heidi,Cooper,26,154141,UT,2018-08-30
482,Barbara,Daniel,60,59986,GA,2023-01-18
483,Jeffrey,Rodriguez,54,87138,CA,2016-11-02
484,Tina,Tapia,47,213360,GA,2018-09-18
485,Heather,Walker,34,231037,DE,2018-02-27
486,Jason,Sexton,41,73984,MI,2019-09-12
487,Ashley,Rodriguez,56,189186,IN,2023-07-31
488,Ashley,Calhoun,79,226064,WY,2019-02-09
489,Blake,Liu,63,60024,NY,2021-06-18
490,Dennis,Cox,67,244774,GU,2025-10-10
491,Lisa,Martinez,28,111536,ND,2021-12-31
492,Lori,Rios,24,181698,FL,2019-07-27
493,David,Smith,19,111777,MI,2019-11-09
494,James,Hernandez,54,207562,GA,2020-04-11
495,Eric,Williams,76,128384,OR,2019-02-05
496,Veronica,Ferguson,43,217436,MT,2023-11-28
497,Thomas,Johnson,30,49922,UT,2024-01-29
498,Samantha,Rivera,55,211040,PR,2023-05-15
499,Troy,Church,71,194427,IA,2023-05-10
500,Melvin,Ingram,33,56712,MA,2020-09-19
501,Rebecca,Smith,62,232501,FM,2019-07-12
502,John,Williams,37,209374,DE,2026-04-18
503,Joshua,Jones,56,241164,CO,2022-02-10
504,Nicholas,Lopez,25,238726,RI,2022-01-04
505,Daniel,Ferguson,80,178355,ID,2026-02-28
506,Lisa,Torres,68,40766,FM,2018-09-09
507,Kyle,James,40,169655,IL,2019-07-08
508,Jeff,Henderson,45,203413,IL,2017-03-30
509,Sarah,Pittman,41,48076,AZ,2018-02-07
510,Cody,Ruiz,50,199749,AS,2021-11-03
511,Veronica,Butler,39,33316,MH,2021-06-01
512,Tina,James,72,140115,NH,2022-10-19
513,Richard,Bates,70,158503,NC,2020-12-26
514,David,Rodriguez,24,143645,UT,2016-10-25
515,Joseph,Simpson,79,124945,SD,2025-01-10
516,Kimberly,Murphy,58,247240,MN,2017-01-29
517,Adam,Williams,47,215416,MH,2024-07-15
518,Julie,Porter,27,144160,PA,2023-08-19
519,Miranda,Downs,29,222360,KS,2025-05-18
520,Tiffany,Sampson,51,200513,PW,2023-10-02
521,John,Stewart,35,191457,MO,2022-01-11
522,Laura,Graham,69,171078,NY,2026-01-12
523,John,Fernandez,67,156745,UT,2022-09-18
524,Devon,Collins,47,144183,AZ,2025-03-17
525,Ann,Nielsen,70,221634,FL,2024-01-26
526,Timothy,Dawson,55,100358,MS,2025-09-24
527,Jacob,Riley,38,94355,AL,2020-06-07
528,Anne,Parks,71,52718,MT,2019-07-14
529,Billy,Watson,35,148175,DE,2017-08-06
530,Dana,Moody,33,226732,AL,2023-12-30
531,Steven,Robinson,47,179382,HI,2020-08-11
532,Andrew,Hancock,57,205161,KY,2019-03-23
533,Timothy,Richards,42,118184,MH,2024-05-20
534,Jeffrey,Hanson,19,159579,MN,2022-09-21
535,Elizabeth,Richard,72,115200,MN,2022-01-15
536,Gina,Smith,29,157808,MO,2021-10-22
537,Nicole,Young,31,123015,VA,2026-04-18
538,Jeremy,Hill,69,97725,FL,2018-11-14
539,Alicia,Kane,39,103310,MT,2019-05-04
540,Madison,Thompson,74,186278,PW,2019-03-06
541,Denise,Gordon,62,102422,TX,2021-05-10
542,Jennifer,Alvarado,53,32661,AR,2020-03-08
543,Jimmy,Clark,51,80084,ME,2021-03-14
544,Amy,Lee,23,93270,ND,2016-06-20
545,Michael,Rodriguez,64,136542,OR,2016-12-31
546,Bradley,Smith,49,175536,MP,2017-10-24
547,Zachary,Benson,66,92999,NH,2025-06-01
548,Emily,Bowen,62,154804,WV,2016-12-04
549,Noah,Scott,59,216605,OR,2022-11-06
550,John,Mendoza,49,147486,MD,2025-06-23
551,Kara,Bradley,68,34520,WV,2017-08-29
552,Megan,Morales,23,107132,FM,2020-04-30
553,Alan,Thomas,32,136011,TN,2016-11-11
554,Vanessa,Jackson,62,93780,AL,2021-06-20
555,Sabrina,Guerrero,37,204053,PA,2025-02-26
556,Anna,Welch,55,126736,OR,2020-04-07
557,Jennifer,Banks,48,175089,IN,2016-10-06
558,Rachel,Chen,51,120113,AL,2025-11-18
559,Angelica,Velez,45,225542,NH,2021-09-09
560,Gerald,Houston,53,116714,AR,2025-06-05
561,Connor,Morgan,40,214249,WY,2019-05-18
562,Cassie,Burgess,47,101019,OH,2025-09-28
563,Brian,Randall,37,95903,CA,2021-07-19
564,Tanya,Taylor,32,61629,AL,2022-05-30
565,Abigail,Parker,64,80484,NE,2020-01-27
566,Richard,Ellis,38,61340,AL,2025-07-21
567,Courtney,Obrien,65,170473,AL,2017-11-10
568,Dillon,Scott,78,229803,VI,2024-01-14
569,Cynthia,Molina,62,78535,CA,2019-10-02
570,Rhonda,Butler,30,86723,FM,2026-02-26
571,Scott,Hughes,65,156929,WV,2017-06-03
572,Keith,Thomas,35,219945,IL,2021-06-29
573,Shelley,Williams,55,229283,PR,2019-10-24
574,Anna,Stewart,51,186445,AK,2019-12-07
575,Troy,Mccullough,36,56352,PR,2023-12-02
576,James,Orozco,71,80886,CO,2023-05-19
577,Amy,Duncan,36,89633,NJ,2022-09-29
578,Edgar,Allen,41,77039,AZ,2024-10-26
579,George,Perkins,37,33708,AK,2021-11-22
580,Shirley,Lucas,63,170020,MA,2024-08-02
581,Caitlin,Clay,26,101909,KS,2024-02-29
582,Jaime,Vaughan,20,44293,MN,2021-04-14
583,Brooke,Ross,53,106581,RI,2016-06-28
584,Jennifer,Johnston,62,63103,OK,2024-01-29
585,Tracy,Braun,58,227339,AZ,2023-11-17
586,Angela,Lopez,49,56892,LA,2023-11-24
587,Joyce,Hancock,73,33215,NM,2024-01-21
588,Alexander,Mason,54,104537,KY,2019-04-07
589,Christopher,Montoya,48,155492,ND,2023-01-29
590,Daniel,Davis,46,119314,MH,2022-01-09
591,Jeffrey,House,29,43468,OH,2018-01-24
592,David,Holt,34,155233,AZ,2020-10-19
593,Steven,Roberts,25,245512,OR,2026-05-09
594,Joe,Clayton,22,135043,AS,2024-10-13
595,Rebecca,Rojas,49,49420,OR,2018-06-19
596,Tiffany,Horne,54,195005,NV,2022-08-12
597,Maurice,Cunningham,61,44053,NH,2018-03-04
598,James,Thornton,27,69111,MA,2018-03-08
599,Johnathan,Poole,69,177545,WV,2023-07-23
600,David,Mason,78,109648,VI,2018-02-08
601,Jay,Gonzales,23,95061,DC,2022-05-18
602,Randy,Norton,25,176295,PA,2025-03-17
603,Nancy,Thomas,66,139097,WY,2026-01-06
604,Amy,Watson,56,186271,OK,2021-07-24
605,Miguel,Black,68,192114,LA,2023-04-19
606,Michelle,Johnson,32,233343,AK,2019-04-06
607,David,Coleman,51,129713,OK,2019-06-19
608,Kevin,Murphy,46,146056,LA,2023-06-26
609,Jose,Stokes,37,184278,WV,2019-08-24
610,Marvin,Rojas,45,110053,ID,2020-02-13
611,Teresa,Wilkins,54,192798,OR,2023-09-26
612,Laura,Mcbride,21,189811,AR,2018-05-31
613,David,Brennan,79,224009,SD,2025-12-08
614,Taylor,Ruiz,24,229946,SC,2023-04-16
615,Joshua,Fields,31,193975,RI,2021-05-06
616,Kimberly,Russo,31,99375,SC,2017-08-24
617,Jeffery,Jackson,60,51282,WV,2017-11-23
618,Lisa,Roberts,28,92879,NE,2025-10-19
619,Betty,Campos,29,174701,TN,2021-07-18
620,Marcus,Miller,22,71034,KS,2020-12-14
621,Ashley,Robinson,18,137090,WA,2017-03-21
622,Amy,Green,46,210714,ID,2021-02-18
623,Anna,Allen,56,153184,WA,2021-06-26
624,Mark,Powers,36,38556,WV,2020-08-03
625,Steven,Andrade,32,105524,AK,2018-09-18
626,Brittney,Castillo,63,104112,VT,2021-08-24
627,Kelly,Weber,62,149021,AZ,2024-01-17
628,Bryan,Reed,22,210193,NV,2021-07-31
629,Jason,Leach,32,99351,WI,2020-12-16
630,Marcia,Ford,68,237420,SC,2025-09-18
631,Tracy,Rodriguez,58,184609,CT,2022-01-16
632,Teresa,Wolf,60,240739,WI,2019-08-13
633,Samantha,Johnson,77,81857,NJ,2021-05-31
634,Ryan,Jimenez,45,60087,KY,2019-08-27
635,Joshua,Henderson,52,88932,MS,2025-07-04
636,Emily,Hudson,59,69056,PA,2021-09-30
637,Lori,Livingston,76,99633,LA,2019-05-10
638,Jason,Jacobson,70,67286,SC,2023-10-08
639,Frank,Allen,22,45633,FL,2024-01-31
640,Adrian,Taylor,28,237782,MH,2020-03-25
641,William,Anderson,37,185987,NV,2025-03-12
642,Angela,Morton,65,246069,MI,2024-02-15
643,Troy,Hines,54,105657,OR,2025-01-19
644,Jennifer,Moore,46,62598,MN,2022-07-22
645,Michael,White,47,210532,VT,2023-11-01
646,Kimberly,Olsen,37,213430,OK,2019-05-15
647,Amanda,Collins,43,101367,NM,2025-05-27
648,Cassandra,Smith,50,171552,PR,2025-03-05
649,Richard,Bridges,49,144755,MA,2026-06-02
650,Savannah,Peterson,23,186771,CO,2024-01-04
651,Cody,Holden,20,143253,IL,2019-05-02
652,Margaret,Webb,65,114494,PA,2024-01-07
653,Ashley,Compton,56,95632,ND,2021-10-30
654,Susan,Watts,19,53940,OH,2023-01-15
655,Gabriel,Nolan,32,206763,AR,2018-02-01
656,Stephen,Brooks,71,180784,NM,2023-07-04
657,Nicholas,Black,55,35438,WY,2019-08-21
658,Micheal,Dorsey,66,206234,MO,2017-02-16
659,Bradley,Cameron,70,100650,MO,2020-10-13
660,Ashley,Jenkins,54,40546,NV,2021-03-05
661,Stephen,Miller,66,228251,ME,2022-02-22
662,Michael,Barrett,29,153338,NJ,2020-07-30
663,Suzanne,Smith,51,200789,CT,2020-12-02
664,Denise,Lin,46,102917,MH,2023-08-31
665,Christina,Arroyo,29,183440,VI,2020-01-30
666,Melissa,Washington,45,196405,MI,2019-01-04
667,Michael,Gordon,70,158902,PA,2021-10-05
668,Brenda,Beck,80,53918,NV,2023-08-15
669,Jeffery,Lee,48,121215,ND,2025-08-29
670,Matthew,Hunter,44,117374,NM,2024-03-11
671,Michael,Williams,38,205671,MT,2022-06-19
672,Tony,Mendoza,24,72159,IA,2025-08-08
673,Kelly,Strong,39,137910,VI,2026-05-10
674,Melissa,Walker,62,159884,OH,2025-05-03
675,Ashley,Wilkinson,36,203692,AR,2023-02-01
676,Scott,Weber,78,134976,KY,2016-09-08
677,Elizabeth,Bell,70,229360,NY,2022-04-21
678,Kim,Knox,53,39619,WY,2023-01-01
679,Kaitlin,Rios,47,53084,PW,2023-04-03
680,Chris,Yang,38,96164,NH,2026-02-27
681,Nicholas,Phillips,38,60388,FL,2017-07-17
682,James,Solomon,80,232518,NY,2017-01-27
683,Stacey,Molina,43,164898,NH,2017-04-05
684,Reginald,Lewis,70,30301,IN,2020-12-28
685,Cory,Mccarthy,60,172237,AL,2023-04-22
686,Catherine,Silva,47,138330,TX,2021-01-04
687,Tina,White,21,79173,FM,2020-12-24
688,Robert,Brooks,51,124838,KS,2023-03-24
689,Jill,Marsh,57,228297,DC,2025-12-17
690,Sandra,Small,49,193947,MP,2021-09-02
691,Julie,Green,46,229226,SD,2023-03-26
692,Adrian,Stewart,21,83361,CA,2019-02-01
693,Amanda,Estrada,35,173974,CT,2024-12-02
694,Kelly,Allen,26,105505,FL,2023-09-17
695,Sharon,Chapman,46,213042,SD,2018-02-04
696,Jill,James,49,61831,KS,2016-12-15
697,Douglas,Jones,19,195156,AK,2025-02-21
698,Kimberly,Wallace,56,239535,AL,2024-11-24
699,Lisa,Jennings,33,216065,HI,2020-04-24
700,Nicole,Spencer,28,111461,AK,2022-12-08
701,Anne,Mason,53,33584,DC,2018-07-05
702,Grant,Arroyo,53,136952,MT,2020-04-01
703,Chelsea,Rodriguez,23,88903,AK,2019-02-09
704,Dennis,Taylor,71,59743,SD,2022-10-28
705,Lawrence,Robles,47,60793,PR,2016-07-08
706,Douglas,Lang,59,248141,HI,2020-03-30
707,Austin,Clark,27,160646,PR,2021-03-24
708,Elizabeth,Scott,77,217853,GA,2023-11-21
709,Monica,Fox,36,163397,MP,2024-02-07
710,Curtis,Glover,63,101676,UT,2024-08-07
711,Joshua,Ramirez,44,248817,MI,2025-02-23
712,Steven,Carter,48,153789,AZ,2021-06-01
713,Christopher,Thomas,33,149743,MD,2018-10-29
714,Matthew,Delacruz,53,67917,MA,2026-04-15
715,Rebecca,Clark,42,79967,VI,2016-06-07
716,Susan,Thomas,76,187123,FM,2025-04-07
717,Matthew,Baxter,50,225636,FL,2021-05-18
718,John,Rivera,74,65784,NY,2019-12-15
719,Glenn,Pace,73,48300,TN,2020-07-06
720,Kelsey,Christian,35,232552,IN,2024-03-21
721,Christina,Gibson,68,138774,CA,2023-09-19
722,Michael,Davis,39,236495,CA,2018-03-02
723,Carlos,Leblanc,50,100037,MA,2016-06-23
724,Brittany,Woodward,70,30672,OR,2017-02-28
725,Sandy,Christian,36,220329,NE,2023-10-13
726,Brianna,Webb,37,249539,WV,2020-04-27
727,Zachary,Parker,55,182023,CT,2026-04-30
728,Alfred,Lewis,60,158356,GU,2019-11-28
729,Denise,Gregory,73,68953,SC,2025-05-23
730,Stephen,Carter,46,171185,IA,2023-12-08
731,Jeremy,Morales,48,120472,PA,2019-02-13
732,Kyle,Mann,39,174681,VT,2021-08-04
733,Anna,Gibson,66,172456,DC,2018-01-12
734,Melody,Baker,42,149365,AZ,2020-01-24
735,Kayla,Pittman,77,114352,NE,2017-12-01
736,Richard,Miller,73,79454,IN,2020-01-24
737,Destiny,Chase,80,212845,VT,2022-12-16
738,Kelly,Bennett,33,179893,MI,2019-03-09
739,Charles,Maxwell,42,91226,PA,2023-09-29
740,Michelle,Tyler,72,233304,NY,2024-03-28
741,Stephanie,Walters,44,41441,MT,2023-03-01
742,Stephanie,Camacho,38,225219,MA,2018-11-05
743,Michelle,Frank,48,214871,UT,2024-08-29
744,Kim,Wilson,76,242705,AL,2016-06-25
745,Randy,Sheppard,42,131208,RI,2022-09-10
746,Sean,Nelson,60,237721,HI,2025-06-03
747,Michele,Miller,70,200922,AR,2026-03-31
748,James,Hanson,80,69873,VT,2022-01-29
749,Bradley,Stein,49,39704,WY,2023-05-28
750,Nathaniel,Case,26,161672,AS,2019-01-18
751,Kevin,Bennett,79,184712,OH,2019-02-23
752,Laura,Hays,39,56309,PW,2023-02-27
753,Derrick,Chen,73,145423,MH,2024-11-04
754,Becky,Mullen,24,167874,NY,2022-04-29
755,Alexander,Clark,76,149780,ND,2022-12-11
756,Marcia,Benton,18,219384,PW,2020-08-17
757,Angela,Diaz,27,137473,IN,2016-08-07
758,Kayla,Owens,73,201646,TN,2018-09-21
759,Michael,Munoz,80,70464,FL,2021-06-03
760,Kimberly,Parker,22,153074,MN,2022-07-02
761,Lance,Obrien,68,99474,CO,2017-06-05
762,Elizabeth,Robinson,39,193383,IL,2024-03-13
763,Yolanda,Le,62,134197,KY,2023-08-12
764,Lori,Williams,59,51054,TN,2016-10-17
765,Dana,Taylor,72,116131,UT,2026-01-17
766,Christine,Carpenter,72,206778,GU,2017-02-09
767,Jeremy,Fuller,72,169885,CO,2019-04-18
768,Kimberly,Thompson,42,113010,OH,2025-06-25
769,Alicia,Huerta,58,218407,PW,2017-12-21
770,Madeline,Evans,74,229072,MI,2025-02-17
771,Stephen,Figueroa,49,171824,NJ,2024-10-13
772,Kristin,Miller,20,191863,OH,2017-11-23
773,Christopher,Newman,22,91543,VA,2021-10-06
774,Ashley,Warren,58,209411,MI,2017-05-15
775,Samantha,Cox,76,105334,MH,2026-01-08
776,Scott,Rivera,32,225760,OH,2025-02-06
777,Dana,Carpenter,23,143763,MI,2019-12-05
778,Angela,Mcmahon,80,55806,FL,2019-05-12
779,Andrea,Wiggins,66,196133,IN,2023-08-24
780,Rachel,Hatfield,63,56347,CT,2021-06-11
781,Corey,White,46,73611,WA,2023-10-19
782,Benjamin,Taylor,62,108503,HI,2019-11-14
783,Glenn,Alvarez,75,37588,MA,2024-08-09
784,Joshua,Harper,20,115032,NC,2025-01-25
785,Gerald,Khan,68,44711,KS,2022-06-27
786,Angela,Graves,36,123969,SC,2018-06-04
787,Michael,Reed,41,142901,AR,2017-03-09
788,Gabrielle,Wheeler,27,94014,FM,2017-05-23
789,Jose,Phelps,51,138016,RI,2018-12-25
790,Angela,Nelson,54,208729,UT,2017-07-02
791,Morgan,Walker,68,77200,FL,2020-03-25
792,Erin,Russo,28,75893,MH,2021-11-25
793,Barbara,Ward,23,189774,UT,2019-10-26
794,Nancy,Romero,73,130281,ME,2024-12-16
795,Wendy,Cochran,57,209079,IL,2025-09-08
796,Brandi,Hughes,33,160460,DE,2023-05-10
797,Patricia,Garcia,76,182871,NV,2023-04-19
798,Michael,Flores,27,90866,FM,2024-10-03
799,Kristen,Smith,47,197222,FM,2024-06-17
800,Christopher,Dickson,34,150473,MN,2017-02-22
801,Alex,Fox,34,204808,AR,2023-11-07
802,Steven,Rodriguez,18,240929,HI,2021-08-06
803,Brian,Vincent,47,105400,AZ,2020-05-16
804,Brian,Williams,61,173287,WI,2022-01-05
805,Jeanette,Sanchez,28,49362,CO,2019-06-17
806,Stephanie,Kelly,46,120587,TN,2017-03-30
807,Rodney,Villa,55,108421,WA,2024-07-01
808,Natalie,Kim,58,141230,TN,2020-07-10
809,Pamela,Garcia,62,95561,MN,2023-01-26
810,Denise,Gibbs,47,109199,IL,2021-08-18
811,Chris,Hall,30,130845,NM,2019-04-14
812,Timothy,Fernandez,72,156670,NJ,2024-05-25
813,Rebecca,White,24,92182,DC,2025-04-13
814,Deborah,Holmes,42,179926,SD,2022-02-23
815,Diane,Mccarty,40,180683,VT,2022-03-03
816,Jennifer,Perez,36,213311,MA,2024-04-19
817,Kristi,Hernandez,36,35751,MT,2024-11-12
818,Susan,Morris,80,247589,DC,2025-12-30
819,Melinda,Edwards,60,133758,FL,2022-06-13
820,Rebecca,Clark,35,32122,AZ,2025-07-02
821,Ethan,Cox,54,209778,AL,2022-02-24
822,Stephanie,Adams,67,225210,UT,2022-05-22
823,Gerald,Giles,80,42856,CT,2019-03-03
824,Courtney,Rose,76,188965,IL,2021-08-14
825,Kathy,Bowman,65,160214,PR,2022-05-13
826,Kristin,Garrett,71,105024,MI,2017-12-02
827,Corey,Cunningham,67,239416,OR,2023-06-18
828,Andrew,Martinez,32,189138,MP,2020-07-01
829,Sean,Ball,69,122358,MA,2024-05-02
830,Patricia,Brown,32,196885,CA,2023-05-15
831,Adam,Taylor,30,192762,HI,2017-10-16
832,Christopher,Compton,34,207671,VA,2025-08-21
833,Daniel,Thompson,66,218987,AS,2023-04-11
834,Zachary,Brown,67,202800,ME,2025-06-25
835,Madeline,Barrett,61,249765,PA,2022-10-26
836,Tamara,Fuller,26,194691,MN,2018-10-06
837,Kimberly,Hickman,24,194484,ND,2016-08-18
838,Michael,Holmes,59,40334,TX,2021-07-01
839,Tasha,Vega,37,236729,AR,2022-12-29
840,Joseph,Larson,46,38746,DE,2023-05-17
841,Angela,Nguyen,55,125646,MP,2024-09-26
842,Jeremy,Walton,64,64448,IA,2021-09-08
843,Jonathon,Hartman,23,107361,NV,2019-12-09
844,Barbara,Schneider,38,225947,ID,2020-02-20
845,Tyler,Armstrong,44,76042,WY,2021-02-25
846,Catherine,Horton,30,64644,AK,2016-11-13
847,Ryan,Sharp,68,171402,CA,2026-02-01
848,Meagan,Ortiz,74,125907,MS,2021-06-27
849,Brian,Harris,51,161542,AR,2018-06-22
850,Samuel,Murphy,76,101441,UT,2019-09-26
851,Hannah,Snyder,71,73134,MS,2023-09-30
852,Amy,Stone,34,246187,NY,2025-05-12
853,Kyle,Coleman,78,156313,TN,2023-04-11
854,Margaret,Moore,79,241416,AL,2026-01-30
855,Jeremiah,Silva,36,225706,ME,2026-01-17
856,Ashley,Doyle,73,118792,NY,2022-01-23
857,Heidi,Barnes,69,60191,KY,2025-01-29
858,Catherine,Sanders,47,49739,WY,2020-08-27
859,David,Ford,27,227696,NM,2018-07-22
860,Randall,Flynn,79,89143,WI,2022-01-03
861,Cynthia,Clark,73,207294,IA,2021-02-25
862,Samuel,Vargas,64,206791,OR,2024-06-08
863,Paul,Mcclure,80,134179,RI,2024-01-15
864,Robert,Powell,79,240917,MT,2017-02-22
865,Ronald,Hall,53,125885,AR,2025-01-05
866,Lisa,Roberts,23,237272,OH,2025-01-12
867,Travis,Bryant,43,33648,NJ,2022-12-21
868,Anthony,Palmer,34,170659,DE,2017-09-01
869,Jeffrey,Barker,25,149219,MN,2022-12-23
870,Stefanie,Phillips,41,206377,NH,2021-01-04
871,Ashley,Perry,65,206250,LA,2023-12-15
872,Lucas,Strong,34,183238,AK,2024-09-05
873,Rhonda,Chase,42,245591,VT,2020-08-22
874,Kristy,Diaz,58,127379,TX,2022-06-18
875,Todd,Cross,24,206904,SC,2019-07-24
876,John,Fox,32,153594,WI,2023-01-20
877,Brandon,Adams,19,192410,WI,2017-10-03
878,Ricky,Bauer,74,177169,CO,2022-08-28
879,Laurie,Barnett,38,189929,GA,2018-10-12
880,Andrew,Anderson,32,199778,RI,2019-02-05
881,Kenneth,Martinez,22,196567,NE,2025-09-28
882,Debbie,Johnson,70,151704,AL,2016-08-23
883,Christina,Newman,76,213783,NJ,2020-10-24
884,Jason,Schroeder,37,200194,NE,2019-03-27
885,Peter,Patrick,44,60585,OR,2020-07-06
886,Sarah,Chen,26,41887,NV,2023-01-20
887,Kevin,Henry,78,39754,WA,2023-11-12
888,Lisa,Davis,37,159138,DC,2022-11-02
889,Steven,Smith,25,55478,NM,2023-07-12
890,Hailey,Kelly,33,170914,LA,2017-04-04
891,Rachel,Mason,26,131881,TN,2025-11-30
892,Joanna,Harris,47,127258,NJ,2026-03-26
893,Robert,Wagner,60,224809,AZ,2024-09-24
894,Susan,Shaw,62,171608,WY,2017-10-20
895,Victoria,Cunningham,44,183967,NC,2025-04-05
896,William,Gonzalez,65,220473,TX,2021-12-22
897,Alexandra,Barker,27,138759,MA,2022-07-11
898,Rebekah,Larson,59,55957,PW,2021-09-05
899,Cathy,Berg,71,158279,AS,2023-07-14
900,Julia,Bell,57,136985,WI,2022-11-25
901,Rachael,Manning,78,103332,VT,2020-04-18
902,Michael,Brooks,20,210952,VI,2019-09-06
903,Brian,Rojas,41,86955,NJ,2022-12-06
904,Jacob,Morales,46,146574,NE,2019-11-11
905,Sarah,Middleton,78,91895,PA,2025-08-01
906,Rebecca,Osborne,72,125075,CA,2026-02-06
907,Jennifer,Martinez,24,209746,MH,2023-08-05
908,Mark,Anderson,41,172728,TX,2025-03-17
909,Brian,Clark,75,199037,TX,2021-08-04
910,Allen,Thomas,40,45872,MP,2022-12-16
911,Tina,Hernandez,43,102320,IL,2019-09-06
912,Christopher,Richardson,30,62023,MH,2022-02-03
913,David,Jennings,78,246056,PR,2020-12-25
914,Monica,Gonzalez,47,54031,RI,2025-05-13
915,Christina,Bailey,60,85602,AR,2017-06-26
916,Crystal,Garcia,59,197639,DE,2019-12-08
917,Joshua,Blackburn,56,35598,GA,2024-10-16
918,Maria,Stewart,21,236253,KS,2021-09-03
919,Tiffany,Davis,39,93850,LA,2018-05-14
920,Christopher,Hammond,26,236301,IL,2019-08-28
921,John,Johnson,54,83793,NJ,2019-10-20
922,Brianna,Kim,22,247531,SC,2023-03-10
923,Mark,Griffin,66,175282,DE,2023-11-29
924,Jeremy,Adams,31,183716,NY,2016-10-12
925,Katelyn,Kidd,31,243136,MH,2025-09-04
926,Ricky,Moss,73,91079,CO,2022-09-28
927,Thomas,Casey,39,232996,OR,2020-05-07
928,Brandon,Richardson,27,236738,GU,2022-05-09
929,Diane,Graham,75,186233,MD,2019-02-10
930,Michelle,Miller,18,102685,NY,2018-02-13
931,Shawn,Osborne,72,67929,WV,2021-04-28
932,Jennifer,Terry,26,171614,MA,2021-12-04
933,Haley,Arnold,34,239325,ND,2025-01-18
934,Michael,Jenkins,29,58816,WY,2021-09-14
935,Shelby,Mills,60,36758,RI,2020-02-22
936,Kimberly,Hubbard,26,33895,KS,2018-10-30
937,Rachael,Rhodes,40,237089,NY,2022-08-21
938,Tina,Simon,68,92372,FM,2019-03-25
939,Mackenzie,Higgins,55,114874,NY,2024-12-25
940,Nancy,Davis,19,75677,MA,2016-12-24
941,Jesse,Sutton,34,43736,ND,2017-02-28
942,Amanda,Lewis,26,224436,WA,2024-07-24
943,Anna,Moss,44,167910,GU,2020-03-13
944,Claudia,Garcia,25,225471,OK,2023-02-11
945,Suzanne,Nolan,22,154845,OH,2019-04-03
946,James,Thomas,46,233952,NY,2021-12-06
947,Juan,Martin,41,164542,LA,2017-09-02
948,Heather,Suarez,55,58587,HI,2023-06-10
949,Joseph,Kelley,46,162078,CO,2026-05-31
950,Sharon,Howard,32,191246,MO,2017-10-16
951,James,Thomas,20,220642,LA,2024-08-11
952,Christopher,James,68,202727,ME,2019-12-22
953,Samuel,Carlson,51,109070,KY,2024-01-13
954,David,Morrison,47,198647,AK,2019-07-01
955,Chad,Williams,79,38165,OH,2020-01-30
956,Angela,Malone,21,155562,WA,2022-04-02
957,Victor,Boyle,72,135281,PW,2025-09-06
958,Tracy,Adams,45,209856,TX,2017-10-07
959,Kristi,Knapp,24,158521,AL,2023-01-30
960,Laura,Hudson,63,146277,VI,2025-01-25
961,Cathy,Steele,22,51178,GU,2020-10-03
962,Robert,Cooke,38,189461,UT,2018-01-23
963,Steven,Martinez,27,47218,CA,2025-11-02
964,Beth,Chase,26,102093,AZ,2017-08-30
965,Rebecca,Stanton,57,195957,KS,2018-04-03
966,Jacqueline,Nelson,55,173748,NY,2018-03-13
967,Jill,Oliver,63,115245,IL,2020-10-02
968,Joshua,Davis,42,186602,NY,2018-04-23
969,Michael,Stephens,51,107305,IN,2016-08-22
970,Jennifer,Warren,47,162527,AZ,2018-08-17
971,Franklin,Zavala,56,142774,TN,2016-09-29
972,Michael,Webb,24,237905,PW,2021-04-06
973,Edward,Cunningham,62,59992,RI,2021-05-08
974,Harry,Clark,72,201629,KS,2019-10-08
975,Tonya,Delgado,59,231578,ME,2021-09-10
976,Stephanie,Hall,53,218963,WA,2021-11-22
977,Elizabeth,Johnson,73,86367,TN,2018-11-21
978,David,Buck,45,148372,NC,2024-07-26
979,Andrew,Powell,74,89898,MP,2021-10-21
980,Joseph,Mitchell,44,118848,MP,2020-02-28
981,Christopher,Taylor,70,148882,IA,2025-04-24
982,Margaret,Guzman,43,139049,OK,2025-11-08
983,Timothy,Walker,64,54926,MA,2017-03-04
984,Jason,Smith,38,141873,TN,2022-02-06
985,Edward,Anderson,38,204354,MA,2023-03-09
986,Tina,Duran,34,128120,MH,2022-04-22
987,Erin,Gardner,79,70013,NM,2016-09-08
988,Courtney,Stein,61,154326,WA,2026-04-17
989,Benjamin,Harrell,22,53914,OR,2018-11-03
990,Ricardo,Marquez,71,52377,KY,2016-07-28
991,Krista,Dunlap,23,143213,HI,2018-12-24
992,Ronald,Williams,24,225189,WV,2024-12-12
993,Brandon,Williams,65,127687,WV,2016-10-09
994,Mariah,Sanders,69,64108,OH,2025-04-14
995,John,Harris,53,45723,DE,2022-12-01
996,Ronald,Lee,55,177216,PA,2023-05-03
997,Courtney,Fletcher,53,116414,ME,2024-07-26
998,Victoria,Juarez,60,62042,IA,2020-06-13
999,Charles,Murray,44,122693,MI,2019-04-01
1000,Melissa,Anthony,73,204415,NV,2017-07-29
1001,Darlene,Johnson,78,226682,NH,2025-12-27
1002,Robert,Graham,45,219021,WV,2020-06-01
1003,Vanessa,Marshall,21,105400,DE,2019-12-18
1004,Sarah,Alvarez,56,111906,GU,2025-01-08
1005,Anthony,Aguilar,40,57158,TN,2025-10-26
1006,Kyle,Smith,54,163015,NE,2019-04-18
1007,Elizabeth,Stanley,31,70561,CO,2016-09-17
1008,Lauren,Mata,60,156403,SC,2019-11-01
1009,Jimmy,Barber,32,58368,OR,2024-12-25
1010,Taylor,Jordan,40,175821,PA,2022-01-01
1011,Eduardo,Miller,41,60116,AR,2018-07-27
1012,Jade,Strickland,66,103024,VI,2017-11-12
1013,Fred,Carter,54,89286,DC,2021-12-29
1014,Natasha,Clark,69,142489,IL,2022-05-04
1015,Austin,Allen,72,177053,OK,2020-04-16
1016,Sherri,Wright,80,231177,PW,2023-07-23
1017,Sean,Huber,70,192981,SD,2018-09-12
1018,Steven,Castillo,57,206941,PW,2019-07-02
1019,Sharon,Smith,59,175945,NV,2026-01-02
1020,Kevin,Lewis,19,189644,LA,2024-08-13
1021,Brittany,Wood,77,202446,NV,2019-10-13
1022,Shannon,Orozco,71,211789,WY,2023-01-03
1023,Jorge,Hebert,35,37589,MH,2023-06-28
1024,Stephen,Vaughan,29,101636,VI,2026-03-26
1025,Shelly,Patrick,62,229861,ME,2024-12-24
1026,Scott,Hernandez,37,119082,HI,2021-10-18
1027,Michael,Cruz,40,31600,NH,2021-10-30
1028,Matthew,Williams,29,67552,MP,2024-11-24
1029,Robert,Riley,54,202318,MP,2025-03-02
1030,Emily,Long,43,48241,OK,2020-11-26
1031,Karen,Green,27,224240,DC,2026-01-17
1032,Andrea,Roach,58,38036,TX,2019-11-05
1033,Benjamin,Stanton,23,225588,CT,2023-04-16
1034,Zachary,Perez,51,86395,MN,2018-07-15
1035,Joseph,Cox,42,140056,NC,2023-05-17
1036,Todd,Martinez,47,119363,VT,2023-10-30
1037,William,Cunningham,28,127007,TX,2017-05-17
1038,Laura,Whitehead,37,219162,UT,2026-01-21
1039,Kimberly,Robles,38,233642,MH,2018-03-31
1040,Diana,Anderson,78,178791,IN,2025-09-08
1041,Sarah,Baker,56,52270,AL,2021-01-12
1042,Ebony,Barnett,74,43791,HI,2021-11-26
1043,John,Fischer,27,71264,OH,2022-01-01
1044,Benjamin,Hanson,66,191962,MO,2018-12-08
1045,David,Edwards,21,206676,CT,2024-02-02
1046,Noah,Carroll,23,101330,KY,2020-11-23
1047,Joshua,Jackson,46,203523,NY,2024-05-19
1048,Rachel,Jackson,45,157313,OR,2024-08-12
1049,Mallory,Young,56,145879,WA,2019-03-28
1050,Taylor,Hood,44,101609,LA,2018-05-05
1051,Patricia,Conner,31,227903,DE,2021-01-11
1052,Austin,Middleton,50,59836,OK,2017-12-17
1053,Ronald,Dominguez,40,142699,NY,2025-12-25
1054,Lisa,Pope,25,104251,MH,2018-03-09
1055,John,Clark,61,207861,KS,2026-01-30
1056,Rebecca,Roth,55,157567,HI,2026-02-21
1057,Steven,Chambers,51,204884,ID,2021-11-07
1058,Cheryl,Erickson,37,41905,MO,2018-10-20
1059,Gina,Bryant,32,133615,NV,2021-07-26
1060,Cassandra,Torres,56,44360,OK,2025-12-09
1061,Jim,Lambert,18,83588,OK,2021-09-22
1062,Vincent,Li,37,85373,MA,2021-09-17
1063,Michael,Torres,67,65975,PW,2020-01-11
1064,James,Hart,66,96982,AR,2022-09-10
1065,Troy,Gibson,36,116015,NC,2023-01-31
1066,Stacey,Vazquez,25,32026,NV,2017-11-25
1067,Joseph,Nicholson,49,225825,HI,2023-05-27
1068,Brady,Hampton,45,76057,NM,2025-04-06
1069,Kristin,Reynolds,26,129669,TN,2018-05-21
1070,Wendy,Miller,52,214463,AL,2020-12-31
1071,Andrew,Rogers,32,161140,TX,2022-11-07
1072,April,Pittman,53,248458,AZ,2024-01-14
1073,Matthew,Santos,60,241340,MA,2019-01-18
1074,Jane,Morales,40,48894,PW,2026-05-08
1075,Rebecca,Wright,43,224521,IL,2020-10-07
1076,Michelle,Barton,20,144352,VI,2022-05-14
1077,Daniel,Garcia,19,150521,IN,2017-04-22
1078,Stephanie,Hull,76,50411,OR,2023-06-06
1079,Nichole,Delgado,73,112066,MH,2020-05-22
1080,Pamela,Gould,54,142534,NH,2024-02-22
1081,Cynthia,Mendez,54,136017,AL,2020-11-19
1082,Jason,Adams,63,197809,NV,2026-04-19
1083,Hannah,Johnson,44,105894,ID,2017-12-02
1084,Elizabeth,Sanders,25,136176,NE,2020-10-29
1085,Christopher,Ortiz,19,115136,FM,2019-08-26
1086,Lee,Watson,28,240061,OH,2018-12-01
1087,Christopher,Thomas,78,192037,AR,2018-01-10
1088,Teresa,Villarreal,47,248110,TX,2025-10-20
1089,Frances,Thompson,62,124857,ID,2017-11-02
1090,Samantha,Bowers,23,144481,NE,2019-09-26
1091,Laura,Miller,72,57751,VI,2019-04-08
1092,Faith,Clark,33,144209,TN,2017-07-21
1093,Tina,Huber,55,134975,MT,2017-10-27
1094,Luis,Chase,51,50616,MP,2024-06-12
1095,Jennifer,Murray,43,111336,WY,2022-08-08
1096,Luke,Duarte,65,119001,ID,2016-08-28
1097,Kenneth,Zimmerman,32,117311,LA,2016-09-04
1098,Patrick,Tran,67,74074,ND,2016-12-16
1099,Jack,Stephens,22,163820,NY,2024-05-13
1100,Andrew,Liu,58,59891,ND,2016-08-08
1101,Mary,Johnson,51,163680,MA,2026-06-01
1102,Jessica,Garcia,30,233483,MI,2021-09-02
1103,Jonathan,Duran,40,122038,PA,2016-07-09
1104,Maria,Evans,64,244682,WA,2019-11-30
1105,Jamie,Rowe,59,243657,ND,2020-10-28
1106,Ryan,Nelson,27,91936,IN,2021-03-22
1107,Mark,Holmes,24,68389,MS,2021-11-24
1108,Dan,Rodriguez,34,81713,MT,2026-04-06
1109,Elizabeth,Myers,29,187915,OH,2025-07-10
1110,Emily,Bryant,27,229285,ID,2018-06-30
1111,Alyssa,Parker,66,201837,DE,2020-12-31
1112,Kathleen,Franklin,22,76437,FM,2021-06-16
1113,Michael,Griffith,78,232597,NC,2024-12-13
1114,Paul,Jacobs,58,159529,ND,2026-04-09
1115,Kristy,Jennings,47,227773,NH,2026-02-11
1116,Nicole,Park,54,229197,KS,2018-09-26
1117,Brandon,Henry,55,147677,FM,2024-06-28
1118,Kyle,Hansen,61,177978,NJ,2023-07-09
1119,Tristan,George,59,196539,NJ,2020-12-19
1120,Rhonda,Davis,57,114727,AZ,2016-10-20
1121,Paul,Hines,73,194421,PW,2020-11-12
1122,Rebecca,Hanson,38,69572,GA,2021-11-26
1123,Corey,Jones,46,47900,MH,2023-09-17
1124,Ashley,Vance,48,145922,AS,2017-12-18
1125,Jose,Wagner,58,109382,IA,2019-09-11
1126,Timothy,Flynn,68,102004,KY,2020-01-03
1127,Suzanne,Glass,55,44725,MN,2020-01-21
1128,Daniel,Coleman,40,162995,WV,2025-10-28
1129,Anna,Robertson,22,111371,NY,2017-01-30
1130,Susan,Cunningham,47,148466,MT,2022-10-12
1131,Brian,Hoffman,20,44913,NV,2023-04-23
1132,Nicole,Rodriguez,41,248024,ID,2020-06-04
1133,Christopher,Galvan,36,50114,MS,2020-12-25
1134,Troy,Myers,59,53670,CA,2019-10-19
1135,Daniel,Rodriguez,57,185734,MT,2025-06-01
1136,Matthew,Shields,50,130789,NH,2022-06-27
1137,Stephen,Patton,47,182129,MI,2018-09-24
1138,Jamie,Clements,53,237570,OK,2018-10-26
1139,William,Diaz,65,40753,LA,2021-02-20
1140,Ryan,Flores,46,242288,WY,2023-06-29
1141,William,Wright,54,200875,MO,2019-06-06
1142,Chloe,Wood,30,114286,MN,2021-03-07
1143,Joshua,Smith,56,154683,VI,2018-09-07
1144,Erin,Bernard,50,69547,KY,2018-01-25
1145,Brianna,Dalton,79,46219,UT,2019-08-11
1146,Kelly,Williams,46,57132,KY,2018-04-27
1147,Jason,Mack,69,249513,SD,2021-09-27
1148,Tamara,Miller,39,217253,ME,2021-07-12
1149,Sean,Gomez,23,162264,MT,2018-05-03
1150,Marie,Holmes,59,75235,DE,2016-11-30
1151,William,Garcia,20,94944,CT,2020-04-04
1152,Matthew,Robinson,63,144755,VT,2017-05-31
1153,Jacqueline,Caldwell,46,167381,AZ,2017-07-20
1154,Regina,Walker,51,189856,PW,2019-10-04
1155,Amy,Nelson,28,125393,TX,2022-11-15
1156,Raymond,Curry,41,104158,MN,2016-07-16
1157,Margaret,Edwards,42,137156,VT,2021-12-06
1158,Holly,Ruiz,67,118700,NJ,2017-04-08
1159,Kyle,Ewing,61,186732,NC,2024-08-19
1160,Jennifer,Gardner,21,236891,PR,2023-03-30
1161,Danny,Lawrence,58,199687,MA,2018-06-29
1162,Daniel,Lopez,39,47278,NM,2021-07-09
1163,Jason,Potts,39,54774,KY,2023-05-27
1164,Kristopher,Jones,53,207833,KY,2018-06-29
1165,William,Solis,42,104487,DC,2026-02-06
1166,Kelsey,Lee,34,219722,NM,2018-05-18
1167,Juan,Payne,72,202114,SD,2026-03-14
1168,Scott,Vang,79,187994,NV,2020-02-27
1169,Linda,Gibson,73,69419,WY,2019-11-21
1170,Eugene,Downs,39,51365,IA,2021-04-01
1171,Patricia,Morgan,55,203961,VA,2024-07-26
1172,Alexandra,Martinez,27,121703,WY,2019-02-25
1173,Matthew,Phelps,37,201980,KS,2017-11-06
1174,William,Vincent,62,203574,CA,2018-05-03
1175,Jennifer,Rodriguez,43,63803,OR,2024-01-11
1176,Felicia,Casey,56,215816,OR,2021-02-24
1177,John,Petersen,78,52208,MS,2021-01-07
1178,Jamie,Buck,37,176518,KS,2024-11-03
1179,Dawn,Williams,42,198687,VI,2025-06-02
1180,Jacqueline,Miller,68,116108,TN,2020-06-24
1181,David,Phillips,70,63500,WY,2021-06-04
1182,Crystal,Johnson,60,214242,TX,2021-04-26
1183,Sandra,Green,71,223665,DC,2022-07-03
1184,Richard,Daniels,61,167990,HI,2026-01-07
1185,Antonio,Monroe,23,199351,WV,2023-02-10
1186,Michael,Hood,60,140993,MI,2022-10-17
1187,Anthony,Shaw,50,124851,MO,2023-09-29
1188,Tina,Pena,19,125052,FM,2017-03-17
1189,Michael,Reed,37,77254,VT,2017-03-28
1190,Michelle,Payne,78,86149,KS,2021-09-17
1191,Michael,Rubio,39,230843,NV,2019-01-18
1192,John,Bauer,49,80333,NV,2022-02-18
1193,David,Leach,32,66061,AL,2016-07-08
1194,Peter,Diaz,27,50228,MH,2017-01-31
1195,Debra,Fields,36,236600,NC,2018-05-17
1196,Shannon,Hunter,24,163087,NJ,2020-03-18
1197,Justin,Scott,67,171497,IL,2019-01-17
1198,Paul,Hernandez,71,223631,HI,2017-06-28
1199,Dylan,Jones,74,168027,NY,2020-03-24
1200,Bruce,Patton,20,203520,AZ,2023-04-19
1201,Sue,Barnes,39,230882,TN,2024-05-11
1202,Malik,Harris,57,64353,LA,2019-05-06
1203,Sandra,Banks,56,128754,TX,2020-07-24
1204,Emily,Williams,27,72532,ID,2020-02-25
1205,Bruce,Koch,29,247932,VI,2022-01-29
1206,Holly,Jackson,62,232138,ND,2019-11-26
1207,Phillip,Wilson,57,242085,OR,2017-04-28
1208,Brandon,Mccormick,75,73395,VT,2025-05-08
1209,Matthew,Deleon,64,144733,MI,2017-02-06
1210,Kevin,Rodriguez,20,137704,CT,2018-07-27
1211,Katelyn,Pham,41,207304,WI,2020-09-06
1212,Joshua,Conner,64,92267,PR,2018-04-10
1213,Cheryl,Wright,80,146444,MP,2022-05-09
1214,Keith,Anderson,57,104692,NE,2025-05-08
1215,Patricia,Adams,66,226224,CT,2018-09-25
1216,Brandon,Wells,68,147683,MT,2016-10-12
1217,Christina,Stevens,32,169987,NE,2019-04-26
1218,Heather,Jones,33,111125,WI,2019-07-16
1219,Anthony,Singh,79,241975,NV,2021-12-19
1220,Jessica,Evans,68,152949,TN,2025-08-03
1221,Robert,Hutchinson,75,248919,GU,2018-03-25
1222,Steven,Campbell,30,126427,IN,2016-09-21
1223,Derek,Vazquez,61,179532,CT,2022-07-27
1224,Lawrence,Richards,46,151026,MH,2017-06-27
1225,Joshua,Nelson,67,103864,MP,2023-05-21
1226,Scott,Sharp,67,130105,FM,2024-02-10
1227,Travis,Lopez,50,168270,GU,2023-08-10
1228,Cynthia,Cruz,44,72482,IN,2018-02-21
1229,Trevor,Holland,70,82349,ME,2022-02-24
1230,James,White,69,188508,OR,2025-01-11
1231,Mark,Lee,26,95536,NJ,2017-09-18
1232,Christina,Malone,21,198081,SC,2018-10-19
1233,Jeffrey,Ramos,48,127311,RI,2017-12-11
1234,Frederick,Taylor,53,56893,OK,2025-09-07
1235,Matthew,Martinez,63,165242,ID,2018-03-20
1236,Brandi,Middleton,72,62683,NH,2024-02-19
1237,Christopher,Cunningham,36,51987,IL,2022-12-29
1238,Tracy,Duarte,66,72024,DC,2020-05-25
1239,Chris,Parks,35,147786,WA,2023-02-02
1240,Joshua,Navarro,75,164572,NV,2022-05-25
1241,Matthew,Roberson,27,247853,DE,2020-08-11
1242,Evan,Henry,45,54042,OK,2017-09-09
1243,Lauren,Anderson,78,88205,OH,2018-06-22
1244,Victoria,Nguyen,70,148260,MH,2025-12-20
1245,William,Moore,74,121641,CT,2022-04-24
1246,Toni,Adams,77,36991,LA,2019-11-17
1247,Alison,Stewart,44,43960,NJ,2023-08-05
1248,Hailey,Coleman,43,161598,MN,2026-04-24
1249,Christine,Ortiz,41,91807,KS,2020-09-18
1250,James,Golden,42,51392,FM,2018-02-03
1251,Lauren,Callahan,41,88861,SC,2024-12-22
1252,Kimberly,Richard,19,113541,IN,2023-01-28
1253,Wendy,Salas,77,55974,WA,2021-01-26
1254,Timothy,Wang,71,217355,MP,2021-11-06
1255,Richard,Newton,59,117894,MI,2019-10-08
1256,Stacy,Madden,68,68285,CA,2017-09-02
1257,Barbara,Mills,26,40040,AK,2021-03-08
1258,Gregory,Wright,36,247517,ND,2024-11-11
1259,Michael,Williamson,48,212471,IN,2022-10-16
1260,Thomas,Harper,71,66383,TN,2016-07-18
1261,Hannah,Garcia,66,214952,KS,2024-05-09
1262,Gregory,Martin,48,147598,NY,2023-12-23
1263,Patricia,Mcbride,57,31376,GU,2019-01-18
1264,Robert,Mooney,75,50768,WY,2017-02-20
1265,Lori,Cole,19,97088,FM,2022-12-26
1266,Charles,Wolf,31,248880,VI,2022-12-28
1267,Angela,Harris,27,173865,OK,2022-01-21
1268,Timothy,Hayes,78,220640,NM,2018-03-09
1269,Kathleen,Payne,56,168352,VA,2016-08-03
1270,Lori,Sharp,45,59146,LA,2018-05-08
1271,Jared,Thomas,67,105524,AR,2017-06-23
1272,Robert,Huff,33,108944,CA,2020-05-15
1273,Laura,Jones,25,42517,IA,2023-07-22
1274,John,Phillips,33,140054,MO,2017-06-08
1275,Hannah,Fisher,58,238115,WV,2022-03-12
1276,Dawn,Hunt,57,149829,LA,2022-09-17
1277,Michelle,Montes,22,59060,IL,2022-08-23
1278,Sarah,Anderson,71,161027,MI,2017-12-09
1279,Crystal,Clark,56,170523,NM,2025-11-05
1280,Paul,Lewis,19,195663,SD,2021-05-04
1281,Carrie,Nguyen,50,180745,MD,2025-09-09
1282,James,Thornton,33,218362,ME,2019-05-13
1283,Christian,Avery,27,106355,MT,2020-10-18
1284,Makayla,White,45,30410,MD,2018-02-02
1285,Nicholas,Wilson,57,122488,NY,2018-07-20
1286,Stephanie,Carlson,33,179596,TX,2022-12-08
1287,Phyllis,Baker,44,79103,GU,2020-05-17
1288,Rhonda,Sharp,60,205168,IA,2018-06-17
1289,Christina,Thomas,23,167228,NC,2024-06-28
1290,Hunter,Parker,80,124530,VA,2025-06-24
1291,Phillip,Cox,22,167903,MH,2019-08-09
1292,Maureen,Larson,52,162992,AZ,2017-03-29
1293,Jeffrey,Clark,68,163070,MS,2021-08-05
1294,Andrew,Washington,53,35330,OH,2019-05-22
1295,Michael,Adkins,42,153243,DE,2021-11-02
1296,Caitlin,Farmer,20,196637,MN,2022-05-29
1297,Benjamin,Brewer,42,127858,FL,2026-03-30
1298,Lori,Burton,34,225904,NC,2025-07-25
1299,Steven,Martinez,19,123610,KY,2025-03-17
1300,Andrea,Jones,68,47710,MO,2019-04-02
1301,Mitchell,Jackson,40,93209,NC,2020-09-26
1302,Thomas,Jimenez,64,202255,WY,2022-10-31
1303,Melissa,Tyler,58,57174,CO,2023-02-09
1304,Bryce,Gonzalez,67,182542,IN,2022-11-16
1305,Samantha,Hobbs,65,228358,UT,2022-02-11
1306,Charles,Williams,39,64972,ND,2020-01-18
1307,Kristen,Garza,20,122353,UT,2023-07-22
1308,Gregory,Jimenez,52,118748,WI,2023-12-17
1309,Shawn,Sullivan,70,198505,AZ,2017-01-10
1310,Andrew,Martin,29,247680,MP,2019-01-16
1311,Virginia,Lowery,67,209485,OR,2020-03-23
1312,Melanie,Ellis,47,212292,VI,2017-06-07
1313,Julia,Moss,48,195605,HI,2016-06-23
1314,Laurie,Brown,29,242729,CA,2025-06-17
1315,Joel,Powell,26,46541,IA,2021-09-11
1316,Robert,West,63,233473,ID,2023-07-19
1317,Megan,Ramirez,78,149977,FM,2024-09-11
1318,Tammy,Martin,20,106924,IL,2024-06-29
1319,Tanner,Nash,30,41483,KY,2022-05-23
1320,David,Smith,68,82289,SC,2025-06-10
1321,Sheena,Glenn,74,40985,AZ,2021-08-14
1322,Ashley,Colon,38,111284,KY,2018-07-11
1323,Brooke,Edwards,50,134392,HI,2023-01-09
1324,Ronald,Hale,70,172352,NC,2017-01-11
1325,Rebecca,Baldwin,48,96404,VA,2019-07-09
1326,Patricia,Curtis,20,227470,MH,2022-04-27
1327,Brandi,Leon,59,80096,NH,2016-10-15
1328,Shelly,Wright,36,123578,NV,2024-07-31
1329,Miguel,Wilson,73,234692,TX,2022-07-07
1330,Lisa,Herman,21,201896,IL,2026-02-20
1331,Jonathan,Spears,39,101622,DE,2023-02-04
1332,Anthony,Gallegos,25,239542,NV,2021-08-04
1333,Matthew,Stewart,41,144544,ME,2026-01-10
1334,Brian,Ruiz,74,134863,MH,2025-09-01
1335,Wendy,Jensen,65,145274,CA,2021-08-30
1336,Antonio,Hendricks,75,131356,MH,2020-03-25
1337,Holly,Romero,39,78973,SC,2017-07-07
1338,Jodi,Turner,49,211421,CO,2018-09-20
1339,Alexander,Johnson,49,126297,MD,2024-03-24
1340,Michael,Donaldson,77,239005,MT,2020-10-21
1341,John,Allen,51,99919,AS,2019-04-06
1342,Sean,Phillips,69,51656,IL,2024-10-19
1343,George,Becker,64,141280,IA,2019-12-08
1344,Steven,Gutierrez,23,142881,NM,2023-01-05
1345,Stacy,Lester,56,245571,SD,2026-04-27
1346,Susan,Sparks,29,172992,MD,2017-07-16
1347,Shawn,Reyes,36,114203,NY,2019-02-20
1348,Faith,Thompson,24,50989,IA,2020-11-28
1349,Sarah,Elliott,38,203256,AZ,2026-03-01
1350,Joshua,Castillo,36,110346,NV,2017-11-12
1351,David,Nelson,46,187973,PR,2017-10-29
1352,Jacob,Tanner,63,141703,OR,2024-01-02
1353,Jennifer,Willis,28,210817,NY,2021-12-17
1354,Kristin,Wagner,46,122155,SC,2025-03-09
1355,Rebecca,Davis,46,41103,MD,2021-12-17
1356,Adam,Lowe,64,122421,TN,2019-02-08
1357,Allen,Ramirez,57,144017,GA,2022-01-07
1358,Robin,Lee,35,197633,IL,2025-01-11
1359,Nichole,Smith,80,237481,VA,2021-05-27
1360,Devin,Anderson,78,45036,KS,2017-04-04
1361,William,Friedman,22,205946,NE,2019-12-25
1362,Sean,Klein,58,136485,KS,2017-06-24
1363,Brandon,Johnson,41,164502,PA,2022-06-13
1364,Amy,Brown,69,226581,NH,2025-04-22
1365,Jennifer,Fischer,61,71939,WA,2025-05-05
1366,William,Price,78,38163,NJ,2017-03-23
1367,Andrew,Morris,27,189271,MH,2022-05-25
1368,Jill,Shea,61,234816,PR,2024-02-23
1369,Carol,Colon,46,39122,GA,2023-03-05
1370,Stephen,Brown,26,47624,VT,2020-10-21
1371,Paul,Leach,33,234083,DE,2026-03-08
1372,Gina,Castro,59,126030,AS,2025-06-27
1373,Kelly,Patel,41,130362,CA,2017-05-02
1374,Shawn,Howell,78,178699,ID,2024-05-03
1375,Patricia,Jimenez,20,188621,GU,2020-05-04
1376,Roberto,Frazier,27,208012,LA,2019-07-05
1377,Jacqueline,Gonzalez,46,127246,MA,2023-02-04
1378,Carolyn,Hogan,41,146376,DC,2019-10-01
1379,Rick,Wilson,66,50155,NH,2018-05-04
1380,Kelsey,Stuart,54,66095,PA,2023-03-31
1381,Michael,Mills,51,126193,VI,2017-06-23
1382,Michael,Henry,43,112414,CT,2021-12-12
1383,Laura,Holt,59,103056,MA,2024-10-14
1384,Jean,Hamilton,33,59739,IN,2020-04-01
1385,Brian,Lewis,19,222852,SC,2025-10-19
1386,Shelby,Brown,29,160821,AL,2018-03-29
1387,Daniel,Galvan,51,131446,MH,2019-07-02
1388,Kathryn,Braun,76,177239,OR,2026-04-10
1389,Alexis,Reynolds,25,98623,NC,2023-01-03
1390,Danielle,Sharp,67,98233,RI,2020-01-07
1391,Pamela,White,63,146987,CT,2018-06-17
1392,Craig,Harper,31,190399,WV,2017-08-22
1393,James,Bailey,36,211922,MO,2017-12-24
1394,Thomas,Allen,76,158765,NY,2018-09-15
1395,Rebecca,Carter,30,62148,FM,2022-11-14
1396,Matthew,Crawford,26,49412,AS,2017-01-09
1397,Marisa,Edwards,46,75260,UT,2022-11-13
1398,Ian,Sawyer,75,217005,MA,2023-08-12
1399,Cody,Arellano,46,53013,MN,2025-11-11
1400,Patricia,Brewer,69,208763,OR,2019-06-14
1401,Charles,Tate,79,113778,MT,2021-09-17
1402,Rebecca,Pace,60,121075,CT,2020-10-14
1403,Ray,Peterson,63,47023,NJ,2024-01-22
1404,Michael,Clayton,53,172126,WA,2023-08-24
1405,Ashley,Wells,36,108631,VA,2022-05-01
1406,Phyllis,Mathis,72,71289,OH,2022-10-28
1407,Pamela,Richard,63,216007,IA,2021-05-18
1408,Edward,Thornton,77,213558,WI,2023-01-26
1409,Jerry,Huynh,58,75636,OH,2016-12-05
1410,Sharon,Harris,68,124763,CO,2023-04-17
1411,Antonio,Cisneros,50,88783,AR,2022-07-14
1412,Manuel,Allison,25,82685,NV,2016-12-12
1413,Robert,Hartman,68,66405,OH,2023-11-25
1414,Ryan,Blair,33,237191,WA,2016-08-28
1415,Stephanie,Bernard,49,36890,WY,2016-10-27
1416,Raymond,Sanders,41,175233,DE,2016-12-12
1417,Paige,Anderson,54,126707,MO,2019-09-28
1418,Michele,Green,47,240675,NC,2021-01-03
1419,Hunter,Turner,80,174610,RI,2020-07-08
1420,Amy,David,26,190418,NH,2016-08-05
1421,Christina,Baker,74,52600,OH,2023-06-27
1422,Kelly,Ross,22,111078,CO,2019-09-04
1423,Joshua,Jones,43,217939,VA,2023-10-01
1424,William,Montgomery,64,155479,MT,2024-12-11
1425,Brandi,Wright,51,137687,LA,2017-07-31
1426,Joseph,Ramirez,67,137330,AR,2024-10-19
1427,Alicia,Robles,70,180706,MS,2019-08-12
1428,Joanna,Hogan,22,62853,MD,2022-07-27
1429,Andrea,Nixon,80,113106,CT,2020-11-09
1430,Craig,Campbell,59,49441,AS,2025-07-25
1431,Cynthia,Kelley,46,152115,VT,2019-05-16
1432,Michael,Baker,61,165622,OR,2020-12-19
1433,Shelby,Beck,40,63642,VI,2025-08-06
1434,Pamela,Bennett,74,247331,SD,2020-02-18
1435,Robert,Mitchell,67,174520,SD,2024-09-11
1436,Justin,Burke,58,184084,WI,2020-12-17
1437,Kevin,Wyatt,29,231269,MH,2024-03-08
1438,Christine,Curry,79,63825,NV,2016-09-14
1439,Tamara,Thomas,45,161822,VI,2021-03-15
1440,Mark,Haas,76,44526,PW,2017-07-23
1441,Anthony,Dominguez,71,62548,DE,2017-02-25
1442,Gary,Jones,51,70112,UT,2016-07-06
1443,Carlos,Cox,37,73163,FM,2021-04-22
1444,Roberta,Adams,28,114583,NM,2023-10-02
1445,James,Foley,77,215947,VI,2020-07-25
1446,Paul,Castillo,32,120707,NJ,2019-09-27
1447,Charles,Sanchez,78,166025,IL,2021-11-11
1448,Dana,Thornton,75,104461,NH,2022-09-21
1449,Laura,Wright,72,50672,OH,2021-04-01
1450,Marc,Flores,34,81459,AL,2024-12-21
1451,Alyssa,Davis,58,174399,AK,2022-05-26
1452,Rachel,Thomas,35,62812,MH,2021-08-10
1453,Jamie,Lee,58,109383,IN,2023-06-15
1454,Megan,Welch,57,169848,WA,2018-06-27
1455,Christopher,Pope,23,161746,NY,2024-04-12
1456,Barbara,Morgan,59,74206,AZ,2016-09-26
1457,Theresa,Wilson,55,182212,GA,2026-01-30
1458,Ashley,Ramirez,27,74879,WY,2018-10-21
1459,Christine,Leon,60,193703,CA,2016-12-23
1460,Gregory,Molina,64,188633,IN,2019-08-12
1461,April,Hale,39,177749,VI,2025-02-09
1462,Sandy,Rivera,20,246330,GU,2022-10-21
1463,Frank,Lopez,73,37437,MI,2020-05-08
1464,Lisa,Gallagher,23,41917,SD,2018-05-29
1465,Laurie,Richards,78,198153,KY,2016-08-09
1466,Craig,Franklin,67,181197,AS,2019-07-23
1467,Mark,Lam,34,200689,AZ,2023-11-14
1468,Christopher,Wilkinson,31,231053,SC,2023-12-16
1469,Amanda,Rice,54,139205,GU,2017-06-30
1470,Edgar,Scott,57,197507,ME,2022-03-26
1471,Ashley,Henson,19,160557,VI,2016-11-06
1472,Todd,Vance,74,194407,MP,2024-07-19
1473,Wanda,Douglas,52,105935,MP,2017-11-25
1474,Kristy,Reed,59,109192,OR,2020-07-30
1475,Ethan,Daugherty,48,94193,MT,2022-06-30
1476,Jared,Hernandez,69,241641,AL,2017-03-18
1477,Carrie,Li,61,136454,IA,2023-01-20
1478,Diana,Crawford,37,148893,GU,2020-01-31
1479,Matthew,Frederick,22,210515,CT,2022-10-17
1480,Charles,Rogers,21,71439,IL,2024-04-03
1481,Jessica,Barber,46,138952,OH,2023-01-11
1482,Heather,Martin,48,151750,ID,2021-12-15
1483,Samantha,Thompson,31,119179,FL,2024-02-06
1484,Kevin,Marquez,56,67661,OR,2023-07-03
1485,Jessica,Owens,38,218314,VA,2017-10-01
1486,William,Cummings,38,222466,ID,2020-03-20
1487,Rhonda,Dixon,73,120536,UT,2023-01-23
1488,Ronald,Ford,80,134521,MP,2016-11-26
1489,Catherine,Sherman,26,229403,MT,2018-02-13
1490,Melanie,Cole,41,164998,NJ,2017-09-15
1491,Erica,Townsend,53,57835,LA,2024-08-24
1492,Alexander,Thompson,38,93370,SD,2021-10-07
1493,Brianna,Nicholson,47,62118,SD,2021-04-28
1494,Linda,Jackson,35,147858,OK,2026-05-30
1495,Mary,Santiago,33,66930,ID,2017-09-02
1496,Adam,Berger,24,43265,AS,2022-04-11
1497,Sarah,Dunn,36,130702,WI,2016-07-15
1498,William,Meyer,73,191317,NE,2024-10-14
1499,Steven,Mercer,44,95082,NJ,2022-07-10
1500,Aaron,Boyd,79,71864,SC,2017-03-07
1501,Phillip,Dean,70,115835,WV,2023-10-01
1502,Emily,Washington,77,181437,MP,2021-06-01
1503,Thomas,Li,64,111976,RI,2026-04-02
1504,Matthew,Cummings,30,230047,KS,2017-06-14
1505,Kimberly,Chan,28,160617,MN,2025-12-30
1506,Andrew,Fleming,50,152372,ND,2023-05-28
1507,Tammy,Pearson,49,110882,KS,2017-10-28
1508,Renee,Acosta,49,36075,IL,2022-05-31
1509,Kevin,Freeman,23,133086,TX,2024-11-26
1510,Keith,Taylor,50,149860,LA,2020-10-16
1511,Jennifer,Whitaker,79,93105,NY,2025-03-23
1512,Connie,Atkinson,31,182920,AR,2024-11-26
1513,Suzanne,Farley,40,42755,OR,2018-07-23
1514,Jared,Harris,21,103755,SC,2020-01-14
1515,Kristopher,Williams,49,186635,LA,2017-10-31
1516,James,Moyer,74,201510,NH,2023-11-19
1517,John,Cox,61,153361,NH,2021-07-03
1518,Kristen,Adkins,36,170690,SD,2018-04-10
1519,Jessica,Flores,18,58179,LA,2023-05-29
1520,Rhonda,Hanson,45,65110,UT,2025-09-17
1521,Michael,White,74,99329,CT,2026-01-16
1522,Destiny,Kim,64,125886,NE,2026-01-08
1523,Melissa,Rogers,66,135710,SC,2024-04-15
1524,Thomas,Cochran,41,41860,NJ,2021-10-31
1525,John,Johnson,43,43410,TX,2019-09-21
1526,Curtis,Sutton,54,177276,MH,2019-05-04
1527,Melissa,Mann,30,125033,OK,2019-08-11
1528,Christine,French,53,105655,VA,2018-03-13
1529,Elizabeth,Collins,22,131279,UT,2019-06-28
1530,Anna,Farmer,50,148057,MH,2020-12-14
1531,William,Russo,66,174141,MI,2023-02-20
1532,Gabriela,Gilmore,35,246350,KS,2026-03-30
1533,Amber,Hartman,57,208362,ME,2022-06-03
1534,Janice,Henderson,57,61145,MI,2026-02-04
1535,Justin,Peters,26,55344,VI,2022-05-15
1536,Benjamin,Townsend,43,127831,IA,2017-01-19
1537,Barbara,Nichols,68,118889,PA,2022-09-04
1538,Vanessa,Serrano,53,125841,ME,2016-07-03
1539,Jimmy,Mitchell,66,67818,TX,2021-06-07
1540,Gregory,Davis,30,187932,MD,2017-09-18
1541,Carrie,Martinez,50,135221,IN,2024-08-15
1542,Michelle,Weaver,50,40552,SC,2021-08-27
1543,Kenneth,Gonzalez,20,40201,IN,2017-06-15
1544,Michelle,Martinez,26,217063,MH,2025-09-09
1545,Stephen,Diaz,39,240754,DC,2018-04-16
1546,Howard,Murphy,48,166139,OH,2021-04-04
1547,Stephanie,Kelly,47,69043,TX,2018-06-16
1548,April,West,56,165136,ID,2018-07-10
1549,Michelle,Ali,26,115974,SD,2025-01-28
1550,Susan,Hayes,77,190712,RI,2020-07-02
1551,Daniel,Owen,38,72598,NH,2025-01-23
1552,Courtney,Dennis,43,191611,DC,2020-10-15
1553,Peter,Garcia,65,108442,OH,2025-04-05
1554,Allison,Boyd,55,118178,PA,2016-09-03
1555,Jim,Lopez,50,247131,NJ,2025-06-15
1556,Miguel,Hardin,50,169549,AK,2023-03-04
1557,Christopher,Burton,49,215791,IL,2018-08-31
1558,Christopher,Steele,54,108588,WI,2023-03-06
1559,Jennifer,Porter,48,243843,NJ,2023-09-11
1560,Michael,Haynes,19,126562,IA,2024-04-04
1561,Patricia,Herrera,39,206634,OR,2025-12-30
1562,Veronica,Adkins,25,139193,NY,2022-07-11
1563,Emily,Walls,55,110655,GA,2024-03-30
1564,Linda,Prince,68,220139,RI,2020-10-19
1565,Richard,Duke,73,210366,NH,2024-11-17
1566,Brian,Hansen,58,36985,VA,2022-11-11
1567,Shelly,Richardson,56,154410,CO,2023-04-27
1568,Anthony,Baker,34,201859,NE,2018-10-29
1569,Jill,Grant,68,233466,MD,2021-01-24
1570,Francisco,Gregory,55,181423,WI,2017-11-24
1571,Larry,Montgomery,32,219110,ND,2016-11-08
1572,Hannah,Daniel,21,182967,MP,2022-06-07
1573,Tina,Sutton,48,74698,VT,2021-05-15
1574,Veronica,Davis,51,194895,MD,2020-07-13
1575,Jacob,Escobar,64,192460,IL,2023-04-09
1576,Andrea,Huynh,67,129664,FL,2017-11-28
1577,Jeffrey,Burnett,27,245393,PA,2023-02-25
1578,Sharon,Cherry,61,93490,AR,2022-02-04
1579,Lawrence,Baker,20,180095,GA,2022-04-21
1580,Sherry,Johnson,78,213637,ME,2021-03-26
1581,Jeffrey,Davis,25,80012,GA,2023-12-14
1582,Judy,Roy,19,145615,NV,2024-08-10
1583,Andrew,Murphy,38,139780,GA,2025-09-06
1584,Michelle,Arias,27,138255,OK,2026-05-21
1585,Andrea,Brooks,62,83448,MI,2020-04-25
1586,Raymond,White,44,161548,PR,2019-07-26
1587,Jose,Morse,67,190295,AL,2023-05-13
1588,Jason,Mann,76,153628,KY,2018-12-01
1589,Richard,Lopez,73,222895,AR,2024-06-28
1590,Tracy,Leonard,64,46326,WV,2019-11-07
1591,Christian,Howard,63,66197,AL,2021-07-27
1592,Robert,Henry,51,84353,VI,2024-05-24
1593,Jennifer,Pruitt,53,115209,SD,2019-07-03
1594,Melissa,Robinson,60,155402,UT,2017-09-18
1595,Aaron,Hughes,51,128782,MT,2019-08-29
1596,Jeffrey,Johnson,38,75398,MT,2026-03-05
1597,Jill,Jackson,47,169756,HI,2020-10-16
1598,Kirsten,Campbell,39,173202,WY,2019-11-05
1599,Alan,Wright,40,207174,IN,2023-11-08
1600,Kristine,Dennis,67,218986,MA,2018-02-07
1601,Raymond,Brady,61,198639,VA,2018-03-08
1602,Nancy,Leach,69,211747,NH,2023-11-10
1603,Tyler,Perez,34,189927,GU,2018-03-07
1604,Misty,Holmes,48,80400,TX,2017-09-10
1605,Brittney,Anderson,79,94623,OH,2017-08-18
1606,Patrick,Donovan,35,176299,OK,2022-12-13
1607,Tyrone,Booker,37,88947,IA,2017-12-25
1608,Cynthia,Hunt,78,108017,MI,2022-03-13
1609,Nicolas,Oconnor,67,105760,FM,2018-06-23
1610,Mallory,House,63,84336,AS,2025-06-16
1611,Corey,Callahan,62,214808,AR,2025-09-04
1612,Glenn,Brown,49,113110,AS,2025-01-26
1613,Katherine,Brown,48,121436,MI,2016-10-16
1614,Yvonne,Dixon,53,238510,MD,2018-04-26
1615,James,Bush,64,101685,MN,2025-08-03
1616,Lindsey,Arias,36,61948,AZ,2020-09-11
1617,Dale,Martin,54,207372,FL,2016-11-25
1618,Christopher,Johnson,52,129534,DC,2022-10-23
1619,John,Lewis,75,133424,KY,2016-12-06
1620,Nicole,Webb,70,120474,HI,2024-06-30
1621,Susan,Parker,79,232654,MN,2021-07-21
1622,Joseph,Anderson,69,68397,KY,2024-11-15
1623,Megan,Norris,36,41027,FM,2020-10-03
1624,Terri,Randolph,36,217207,NM,2024-07-20
1625,Brenda,Martinez,23,120797,WI,2019-12-01
1626,Jay,Simmons,77,145966,VI,2023-06-19
1627,Andrew,Krause,59,97225,NH,2019-08-01
1628,Dave,Franklin,65,155587,NC,2023-06-03
1629,Lori,Ferguson,31,82970,RI,2017-06-14
1630,Bridget,Ross,70,171184,ND,2025-07-24
1631,Matthew,Anderson,35,177329,OH,2020-02-10
1632,Tiffany,Sanchez,62,101203,NH,2021-04-12
1633,Vincent,Larson,26,58633,CA,2024-02-25
1634,Tyler,Pineda,57,224220,DE,2017-11-25
1635,Robert,Cline,55,92726,WY,2018-11-15
1636,Brandi,Rodriguez,33,43307,NH,2025-04-07
1637,Jon,Brock,60,169209,NH,2024-11-08
1638,Kara,Cunningham,32,197233,SC,2024-06-24
1639,Ashley,Davis,32,43760,AZ,2024-01-16
1640,Julia,Zimmerman,24,138344,AK,2024-10-10
1641,Steven,Davis,39,218051,VA,2022-01-05
1642,Mark,Rush,48,56357,GA,2026-05-23
1643,Paul,Graves,61,232051,FM,2020-05-28
1644,Rodney,Myers,26,31358,FL,2021-06-19
1645,Jason,Holmes,79,174271,FM,2016-09-29
1646,Ashley,Jensen,80,71403,FL,2019-03-30
1647,Victoria,Harris,44,201151,RI,2020-11-23
1648,Connor,Villarreal,77,154701,FM,2018-01-01
1649,Debra,Mcfarland,48,200534,MN,2023-04-23
1650,Elizabeth,Castaneda,30,228157,MI,2017-05-01
1651,Patricia,Grimes,79,105299,HI,2017-08-09
1652,Dominic,Clements,38,104819,OH,2020-01-05
1653,Erika,Sullivan,59,45509,PW,2020-07-28
1654,James,Collins,76,231516,MS,2016-06-20
1655,Kimberly,Baker,23,200996,KS,2022-06-11
1656,Nicole,Williams,54,90875,OR,2021-07-03
1657,Kara,Moyer,52,223642,ND,2016-07-16
1658,Bryan,Price,64,39777,MH,2018-09-13
1659,Alicia,Gonzalez,76,75892,NE,2020-06-26
1660,Deborah,Blair,44,249573,FL,2021-04-29
1661,Vanessa,Macdonald,29,39526,KS,2026-05-16
1662,Grant,Herman,71,134069,GU,2026-05-14
1663,Valerie,Hill,68,159861,IA,2025-07-15
1664,John,Moore,29,226346,ME,2025-12-02
1665,Brian,Hoffman,79,105882,WI,2018-12-27
1666,Jeffery,Miller,74,39821,NM,2017-11-07
1667,Loretta,Carter,18,108221,MH,2025-01-03
1668,Tammy,Phillips,54,188015,AR,2026-01-04
1669,Nicholas,Sandoval,24,117829,AK,2026-04-14
1670,Lindsay,Jones,36,149104,SC,2022-06-19
1671,Jessica,Stewart,59,172422,PA,2025-09-08
1672,Jessica,Brandt,51,159476,CA,2021-03-07
1673,Marcia,Williams,74,65179,TX,2020-08-14
1674,Sandra,Ford,72,162176,GU,2024-11-24
1675,Chad,Green,47,101522,NJ,2023-06-10
1676,Patricia,Yates,30,242025,DC,2016-09-19
1677,Austin,Williams,25,116686,HI,2017-08-21
1678,Kenneth,Mccall,28,221658,DC,2017-01-18
1679,Benjamin,Burton,47,199944,FM,2020-11-05
1680,Elizabeth,Baird,34,218376,DC,2025-05-15
1681,Michele,Mayo,29,33692,PA,2025-09-27
1682,Jason,Dougherty,65,118371,AL,2018-10-05
1683,Cindy,Rivas,68,107338,VT,2025-11-07
1684,Lauren,Walter,54,206790,FM,2017-12-15
1685,Michael,Douglas,66,80636,MP,2022-04-03
1686,Mallory,Kelly,29,190158,KY,2021-04-22
1687,Jose,Perez,72,197438,MN,2018-04-18
1688,Michael,Hogan,75,136296,MD,2019-03-15
1689,Janice,Dawson,70,142119,DE,2018-01-09
1690,Jane,James,50,115964,OR,2026-05-08
1691,Robert,Robbins,23,135076,MH,2026-01-26
1692,Karen,Ortiz,60,55004,MA,2020-05-07
1693,David,White,29,66860,AS,2025-03-18
1694,Nancy,Moran,48,114830,NH,2022-10-12
1695,Walter,Dawson,77,95024,FM,2025-09-21
1696,Kenneth,Cain,18,98363,MS,2017-06-08
1697,Charles,Hart,42,91740,WI,2019-07-20
1698,Tina,Copeland,46,227592,MT,2017-04-14
1699,Lori,Davis,35,116409,NC,2017-03-23
1700,Diana,Noble,37,182688,FL,2025-01-06
1701,Joseph,Willis,64,180176,CO,2019-01-25
1702,Kathleen,Rivera,18,98564,MA,2018-03-16
1703,Richard,May,59,124254,RI,2021-03-05
1704,Michael,Harris,62,91945,IA,2018-10-30
1705,Justin,Odom,21,205056,OH,2019-11-13
1706,Kiara,Brown,25,152000,AZ,2017-03-12
1707,Walter,Ortiz,37,71868,SC,2019-11-07
1708,Sharon,Hall,43,209850,MT,2018-07-07
1709,Claudia,Zavala,50,214433,WA,2021-11-29
1710,Brent,Martin,67,111521,NV,2019-10-17
1711,Leah,Harris,62,60779,MS,2017-03-14
1712,John,Kelly,58,107342,NV,2017-06-08
1713,Bobby,Wade,41,191120,NE,2022-07-11
1714,Heidi,Vega,32,87443,DC,2024-12-09
1715,Christopher,Richardson,79,65014,ME,2022-06-08
1716,Tammy,Diaz,48,70156,GA,2016-08-04
1717,Anthony,Brown,47,226014,LA,2026-05-08
1718,Heidi,Smith,56,127943,UT,2024-02-27
1719,Melissa,Campbell,44,214009,OR,2019-12-20
1720,Felicia,Moody,53,153424,WA,2025-02-27
1721,Yvette,Villanueva,66,170907,VT,2019-01-28
1722,Joseph,Anderson,69,204088,VI,2018-06-04
1723,Marissa,Merritt,70,87255,DC,2016-06-15
1724,Amanda,Perez,66,94871,WI,2016-11-03
1725,Kristina,Whitehead,61,227850,MT,2020-11-24
1726,Mary,Hamilton,56,236404,DE,2023-01-05
1727,Connie,Smith,23,167758,WA,2025-02-20
1728,Kevin,Smith,46,168457,NJ,2016-10-07
1729,Tina,Harmon,63,124839,WV,2016-06-26
1730,Kimberly,Riley,22,177893,CO,2023-07-09
1731,Gregory,Norris,25,46189,SC,2017-06-13
1732,Matthew,Webb,71,173562,AS,2023-09-22
1733,Hannah,Williams,75,162510,WA,2022-11-25
1734,Kathy,Riley,30,180130,CA,2016-09-23
1735,Kathleen,Green,52,69282,VT,2022-05-18
1736,Gregory,Lee,28,116014,CT,2019-11-04
1737,Timothy,Dunn,72,166404,SC,2021-09-09
1738,Jason,Melendez,46,60471,WV,2018-05-18
1739,Anthony,Silva,61,83844,AS,2025-03-20
1740,Yvette,Waters,63,182868,PR,2020-02-12
1741,Kristin,Lewis,49,53839,OR,2025-09-23
1742,Tiffany,Scott,75,163791,SD,2026-03-18
1743,Hector,Walker,46,241993,CO,2025-06-23
1744,Jack,Kemp,21,148864,IL,2025-10-18
1745,Jennifer,Neal,26,164544,IA,2019-09-07
1746,Douglas,Chen,44,149746,ND,2025-12-10
1747,Dwayne,Thompson,54,45135,NE,2025-09-30
1748,Timothy,Martin,53,151209,ID,2024-09-25
1749,Patrick,James,61,241528,VA,2019-09-03
1750,Cynthia,Gibson,37,219603,NV,2021-08-25
1751,Kim,Thompson,19,133795,WA,2021-04-26
1752,Shawn,Fitzpatrick,34,244028,AK,2022-03-28
1753,Mark,Hooper,18,225508,IL,2019-01-15
1754,Lori,Alexander,31,181600,GU,2020-11-01
1755,Miranda,Thomas,22,41872,MO,2024-01-19
1756,Jason,Foster,45,120316,AR,2021-01-04
1757,Mary,Miller,62,46714,MS,2022-09-23
1758,Kyle,Knapp,52,45795,OR,2019-08-22
1759,Christie,Powell,77,48092,OH,2022-02-18
1760,Caleb,Scott,77,153750,AL,2016-07-28
1761,Lisa,Wright,20,105259,LA,2023-12-11
1762,Frances,Huber,44,77181,NY,2025-03-16
1763,Danielle,Clark,67,65501,DE,2017-09-13
1764,Leah,Patel,67,198171,PW,2022-06-02
1765,Brandon,Cook,80,221178,MO,2019-07-09
1766,Amanda,Miles,59,140195,ID,2020-10-27
1767,Julie,Mcdonald,41,130264,NH,2025-07-01
1768,Tabitha,Matthews,46,128958,OH,2017-03-02
1769,Megan,Nelson,42,51037,OR,2017-06-02
1770,Joshua,Pollard,61,203484,OR,2017-12-10
1771,Misty,Green,73,171374,CA,2022-06-01
1772,Ashley,Christensen,26,201320,NE,2026-04-19
1773,Robert,Leon,73,121165,FM,2025-06-23
1774,Thomas,Gonzalez,25,76785,PA,2019-12-22
1775,Patrick,Mclaughlin,52,133037,MS,2025-07-31
1776,Jennifer,Cardenas,51,63383,PW,2019-04-03
1777,Ryan,Murray,64,88376,DE,2017-03-11
1778,Robin,Matthews,71,30910,LA,2024-08-18
1779,Timothy,Chavez,66,35959,ID,2022-02-17
1780,Timothy,Miller,80,108214,MN,2020-07-02
1781,Duane,Kelly,47,206553,FL,2025-10-19
1782,Steven,Smith,64,172723,RI,2025-06-09
1783,Andrea,Bartlett,45,169443,MS,2024-01-08
1784,George,Gordon,42,245838,PR,2016-11-01
1785,Jessica,Ford,32,94883,WY,2023-05-01
1786,Steven,Morgan,47,120743,SC,2017-03-12
1787,Eric,Mathis,27,102259,OR,2019-12-15
1788,Megan,Fisher,30,220060,NY,2025-11-27
1789,Veronica,Pena,66,59581,FL,2022-11-24
1790,Ricky,Bailey,20,242199,SC,2025-04-21
1791,Sonya,Webster,60,139901,AR,2017-11-25
1792,Jamie,Day,57,230816,VI,2020-12-07
1793,Jeffrey,Palmer,77,34101,ND,2023-09-18
1794,Aaron,Dalton,33,84023,MN,2019-07-16
1795,Victoria,Rice,22,56449,PR,2025-01-25
1796,Sonya,Montoya,56,38801,MA,2022-06-01
1797,Bruce,Jones,46,186705,CA,2018-04-08
1798,Kellie,Moon,61,214362,OR,2026-01-05
1799,James,Trujillo,73,42760,PR,2021-06-21
1800,Robert,Foster,33,224128,NJ,2022-03-03
1801,Amber,Turner,20,135451,ID,2024-04-08
1802,Darren,Carter,46,91430,OK,2016-10-27
1803,John,Rodriguez,52,86955,GA,2018-02-05
1804,Kevin,Griffin,66,233440,IN,2020-11-23
1805,Tiffany,Nelson,21,66735,OK,2023-11-24
1806,Tammy,Martinez,50,105828,AS,2017-09-16
1807,Matthew,Myers,32,243853,IA,2019-02-18
1808,Joseph,Harrison,76,221762,OR,2020-06-18
1809,Kevin,Frazier,54,113598,LA,2024-02-01
1810,Sharon,Foster,54,186740,IN,2023-09-23
1811,Elizabeth,Johnson,67,206300,ME,2021-11-13
1812,Eric,Curry,70,114060,NY,2025-08-16
1813,Rebecca,Golden,33,109105,ME,2018-09-30
1814,Johnny,Jones,74,67554,MP,2023-10-22
1815,John,Brown,60,166642,NC,2017-03-01
1816,Jesus,Martinez,32,138412,WV,2017-06-11
1817,Monica,Henry,37,102129,PA,2024-09-13
1818,Gloria,Smith,21,175940,MN,2023-10-08
1819,Charles,Garrett,78,185101,CT,2021-05-30
1820,Emma,Smith,74,222731,NE,2016-12-24
1821,Kathy,Rodriguez,76,75910,HI,2024-03-12
1822,Theresa,Compton,58,207930,MT,2024-12-12
1823,Kimberly,Terry,45,175712,WA,2019-02-26
1824,Michael,Hall,49,42290,NY,2021-10-19
1825,Tiffany,Mendez,80,120286,AS,2022-08-14
1826,Joshua,Fitzgerald,78,198641,ND,2024-10-08
1827,Shawn,Mann,60,129917,MP,2018-04-21
1828,Ethan,Bernard,68,167484,MO,2020-05-17
1829,Nicholas,Harris,38,212533,OK,2022-12-26
1830,Sandra,Jacobs,44,137022,MP,2026-01-11
1831,Jonathan,Kent,27,108613,KY,2025-03-14
1832,Brenda,Joseph,42,78202,VI,2019-03-24
1833,Erin,Morris,66,171014,AR,2023-02-26
1834,Julie,Price,48,93168,AK,2021-02-24
1835,Gregory,Bowen,72,89072,HI,2025-09-08
1836,Mckenzie,Shepard,37,215487,MH,2021-02-11
1837,Mary,Clayton,27,241229,NV,2024-06-26
1838,Gregory,Hart,47,45105,NM,2022-11-16
1839,Jeremy,Diaz,53,138180,RI,2019-07-19
1840,Dana,Mueller,79,139185,MA,2021-09-02
1841,Jane,Graves,53,168934,DC,2019-02-07
1842,Kevin,Vega,26,131821,LA,2025-09-29
1843,Andrea,Hess,33,96845,NV,2017-04-04
1844,Adam,Long,31,116576,MA,2021-10-30
1845,David,Lucas,59,50727,CT,2025-08-31
1846,Breanna,Gutierrez,77,147908,PW,2020-07-05
1847,Susan,Kidd,72,127275,OR,2018-06-16
1848,Benjamin,Powell,23,170413,MS,2018-03-10
1849,Kimberly,Smith,64,247423,KY,2021-03-28
1850,Brian,Farmer,30,43510,TX,2025-10-29
1851,Joshua,Barnett,35,128872,ME,2018-04-10
1852,Ross,Terry,61,188589,GU,2025-12-24
1853,Connie,Horn,56,40367,OK,2020-04-30
1854,Mark,Clark,73,49079,VT,2024-11-14
1855,Robert,Hart,30,240934,MN,2018-08-01
1856,Jon,Campbell,66,184031,HI,2024-08-29
1857,Patrick,Ayers,64,206016,PR,2019-10-27
1858,David,Yang,53,86889,PW,2020-05-17
1859,Anna,Rodriguez,48,84759,AS,2024-12-29
1860,Raven,Craig,73,117284,TN,2019-12-03
1861,Yolanda,Lewis,37,34019,VA,2025-11-29
1862,Alan,Hernandez,31,79813,MP,2024-01-22
1863,Kimberly,Keith,79,224373,PA,2017-08-06
1864,Sandra,Martinez,25,225789,UT,2019-05-03
1865,Teresa,Gaines,66,155546,AR,2017-10-08
1866,Eric,Tucker,76,93594,CT,2017-04-18
1867,Kyle,Mack,62,188440,FL,2025-04-22
1868,Ryan,Nelson,63,83611,IL,2024-05-05
1869,Taylor,Sparks,43,92739,WA,2024-03-02
1870,Dorothy,Schaefer,53,114309,RI,2018-02-10
1871,Michelle,Pierce,67,104202,OR,2018-04-24
1872,David,King,42,152224,PW,2020-12-26
1873,Miguel,Park,52,200058,IL,2016-08-25
1874,Matthew,Holden,40,110851,IA,2018-04-03
1875,John,Reese,34,124278,MO,2023-07-25
1876,Justin,Bailey,50,160358,MD,2026-03-30
1877,Misty,Duncan,47,55849,MS,2017-07-09
1878,Thomas,Johnson,69,219376,WY,2024-09-06
1879,Sean,Lopez,48,229656,MD,2022-05-01
1880,Angela,Campbell,71,113947,MH,2025-05-22
1881,Jill,Smith,76,83248,VT,2019-10-07
1882,Jennifer,Williams,41,112030,UT,2020-09-17
1883,Alice,Graves,44,41984,AR,2024-09-07
1884,Ryan,Long,54,88005,NE,2022-06-07
1885,Jeremiah,Valencia,65,68252,NJ,2023-12-10
1886,Walter,Williams,19,98360,IN,2019-09-08
1887,John,Elliott,53,183100,AL,2023-01-01
1888,Michael,Russell,55,218746,VT,2023-11-15
1889,Robert,Alvarado,44,107382,MN,2017-02-12
1890,Megan,Ward,27,81430,IL,2018-01-24
1891,Christine,Miller,39,90298,SD,2024-01-01
1892,Olivia,Hester,42,179366,AK,2024-03-18
1893,Ashley,Cook,71,94416,IN,2018-12-31
1894,Thomas,Woods,49,174347,VA,2024-06-04
1895,Melvin,Gilmore,59,209528,NH,2018-03-21
1896,Amy,Zamora,39,97456,IL,2018-10-22
1897,Lisa,Lowe,66,245375,NJ,2019-11-06
1898,Derek,Diaz,49,219676,MD,2025-03-28
1899,Tiffany,Torres,59,223880,NY,2025-07-18
1900,Mario,Davis,49,150803,PR,2020-06-13
1901,Alfred,Thomas,28,222091,PW,2024-09-30
1902,Danielle,Parker,68,122320,PR,2019-04-29
1903,Lisa,Williams,28,66689,DC,2019-08-04
1904,Michael,Frederick,64,173273,ME,2023-10-17
1905,Tammy,Price,49,78247,OR,2019-12-31
1906,Craig,Morse,76,172117,GA,2023-07-21
1907,Mark,Dunn,59,45396,MA,2020-06-01
1908,Michael,Wallace,51,38866,MH,2022-10-27
1909,Cameron,Olson,71,49485,AR,2020-06-29
1910,Nicole,Stewart,78,244432,NY,2020-05-20
1911,Tamara,Paul,60,42717,MA,2022-03-18
1912,Andrew,Jordan,66,31673,MN,2016-10-30
1913,Daniel,Hopkins,44,66042,SD,2022-06-25
1914,Susan,Wilson,71,195334,MH,2023-04-10
1915,Cynthia,Rich,32,47817,AK,2021-12-13
1916,David,Allen,63,69591,GA,2021-07-28
1917,Jennifer,Lopez,18,87336,WA,2020-06-27
1918,Heather,Lucas,50,149540,MO,2018-09-18
1919,Adam,Bishop,41,45846,PA,2025-02-01
1920,Matthew,Edwards,57,197176,ME,2021-04-03
1921,Kristy,Monroe,60,191616,AL,2018-06-05
1922,Marc,Robinson,76,156669,OK,2022-01-16
1923,Casey,Bolton,60,157888,RI,2017-07-12
1924,Lisa,Adams,19,31733,AK,2023-05-16
1925,Bryan,Williams,52,174610,AZ,2025-04-21
1926,Deborah,Tran,44,33106,OK,2018-04-16
1927,Carl,Smith,19,168783,ND,2018-07-29
1928,Donna,Marsh,64,102021,MI,2017-09-21
1929,Larry,Graham,52,105153,WV,2020-10-27
1930,April,Turner,19,161652,NE,2025-12-04
1931,David,Mcdonald,70,212939,GA,2023-06-11
1932,Michelle,Hardin,61,142872,AZ,2019-05-15
1933,Abigail,Meyer,69,76993,PA,2017-04-18
1934,Jessica,Garcia,24,55248,IL,2016-07-03
1935,Alison,Yoder,51,69032,ND,2020-02-28
1936,Henry,Stevenson,33,80313,KY,2019-09-06
1937,Elijah,Lyons,57,168007,CA,2017-11-23
1938,Misty,Daniel,34,243703,CT,2020-10-12
1939,Louis,Rose,40,100077,HI,2019-10-10
1940,Ebony,Camacho,68,134044,VI,2021-03-21
1941,Charles,George,23,127793,AZ,2023-10-04
1942,Debra,Walters,79,136437,NJ,2018-08-09
1943,Anthony,Flynn,47,178111,AL,2021-07-13
1944,Robert,Hardin,33,212776,WA,2017-04-22
1945,Kathryn,Simmons,32,108636,TN,2023-06-25
1946,Sandra,Bruce,61,247071,ND,2025-09-06
1947,Hailey,Elliott,72,51133,GA,2022-04-20
1948,Xavier,Davis,59,200365,FL,2020-06-01
1949,Nicholas,Spencer,66,38305,AR,2020-11-13
1950,Jeffrey,Myers,23,136241,IN,2017-07-15
1951,William,Guzman,42,128872,NC,2024-04-21
1952,Teresa,Green,53,154781,TN,2024-07-24
1953,Kathryn,Avila,21,196919,MH,2023-01-02
1954,Melissa,Nguyen,18,214246,ND,2023-08-26
1955,Sherry,Combs,28,51675,KY,2020-08-24
1956,Michael,Montgomery,49,143746,ID,2022-03-03
1957,Allison,Todd,59,235619,UT,2021-06-07
1958,Katie,Young,39,178335,DC,2026-01-11
1959,Chad,White,80,54998,WI,2019-01-11
1960,Cody,Brown,75,168453,NV,2019-02-12
1961,Donna,Conway,76,41154,NV,2026-01-12
1962,Zachary,Torres,32,85421,NC,2020-11-06
1963,Richard,Nolan,75,211479,WY,2017-12-25
1964,Michelle,Hines,74,178579,UT,2026-01-08
1965,Selena,Gomez,48,101065,MI,2021-04-03
1966,Brandy,Ellis,20,49489,KY,2025-06-16
1967,Steven,Martinez,61,103498,NC,2016-10-19
1968,Michael,Nunez,75,172352,MH,2025-08-05
1969,Jodi,Terrell,54,202519,MO,2017-01-26
1970,Jason,Smith,20,77016,GU,2021-08-04
1971,Taylor,Hill,77,112440,LA,2022-08-15
1972,Kurt,Hill,19,84305,KY,2023-02-14
1973,Kevin,Horton,55,67798,VT,2019-05-02
1974,Michele,Fields,66,245139,WI,2017-11-30
1975,Andrea,Bryan,63,245194,VT,2018-11-22
1976,Nicole,Miller,43,50168,KS,2020-12-18
1977,Michael,James,37,72585,WV,2022-02-13
1978,Jacob,English,54,93038,SD,2025-03-30
1979,Katherine,Aguirre,54,248798,GA,2022-11-03
1980,Julie,George,72,132015,AK,2026-03-13
1981,Patrick,Montes,61,171705,MD,2024-11-01
1982,Michael,Taylor,39,130622,TN,2023-04-07
1983,Sharon,Mitchell,66,223919,SC,2022-05-09
1984,Richard,Mosley,26,237224,NM,2021-07-12
1985,Jason,Heath,62,219835,AZ,2017-09-03
1986,Eric,Ayers,23,161279,MD,2025-07-17
1987,Logan,Nichols,65,120664,VT,2020-11-20
1988,Jeff,Johnson,21,55607,TN,2024-01-14
1989,Lori,Collins,45,90855,KS,2018-03-09
1990,Jason,Perez,71,49927,NJ,2025-12-21
1991,Taylor,Jackson,39,188641,ID,2021-04-05
1992,Heather,Chang,67,190921,WY,2021-03-30
1993,Claire,Francis,79,186135,CT,2024-01-27
1994,Timothy,Bullock,43,232782,HI,2018-10-22
1995,Jessica,Thompson,38,37766,ND,2025-08-07
1996,Patrick,Perez,58,101651,MI,2017-11-16
1997,Michael,Pitts,68,148109,PR,2021-03-22
1998,Rhonda,Perry,49,89805,FM,2017-05-17
1999,Traci,Lopez,40,174975,VI,2025-01-15
2000,Alexander,Flores,78,128415,NM,2018-04-19
2001,John,Carter,45,78690,OR,2025-03-18
2002,James,Clements,61,183583,CT,2017-03-29
2003,Jay,Patterson,60,129633,VT,2023-11-30
2004,Wayne,Hurley,23,232419,NY,2022-07-01
2005,William,Lee,57,107431,AR,2017-02-10
2006,Michael,Howell,69,94605,SD,2018-04-10
2007,Catherine,Parsons,63,49269,HI,2022-09-01
2008,Matthew,Oconnor,23,100247,WI,2016-10-17
2009,Charles,Schultz,27,129614,KY,2019-09-30
2010,Daniel,Douglas,63,235492,KS,2024-07-07
2011,Samantha,Adams,58,70442,OR,2020-09-07
2012,Shaun,Grant,65,132137,RI,2024-04-22
2013,Meghan,Rodriguez,38,124555,MS,2017-12-10
2014,Morgan,Krueger,24,53991,FM,2023-04-05
2015,Vincent,Atkinson,18,110810,NH,2024-03-28
2016,Amy,Castillo,46,124350,UT,2018-08-30
2017,Sarah,Orozco,66,100717,AS,2022-10-21
2018,Jennifer,Bennett,24,64735,VI,2020-01-31
2019,Allison,Welch,23,79123,OK,2016-11-26
2020,Chase,Patel,45,147661,MN,2018-03-12
2021,Paul,Miller,53,175421,PR,2018-12-30
2022,Angela,Bryant,50,136966,MN,2022-01-20
2023,Charles,Hernandez,24,36884,OH,2020-08-26
2024,Gregory,Walsh,23,122776,WI,2019-04-26
2025,Henry,York,53,54396,NE,2026-04-11
2026,Amy,Gates,56,186773,CA,2020-08-05
2027,Samantha,Lyons,68,115047,FM,2019-07-25
2028,Andrew,Lester,73,130987,WA,2021-10-01
2029,Joseph,Juarez,18,106506,RI,2018-11-15
2030,Sydney,Taylor,44,131659,GA,2021-06-17
2031,Kristen,Butler,67,52203,KS,2023-11-04
2032,Nicole,Butler,64,176679,SC,2025-12-23
2033,Kristin,Richardson,75,93633,MH,2017-06-11
2034,Erin,Lam,54,166604,OH,2025-09-19
2035,Mario,Brown,28,209651,OR,2019-12-14
2036,Daniel,Patel,42,74433,AL,2024-06-18
2037,Joanne,Cole,26,100495,WV,2024-04-07
2038,William,Johnson,37,100361,AZ,2021-03-25
2039,Amanda,Johns,49,68255,TN,2017-06-05
2040,Kristopher,Mason,22,73832,OR,2025-03-31
2041,Brian,Moore,45,102341,OH,2020-04-09
2042,Jason,Cohen,44,108578,CT,2025-02-25
2043,Christian,Lopez,48,235171,RI,2024-11-28
2044,Jenna,Evans,22,124666,CO,2020-08-25
2045,Krystal,Robinson,34,94642,NM,2019-10-03
2046,Ian,Butler,64,193848,VA,2018-12-04
2047,Michelle,Acosta,49,185662,ME,2021-12-01
2048,Shawn,Hansen,57,81261,VI,2020-01-16
2049,Amanda,Ramirez,47,58042,WV,2018-03-21
2050,Wyatt,Munoz,26,109864,GU,2024-08-25
2051,Denise,Rose,18,133728,PR,2025-01-13
2052,Michael,Vargas,39,192579,UT,2019-02-14
2053,Lisa,Powers,42,240783,ND,2021-08-27
2054,Joseph,Hart,73,116387,CT,2020-06-25
2055,Zachary,Turner,46,117749,FM,2022-05-16
2056,Candice,Tate,45,243772,CO,2024-02-24
2057,Tabitha,Chase,70,200665,IA,2023-02-27
2058,Mark,Hayes,80,185816,NY,2018-12-30
2059,Clarence,Estes,26,108757,KS,2024-05-17
2060,Nathan,Moore,38,188128,AZ,2017-08-23
2061,Patricia,Mcdowell,78,212266,AK,2020-09-07
2062,Barbara,Thomas,30,155569,MT,2024-12-20
2063,Jason,Jones,38,76566,SC,2024-05-05
2064,Christine,Townsend,79,134396,NJ,2019-03-21
2065,Corey,Hansen,79,113660,OR,2025-04-22
2066,Steven,Huynh,36,222642,FL,2024-09-21
2067,Matthew,Williams,62,195911,DE,2023-06-02
2068,Donald,Smith,49,180963,NC,2018-06-06
2069,Eric,Moody,68,93550,ME,2017-11-23
2070,Lori,Campbell,38,128580,GA,2021-09-27
2071,Ian,Hunt,35,244039,RI,2016-07-17
2072,Anthony,Rodriguez,68,133005,CA,2017-06-29
2073,Albert,Weiss,41,59855,OH,2022-07-11
2074,Chase,Benitez,77,177810,IA,2025-11-09
2075,Steven,Ochoa,30,185248,WI,2018-10-28
2076,Angela,Avila,52,77166,OK,2019-05-11
2077,Janet,Smith,61,231226,WV,2018-12-05
2078,Gerald,Pham,53,37055,NY,2021-07-17
2079,Jessica,James,78,220634,IA,2022-06-18
2080,Angela,Alvarado,47,215694,NM,2023-05-29
2081,Paul,Rangel,31,144938,VI,2024-11-01
2082,John,Mueller,69,106370,AL,2022-07-19
2083,Maurice,Pham,71,211622,UT,2017-10-17
2084,Dominic,Keller,22,244686,ND,2021-02-14
2085,Taylor,Huffman,72,238576,NH,2020-04-20
2086,Juan,Sheppard,68,137254,MI,2017-06-05
2087,Nathan,Pena,61,160889,NJ,2018-12-24
2088,Hailey,James,26,196025,AZ,2019-10-31
2089,Brandon,Collins,37,93444,GA,2019-08-23
2090,Nancy,Clark,34,202664,ID,2025-06-25
2091,Timothy,Mills,27,217494,ME,2022-05-15
2092,Patricia,Hurst,45,236851,AK,2019-07-16
2093,Stacey,Reese,42,49389,DE,2022-05-13
2094,Karen,Russell,46,186744,PR,2026-05-30
2095,Lauren,Cox,48,182631,IN,2021-09-17
2096,Douglas,Sanders,43,170081,CA,2022-05-12
2097,Tonya,Vasquez,50,211327,OH,2017-02-26
2098,Courtney,Wilson,44,172513,AL,2025-03-26
2099,Julia,Fleming,20,237282,SC,2026-05-30
2100,Ronald,Jackson,79,124248,NE,2023-07-18
2101,Johnny,Cummings,62,242938,TX,2018-09-27
2102,Andrea,Mckinney,52,185666,WV,2024-11-07
2103,James,Swanson,58,52277,PW,2021-09-13
2104,Monique,Mcintyre,24,231576,AL,2023-04-05
2105,Mary,Williamson,33,202386,LA,2017-11-14
2106,Kimberly,Mendoza,60,123063,DC,2016-09-18
2107,Kelsey,Mcdonald,28,199607,AS,2022-02-24
2108,Kathy,Johnson,57,41612,MD,2017-11-26
2109,Zachary,Ramsey,54,199091,KY,2018-05-19
2110,Tina,Zimmerman,61,199539,AK,2021-07-10
2111,Laura,Pham,43,227311,MP,2019-12-17
2112,Vincent,Brown,39,238727,TN,2023-12-12
2113,Jay,Oliver,45,57772,NC,2024-01-31
2114,Tanner,Meyers,18,55849,WI,2016-12-27
2115,Rebecca,Smith,34,88196,RI,2019-09-28
2116,Brandy,Lewis,50,225783,OK,2022-07-27
2117,Daniel,Hughes,51,176274,VT,2023-01-21
2118,Laura,Oconnell,55,210267,NE,2019-06-07
2119,Miguel,Rojas,54,87942,NE,2021-12-03
2120,Kenneth,Lopez,46,128073,DC,2020-07-24
2121,April,Williams,43,151389,NC,2016-07-28
2122,Charles,Dodson,67,208141,OH,2019-07-07
2123,David,Mckay,55,210993,MD,2024-05-11
2124,Katie,Davidson,50,69516,TN,2021-11-03
2125,Joanna,Romero,40,36438,ME,2025-03-07
2126,Amanda,Griffin,48,57406,AR,2016-12-20
2127,Maria,Jones,36,139045,OH,2025-03-13
2128,Sarah,Dixon,76,52506,MS,2022-08-30
2129,Earl,Hoffman,25,247924,NC,2016-11-06
2130,Johnny,Wells,78,221404,UT,2024-10-06
2131,Leslie,Osborn,27,121312,MO,2025-02-26
2132,Mary,Edwards,37,119932,IA,2024-10-16
2133,Christopher,Nielsen,47,235591,SD,2023-01-20
2134,Raymond,Buckley,31,166607,AS,2021-08-07
2135,Anthony,Leach,48,121304,MD,2021-08-31
2136,Clinton,Pena,48,55591,PA,2024-03-18
2137,Adam,Dean,46,219266,GU,2017-02-28
2138,Angela,Hampton,62,148606,AR,2018-01-10
2139,Duane,Bridges,38,47609,TN,2024-06-09
2140,Timothy,Lewis,37,41713,FL,2023-06-24
2141,Andrew,Mclaughlin,69,216326,GU,2022-01-17
2142,Ricardo,Bell,25,35920,DE,2019-12-11
2143,Gary,Anderson,72,119935,MO,2018-03-03
2144,Courtney,Smith,59,58668,AZ,2016-07-09
2145,Christine,Pratt,61,239728,SC,2019-06-12
2146,Katherine,Li,28,224114,MA,2017-02-25
2147,Rebecca,Moss,33,165264,OH,2021-11-30
2148,Krystal,Lewis,29,174679,MT,2018-01-10
2149,Monica,Callahan,28,116766,PW,2025-11-24
2150,Kimberly,Blake,53,141770,AS,2020-02-26
2151,Colleen,Lee,79,151124,AL,2019-12-07
2152,Pam,Arroyo,32,239126,PA,2025-05-06
2153,Sarah,Meyers,43,195087,TN,2020-12-14
2154,Miranda,Rodriguez,29,78860,CO,2016-11-11
2155,Sharon,Martinez,58,202309,KY,2017-07-18
2156,Benjamin,Cortez,45,133699,IN,2019-11-05
2157,Cindy,Johnson,19,223301,FL,2017-08-20
2158,April,Mcdonald,57,81727,SC,2022-03-14
2159,Sandra,Oneal,46,185242,GA,2025-05-02
2160,April,Weaver,45,131930,MN,2023-04-23
2161,Greg,Morgan,18,214742,NY,2017-11-10
2162,Austin,Gonzalez,31,83945,NV,2021-02-25
2163,Allison,Rodriguez,35,227217,GU,2018-05-04
2164,Caleb,Moon,63,242003,NV,2022-09-02
2165,Gary,Harris,68,46400,ID,2017-12-03
2166,Jimmy,Banks,54,56673,ME,2025-10-19
2167,Amy,Weber,69,170742,WI,2017-03-30
2168,Timothy,Hall,29,125890,ND,2025-11-11
2169,Jeffrey,Garcia,38,81661,PA,2018-12-02
2170,Theresa,Haynes,47,59872,WV,2022-03-19
2171,Kendra,Lutz,34,205820,AZ,2022-09-27
2172,Mark,Pena,73,158315,AL,2020-11-10
2173,Julie,Diaz,51,197538,NY,2018-10-06
2174,Jennifer,Osborne,38,186492,WI,2020-08-13
2175,Julia,Hill,42,190250,ID,2024-02-23
2176,Todd,Carson,43,183879,PR,2016-12-28
2177,Matthew,Haynes,25,121206,VA,2024-01-11
2178,Jamie,Reilly,40,150025,NY,2022-04-17
2179,Jeffrey,Brown,57,75227,NJ,2023-12-21
2180,William,Jackson,70,206577,OR,2019-12-27
2181,George,Hernandez,63,239875,TN,2020-03-06
2182,Cathy,Frazier,37,191083,GU,2023-03-26
2183,Ricky,Palmer,55,52217,TN,2019-11-19
2184,Elizabeth,Franklin,61,65113,WA,2017-08-12
2185,William,Harris,38,60896,NH,2020-11-11
2186,Alexis,Jefferson,33,110053,AS,2025-08-07
2187,Joshua,Herrera,25,77984,AL,2020-09-29
2188,Jessica,Lutz,41,211780,AS,2024-01-18
2189,Stephen,Price,27,163909,AK,2018-07-02
2190,Sarah,Butler,42,139638,ME,2018-12-20
2191,Cynthia,Choi,56,66141,NC,2025-01-15
2192,Katie,Johnson,54,130587,FL,2018-06-10
2193,Christina,Watkins,45,78694,MT,2017-02-25
2194,Carol,Johnson,49,196592,IA,2022-09-03
2195,Adam,Hernandez,52,211779,PR,2023-01-25
2196,James,Parrish,76,199151,RI,2019-12-12
2197,Christine,Glenn,77,75412,KS,2024-06-24
2198,Christopher,Jones,53,73742,NE,2021-11-03
2199,Angela,Chapman,49,105716,AL,2026-04-27
2200,Jasmine,Collins,26,79046,MO,2019-09-29
2201,Valerie,Thompson,38,148227,FM,2018-06-16
2202,Shelly,King,57,44053,PA,2019-06-04
2203,Nicole,Odonnell,73,124119,WI,2023-12-29
2204,Cindy,Roberts,78,32512,FM,2019-10-25
2205,Jonathan,Rose,49,65791,KS,2016-11-09
2206,Brian,Edwards,30,243703,AZ,2019-10-30
2207,Jessica,Hines,42,177215,KY,2023-01-22
2208,William,Short,50,201198,RI,2019-04-28
2209,Benjamin,Cannon,49,137252,FL,2017-01-28
2210,Joe,Carpenter,61,158902,PR,2025-10-14
2211,Jeffrey,Craig,44,216159,SC,2023-09-30
2212,Sara,Valdez,71,146353,OK,2024-01-09
2213,Charles,Hicks,49,73844,NV,2021-04-06
2214,Joy,Sanchez,23,178215,MP,2022-12-16
2215,Corey,Garcia,19,238635,VA,2026-05-23
2216,Tyler,Bailey,66,87810,PA,2017-01-11
2217,Joshua,Conner,36,38570,NV,2017-03-03
2218,Rebecca,Downs,35,88941,AR,2018-01-08
2219,Craig,Smith,52,105673,OH,2024-05-03
2220,Adrian,Johnson,28,234666,NE,2024-08-22
2221,Ian,Hill,47,178281,RI,2018-01-13
2222,Suzanne,Griffith,65,232518,NH,2023-07-16
2223,Thomas,Schaefer,67,159843,RI,2024-04-30
2224,Robin,Baker,53,163904,CT,2021-10-02
2225,Melissa,Johnson,25,180133,PR,2021-11-17
2226,Laura,Lynch,25,100225,HI,2024-02-17
2227,Jonathan,Estes,67,172372,MH,2016-11-07
2228,Jody,Little,70,126170,KY,2017-10-22
2229,Nancy,Myers,52,245642,AR,2022-08-12
2230,Miguel,Martin,66,40907,CO,2017-04-27
2231,Kayla,Smith,66,218476,KS,2021-01-18
2232,Andrea,Barnes,46,173223,MO,2018-08-01
2233,Emily,Tucker,31,141451,MD,2019-12-13
2234,Paul,Jackson,24,222935,ME,2018-01-14
2235,Grant,Gross,71,201356,GU,2021-12-29
2236,Edward,Glover,66,94888,IN,2024-07-17
2237,Joseph,Velasquez,37,38449,OH,2025-08-22
2238,Lauren,Townsend,46,98895,UT,2019-09-24
2239,Jacqueline,Vaughn,40,244100,FM,2016-07-29
2240,Erin,White,23,145099,IN,2019-04-05
2241,Cheryl,Smith,73,60772,NY,2020-01-15
2242,Michaela,Martin,67,242831,GA,2023-11-30
2243,Patricia,Green,33,85018,TN,2025-04-20
2244,Renee,Marshall,69,223360,MP,2024-11-10
2245,Joel,Ramirez,55,210652,HI,2021-08-12
2246,Nichole,Jones,40,216319,ID,2020-05-01
2247,Jennifer,Schmidt,57,195877,AR,2021-08-20
2248,Brent,Manning,45,73511,MN,2021-08-29
2249,Melanie,Rodriguez,57,66499,ND,2025-10-06
2250,Christopher,Mckenzie,68,84164,MS,2026-02-15
2251,Ryan,Hayden,70,84248,MD,2016-09-22
2252,Bianca,Cooper,69,45560,AS,2017-01-10
2253,Michael,Chase,54,121964,WI,2022-03-04
2254,Colin,Ferrell,52,103684,MA,2024-02-24
2255,Melissa,Moore,56,171234,MH,2022-10-03
2256,Joseph,Young,28,114843,VT,2017-01-08
2257,Michael,Cooper,80,214563,MS,2023-11-07
2258,Stephen,Dixon,36,105846,HI,2016-10-08
2259,Kathy,Olson,54,100082,WV,2017-06-22
2260,Sabrina,Graham,78,164850,NM,2018-05-27
2261,Nathan,Hall,75,208074,OK,2017-03-30
2262,James,Watson,70,54962,GU,2025-05-28
2263,Jack,White,26,226632,NE,2020-11-13
2264,Christian,Soto,68,137897,KS,2018-12-09
2265,Jamie,Hanna,76,45541,KY,2025-10-05
2266,Michelle,Snyder,35,201939,SC,2023-07-30
2267,Bryan,Acevedo,26,213874,IA,2025-08-02
2268,Barry,Stephenson,73,64784,IA,2019-10-13
2269,James,Johnson,33,68336,CA,2017-06-23
2270,Robert,Mullins,63,114435,MP,2021-07-21
2271,Lisa,Weber,71,94894,WI,2019-02-07
2272,Laurie,Bennett,66,207270,NC,2019-01-08
2273,Julia,Bautista,43,158308,AS,2025-06-06
2274,Crystal,Smith,27,181368,KS,2023-11-04
2275,Raven,Crane,58,100442,LA,2023-07-12
2276,Stephanie,Craig,58,138586,MS,2018-11-23
2277,Judy,Price,42,148486,FM,2025-01-05
2278,Lori,Morgan,22,196101,NY,2021-04-07
2279,Richard,Glenn,68,231558,MS,2016-09-26
2280,Kara,Weaver,23,135604,VI,2016-06-13
2281,Michael,Bishop,50,226556,VA,2024-05-20
2282,John,Strickland,35,212112,CO,2021-11-03
2283,Jeffery,Anderson,77,126749,CO,2021-10-18
2284,James,Walters,47,157937,MT,2020-10-02
2285,Kimberly,Russell,38,182556,MN,2024-04-24
2286,Brandon,Nichols,18,232934,KS,2023-11-03
2287,Stephen,Thomas,72,222079,MS,2020-07-10
2288,Bianca,Williams,23,221609,WA,2021-09-20
2289,Wesley,Diaz,80,150179,RI,2020-09-05
2290,Samantha,Arellano,58,204101,SD,2019-09-02
2291,Maria,Myers,62,123905,MH,2022-07-04
2292,Peter,Gonzalez,72,46601,UT,2025-12-10
2293,Christopher,Brown,68,170096,VI,2020-01-04
2294,Timothy,Byrd,43,87102,MA,2018-01-23
2295,Sue,Garcia,79,142628,WA,2022-01-07
2296,Luis,Hicks,70,85535,CA,2022-03-04
2297,Mary,White,49,100395,ME,2023-01-14
2298,Crystal,Matthews,38,247145,FL,2020-08-01
2299,Dennis,Cuevas,36,118540,CO,2022-01-12
2300,Mason,Hill,53,181501,VA,2019-01-08
2301,Ryan,Bryant,26,178410,OK,2020-11-04
2302,John,Hensley,72,157228,CO,2018-10-26
2303,Gina,Solis,68,120109,VI,2017-11-01
2304,Regina,Beltran,75,208926,RI,2018-02-01
2305,Mary,Mahoney,66,42690,TN,2023-06-28
2306,Sara,Johnson,20,56102,IL,2024-05-05
2307,Michael,Marsh,58,235491,NY,2023-10-17
2308,Regina,Sanders,71,150476,MO,2021-06-06
2309,Shaun,Jefferson,19,62568,DE,2016-12-17
2310,Cindy,Christian,77,71414,NC,2018-02-21
2311,Patricia,Morton,46,149673,WI,2017-08-18
2312,Melissa,Cross,18,142145,MS,2023-04-03
2313,Brenda,Jenkins,30,210510,MA,2023-11-13
2314,Heidi,Coffey,76,64580,CT,2023-05-09
2315,Juan,Holt,74,200392,CO,2023-10-08
2316,Amanda,Adams,37,71674,PA,2022-09-15
2317,Jennifer,Gonzalez,73,101832,GU,2024-10-21
2318,Andrew,Ramirez,23,201596,NH,2019-10-06
2319,Kelly,Lee,41,95638,UT,2016-06-23
2320,Linda,Floyd,23,127476,MA,2020-07-23
2321,Gerald,Lopez,60,200108,NE,2024-03-01
2322,Steven,Jordan,28,43575,WI,2019-06-08
2323,Thomas,Moreno,43,193998,ME,2020-10-20
2324,Anthony,Moran,37,220313,MO,2024-07-10
2325,Samantha,Lindsey,62,227979,SC,2021-09-28
2326,Caleb,Hanna,32,142520,OK,2017-04-29
2327,Miguel,Lewis,59,53907,NC,2017-04-17
2328,Donna,Galloway,63,54951,CO,2024-01-06
2329,Daniel,Fox,18,85947,MI,2025-01-25
2330,Pamela,Jensen,48,50431,NC,2025-10-21
2331,Melissa,James,26,185629,NM,2018-10-29
2332,Whitney,Davis,32,166169,ME,2021-06-18
2333,Dylan,Shaw,61,146671,MO,2025-03-20
2334,Michael,Holmes,18,32113,SD,2020-01-31
2335,Steven,Blackburn,62,120065,AL,2020-04-07
2336,Angela,Cummings,70,61612,WI,2022-04-02
2337,Douglas,Clark,73,140707,WI,2024-01-07
2338,Michele,Zimmerman,62,64648,CA,2017-01-26
2339,Kevin,Brown,48,48567,CO,2025-07-04
2340,Isaac,Hendrix,32,130419,AK,2024-06-22
2341,John,Fitzpatrick,23,221565,ND,2019-01-05
2342,Ashley,Evans,69,56850,VI,2020-01-08
2343,Daniel,Ferguson,24,112143,NV,2021-07-27
2344,Shaun,Gonzalez,41,108447,FM,2020-08-30
2345,Alexis,Johnson,26,130328,MI,2020-04-05
2346,Kenneth,Vasquez,67,243219,MP,2023-05-11
2347,Joseph,Scott,66,64903,AK,2026-03-20
2348,Stephen,Peterson,59,207507,WY,2021-07-08
2349,Nathaniel,Morris,27,47933,ME,2022-05-17
2350,Ricky,Nichols,51,177663,NV,2024-03-29
2351,Theresa,Harper,18,189991,NM,2018-09-09
2352,Scott,West,59,73022,NC,2024-09-14
2353,Carrie,Vazquez,46,122061,GA,2025-09-09
2354,Douglas,Daniels,64,85851,MN,2022-12-07
2355,Brittany,Burton,58,226154,KY,2022-08-01
2356,Jessica,Chen,27,137927,NE,2017-09-23
2357,Monica,Fox,57,209979,NE,2021-04-11
2358,Michael,Ray,46,86949,MO,2022-10-25
2359,Kathy,Smith,23,56336,MD,2019-09-08
2360,Regina,Hayes,26,227249,RI,2018-10-06
2361,Susan,Solomon,25,184553,ME,2024-04-05
2362,Kara,Perkins,64,130671,CT,2022-08-09
2363,Nicholas,Jones,40,142561,RI,2020-07-30
2364,Katelyn,Allen,38,237376,VT,2024-07-28
2365,Darren,Perez,26,94955,SD,2018-02-24
2366,Michelle,Campbell,35,198983,MI,2017-01-31
2367,Mark,Lopez,23,95055,MI,2023-06-27
2368,Keith,Salazar,53,187548,RI,2022-12-07
2369,Michael,Kramer,56,219052,VT,2018-12-15
2370,Kristin,Levy,56,104690,AK,2024-01-21
2371,Eric,Foster,67,211004,MS,2020-04-21
2372,Billy,Owen,19,202597,ND,2025-01-07
2373,Ashley,Lee,74,109075,KS,2017-03-24
2374,Robert,Herrera,31,165724,PA,2020-04-27
2375,Adrian,Perkins,56,163568,ND,2021-08-05
2376,Kathryn,Doyle,30,226042,MI,2024-11-07
2377,Cynthia,Brady,43,107474,FM,2019-04-05
2378,Jennifer,Cox,59,44304,PA,2017-12-18
2379,Robin,Neal,68,238084,MD,2016-08-24
2380,Katie,Brown,79,92741,MH,2023-06-08
2381,Melissa,Wright,49,131157,MI,2018-09-17
2382,Christopher,Fowler,25,93198,WA,2017-09-26
2383,Clarence,Rodriguez,49,197269,OH,2016-06-29
2384,Donna,Wright,56,48615,NV,2022-12-20
2385,Keith,Rodriguez,51,33163,LA,2026-03-19
2386,Angela,Snyder,41,112961,WA,2019-07-07
2387,Bonnie,Lopez,26,131407,KS,2018-07-31
2388,Chad,Griffin,73,249931,FL,2017-05-29
2389,Heidi,Snyder,54,140326,AS,2019-06-06
2390,Melody,Powell,41,173224,MN,2019-04-23
2391,Andre,Hernandez,61,75290,MI,2016-10-09
2392,Cindy,Wong,66,153473,AK,2022-08-05
2393,Connor,Watson,79,231947,MO,2017-03-04
2394,Charles,Cortez,22,34375,NH,2022-08-11
2395,Joseph,Smith,55,47703,WY,2024-09-23
2396,Thomas,Zimmerman,18,98730,ID,2018-04-26
2397,Andre,Rodgers,31,40440,UT,2022-07-23
2398,Jason,Martin,77,45851,ME,2024-12-22
2399,Charles,Guerrero,78,236907,OK,2024-08-07
2400,Valerie,Foster,43,162804,IL,2022-01-25
2401,William,Evans,36,194776,VA,2026-01-17
2402,Julian,Bowen,63,161346,PA,2022-10-09
2403,Deborah,Parker,67,138903,PR,2024-10-12
2404,Travis,Burke,45,213975,NV,2018-03-07
2405,Christopher,Barnes,43,51607,RI,2022-08-18
2406,John,Taylor,58,170657,AR,2018-09-28
2407,Eric,Jones,52,191493,UT,2017-12-30
2408,Christopher,Vega,27,102736,PA,2025-06-15
2409,Laurie,Burton,23,111240,OK,2021-09-01
2410,Linda,Bender,23,164035,DC,2025-11-21
2411,Janet,Johnson,76,83267,WY,2022-09-01
2412,Anthony,Nguyen,80,241828,IN,2024-02-22
2413,Michael,Barnes,27,170611,VT,2021-10-17
2414,John,Bailey,38,132427,PA,2020-02-23
2415,Tracy,Fisher,55,196276,ME,2017-01-22
2416,Jason,Taylor,66,248766,MD,2017-11-21
2417,Travis,Cruz,59,208534,WV,2025-06-20
2418,Jacob,Woods,59,47331,TX,2024-02-02
2419,James,Johnston,37,213153,ID,2020-05-27
2420,Lisa,Mata,45,221354,KY,2025-03-13
2421,Ronald,Thompson,79,92557,NY,2025-10-19
2422,Annette,Shaw,21,94088,CO,2021-08-25
2423,Heather,Long,23,143897,MH,2018-12-09
2424,Jacob,Hanna,25,148848,ND,2022-10-29
2425,Jason,Lawson,57,189601,SC,2024-11-29
2426,Oscar,Flores,21,111078,WY,2023-11-03
2427,Samuel,Edwards,60,224430,VA,2019-05-03
2428,Jacob,Gibson,60,224159,IA,2022-08-09
2429,Cory,Manning,29,61311,MT,2024-09-17
2430,Mariah,Cook,18,215571,UT,2019-11-08
2431,Brianna,Davis,26,213893,VT,2020-10-20
2432,Dustin,Velazquez,18,72947,GA,2024-04-25
2433,Sherry,Foley,49,120886,VT,2020-05-28
2434,Shirley,Guzman,51,165586,AL,2020-03-22
2435,Sarah,Stevens,68,245615,NY,2016-07-13
2436,Shelby,Brown,64,97960,OK,2016-09-26
2437,Sarah,Williams,28,127483,OH,2023-10-20
2438,Catherine,Gross,26,226549,NJ,2017-11-16
2439,Bryce,Sheppard,67,100454,TX,2021-09-16
2440,Jessica,Cook,64,60947,LA,2025-02-03
2441,Jennifer,Jordan,67,37695,PW,2018-05-18
2442,Deborah,Shea,39,241578,MD,2022-09-06
2443,Kimberly,Le,45,101298,SC,2018-01-26
2444,Christopher,Oconnor,51,46743,IN,2017-07-17
2445,Leslie,Jacobs,34,216731,UT,2022-04-25
2446,Thomas,Vazquez,80,181165,MI,2021-11-07
2447,Angela,Shelton,58,50203,MP,2022-03-06
2448,Noah,Berry,49,149327,WI,2023-03-20
2449,Laura,Taylor,50,124404,MI,2023-09-03
2450,Benjamin,Reed,21,160969,WI,2021-12-13
2451,Savannah,Hart,72,178605,WA,2019-10-19
2452,Frederick,Taylor,28,126387,NC,2024-06-01
2453,Adam,Henderson,28,96877,WV,2025-04-02
2454,Christine,Delgado,67,56975,VT,2018-01-21
2455,Stephen,Collins,75,180447,AR,2021-02-05
2456,Jesus,Johnson,61,219472,MN,2019-06-03
2457,Elizabeth,Snow,25,89874,FL,2020-06-14
2458,Katrina,Castro,65,163385,NV,2018-01-27
2459,Heather,Carpenter,18,41544,DE,2020-05-09
2460,Nathan,Blair,72,33221,NY,2017-07-02
2461,Amber,Lee,33,42053,KS,2026-01-01
2462,Dustin,King,48,125414,ID,2018-06-22
2463,Heather,Lamb,42,69343,NJ,2019-02-27
2464,Lisa,Jackson,29,39270,AS,2023-10-01
2465,Philip,Smith,53,240531,MD,2022-05-15
2466,April,Warner,76,217176,IA,2018-01-24
2467,Daniel,Knight,65,201888,VI,2020-11-20
2468,Eric,Kelly,44,88855,AR,2022-10-23
2469,Carla,Vargas,38,95080,SC,2024-11-10
2470,Richard,Chambers,44,218819,NY,2020-08-23
2471,Aaron,Allen,38,101108,AK,2025-06-19
2472,Joshua,Stephens,70,50417,HI,2020-09-13
2473,Anne,Khan,54,127729,TX,2021-09-29
2474,Melissa,Smith,25,161607,WY,2022-11-19
2475,Tracey,Williams,61,43807,AL,2021-03-21
2476,Kimberly,Gomez,29,88506,CT,2021-09-30
2477,Jason,Mills,69,165207,HI,2023-03-12
2478,Amanda,Fox,80,42039,IL,2019-12-06
2479,Jonathan,Anderson,79,135100,NC,2019-11-19
2480,Derek,Briggs,22,151921,WI,2022-10-04
2481,Sergio,Davis,73,104005,CA,2024-03-21
2482,Linda,Davis,67,111447,WI,2024-04-26
2483,Kathryn,Oliver,38,52645,NV,2018-10-08
2484,Timothy,Davis,53,149733,VI,2023-07-05
2485,Danielle,Butler,18,126709,AL,2019-04-01
2486,Lisa,Meyer,30,106439,NM,2022-01-02
2487,Monica,Young,54,235653,WA,2021-12-21
2488,Rhonda,Williams,37,223875,MO,2020-08-21
2489,Joshua,Mcpherson,57,93591,MD,2020-04-11
2490,Edward,Calderon,47,126540,AZ,2018-09-27
2491,Elizabeth,Arnold,55,159331,HI,2024-06-30
2492,Leonard,Mcdaniel,67,233393,VI,2025-09-25
2493,Nicholas,Garcia,30,222010,TX,2017-01-12
2494,Andrew,Patel,75,173277,NE,2022-08-05
2495,Manuel,Reeves,66,238659,CT,2016-07-28
2496,Gavin,Smith,33,69470,NC,2019-09-04
2497,Kathryn,Rivera,18,137488,PW,2017-03-06
2498,Sarah,Garcia,19,91078,IA,2018-11-15
2499,Tiffany,Gomez,52,120812,CO,2023-07-25
2500,Matthew,Guerrero,58,211786,AL,2025-01-13
2501,Margaret,Williams,74,32515,NC,2017-01-30
2502,Mary,Ward,78,117822,GA,2018-11-25
2503,Lynn,Martin,18,228948,CO,2023-05-24
2504,Yvonne,Griffin,60,128638,MN,2017-12-24
2505,Sharon,Palmer,72,223483,OH,2023-01-23
2506,Rhonda,Clarke,64,110612,ME,2025-09-09
2507,Dustin,Mason,24,83790,NM,2019-02-20
2508,Brenda,Kirk,51,92434,OR,2021-06-12
2509,Stephanie,Rubio,44,158982,WA,2025-10-25
2510,Charles,Huang,79,45701,NY,2026-01-25
2511,John,Petersen,80,67322,OH,2023-12-28
2512,Randall,Hayes,63,103354,ID,2024-10-10
2513,Valerie,Mckenzie,23,41508,VI,2026-01-28
2514,Timothy,Morton,76,90679,DC,2018-09-16
2515,Barry,Howard,75,166251,CT,2017-11-29
2516,Autumn,Powers,44,213722,NY,2017-09-25
2517,Chelsea,Reynolds,75,127646,SC,2017-11-08
2518,Sara,Williams,47,226057,CA,2017-01-29
2519,Christopher,Gregory,23,182245,WA,2017-05-28
2520,Christopher,Dixon,24,162494,AK,2026-01-22
2521,Christopher,Smith,26,197042,IA,2021-06-24
2522,Cynthia,Hill,70,133376,FL,2022-11-08
2523,Jeremy,Duffy,22,185161,UT,2018-08-09
2524,Sheila,Wilson,54,46327,MH,2021-10-06
2525,Sean,Perez,45,203655,GU,2020-11-09
2526,Madeline,Ramirez,79,64264,KY,2026-05-07
2527,Craig,Kline,33,106461,CO,2020-10-20
2528,Shannon,Russell,34,112577,MN,2023-08-25
2529,Anthony,Olson,77,239929,PW,2020-01-12
2530,Cheryl,Vang,43,213691,NV,2018-11-02
2531,Joshua,Harrison,71,222768,FL,2019-09-12
2532,Christopher,Green,38,113376,SD,2018-08-16
2533,Erin,Pierce,46,101291,VA,2025-11-08
2534,Christine,Patterson,32,49578,TX,2016-10-20
2535,Samuel,Cannon,78,83139,ND,2025-05-05
2536,Dustin,Ramos,26,234455,PA,2022-09-22
2537,Lynn,Lee,67,183277,CT,2019-04-27
2538,Darius,Clark,24,70739,TN,2019-11-17
2539,Adam,Edwards,24,73089,RI,2017-05-20
2540,Billy,Thompson,46,152173,MD,2021-11-21
2541,Stephen,Frank,38,136564,CT,2021-04-23
2542,Elizabeth,Warren,25,170489,LA,2023-07-14
2543,Christopher,Fisher,40,231939,ME,2026-04-17
2544,Isaiah,Maynard,31,148467,WA,2020-05-27
2545,Jennifer,Thomas,37,151463,NC,2024-01-07
2546,Cody,Garrison,34,61434,MO,2022-09-05
2547,Tamara,Ball,23,71317,GA,2017-05-14
2548,Danielle,Lopez,69,209845,VA,2018-02-14
2549,Steven,Doyle,37,246632,SC,2018-11-25
2550,Nancy,Johnson,63,212682,FL,2022-11-12
2551,Steven,Mendez,56,40572,KS,2024-11-30
2552,Eric,Weaver,31,249132,AL,2022-12-28
2553,Katrina,Day,72,115929,AR,2020-04-09
2554,Anne,Wilson,27,53910,GA,2025-08-11
2555,Marie,Crosby,63,95069,ME,2020-08-07
2556,Wendy,Howard,79,123255,MD,2026-03-26
2557,Johnathan,House,43,164600,FM,2024-08-09
2558,Hayden,Sanders,21,207519,NH,2021-01-01
2559,Chelsea,Ruiz,37,98201,FL,2017-04-01
2560,Christian,Jones,70,75578,CT,2017-09-23
2561,Ernest,Shah,19,136008,ND,2016-08-08
2562,Leah,Hodge,72,148541,PR,2023-07-02
2563,Michelle,Welch,53,226104,IL,2025-02-01
2564,Joseph,Vincent,53,95497,AK,2018-05-18
2565,Emily,Jones,24,151121,AS,2020-12-16
2566,Rachel,Miller,24,240736,SD,2023-02-21
2567,David,Scott,68,66645,ID,2024-05-03
2568,Desiree,Kennedy,25,33134,ID,2024-11-11
2569,Louis,Chang,21,247677,PA,2024-12-26
2570,Kenneth,Ruiz,67,88271,AK,2018-01-06
2571,Gary,Morrison,26,81939,LA,2018-06-02
2572,Connie,Suarez,70,135010,NY,2024-06-29
2573,Jeremy,Miller,41,209905,DE,2018-07-18
2574,Rebecca,Gordon,58,199000,MN,2022-06-07
2575,Robert,Curtis,23,182652,IN,2019-10-08
2576,Harold,Alexander,55,97848,NH,2019-11-18
2577,Kevin,Gonzalez,76,243056,NH,2019-05-24
2578,Michael,Hess,22,35714,MN,2017-10-22
2579,Sherri,Zimmerman,22,81839,LA,2023-01-25
2580,Kenneth,Johnson,75,199341,MI,2020-12-22
2581,Ray,Ferguson,46,242152,AL,2021-10-08
2582,Nathan,Livingston,26,54111,WA,2025-10-15
2583,Yolanda,Smith,75,247410,TX,2025-05-11
2584,Heidi,Coleman,69,116913,ID,2020-01-10
2585,Dana,Jones,25,41192,GU,2018-04-01
2586,Morgan,Pena,78,150847,MO,2026-05-27
2587,Jennifer,Hernandez,21,74037,FL,2025-05-08
2588,Jon,Perez,77,180440,VA,2018-04-07
2589,Nicole,Oneal,45,245399,IN,2018-11-01
2590,Richard,Turner,64,133546,LA,2025-07-18
2591,Sheila,Villanueva,49,37728,MS,2016-12-15
2592,Tiffany,Dalton,42,209100,UT,2021-12-20
2593,Taylor,Payne,45,75300,AL,2017-03-09
2594,Laura,Cobb,40,86286,DE,2020-10-16
2595,Kenneth,Jennings,76,79060,IN,2026-04-12
2596,Mark,Hudson,35,103362,MP,2021-06-01
2597,Ryan,Davidson,46,68962,VA,2025-02-20
2598,James,Cabrera,20,190984,AL,2024-08-19
2599,Barbara,Lopez,57,191736,ID,2018-12-07
2600,Tiffany,Allen,33,199680,NJ,2023-08-13
2601,Eric,Perez,36,160781,SD,2021-03-13
2602,Caitlin,Santiago,44,174359,NH,2020-02-14
2603,Madison,Bradford,48,45985,WI,2019-09-19
2604,Dustin,Mccarthy,23,103341,VA,2025-11-09
2605,Steven,Brennan,42,65975,AZ,2020-12-05
2606,Stacy,Sims,44,82286,VA,2021-11-18
2607,Marcus,Mendez,59,238980,MH,2020-08-02
2608,Audrey,Morrow,51,95312,TN,2023-09-26
2609,Scott,Stephenson,58,240283,AZ,2021-02-12
2610,Ryan,Simmons,52,238364,MO,2025-08-29
2611,Matthew,Thompson,19,130269,VT,2023-08-25
2612,Robert,Crawford,68,217005,UT,2017-03-28
2613,Anthony,Higgins,40,155746,GU,2017-01-30
2614,Lauren,Dillon,52,234848,SC,2017-03-19
2615,Taylor,Smith,49,120186,FL,2016-10-15
2616,Steve,Torres,76,178282,IN,2024-09-16
2617,Brian,Bowers,50,114306,PA,2022-02-25
2618,Robert,Knight,42,100893,IA,2019-07-09
2619,Rachel,Richards,29,36832,MA,2018-04-04
2620,Erin,Copeland,38,186530,FL,2023-04-18
2621,Eric,Smith,32,37681,NY,2025-09-21
2622,Lisa,Burke,75,242517,AL,2023-04-05
2623,Maria,Williams,67,103644,MT,2018-03-03
2624,Darrell,Fisher,21,241983,NE,2021-04-16
2625,Sara,Nelson,48,168787,IL,2020-08-25
2626,Joshua,Hopkins,40,231023,GA,2020-04-08
2627,Benjamin,Lee,55,91017,MA,2019-04-24
2628,Kevin,Sanchez,80,71844,OR,2021-03-24
2629,Johnny,Owens,24,94974,CT,2023-02-06
2630,Sheri,Love,60,93216,MO,2022-01-29
2631,Sarah,Johnson,35,169903,SC,2025-06-03
2632,Dana,Erickson,70,237418,AK,2021-12-21
2633,Barry,Moore,76,223215,ND,2021-03-12
2634,Bradley,Christian,21,230291,NC,2019-12-24
2635,Edward,Wright,78,87517,NE,2017-12-13
2636,William,Hart,54,239031,TN,2018-07-17
2637,Jared,Anderson,42,123009,OK,2023-03-11
2638,Ethan,Ashley,77,249997,NC,2017-07-22
2639,Brittney,Malone,72,75537,MO,2022-07-05
2640,Austin,Tucker,29,92010,MP,2022-08-25
2641,Kendra,Brown,55,113362,GA,2024-11-22
2642,Pamela,Adams,69,223489,AZ,2024-08-07
2643,Jacob,Flores,62,124052,MO,2018-07-23
2644,Mark,Meyer,76,185074,SC,2022-08-30
2645,Sharon,Ross,19,214405,FL,2016-12-21
2646,Bridget,Sullivan,62,122191,OK,2025-01-03
2647,Cynthia,Cooper,78,178806,MD,2020-08-27
2648,Daniel,Hernandez,54,67251,WA,2024-08-26
2649,Gregory,Barnes,54,79344,NV,2019-03-19
2650,Ronald,Case,71,242441,WI,2020-03-24
2651,Roy,Knox,74,159034,OR,2026-04-03
2652,David,Hughes,52,111016,MA,2016-06-26
2653,Mary,Davis,29,158564,OH,2023-08-26
2654,Samantha,Johnson,20,53660,CA,2016-08-21
2655,Toni,Newman,21,90980,FL,2021-10-11
2656,Stacey,Porter,56,87359,VA,2017-06-21
2657,Amy,Hale,19,168005,GA,2022-10-18
2658,Brenda,Williams,48,30179,IA,2019-01-19
2659,Michael,Cohen,39,190991,NH,2025-01-22
2660,Christopher,Ramirez,30,241404,LA,2016-06-15
2661,Holly,Kelley,26,119327,ME,2021-05-20
2662,Victoria,Washington,63,76520,WI,2020-09-26
2663,Dana,Montgomery,76,240350,CT,2025-05-24
2664,Caitlin,Hartman,72,114826,PR,2024-06-26
2665,Sara,Herman,21,35744,SD,2023-02-27
2666,Christopher,Brown,27,183776,VT,2018-02-02
2667,Olivia,Osborne,63,67133,NC,2023-09-21
2668,Justin,Harris,67,59077,AK,2024-03-17
2669,Jeffrey,Kirk,72,167965,DE,2025-08-18
2670,Paula,Henson,73,125653,HI,2022-03-24
2671,Travis,Wallace,79,49013,KY,2023-05-24
2672,Sheri,Adams,41,214690,WA,2018-02-25
2673,Sarah,Miller,78,203575,MT,2016-07-19
2674,Ricardo,Thomas,43,183620,OR,2018-09-16
2675,Miranda,Reed,24,118227,ID,2019-12-17
2676,Mary,Welch,37,114568,CA,2023-07-22
2677,Larry,Ho,26,71288,WY,2024-09-03
2678,Anthony,Orr,64,144522,HI,2022-10-01
2679,Adam,Peck,68,197579,VI,2021-07-30
2680,Lacey,Howell,79,157716,CO,2025-01-06
2681,Bethany,Ward,59,113173,MI,2022-04-28
2682,Julie,Lawson,29,215383,VT,2020-08-23
2683,Christopher,Johns,79,177318,MA,2017-03-12
2684,Sandra,Thornton,62,190880,AS,2023-03-01
2685,Elizabeth,Thompson,68,123539,CO,2023-07-17
2686,Alison,Powell,32,204465,NC,2023-02-22
2687,Kimberly,Stevens,55,243504,AS,2016-06-20
2688,Crystal,Baker,29,129191,RI,2023-08-30
2689,Heather,Griffin,37,222412,CO,2017-10-16
2690,George,Wilson,62,107205,MI,2025-05-04
2691,Elizabeth,Fuller,26,76585,IA,2024-06-23
2692,Alisha,Short,64,30471,NJ,2016-11-08
2693,Jessica,Howe,78,214027,SC,2020-08-08
2694,Christina,White,78,180165,ME,2021-08-07
2695,Joseph,Hill,43,232068,MS,2025-01-10
2696,Brian,Moore,79,178762,TX,2017-11-16
2697,Charles,Rodriguez,20,77731,UT,2022-12-18
2698,James,Salinas,56,113418,AL,2018-10-09
2699,Carla,Gonzalez,76,242023,PW,2021-06-18
2700,Margaret,Morgan,79,190269,ND,2023-09-02
2701,Penny,Higgins,32,197679,MD,2025-01-03
2702,Kevin,Walton,54,57291,DE,2022-05-19
2703,Amanda,Lawson,77,160071,IL,2016-10-31
2704,Chelsea,Arnold,27,116813,SD,2022-07-11
2705,Roy,Thompson,65,50396,CT,2020-10-27
2706,Amber,Mckee,33,120914,VI,2019-11-13
2707,Nicholas,Norris,80,113759,CA,2020-03-20
2708,Christopher,Harris,28,196772,PR,2021-01-14
2709,Angela,Zimmerman,74,53258,PA,2018-03-16
2710,John,Elliott,70,215851,WA,2025-07-02
2711,James,Russell,60,197536,WV,2021-07-10
2712,Billy,Harris,64,118014,OK,2022-03-15
2713,Holly,Caldwell,46,32987,DE,2025-09-15
2714,Nicole,Stevens,34,84967,WY,2025-05-23
2715,Kristin,Green,33,211711,NY,2026-02-19
2716,Cory,Thomas,22,121876,AL,2019-06-01
2717,Timothy,Smith,34,236312,NE,2022-03-29
2718,Richard,Caldwell,24,218852,OK,2019-10-09
2719,John,Rodriguez,18,42621,PW,2016-07-26
2720,Brenda,Flores,42,144876,NC,2018-01-30
2721,Sandra,Houston,64,140009,AK,2025-11-09
2722,Patrick,Duncan,80,73604,MP,2024-03-26
2723,Lisa,Gutierrez,74,138532,NY,2022-03-20
2724,Larry,Schmidt,49,129277,GA,2018-06-07
2725,Edward,Wade,40,173136,NJ,2020-06-21
2726,Austin,Abbott,42,56588,FM,2018-08-20
2727,Patricia,Gonzales,71,155695,ME,2025-09-05
2728,Stephen,Graham,68,181533,KY,2022-09-25
2729,Donna,Roberts,59,228768,ID,2021-08-29
2730,Michael,Orr,61,89135,DE,2020-08-14
2731,Sandra,Tran,28,148302,GA,2020-07-04
2732,Heather,Neal,22,239504,MD,2024-12-21
2733,Felicia,Cruz,72,38758,FM,2016-08-04
2734,Ashley,Young,36,35263,RI,2017-08-23
2735,Sean,Dunn,38,98453,OR,2020-05-10
2736,Erika,Wong,78,57453,OK,2025-09-17
2737,Edgar,Thompson,22,119602,VI,2017-01-22
2738,Allison,Watson,28,128424,NM,2024-11-14
2739,Joseph,Brady,28,221885,MS,2018-05-09
2740,Erika,Hanna,22,173404,FL,2023-02-13
2741,Joseph,Richmond,78,54406,ND,2021-07-03
2742,Tonya,Kelly,39,185721,NM,2016-06-18
2743,Benjamin,Christensen,57,156546,ME,2024-09-14
2744,Michael,Stephens,63,38124,IL,2025-11-14
2745,Michele,Davidson,45,201346,GA,2019-07-27
2746,Steven,York,28,189204,PW,2018-03-27
2747,Maria,Reilly,74,143823,AK,2016-09-16
2748,Jeffrey,Herring,28,44039,GU,2017-04-17
2749,Jesus,Lee,24,116794,OH,2020-07-03
2750,Amanda,Ritter,31,79803,AL,2025-03-08
2751,Jennifer,West,44,212765,FL,2020-12-25
2752,Michael,Guzman,53,219277,DE,2025-12-08
2753,Matthew,Perkins,77,221358,NJ,2025-10-08
2754,Caitlin,Brown,52,99537,ME,2020-12-01
2755,David,Freeman,60,103799,UT,2020-01-17
2756,Katie,Lee,37,92271,MP,2020-06-10
2757,Ryan,Smith,24,43011,PR,2019-05-23
2758,Steven,Stevens,43,179886,NM,2019-12-04
2759,Michael,Rocha,53,158699,MP,2019-08-18
2760,James,Ramirez,27,44288,TX,2024-10-30
2761,Richard,Doyle,41,31000,WI,2020-08-10
2762,Kimberly,Giles,45,52971,AS,2022-04-02
2763,Robert,Graham,36,245979,WV,2025-02-20
2764,Heather,George,60,193863,RI,2021-11-30
2765,Brittany,Jones,56,155915,IA,2024-04-06
2766,Larry,Cannon,30,55424,ME,2021-11-14
2767,Shawn,Montoya,19,84251,MH,2023-05-17
2768,Jessica,Duncan,28,197297,NJ,2022-07-09
2769,Deanna,Marquez,36,51479,NC,2018-12-13
2770,Eric,Arias,48,60279,MH,2025-08-08
2771,Alejandro,Mccormick,37,235750,CO,2018-10-11
2772,Tyler,Mason,43,153455,DE,2022-10-18
2773,Hannah,Pratt,49,203287,SD,2025-04-02
2774,Mike,Pope,34,53890,MN,2018-11-30
2775,Jasmin,Austin,59,172639,SC,2018-06-24
2776,Rhonda,Hoffman,42,78465,VA,2022-01-27
2777,Daniel,Joseph,41,129993,AK,2024-11-14
2778,Gerald,Cohen,41,78911,OK,2018-11-28
2779,Tammie,Coleman,46,41696,MP,2018-03-12
2780,Bruce,Sims,34,145275,VI,2025-08-08
2781,Christina,Brewer,47,99048,RI,2025-09-17
2782,Diane,Pierce,32,249435,AR,2018-11-19
2783,Daniel,Davis,35,177913,TN,2026-02-06
2784,Danielle,Ayers,21,69617,VA,2017-11-07
2785,Jay,Strickland,66,212575,WY,2022-08-16
2786,Virginia,Shaw,60,55350,GU,2017-01-04
2787,Antonio,Johnson,23,205149,OR,2019-06-19
2788,Samantha,Wallace,40,241859,IA,2023-02-10
2789,Stanley,Molina,52,138524,FL,2021-08-22
2790,Margaret,Braun,80,228300,VT,2023-06-27
2791,Judy,Curry,55,89641,MT,2020-08-25
2792,Michele,Bowman,53,45986,MT,2023-12-15
2793,Brandon,Carter,71,131477,MS,2018-05-31
2794,Andrew,Jones,70,166991,WY,2025-02-19
2795,Margaret,Ingram,44,170381,NC,2019-10-27
2796,Christina,Allen,61,154472,VA,2021-09-01
2797,Gregory,Lopez,54,91772,HI,2018-10-25
2798,Edwin,Lopez,48,108342,FM,2022-07-08
2799,Melissa,Bradley,23,133495,NH,2023-11-28
2800,Latasha,Rodriguez,75,217250,CO,2022-07-25
2801,Mike,Murphy,20,161622,MP,2017-02-27
2802,Peter,Wilson,54,165480,AS,2025-08-13
2803,Kyle,Hahn,69,179811,MP,2016-10-11
2804,Krista,Torres,61,192600,UT,2020-01-30
2805,Sharon,Rivera,27,61531,NV,2022-12-05
2806,Maria,Collins,78,228492,NM,2017-12-15
2807,Lisa,Cardenas,46,75319,VT,2021-03-04
2808,Alex,Boyer,78,73821,MP,2022-08-16
2809,Lance,Mooney,80,85545,NY,2022-04-20
2810,Nicole,Walker,69,80521,AS,2026-05-18
2811,Lisa,Conway,26,41187,MO,2017-04-08
2812,Grant,Reese,45,50543,IL,2025-07-25
2813,Joseph,Lawson,61,144135,SC,2022-02-24
2814,Marilyn,Phillips,30,245630,NH,2025-06-25
2815,Lorraine,Oneal,58,68765,AS,2026-04-11
2816,Megan,Rios,71,185988,PW,2019-07-20
2817,Garrett,Chaney,34,113820,MI,2020-08-11
2818,Timothy,Bell,76,220605,IA,2022-01-09
2819,James,Baker,76,241640,MH,2016-07-17
2820,James,Allen,22,52813,PR,2018-01-17
2821,David,Clark,42,175847,KY,2025-04-21
2822,Mathew,Barnes,43,174717,FL,2025-10-30
2823,Jason,Sutton,38,102404,DE,2020-01-27
2824,Alison,Mckinney,51,150103,SC,2020-08-23
2825,Annette,Hall,76,33241,VA,2021-02-01
2826,Derek,Waller,68,213608,ID,2022-09-04
2827,Craig,Davis,57,184029,OH,2021-04-30
2828,Brian,Fox,51,234914,TN,2026-04-10
2829,Bryan,Mejia,44,59496,MI,2023-03-07
2830,Ashley,Hurst,44,69227,MH,2023-04-22
2831,Haley,Greer,27,178529,CT,2020-04-06
2832,Tracy,Smith,55,182745,WI,2016-11-21
2833,Robert,Walker,66,56267,WY,2023-12-20
2834,David,Morris,77,57691,AL,2016-09-29
2835,Katrina,Rodriguez,54,234352,AS,2018-12-11
2836,Nicole,Johnson,24,235978,VA,2020-03-05
2837,Kristina,Romero,36,170413,MT,2016-08-28
2838,Kyle,Wyatt,74,120143,CO,2025-03-07
2839,Frank,Owen,74,137712,TX,2018-07-23
2840,John,Schwartz,34,130412,NM,2016-10-20
2841,Melissa,Rodgers,59,157293,IL,2017-10-02
2842,Edward,Morton,54,189635,SD,2025-06-19
2843,Christina,Garrett,48,39821,VA,2021-01-29
2844,Eileen,Thomas,29,102198,NE,2025-04-29
2845,Kelly,Brown,43,67710,PW,2026-05-20
2846,Sean,Mcintosh,57,189555,CT,2019-03-29
2847,Jenna,Moore,61,211839,KS,2019-11-05
2848,Dawn,Patterson,43,40166,AZ,2016-07-11
2849,Janet,Mcdaniel,43,116899,KS,2023-02-10
2850,Jason,Williamson,62,92279,NE,2016-10-20
2851,Alexandria,Reynolds,21,225493,MH,2018-12-24
2852,Julia,Villarreal,48,100407,PR,2023-06-17
2853,Christopher,Padilla,75,127633,MI,2024-09-30
2854,Robert,Daniels,19,118569,NV,2024-07-11
2855,Lisa,Jefferson,70,238051,VI,2021-04-18
2856,Corey,Mack,37,111513,DC,2018-07-30
2857,Peter,White,35,158875,MH,2022-02-04
2858,Mary,Bishop,72,212500,PA,2022-07-26
2859,Margaret,Simmons,61,55747,NC,2023-04-22
2860,Kevin,Morse,80,89757,AL,2018-03-01
2861,Christopher,George,26,108769,CO,2025-12-30
2862,Cody,Harper,80,224962,WI,2022-04-16
2863,James,Harris,46,232907,LA,2023-02-08
2864,Amanda,Velazquez,70,114113,NH,2018-09-24
2865,Whitney,York,35,221050,NY,2026-01-28
2866,Lauren,Diaz,44,188591,NV,2023-02-27
2867,Brian,Freeman,59,53406,WI,2021-09-27
2868,Jose,Allen,30,145793,NC,2016-09-14
2869,Lisa,Freeman,31,245998,IN,2023-08-21
2870,Vanessa,Anderson,44,224234,OR,2026-01-05
2871,Peter,Smith,49,229096,OK,2017-05-29
2872,Brett,Schroeder,51,128018,VA,2018-10-01
2873,Keith,Nguyen,70,44734,AK,2018-12-10
2874,Deborah,Burke,50,237484,OH,2017-09-08
2875,Susan,Quinn,28,47201,SD,2016-10-20
2876,Robert,Mack,37,216009,IL,2024-07-10
2877,Danielle,House,50,135744,AR,2019-06-18
2878,Laura,Smith,26,234607,WV,2019-10-22
2879,Amy,Jacobs,72,167438,OK,2024-10-30
2880,Steven,Crawford,74,179074,WY,2023-07-03
2881,Sarah,Howell,19,75544,LA,2022-02-02
2882,Tina,Weiss,30,248347,DC,2020-09-26
2883,Gabrielle,Williams,30,249408,MA,2016-10-20
2884,Andrea,Kennedy,21,95402,ID,2022-08-15
2885,Steve,Bowman,20,149655,MS,2019-06-07
2886,Angela,Callahan,21,124470,DE,2021-12-26
2887,Debra,Morris,63,82195,IA,2021-11-06
2888,Amanda,Williams,35,126561,VI,2018-12-05
2889,Carol,Chavez,70,151692,SC,2020-11-19
2890,Kathryn,Webster,50,134056,NJ,2025-12-02
2891,Kristen,Roach,58,62472,WV,2020-09-09
2892,Reginald,Cortez,61,38011,AL,2024-07-17
2893,Ronald,Williams,33,127639,IN,2024-05-31
2894,Jill,Harris,49,185724,VA,2019-03-21
2895,Troy,Potter,46,76552,DC,2024-06-26
2896,Kenneth,Brown,79,154408,VA,2019-11-13
2897,Diane,Parrish,55,174528,ME,2025-12-26
2898,Alexandra,Payne,40,120242,WY,2021-06-05
2899,Tracey,Garrett,28,249585,ND,2018-01-26
2900,Nathan,Ford,75,97806,AL,2018-04-20
2901,Brian,Kirk,65,247807,ID,2025-05-26
2902,Matthew,Miller,62,53695,AS,2023-11-05
2903,Cynthia,Parks,36,37195,NC,2025-04-15
2904,Morgan,Scott,42,43015,VT,2023-05-07
2905,Alicia,Johnson,28,180014,OH,2019-04-02
2906,Holly,West,67,86182,ME,2019-09-05
2907,Amanda,Benitez,72,88025,AZ,2022-06-12
2908,Steven,Cantrell,59,89011,NY,2019-12-31
2909,Johnny,Tucker,61,84193,AS,2019-12-25
2910,Ariel,Hall,35,200809,TX,2019-10-21
2911,Lucas,Fry,44,164553,PR,2021-07-27
2912,Vanessa,Hughes,19,234551,MO,2022-03-12
2913,Jade,Holt,79,231214,NC,2022-02-20
2914,Patrick,Hill,61,32332,SC,2016-06-12
2915,Michael,Clark,48,64685,OK,2025-09-10
2916,Manuel,Peck,59,75403,AR,2017-10-23
2917,Timothy,Santos,56,239941,AK,2017-05-22
2918,John,Wilson,18,88659,WA,2025-11-02
2919,Laura,Brady,34,189473,DE,2026-03-06
2920,Daniel,Wilson,69,110074,GU,2023-06-12
2921,Brian,Davis,63,215956,MP,2019-02-18
2922,Katie,Dunn,59,102188,NH,2018-12-30
2923,Jeremy,Lutz,45,128690,IN,2024-09-24
2924,Amanda,Curry,72,121412,MS,2019-12-21
2925,Hailey,Golden,47,96059,ME,2023-09-28
2926,Lindsey,Stewart,31,152342,AL,2023-10-04
2927,Christopher,Zavala,37,207522,AZ,2018-05-14
2928,Morgan,Lopez,51,246088,OR,2024-08-04
2929,Amber,Griffith,57,134111,MT,2019-09-30
2930,Tiffany,Castillo,55,56820,PW,2022-10-26
2931,Charles,Cooley,18,164090,MH,2018-10-26
2932,Robert,Boyd,60,128102,NC,2023-11-13
2933,David,Lopez,53,199696,OH,2025-12-21
2934,Tara,Anderson,56,189658,ID,2016-08-07
2935,David,Singh,36,108243,TX,2023-05-18
2936,Teresa,Mcdaniel,61,58338,NV,2017-10-30
2937,Caleb,Hansen,48,46734,PW,2017-04-30
2938,Joshua,Allen,39,102478,PR,2022-08-18
2939,Kenneth,Villa,58,115232,MN,2018-04-08
2940,Susan,Larson,73,102583,LA,2025-11-15
2941,Shelley,Schultz,34,201997,AR,2019-10-19
2942,Shane,Ryan,63,200778,FL,2018-07-22
2943,Wanda,Robertson,37,79377,MI,2016-07-26
2944,Lindsey,Bell,27,165605,UT,2020-04-19
2945,Elizabeth,Thomas,66,92993,NE,2017-11-17
2946,Matthew,Torres,75,44883,TX,2024-06-07
2947,Rebecca,Campbell,69,240334,SD,2021-03-11
2948,Joseph,Peters,69,187295,SD,2026-01-10
2949,Carol,Cummings,43,203154,MH,2022-07-24
2950,Bryan,Bryant,38,208456,MA,2021-12-03
2951,Ashley,Fry,26,219080,MN,2022-03-16
2952,Michael,Tran,19,201809,HI,2017-01-07
2953,William,Moore,49,107490,OR,2022-06-26
2954,Sheila,Bishop,34,139724,SC,2019-04-27
2955,Jacob,Campos,43,131783,CA,2026-03-02
2956,Steven,Gillespie,65,39258,MN,2020-04-07
2957,Brandon,Lopez,55,215616,KS,2016-07-06
2958,William,Stewart,54,243913,MS,2023-10-21
2959,Meagan,Wright,30,119959,OH,2024-03-03
2960,Mary,Mccann,64,217005,MP,2021-07-08
2961,Trevor,Vasquez,32,209914,CO,2020-08-25
2962,Tyler,Navarro,52,197330,AZ,2024-09-10
2963,David,Perkins,68,154711,NM,2020-11-26
2964,Donald,Harrington,76,206126,DC,2025-07-05
2965,Robert,Joseph,40,162989,CT,2024-04-14
2966,Amy,Anderson,37,74560,MT,2018-11-06
2967,Gabriel,Morales,71,202389,SC,2023-03-12
2968,Ashley,Evans,74,176341,IN,2019-12-13
2969,Tracy,Klein,29,107013,CO,2025-01-13
2970,Susan,Hudson,24,153412,NY,2017-07-22
2971,Lori,Carter,26,224227,LA,2025-08-05
2972,Anthony,Saunders,34,220103,NM,2019-02-02
2973,Cynthia,Wilson,69,176546,MN,2021-04-17
2974,Jack,Stewart,66,77990,WV,2023-02-26
2975,Eric,Mcmahon,78,208182,FM,2020-09-17
2976,Justin,Beck,75,117984,SC,2021-09-01
2977,Jessica,Hale,59,53409,MP,2016-11-29
2978,Mario,Gardner,32,123135,OR,2023-01-04
2979,Maureen,Price,32,225090,UT,2018-06-01
2980,Sonia,Brown,73,110500,CT,2026-05-27
2981,Alexandra,Henson,44,236593,ME,2025-02-14
2982,Tammy,Obrien,74,116852,MT,2022-04-24
2983,Craig,Thompson,41,98304,NE,2020-01-04
2984,Russell,Lin,55,107083,OR,2021-10-11
2985,Amber,Thomas,47,60875,DC,2021-07-26
2986,Glenn,Rush,48,44071,LA,2024-11-03
2987,John,Sullivan,73,196303,DE,2024-08-18
2988,Kristopher,Hernandez,55,182125,MI,2022-09-12
2989,Joseph,Morales,78,192700,MA,2022-03-18
2990,Troy,Johnson,22,153789,MD,2020-02-09
2991,Tiffany,Walker,74,80998,AK,2023-04-06
2992,Kevin,Diaz,50,61409,NE,2024-03-05
2993,Benjamin,Strickland,73,208440,UT,2016-12-04
2994,Katie,Perkins,42,168893,MD,2018-04-28
2995,Mary,Nguyen,37,138293,AK,2017-09-02
2996,Cheryl,Johnson,21,69525,OH,2018-01-30
2997,Adam,Stanley,26,82506,DE,2020-11-29
2998,Michael,Keller,39,137267,AZ,2021-06-26
2999,Alison,Ford,54,149949,VI,2023-01-18
3000,Christopher,Caldwell,27,112938,UT,2018-11-01
3001,Chad,Reynolds,73,217608,HI,2020-03-12
3002,Teresa,Barker,29,234194,OK,2018-02-02
3003,Brian,Lawson,23,157816,MA,2026-01-24
3004,Catherine,Bond,39,195421,AS,2024-10-28
3005,Jody,Martin,29,112159,VT,2026-04-18
3006,Cheryl,Williamson,58,45207,MD,2020-10-19
3007,Sheryl,Chung,18,148503,ID,2021-05-01
3008,Jessica,Li,35,84888,WI,2022-09-20
3009,Matthew,Reed,66,232779,HI,2019-01-08
3010,James,Gilmore,28,181068,CT,2017-06-19
3011,Christopher,Moore,66,71532,MD,2019-05-24
3012,Matthew,Bolton,49,235838,MO,2018-10-02
3013,Karl,Bush,66,234407,MO,2019-06-29
3014,Valerie,Mason,23,63922,FL,2025-01-27
3015,Matthew,Dean,57,143694,IN,2024-10-12
3016,Matthew,Kelly,58,142567,UT,2022-06-24
3017,Tracy,Reyes,43,142466,AZ,2023-01-28
3018,Christina,Johnson,79,155147,CA,2021-10-21
3019,Timothy,Williams,42,31223,SD,2018-06-08
3020,Joseph,Carpenter,20,169927,RI,2022-07-15
3021,Tyler,Thompson,30,221537,WI,2018-05-21
3022,Christina,Robinson,41,33690,NY,2022-04-22
3023,Craig,Brown,75,114466,DC,2023-09-18
3024,Timothy,Liu,66,248425,VI,2022-05-13
3025,Mark,Turner,51,79958,MA,2021-07-06
3026,Jason,Harrison,19,207405,HI,2025-06-23
3027,Jeffery,Jackson,18,194282,IN,2025-11-27
3028,Emily,Gomez,64,95227,TX,2019-07-21
3029,Tammy,Velez,32,211803,MD,2019-11-18
3030,Lindsey,Miller,74,120269,PA,2018-03-08
3031,Michelle,Farley,37,63798,HI,2022-12-17
3032,Kaitlyn,Fisher,24,130545,OK,2016-07-19
3033,Andrew,Green,50,184316,CT,2024-06-24
3034,April,Moreno,37,73783,PR,2018-09-02
3035,Johnathan,Mendoza,22,245965,WI,2020-01-20
3036,Charles,Callahan,20,108171,FL,2017-07-02
3037,John,Bass,78,106238,RI,2025-01-24
3038,Randall,Wilson,47,220796,ME,2023-01-07
3039,Tanya,Cox,51,186334,MT,2022-11-02
3040,Mark,Anderson,51,118561,PW,2018-08-17
3041,Juan,Martin,45,210035,FM,2025-11-17
3042,Angela,Benjamin,26,119845,WV,2017-03-03
3043,April,Castaneda,75,158497,WV,2021-07-06
3044,Marissa,Silva,40,226638,MD,2020-06-02
3045,Yvonne,Snow,30,73223,DE,2024-09-13
3046,Brian,Walker,78,242863,PA,2025-11-06
3047,Anthony,Sharp,43,35013,PW,2024-07-26
3048,Crystal,Gomez,32,88804,CT,2018-03-03
3049,Monique,Williams,64,64394,SD,2022-11-20
3050,Janice,Oliver,31,222433,MS,2023-07-08
3051,Keith,Rose,19,184584,AR,2021-08-19
3052,Elizabeth,Hunt,50,74298,AL,2022-07-10
3053,Shelly,Larson,25,126099,NM,2025-05-27
3054,Mary,Jones,63,200535,VI,2022-06-18
3055,Angela,Thompson,68,39794,DC,2017-09-05
3056,Kristin,Phillips,42,197856,WI,2021-04-14
3057,April,Burke,34,232178,DE,2023-10-07
3058,Judy,Mitchell,52,193351,KS,2017-10-13
3059,Jacqueline,Cox,21,185693,TN,2024-01-27
3060,Lance,Herrera,21,203531,PR,2026-06-04
3061,Beth,Simmons,24,201328,MD,2025-09-01
3062,Alex,Mitchell,71,35175,MO,2021-03-13
3063,Olivia,Porter,21,210813,WY,2023-11-21
3064,Nicholas,Glover,25,139255,SD,2017-04-22
3065,John,Chang,46,129681,MD,2025-07-03
3066,Jacqueline,Hammond,25,173466,WA,2018-05-10
3067,Mark,Jenkins,34,154360,WV,2022-12-24
3068,Mark,Mora,62,70141,AR,2022-11-05
3069,Courtney,Garza,31,212240,NM,2016-12-05
3070,Adrian,Hernandez,61,195232,DC,2021-08-30
3071,Patricia,Houston,18,108935,DE,2017-04-06
3072,Kayla,Walker,44,203451,KY,2020-08-09
3073,Matthew,Jackson,24,203665,MI,2016-09-10
3074,Kathleen,Ramsey,51,100772,GA,2024-05-06
3075,Alice,Hernandez,57,188763,CT,2021-04-21
3076,Melvin,Murphy,62,65956,CA,2021-08-09
3077,Justin,Levy,44,247750,NJ,2024-02-27
3078,Jennifer,Ball,75,57502,IL,2020-11-26
3079,Garrett,Robinson,50,218420,IN,2023-05-07
3080,Kristina,Davis,57,60863,MI,2022-12-31
3081,David,Frank,36,59887,VI,2021-05-25
3082,Billy,Livingston,68,57856,MH,2017-11-20
3083,John,George,49,82074,WA,2016-06-06
3084,Robert,Mcclain,56,82363,MD,2022-01-19
3085,Karen,Smith,67,98942,AK,2019-03-27
3086,Katherine,Martin,71,167139,IN,2024-12-01
3087,Andre,Davis,80,82867,AL,2024-01-09
3088,Beth,Wilson,40,214401,KY,2022-10-28
3089,Adam,Ortega,44,107424,NH,2019-10-02
3090,Debra,Fisher,28,40329,TX,2017-03-18
3091,Elizabeth,Hall,53,160116,DC,2018-10-17
3092,Jane,Clark,76,84445,IN,2023-12-08
3093,Kathryn,Holmes,62,156003,MI,2018-04-30
3094,Tammy,Mason,39,91474,RI,2019-03-15
3095,Mariah,Lewis,18,33342,NC,2022-12-31
3096,Douglas,Hamilton,60,53331,GA,2025-10-27
3097,Anthony,King,76,58948,UT,2021-10-01
3098,Summer,Taylor,71,180510,OR,2018-03-28
3099,Julia,Wyatt,60,159526,GU,2017-12-16
3100,Deborah,Mccarthy,27,53614,NC,2018-12-12
3101,Jacqueline,Clark,67,164140,NE,2026-01-19
3102,Nicholas,Garcia,22,219677,NC,2020-07-23
3103,Stephanie,Noble,64,56552,MA,2018-12-12
3104,Gary,Ross,75,97080,PR,2016-09-19
3105,Anna,Reid,59,90597,UT,2016-10-12
3106,Paul,Gonzalez,47,107600,WY,2021-01-31
3107,Matthew,Anderson,34,151707,AR,2023-11-05
3108,Daniel,Smith,21,56164,MO,2023-02-24
3109,Michael,Gallegos,70,75797,FL,2021-04-13
3110,Dawn,Stuart,73,40340,HI,2018-04-01
3111,Ryan,Delgado,72,106170,MA,2021-10-07
3112,Daniel,Deleon,41,240133,MD,2021-05-22
3113,Mark,Rios,61,111974,TX,2017-09-17
3114,Zachary,Harris,45,223603,MS,2018-01-12
3115,Evelyn,Randall,25,54903,NY,2022-12-21
3116,Megan,Foster,72,228758,WV,2017-09-19
3117,Joy,Gutierrez,74,42029,SD,2018-03-18
3118,Dustin,Welch,18,66279,NH,2018-05-01
3119,Tyler,Nguyen,60,199659,TX,2019-03-18
3120,Mitchell,Lynn,28,116156,ID,2025-09-18
3121,Joseph,Cabrera,40,144744,DE,2019-12-11
3122,Erica,Nelson,79,193002,IL,2022-02-23
3123,Anna,Rangel,35,222169,OR,2020-01-11
3124,Henry,Wiggins,23,127680,ND,2017-03-31
3125,Amber,Vazquez,70,119842,PA,2022-12-08
3126,Manuel,Garcia,29,59840,IL,2023-12-29
3127,Ashley,Mccall,43,134923,WA,2022-09-04
3128,Scott,Lopez,79,149678,ND,2024-06-16
3129,Michelle,Webster,35,249075,LA,2020-07-14
3130,Danielle,Anthony,42,210853,NV,2021-06-08
3131,Elizabeth,Sanchez,72,155369,CT,2025-01-13
3132,Jeffrey,Velasquez,69,140556,IA,2020-07-30
3133,Christine,Brown,59,238905,MH,2022-07-12
3134,Brendan,Campbell,28,59637,IA,2022-10-13
3135,Derek,Clark,26,212496,MS,2018-03-22
3136,Brian,Hahn,64,45373,KY,2026-01-02
3137,Pedro,Adkins,80,71784,MI,2020-10-07
3138,Michael,Ruiz,24,139059,AS,2020-02-28
3139,Sarah,Edwards,76,184861,ID,2018-12-21
3140,Mark,Foster,48,240308,TN,2018-09-26
3141,Mark,Nelson,54,207836,WA,2018-04-06
3142,James,Hodges,46,77516,PW,2024-12-29
3143,Walter,Smith,57,129549,SC,2019-06-27
3144,Derek,Martin,67,124004,VI,2023-04-11
3145,Justin,Hines,57,37554,NY,2019-11-26
3146,Tiffany,Carlson,73,209428,FL,2024-12-07
3147,Ryan,Williams,74,249817,MI,2018-03-16
3148,David,Castro,64,64250,GA,2023-10-29
3149,Eric,Phillips,48,157958,NJ,2020-08-10
3150,Kelly,Guerra,25,137815,VT,2022-09-21
3151,Karen,Monroe,46,42051,KY,2021-02-07
3152,Kenneth,Murphy,22,98580,FM,2021-07-26
3153,Annette,Wilson,59,112375,CA,2025-05-28
3154,Kevin,Jones,18,214698,FL,2023-09-20
3155,Roger,Mclean,73,207714,TX,2017-12-22
3156,Kyle,Barnett,51,231203,MI,2025-02-09
3157,Angela,Guerrero,65,181165,WV,2016-12-25
3158,Henry,Figueroa,64,178114,KY,2022-03-27
3159,Autumn,Garrison,32,205595,MP,2020-08-18
3160,Jeremy,Thompson,73,118683,CA,2020-05-01
3161,Grace,Haney,51,167128,NY,2024-11-12
3162,Justin,Powers,62,213652,MP,2019-11-12
3163,Alejandro,Alexander,57,54967,CA,2018-10-23
3164,Michael,Mora,45,203464,PW,2026-05-25
3165,Karl,Davis,64,95162,GA,2019-12-06
3166,Bradley,Robertson,48,120636,ME,2025-10-30
3167,Ryan,Ross,60,207286,NE,2022-11-23
3168,Robert,Dickerson,59,130893,OH,2026-02-10
3169,Anna,Richards,27,249947,NJ,2023-07-03
3170,William,Hale,70,176366,GA,2025-06-14
3171,Laura,Waters,75,190671,TN,2018-09-02
3172,Cristian,Reid,21,33052,OH,2018-06-19
3173,Michael,Horn,59,71137,GU,2017-08-22
3174,Marcus,Clark,50,153021,SD,2019-05-13
3175,Matthew,Blankenship,72,159980,MA,2021-05-12
3176,Samuel,Greer,73,73359,WY,2024-02-27
3177,Christina,Moore,22,226982,WV,2018-05-16
3178,James,Lopez,49,114052,NE,2024-07-19
3179,Cynthia,Ford,33,116742,MS,2023-12-01
3180,Diamond,Morgan,80,102917,NM,2016-09-10
3181,Justin,Ferguson,21,162888,NC,2024-11-21
3182,Sandra,Baird,32,174309,ID,2016-10-09
3183,David,Jackson,59,129257,MS,2018-08-02
3184,Justin,Norris,43,244198,MD,2020-11-19
3185,Christopher,Reyes,33,50664,MS,2024-12-22
3186,Christina,Mayer,47,146441,IL,2020-05-15
3187,Gabriel,Thomas,69,180217,MH,2020-11-04
3188,Ryan,Camacho,46,53073,WY,2022-05-24
3189,Andrea,Jones,72,160667,MD,2017-08-25
3190,Christopher,Webb,46,112853,KY,2024-03-18
3191,Melissa,Davis,25,160383,NJ,2020-01-26
3192,Dennis,Wright,65,201277,TX,2021-11-25
3193,Alfred,Pacheco,19,56907,CA,2022-02-25
3194,Carmen,Campbell,43,138092,MP,2017-03-22
3195,Joshua,Carr,20,176048,SC,2021-05-21
3196,Brandi,Freeman,53,30044,AR,2020-03-25
3197,Jeffrey,Moyer,70,53827,WV,2019-04-20
3198,Jenna,Walker,68,188388,DC,2017-11-13
3199,Vincent,Wise,79,192284,OK,2026-01-26
3200,Kristin,Moreno,58,109848,MT,2022-08-20
3201,Robin,Richards,74,163257,MH,2017-01-29
3202,Michael,Blake,53,84224,RI,2022-03-24
3203,Isaiah,Mccormick,59,206022,CT,2026-04-08
3204,Jacob,Herrera,47,119352,WY,2023-02-16
3205,Monica,Lopez,41,246350,OK,2023-05-09
3206,Teresa,Horton,21,244063,ID,2024-08-12
3207,Courtney,Colon,32,149133,NY,2023-09-07
3208,Samantha,Black,39,176840,AR,2023-01-06
3209,Phillip,Bishop,67,192465,VA,2018-05-28
3210,Wendy,Pearson,56,154029,PR,2024-08-22
3211,Kayla,Decker,63,202272,OH,2018-01-14
3212,Andrew,Sandoval,41,217672,IN,2025-10-27
3213,James,Nelson,46,59890,TN,2019-05-21
3214,Annette,Hood,24,229051,MO,2022-09-30
3215,Jennifer,Esparza,60,88129,MP,2022-09-03
3216,Michael,Miller,18,119484,SD,2017-07-01
3217,Wyatt,Hayes,40,247549,OK,2016-10-01
3218,Kimberly,Gutierrez,58,239692,TX,2021-12-20
3219,Rebecca,Hoffman,36,173573,IN,2020-08-17
3220,Brandy,Martin,51,128013,IA,2025-08-22
3221,Daniel,Huynh,62,57871,NY,2023-05-31
3222,Scott,Roberts,20,73032,NM,2024-02-12
3223,Caitlin,Brown,49,66817,MS,2016-09-22
3224,Laura,Thomas,70,217919,KY,2018-08-07
3225,Eric,Edwards,65,219152,CO,2018-12-02
3226,Matthew,Oliver,44,58039,KS,2018-07-10
3227,Cindy,Chandler,34,190131,GA,2016-09-28
3228,John,Johnson,30,79163,DE,2024-07-31
3229,Patrick,Watkins,25,132995,ND,2021-08-16
3230,Jenna,Miller,31,149811,WV,2024-12-14
3231,Lindsay,Smith,70,234844,NV,2018-09-18
3232,Bruce,Bradley,30,217901,AZ,2017-06-19
3233,Victoria,Sandoval,39,58250,MA,2017-04-12
3234,Kathleen,Burns,66,138650,CO,2024-09-25
3235,William,Snyder,20,196000,PW,2025-05-24
3236,John,Marshall,71,206197,NJ,2023-02-10
3237,Kenneth,Olson,55,62301,VI,2020-02-20
3238,Jason,Rivera,67,148097,MS,2022-05-13
3239,Kari,Miller,47,202610,AR,2020-01-02
3240,Alexandra,Mitchell,55,162172,OH,2023-06-04
3241,Michael,Lewis,26,160764,VT,2025-09-23
3242,Veronica,Lamb,18,169031,AK,2018-03-02
3243,Rebekah,Romero,65,42732,AR,2023-06-10
3244,Juan,Walter,53,143458,AR,2025-05-02
3245,Matthew,Peters,71,183385,PA,2023-07-19
3246,Laurie,Gardner,48,163256,KS,2019-10-11
3247,Lindsey,Willis,67,76452,MT,2024-06-20
3248,Denise,Snyder,62,181664,WV,2016-07-17
3249,Anna,Foley,29,221494,AZ,2020-08-03
3250,Renee,Todd,70,63654,MN,2024-12-07
3251,Wanda,Smith,24,131556,CO,2021-11-12
3252,Jose,Edwards,60,187429,UT,2018-02-03
3253,Eric,Ayers,56,114369,PW,2018-04-08
3254,Michael,Kim,50,130837,NC,2024-12-14
3255,Ashley,Gibson,44,189644,OK,2022-04-06
3256,Brenda,Campbell,76,211538,MP,2025-10-12
3257,Jennifer,Kelley,66,95074,MS,2024-11-14
3258,Kayla,Jones,35,134299,NV,2025-04-16
3259,Angela,Collins,79,119878,OH,2016-07-07
3260,Jessica,Gutierrez,80,107115,CT,2025-06-28
3261,Hannah,Gomez,46,240972,NH,2017-09-01
3262,Christopher,Tran,26,66223,ND,2017-12-24
3263,Marie,Ross,44,187948,NE,2022-09-06
3264,William,Gamble,62,226195,TX,2024-01-23
3265,Frank,Gutierrez,50,108358,NY,2025-05-19
3266,Jacqueline,Smith,71,213892,IN,2025-10-22
3267,Michael,Williams,53,112289,IN,2024-12-17
3268,Richard,Cross,63,223152,HI,2023-01-18
3269,Nicole,Rogers,77,175118,NJ,2023-01-28
3270,John,Moody,58,86975,NY,2022-07-12
3271,Maria,Chen,30,84974,NM,2020-03-16
3272,Crystal,Wright,57,217271,MP,2019-02-26
3273,John,Woods,36,209991,SC,2019-02-20
3274,Michael,Jackson,40,206258,TN,2024-02-26
3275,Cheyenne,Ford,26,216226,KY,2017-10-01
3276,Tracy,Leach,59,76612,NH,2019-08-03
3277,William,Wiggins,50,172210,HI,2021-03-24
3278,Adam,Gregory,62,196953,CA,2024-07-01
3279,Manuel,Thomas,38,216214,NE,2018-05-07
3280,Travis,Forbes,25,229432,KY,2021-06-03
3281,Kimberly,Turner,40,177398,UT,2021-06-05
3282,April,Horton,48,182779,MH,2017-07-31
3283,Andrew,Sharp,54,204891,DE,2024-01-03
3284,Samuel,Jones,63,139439,MD,2023-07-01
3285,Jonathan,Parker,61,226049,IN,2023-05-14
3286,Brent,Dorsey,75,169959,MP,2019-09-06
3287,James,Newman,36,140726,PA,2018-01-18
3288,Daniel,Frederick,69,33347,IA,2020-04-28
3289,Jose,Williams,51,57910,MT,2025-01-21
3290,Rachael,Jenkins,19,129842,AS,2022-07-13
3291,Megan,Gomez,27,43910,OR,2016-06-15
3292,Benjamin,Jarvis,60,44838,MD,2025-12-15
3293,Desiree,Clark,30,99986,FL,2025-04-11
3294,Noah,Warren,66,235922,CT,2019-08-04
3295,Emma,Medina,28,105134,OK,2021-04-11
3296,Richard,Smith,61,95683,MN,2023-05-26
3297,Ryan,Castillo,27,46261,VT,2021-07-28
3298,Tamara,Valenzuela,62,235614,DC,2020-03-28
3299,Melissa,Mccoy,36,83477,ND,2020-06-26
3300,Stacy,Cain,66,171865,CT,2026-02-16
3301,Jon,Martinez,20,124026,PW,2022-02-28
3302,Theodore,Haynes,70,148644,NC,2022-06-21
3303,Charles,Perkins,24,191509,AR,2024-05-08
3304,Steven,Smith,73,207085,AS,2020-01-04
3305,Robert,Rangel,65,177294,CT,2019-10-27
3306,Michael,Williams,73,88800,NC,2016-06-17
3307,Lydia,Dean,65,199638,MS,2023-03-07
3308,Brent,Bailey,53,131944,NM,2017-03-09
3309,Ian,Jones,33,163935,WY,2023-04-30
3310,Renee,Cruz,68,238885,DE,2022-06-05
3311,Katelyn,Fox,69,212485,IA,2024-10-09
3312,Joshua,Haney,36,211649,IL,2024-01-09
3313,Jeffrey,Weeks,60,42315,GA,2022-10-24
3314,Mark,Russell,77,130029,ND,2017-04-17
3315,William,Duffy,42,139200,PR,2022-06-25
3316,Nathan,Smith,79,236598,ME,2025-04-28
3317,Lawrence,Solis,80,209607,HI,2019-10-24
3318,Amber,Strickland,38,174736,UT,2019-09-29
3319,Jason,Blackwell,21,33398,NJ,2023-08-13
3320,Amy,York,65,95887,VA,2023-09-12
3321,Reginald,Ortiz,30,192676,PA,2020-07-15
3322,Scott,Russell,73,234714,PW,2020-07-05
3323,Victoria,Avery,73,146146,WA,2017-06-24
3324,Amy,Cunningham,71,89126,WA,2025-04-05
3325,Travis,Hunt,76,196143,MT,2017-07-12
3326,Emily,Williams,63,216003,PW,2021-01-20
3327,Mark,Holmes,59,126401,CT,2023-02-21
3328,Darrell,Doyle,66,184241,UT,2020-06-03
3329,Marisa,Watkins,52,223580,MI,2019-04-26
3330,Jenny,Allen,56,81503,GA,2021-09-17
3331,Cheryl,Murray,67,220031,OH,2019-10-17
3332,Robert,Beltran,79,80724,DE,2020-09-19
3333,Marcus,Thomas,36,147654,AS,2024-05-04
3334,Stephanie,Terry,29,208954,NY,2022-09-27
3335,Stephanie,Vasquez,22,79014,OH,2018-09-18
3336,Margaret,Clayton,79,75559,NJ,2025-08-08
3337,Stacey,Gilbert,65,164701,DE,2023-05-03
3338,Gerald,Ingram,25,128880,WV,2025-05-13
3339,Anna,Bonilla,20,142330,PW,2016-10-03
3340,Robert,Olsen,35,175908,KS,2022-08-22
3341,Laura,Nicholson,34,64096,NE,2016-07-10
3342,Kelly,Sosa,28,183088,NY,2026-03-01
3343,Cynthia,Williams,72,96850,MD,2020-05-03
3344,Dennis,Freeman,18,116655,SD,2017-07-16
3345,Brian,Garcia,47,216040,RI,2018-04-30
3346,Jamie,Henderson,77,70581,MT,2021-03-09
3347,Diane,Shannon,20,70292,CO,2017-08-12
3348,Chad,Ross,77,114575,NC,2019-08-27
3349,Lucas,Choi,56,43331,IN,2021-01-31
3350,Jerry,Price,67,193936,AS,2019-01-18
3351,Kevin,Hicks,57,203510,MH,2021-06-08
3352,Luke,Burch,37,158594,HI,2018-11-02
3353,Donald,Miller,68,180123,AR,2023-04-01
3354,Carolyn,Smith,53,123869,RI,2019-12-11
3355,Gavin,Coleman,22,235529,UT,2018-02-25
3356,Walter,Brown,63,113324,AR,2016-11-05
3357,Joseph,Walsh,51,87661,IA,2019-09-12
3358,Austin,Adams,79,78200,AL,2018-09-09
3359,David,Yates,51,47872,NE,2022-02-13
3360,Jacob,Little,68,162419,WA,2021-01-21
3361,Brandon,Davis,28,139033,AZ,2020-10-21
3362,Michele,Lam,52,170780,GA,2019-04-21
3363,Destiny,Long,43,54102,KY,2018-06-14
3364,Shannon,Cline,40,87985,RI,2018-07-27
3365,Adam,Miller,74,85929,LA,2022-08-23
3366,Martin,Lane,60,117001,MN,2018-06-08
3367,James,Madden,39,124580,WI,2016-12-21
3368,William,Martin,36,87264,IA,2019-05-22
3369,Jonathon,Hayes,78,227304,WY,2021-04-13
3370,Joseph,Hayden,57,169067,MH,2023-07-22
3371,Mark,Cisneros,48,177150,NM,2019-07-10
3372,Brian,Green,70,227167,MN,2017-09-20
3373,Christopher,Underwood,80,200210,MP,2018-09-07
3374,Brandon,Ferrell,18,60073,AK,2022-02-28
3375,Karen,Conrad,60,120703,RI,2024-08-22
3376,Amanda,Smith,46,93005,NJ,2024-05-26
3377,Maria,Williams,75,198365,TX,2018-01-23
3378,Tracy,Jones,57,192825,PW,2019-02-01
3379,Mark,Marks,33,40453,GA,2019-04-03
3380,Erin,Serrano,61,114131,MD,2018-08-04
3381,Sabrina,Martin,42,238720,WY,2023-06-06
3382,Pamela,Mitchell,78,59720,IA,2017-11-23
3383,Ashley,Acosta,42,97263,RI,2019-06-13
3384,Noah,Atkinson,52,219785,FM,2023-01-30
3385,William,House,36,36476,KY,2019-03-21
3386,Cameron,Schroeder,76,165493,VT,2021-04-11
3387,Shannon,Conway,70,231980,MS,2017-05-03
3388,Elizabeth,Burton,41,164823,AK,2024-02-01
3389,Amanda,Bennett,69,163361,VA,2019-04-24
3390,Arthur,Watson,46,157612,MI,2021-07-22
3391,Michaela,Harris,20,107708,TN,2024-02-10
3392,Abigail,Romero,75,200794,SC,2023-07-03
3393,Michael,Contreras,30,113968,ME,2023-05-15
3394,Rodney,Sutton,50,51586,WA,2020-06-16
3395,Laura,Torres,78,55154,AZ,2022-11-11
3396,Regina,Perry,28,232720,WV,2018-04-12
3397,Carla,Christensen,52,169776,WV,2025-10-11
3398,Sarah,Chung,18,194346,NJ,2019-10-11
3399,James,Carter,22,85255,WI,2020-04-22
3400,Michael,Gomez,60,195023,SD,2025-10-29
3401,Megan,Peters,67,85882,OH,2017-06-05
3402,Nancy,Powell,73,209674,MI,2022-10-29
3403,Amanda,Bass,45,249064,AR,2021-10-26
3404,Kevin,Hartman,24,83891,MS,2024-12-14
3405,Erica,Gonzalez,52,247251,FL,2022-02-21
3406,Steven,Henry,62,224347,PR,2025-01-04
3407,Tina,Kaufman,67,144094,FM,2024-09-13
3408,Austin,Wilson,59,244107,WY,2019-04-27
3409,Kathleen,Richardson,78,48905,MD,2017-04-26
3410,Jenna,Brown,65,209842,NC,2025-11-11
3411,Daisy,Huffman,27,36226,NJ,2021-11-12
3412,Clinton,Robinson,47,217922,CO,2023-06-14
3413,Vanessa,Vazquez,39,39931,WY,2024-08-12
3414,Daniel,Rush,23,49201,CO,2023-07-28
3415,John,Adkins,21,76659,ME,2019-11-03
3416,Catherine,Garner,68,96036,SD,2019-06-18
3417,Yesenia,Thomas,53,48465,IN,2019-08-06
3418,Heidi,Barrett,54,245382,SD,2025-09-09
3419,Patricia,Clark,32,97803,NE,2019-02-19
3420,Jeffrey,Diaz,44,131720,CT,2025-04-29
3421,Victor,King,46,195207,CO,2016-06-10
3422,Adrian,Jones,43,143514,PR,2018-08-28
3423,Kristin,Mcgrath,38,34427,IA,2021-08-07
3424,Jessica,Murillo,42,206501,HI,2017-09-14
3425,Cody,Malone,25,170203,SD,2021-10-20
3426,Paul,Jarvis,18,198145,AL,2025-08-15
3427,Laura,Sanchez,64,192096,GU,2016-10-04
3428,Kelly,Matthews,22,228170,NH,2016-12-02
3429,Jennifer,Morris,65,183513,WY,2022-10-02
3430,Mary,Berger,20,213732,GU,2025-03-16
3431,Matthew,Allen,72,49028,LA,2019-06-17
3432,Jenny,Anderson,40,161815,CO,2024-03-15
3433,Jeremy,Elliott,24,105978,AL,2019-07-09
3434,Micheal,Klein,68,209798,MA,2017-11-17
3435,Jason,Gutierrez,37,189007,VT,2020-08-19
3436,Monica,Clarke,23,103798,AZ,2023-08-08
3437,Ellen,Smith,66,144734,MA,2025-03-15
3438,Jennifer,Garcia,42,133576,MN,2020-02-24
3439,Melinda,Williams,70,203204,MS,2020-12-11
3440,Austin,Wilson,19,154253,VT,2026-03-18
3441,Michael,Williams,28,169845,AL,2024-02-15
3442,Cassandra,Lopez,32,65751,FL,2025-05-20
3443,Kenneth,Ellis,65,132496,HI,2019-09-26
3444,Patricia,Olson,68,239055,CA,2019-07-24
3445,James,Mitchell,72,173058,CA,2017-06-05
3446,Luis,Spencer,36,196211,WI,2025-11-10
3447,Tina,Gardner,27,108133,PR,2021-03-29
3448,Michael,Skinner,61,238408,NH,2021-07-11
3449,Laurie,Garrett,73,221188,AR,2016-10-13
3450,Cassandra,Johnson,59,127813,OH,2021-07-09
3451,April,Santos,79,32922,IN,2022-05-25
3452,Courtney,Larson,53,175508,ME,2022-05-03
3453,Christopher,Ferguson,27,62305,AZ,2018-02-24
3454,Amanda,Miller,20,31318,CO,2021-12-11
3455,Melanie,Morrison,54,186409,DC,2025-12-23
3456,James,Cruz,43,170811,PR,2017-11-22
3457,Pamela,Mathis,53,52315,IA,2018-01-27
3458,Andrea,West,37,85064,DC,2018-08-25
3459,Robert,Oliver,65,224361,SC,2025-06-23
3460,Andrew,Reed,75,220300,PW,2023-04-27
3461,Alexander,Pham,40,85505,CO,2023-03-05
3462,Christopher,Mckee,44,199327,SC,2018-02-15
3463,Brett,Giles,72,164362,WA,2018-02-04
3464,Matthew,Diaz,27,72193,LA,2021-01-08
3465,Kelly,Henderson,29,87878,AS,2021-08-15
3466,Kelsey,Patterson,57,248824,MN,2021-08-21
3467,Wendy,Mosley,34,80941,FM,2019-07-29
3468,Lauren,Baker,25,77541,DE,2021-11-01
3469,Kendra,Allen,60,239626,MP,2026-05-05
3470,Adam,French,54,44257,LA,2018-02-02
3471,James,Nelson,72,226881,UT,2025-06-13
3472,Loretta,Mcneil,77,173878,MA,2022-06-27
3473,Kara,Rodriguez,47,198997,OR,2018-11-24
3474,Ryan,Carter,53,49174,TX,2017-03-11
3475,Jennifer,Carney,36,206078,KS,2025-05-03
3476,Matthew,Brown,22,95716,NH,2018-09-23
3477,Emily,Blackwell,24,81751,GA,2024-08-10
3478,Jamie,Martinez,64,182199,VT,2025-04-30
3479,Dennis,Mcgrath,49,116730,TN,2025-10-03
3480,Alicia,Mack,40,63610,ME,2018-12-30
3481,Cynthia,Johnson,60,201828,PA,2021-07-24
3482,Michael,Short,33,56226,VI,2020-10-05
3483,Brianna,Horn,36,192402,NV,2016-12-16
3484,Jenna,Douglas,22,80724,KS,2024-03-19
3485,Jennifer,Sandoval,38,157365,OK,2019-07-18
3486,Samuel,Weiss,46,116073,IL,2023-06-21
3487,James,Cox,57,202863,SC,2023-01-12
3488,Robert,Bates,37,211785,MH,2019-08-28
3489,Christy,Kaiser,55,69949,CA,2020-01-23
3490,Emily,Stephens,54,178599,WI,2021-06-19
3491,Cody,Mcclain,41,241733,MH,2018-01-22
3492,Andrew,West,38,142278,PW,2022-05-12
3493,Martin,Grant,28,31266,MN,2017-04-26
3494,Melissa,Simpson,38,94533,AK,2023-09-15
3495,Matthew,Martin,68,88071,ID,2019-01-07
3496,Peggy,Sellers,63,223938,CO,2024-10-20
3497,Carolyn,Oneill,59,144327,ND,2022-02-26
3498,Matthew,Ochoa,35,124237,VA,2020-10-02
3499,Michelle,Grimes,26,208147,FL,2018-06-25
3500,Cynthia,Diaz,64,116917,VT,2021-04-11
3501,Michael,Williamson,74,155817,AZ,2026-01-07
3502,Kevin,Rodriguez,47,146747,MD,2021-02-09
3503,Renee,Banks,40,233100,KS,2026-04-11
3504,Melissa,Myers,37,157656,WA,2017-09-11
3505,Teresa,Neal,53,58529,ID,2021-10-28
3506,Kirsten,Rose,29,199227,ME,2019-06-04
3507,Julie,Miller,56,51488,TX,2017-03-30
3508,Michael,Dominguez,71,103561,NJ,2023-05-17
3509,Larry,Powers,72,246647,AZ,2021-11-21
3510,Christopher,Rodriguez,26,171195,TN,2022-05-16
3511,Joshua,Jackson,30,99005,DC,2017-12-19
3512,Joel,Welch,64,194264,KY,2023-05-18
3513,Donald,Martinez,22,220690,IN,2017-04-19
3514,Spencer,Grant,22,34883,GA,2017-11-03
3515,Gregory,Gardner,72,162953,TN,2022-09-05
3516,Christopher,Bridges,58,38177,MT,2018-07-19
3517,Douglas,Conley,70,182539,MA,2020-07-03
3518,Eric,Schmidt,55,136203,FM,2023-01-05
3519,Courtney,Bailey,67,184674,PA,2023-01-11
3520,Heather,Oconnor,31,39609,IN,2023-04-26
3521,Christina,Diaz,53,98319,OH,2024-06-03
3522,Kyle,Franklin,52,171473,MT,2026-03-31
3523,Travis,Larsen,48,201418,AL,2021-08-17
3524,Kimberly,Robinson,67,68963,MT,2025-01-07
3525,Rhonda,Perry,41,132891,LA,2023-07-07
3526,Ronald,Davidson,32,232413,GA,2025-05-27
3527,Elaine,Perez,55,222211,NV,2023-07-11
3528,Brian,Flowers,72,106283,SD,2021-10-16
3529,Maria,Collins,26,151818,OH,2022-11-01
3530,Leslie,Hernandez,50,163801,ID,2018-02-20
3531,Mary,Reed,23,134014,WV,2017-09-23
3532,Eugene,Green,41,161640,MN,2021-08-04
3533,Richard,Sawyer,18,203717,MT,2019-03-22
3534,Patricia,Flores,33,241429,NV,2020-10-28
3535,Linda,Terry,80,190965,WY,2022-05-07
3536,Jeffrey,Jones,61,73474,MO,2023-06-25
3537,Allison,Jennings,66,164777,MI,2024-04-02
3538,Cody,Buchanan,26,146974,NE,2024-07-01
3539,Lawrence,Martinez,28,76961,NJ,2026-04-24
3540,Madeline,Wright,54,178324,AR,2026-03-17
3541,John,Clark,60,68325,MA,2023-01-31
3542,Luis,Roth,65,221890,MS,2021-08-01
3543,William,Rice,48,124056,CA,2018-09-07
3544,Shannon,Strong,20,87362,ID,2025-09-01
3545,Kelsey,Smith,66,157832,TN,2024-03-20
3546,Cameron,Hill,32,46478,ND,2020-04-17
3547,Diane,Preston,34,126845,MO,2023-06-01
3548,Raven,Weaver,32,41221,NV,2022-01-31
3549,Tracy,Madden,60,84204,GU,2025-11-28
3550,Jason,Robinson,51,237476,ID,2019-07-10
3551,April,Massey,41,131736,CA,2022-04-10
3552,Valerie,Gomez,48,149182,ID,2023-09-02
3553,Glenn,Schwartz,74,42173,CA,2020-08-18
3554,Jaclyn,Taylor,20,200006,AL,2023-10-08
3555,Chase,Mason,38,57059,IL,2023-03-02
3556,John,Osborne,63,166674,AR,2023-12-19
3557,Lisa,Baldwin,58,247487,WY,2017-08-05
3558,Adam,Krause,35,248856,TX,2019-02-20
3559,Christian,Cooper,65,99026,MD,2018-02-11
3560,Natalie,Jones,55,172698,RI,2017-07-25
3561,Charles,Thomas,54,75573,CT,2016-09-06
3562,Linda,Castaneda,42,201357,GU,2024-04-19
3563,Brandon,Johnson,42,125760,AK,2019-06-22
3564,Bradley,Mosley,55,201268,AS,2016-08-02
3565,Dana,Allen,75,249013,MS,2020-03-02
3566,Joshua,Gonzalez,22,165440,WA,2024-06-28
3567,Angel,Horton,34,128652,NV,2022-12-24
3568,Helen,Wilson,80,88431,MI,2020-11-12
3569,Stephanie,Brown,51,136389,GU,2022-10-04
3570,Elizabeth,Adams,40,244233,TX,2019-08-21
3571,Heather,Hobbs,73,120448,NY,2016-12-08
3572,Jenna,Young,49,237790,AK,2025-11-04
3573,Daniel,Matthews,48,188390,NC,2021-09-12
3574,Jasmine,Price,18,161553,HI,2022-04-13
3575,Russell,Wilson,74,66429,KY,2017-01-01
3576,Christopher,Mcpherson,46,73412,CA,2017-09-05
3577,Ronald,White,32,50208,GA,2019-02-11
3578,Kimberly,Clements,50,198683,MH,2020-05-19
3579,Jared,Mathews,35,85447,VA,2024-10-13
3580,Charles,Blankenship,27,78996,DE,2019-02-25
3581,Anthony,Salinas,28,124954,NC,2021-01-03
3582,Brittney,Jones,56,218036,NM,2019-02-08
3583,Jason,Hernandez,70,61019,SC,2021-06-29
3584,Shannon,Robinson,60,90383,GA,2025-03-14
3585,Diana,Wilson,44,242644,OR,2019-09-30
3586,Brenda,Zuniga,39,218810,HI,2022-07-27
3587,Kathleen,Gomez,25,156226,KS,2019-08-01
3588,Wayne,Morton,61,155518,TX,2025-07-11
3589,David,West,48,85234,TN,2017-07-25
3590,Brittney,Brown,55,72269,IN,2020-12-02
3591,Jackie,Wilson,59,248461,VI,2021-06-05
3592,Laura,Flores,44,35884,FM,2017-11-05
3593,Cynthia,Ortega,33,41310,PW,2016-07-21
3594,Suzanne,George,26,180336,VT,2026-03-31
3595,Connie,Harris,55,72239,AS,2026-03-31
3596,Cody,Livingston,26,195030,NH,2017-05-05
3597,Nicholas,Torres,50,40273,AL,2019-12-09
3598,Laura,Weeks,75,180016,RI,2017-06-10
3599,Kenneth,Hall,27,44656,KY,2022-04-20
3600,Joshua,Wright,28,97701,IL,2023-11-01
3601,Brian,Clayton,77,77195,WI,2023-05-22
3602,Tracy,Clark,51,136287,IA,2018-02-01
3603,Felicia,Harding,56,177745,SD,2023-04-07
3604,Lisa,Thomas,58,34881,TX,2020-07-04
3605,Robert,Davis,74,218625,CA,2017-07-26
3606,Anthony,Schaefer,64,203472,GU,2019-02-09
3607,Jeremy,Wolfe,70,104305,TX,2026-05-03
3608,Amber,Moore,78,52478,VA,2024-08-08
3609,Seth,Hill,31,147755,NE,2023-02-10
3610,Jessica,Love,56,153578,OR,2026-03-29
3611,Ashley,Blanchard,73,156266,IA,2022-03-29
3612,Robert,Lane,28,87504,NJ,2024-07-14
3613,Melissa,Fox,71,137680,NC,2023-05-31
3614,Spencer,Pittman,56,67411,RI,2025-12-30
3615,Suzanne,Wright,68,182737,WY,2016-09-17
3616,Vincent,Fox,70,231192,OR,2026-05-27
3617,Lauren,Hancock,29,193371,TX,2021-08-28
3618,Janice,Holmes,60,163904,CO,2022-07-09
3619,Andrew,Moore,34,73967,PR,2018-11-10
3620,Brandon,Travis,64,209723,NE,2017-01-24
3621,Melissa,Brown,39,148874,ND,2024-11-01
3622,Kelsey,Pearson,56,184821,MH,2024-02-15
3623,Benjamin,Stevens,22,90244,MO,2025-12-23
3624,Jessica,Donaldson,42,131046,AK,2018-04-09
3625,Shannon,Bradley,26,58461,VA,2022-07-07
3626,Jonathan,Simmons,19,83044,CA,2019-10-18
3627,Tracy,Rhodes,51,162214,SD,2017-11-12
3628,Cheryl,Lee,61,140046,CO,2020-10-12
3629,Austin,Peters,70,69206,NC,2019-01-02
3630,James,Freeman,56,55244,NJ,2018-01-17
3631,Zachary,Bowen,29,154746,NC,2023-01-21
3632,Deborah,Ramirez,75,191152,PR,2021-05-11
3633,Jerry,Thompson,56,40233,AR,2019-07-01
3634,Eduardo,Landry,74,235486,CA,2021-05-05
3635,Denise,Hernandez,52,161944,ND,2020-12-27
3636,Jessica,Chang,66,60806,ID,2022-09-15
3637,William,Martinez,23,156416,PA,2024-11-09
3638,Matthew,Kennedy,60,64164,OK,2020-07-06
3639,Michael,Terrell,75,188197,WI,2025-07-25
3640,Lisa,Crawford,52,246929,NM,2022-08-13
3641,Monica,Marshall,18,233127,DE,2018-04-01
3642,Emily,Cole,61,200192,UT,2016-07-17
3643,Virginia,Malone,45,166850,MD,2017-08-15
3644,Gary,Soto,44,127092,AZ,2020-02-29
3645,Susan,Frederick,73,41387,OR,2019-08-22
3646,David,West,62,168888,NH,2020-07-20
3647,John,Taylor,45,90158,MN,2018-08-22
3648,William,Black,78,240318,WV,2025-01-10
3649,Howard,Villanueva,48,236977,FL,2021-10-10
3650,Jonathan,Henderson,67,129938,VT,2025-11-08
3651,Robyn,Edwards,40,184415,MS,2021-06-19
3652,Erin,Clay,69,224351,HI,2021-08-06
3653,Olivia,Garcia,76,229632,GA,2023-10-28
3654,Jessica,Thomas,71,212637,RI,2021-06-12
3655,David,Hardin,54,55615,IL,2025-07-04
3656,Aaron,Brown,45,65096,GA,2023-01-27
3657,Amanda,Elliott,34,155079,FM,2019-09-17
3658,Donald,Lambert,67,90951,MP,2019-12-13
3659,Erica,Martin,76,51972,MH,2019-05-12
3660,Bryan,Hill,36,186838,MS,2020-05-22
3661,Rachel,Johnson,74,172535,NJ,2019-08-19
3662,Taylor,Smith,44,97582,MA,2016-10-05
3663,Dakota,Russell,30,31433,AL,2020-06-08
3664,Damon,Coleman,63,224942,NJ,2023-08-13
3665,Matthew,Gonzalez,68,31864,KY,2020-04-27
3666,Jennifer,Deleon,54,166980,VA,2017-05-28
3667,Misty,Gomez,25,166252,MA,2018-08-04
3668,Sean,Adams,18,128311,ME,2022-08-16
3669,Jean,Rodriguez,59,83849,MS,2025-08-18
3670,Joshua,Lopez,62,240839,SD,2022-12-28
3671,Michelle,Davis,38,137176,GA,2016-12-15
3672,Nicholas,Herring,41,57940,KY,2021-02-04
3673,Terrance,Martin,27,141692,WY,2017-12-22
3674,Jenny,Campbell,59,183451,PA,2023-11-19
3675,Michael,Simpson,34,98498,AS,2019-05-29
3676,Julie,Cole,72,170536,OR,2017-01-06
3677,Jeffery,Rodriguez,45,178024,MH,2016-10-01
3678,Anthony,Montoya,41,190400,OH,2025-09-27
3679,Ashley,Wilson,35,208416,AS,2017-07-02
3680,Richard,Khan,43,227911,WY,2017-05-30
3681,Cindy,Steele,31,138325,HI,2022-02-03
3682,Vincent,Hester,53,235465,MO,2016-06-08
3683,Matthew,Lopez,53,156476,MP,2019-07-24
3684,Corey,Martinez,29,127049,PR,2021-04-11
3685,Michael,Brown,53,175466,VA,2017-04-28
3686,Danny,Johnson,48,96526,OR,2025-11-09
3687,Joseph,Benson,37,181427,AS,2025-01-22
3688,Charles,Brown,40,232950,KS,2021-10-13
3689,Jessica,Curry,63,134367,SD,2025-07-16
3690,Adrienne,Smith,65,66193,DE,2017-02-10
3691,Jill,Daniels,72,202827,MS,2020-07-16
3692,Christine,Williams,25,226035,SC,2024-10-26
3693,Linda,Brown,32,147072,MH,2017-07-29
3694,Jenna,Greene,68,213320,NV,2023-08-03
3695,Caleb,Robinson,78,72413,ME,2026-05-09
3696,James,Brady,24,86218,ME,2018-08-22
3697,Christopher,Martinez,50,135004,NE,2026-02-27
3698,Sean,Walls,68,118719,IA,2021-08-30
3699,Thomas,Bailey,69,174330,KS,2017-02-13
3700,Ashley,Orr,57,212729,SD,2026-01-27
3701,Tammy,Fernandez,61,215280,IA,2020-05-24
3702,Eric,Nelson,21,72136,TN,2023-02-02
3703,Amanda,Fuller,42,196691,KS,2025-09-02
3704,Michael,Malone,18,240860,WA,2022-01-26
3705,Harold,Hamilton,23,245811,AR,2020-12-04
3706,Kathleen,Perez,27,153645,VI,2021-07-02
3707,Sarah,Hahn,77,187350,ND,2018-04-10
3708,Thomas,Jones,45,53105,NV,2020-06-09
3709,Jennifer,Cabrera,22,98967,KS,2025-01-30
3710,Michael,Anderson,32,127212,NM,2021-07-26
3711,Bailey,Taylor,23,189653,OH,2021-06-29
3712,Charles,Hughes,20,219921,IN,2024-06-22
3713,Dustin,Kim,42,135026,RI,2018-07-02
3714,Daniel,Adams,57,202012,NH,2017-11-24
3715,Christopher,Kim,51,105096,IL,2021-06-23
3716,Stephanie,Barton,63,186623,TN,2020-07-14
3717,Arthur,Stevens,21,232796,ID,2025-07-07
3718,Travis,Carson,70,75946,OK,2024-09-24
3719,Lauren,Riddle,58,159595,PR,2023-02-03
3720,Tony,Mitchell,46,32807,MT,2018-10-27
3721,Kyle,Ingram,30,202198,AL,2019-11-09
3722,Adam,Osborn,77,240740,KS,2020-06-06
3723,Linda,Watson,51,104974,SC,2023-03-26
3724,David,Fuller,30,38810,AL,2018-12-05
3725,Lawrence,Waters,68,187159,NC,2022-04-05
3726,Maria,Walters,50,165217,WY,2019-07-26
3727,David,Williams,62,90731,AZ,2024-02-14
3728,David,Smith,57,74428,VA,2020-01-29
3729,Christina,Wilson,61,39453,ID,2017-11-24
3730,Philip,Walker,41,92719,IN,2025-06-12
3731,Lisa,Carlson,59,30075,KS,2016-08-30
3732,Madison,Powell,80,71273,WV,2016-08-01
3733,Diane,Ortiz,23,102335,NC,2022-04-13
3734,Robert,Evans,67,134709,CA,2024-11-15
3735,Tracy,Jones,40,205547,NM,2018-01-02
3736,Danielle,Harrison,43,136286,AR,2017-11-11
3737,Christine,Torres,55,82510,ND,2019-04-11
3738,Claire,Mcdonald,51,34028,VA,2021-05-08
3739,John,Armstrong,65,214450,SD,2025-12-24
3740,Jessica,Manning,22,53636,VI,2023-06-04
3741,Casey,Williams,53,104578,MD,2022-07-29
3742,Karen,Rosales,64,247517,IN,2023-05-12
3743,Daniel,Newton,53,182812,NH,2023-08-28
3744,Austin,Little,40,121088,TN,2023-09-15
3745,Jacqueline,Jordan,79,243782,AS,2022-01-03
3746,Jodi,Myers,35,89322,FL,2024-06-02
3747,Justin,Beltran,56,80993,AR,2017-09-07
3748,Ronald,Perry,47,135894,HI,2022-11-08
3749,Nathaniel,Hogan,54,31219,FM,2020-07-17
3750,Julie,Fernandez,34,75884,KY,2025-12-14
3751,Kristen,Kennedy,44,162707,IN,2023-06-18
3752,Miguel,Coleman,24,176441,ND,2019-09-05
3753,Kayla,Silva,22,161902,SD,2016-06-22
3754,Amanda,Arnold,36,119120,UT,2017-07-11
3755,Kelly,Allen,78,60673,NJ,2018-09-02
3756,Jeanette,Carson,69,164555,RI,2018-01-04
3757,William,Rodriguez,79,97552,AL,2022-10-10
3758,Lisa,Willis,74,171008,RI,2019-10-15
3759,Charles,Kim,70,237982,MI,2021-04-14
3760,Zoe,Wallace,54,95573,FM,2024-08-21
3761,Yolanda,Morris,62,146069,MP,2024-11-25
3762,Kim,Baker,79,128849,PR,2020-12-05
3763,David,Atkinson,54,156780,MH,2025-10-29
3764,Leslie,Salazar,67,93772,WV,2025-03-27
3765,Joseph,Griffin,66,119040,HI,2024-03-23
3766,Victoria,Mcbride,79,233318,KY,2021-11-18
3767,Brandi,Smith,47,208675,FL,2018-02-10
3768,Lisa,Fuentes,47,183833,ND,2016-07-03
3769,Darrell,Patterson,73,37169,SD,2026-03-25
3770,Andrew,Potter,48,60479,OK,2022-01-28
3771,Joseph,Dunn,34,47708,MH,2017-11-13
3772,Frank,Colon,42,196110,GA,2018-09-19
3773,Mary,Hernandez,68,87771,NJ,2021-11-25
3774,Veronica,Baxter,61,213809,AK,2017-10-03
3775,Adam,Palmer,32,239757,CT,2026-04-06
3776,Teresa,Hines,38,138114,AZ,2016-12-16
3777,Cheryl,Stein,79,122562,PR,2021-04-01
3778,Raymond,Fleming,51,170417,NH,2025-03-25
3779,Monica,Brown,18,213715,VI,2026-02-26
3780,Louis,Burton,71,99035,CA,2025-10-25
3781,Tiffany,Chan,33,105311,MD,2024-01-04
3782,Zachary,Mcdonald,23,134577,FL,2017-12-16
3783,Christopher,Jones,61,226290,AL,2023-10-09
3784,Kathy,Molina,70,119651,DC,2026-02-04
3785,Laura,Jones,22,175372,MS,2019-08-31
3786,Timothy,Sanchez,77,76788,RI,2019-12-02
3787,Michael,Silva,48,112279,FM,2018-03-11
3788,David,Kidd,40,87295,CO,2018-07-23
3789,Jennifer,Farrell,75,180395,ME,2018-01-16
3790,Robert,Bartlett,35,77915,SD,2021-03-30
3791,Daniel,Rosario,78,225600,PA,2021-03-15
3792,Patrick,Lambert,61,79851,TX,2018-04-10
3793,Cynthia,Roberts,49,223229,PR,2021-09-29
3794,Kevin,Landry,30,91567,KY,2021-12-16
3795,Danielle,Harris,65,93453,NJ,2025-04-19
3796,Erica,Mora,73,99574,FL,2020-12-24
3797,David,Williams,31,90085,NE,2025-08-03
3798,Nicholas,Smith,30,248874,OR,2022-08-30
3799,Gary,Owens,33,249240,NC,2018-03-14
3800,Melinda,Acosta,57,123330,OH,2024-02-20
3801,William,Clarke,27,234194,MP,2017-12-17
3802,Walter,Brock,24,61425,HI,2018-06-05
3803,Matthew,Rangel,76,50575,WI,2021-08-23
3804,Richard,Lutz,61,203912,AZ,2018-12-23
3805,Micheal,Mejia,49,190911,PA,2018-11-21
3806,Laura,House,18,230342,DC,2022-12-02
3807,Jason,Johnson,72,171944,FM,2018-10-12
3808,Alexandra,Miranda,79,41079,HI,2016-08-17
3809,Christopher,Blake,72,156429,NJ,2016-07-19
3810,Joshua,Hill,41,192704,NV,2022-05-14
3811,Bethany,Gilbert,38,159064,IL,2023-05-31
3812,Amy,Bowen,75,180606,LA,2025-11-11
3813,Kevin,Webb,73,102019,MS,2019-11-16
3814,Angela,Booth,49,77938,NJ,2022-07-06
3815,Brittney,Figueroa,66,163990,NH,2016-09-07
3816,Meghan,Johnson,35,134301,SC,2017-12-09
3817,Katie,Osborne,32,226652,MH,2023-11-16
3818,Deborah,Russell,54,63618,OH,2024-12-15
3819,Kyle,Skinner,21,167818,ID,2016-09-01
3820,Zachary,Massey,69,140933,MH,2022-06-05
3821,Joseph,Schwartz,48,171759,FM,2020-05-19
3822,Julie,Hobbs,20,161720,CA,2016-06-10
3823,Julie,Valdez,40,133210,MH,2022-04-29
3824,Keith,Wallace,73,209919,NV,2017-03-05
3825,Daniel,Wells,67,75822,OR,2023-05-19
3826,Vanessa,Hawkins,47,61553,MO,2024-02-21
3827,Kenneth,Greer,62,165844,MH,2023-04-18
3828,Robert,Lee,47,112746,AZ,2023-11-05
3829,Michelle,Tucker,62,32206,AK,2023-05-21
3830,Gina,Howell,18,206712,MS,2020-12-31
3831,Jose,Peterson,31,129464,PA,2023-09-20
3832,Austin,Smith,55,56410,PR,2023-12-19
3833,Linda,Nichols,38,124791,VI,2022-01-11
3834,Leah,Townsend,57,98078,NJ,2026-01-15
3835,Charles,Ramos,29,173802,NY,2022-01-18
3836,Amanda,Flores,34,92164,WY,2024-06-25
3837,Tyler,Johnson,35,153560,ID,2017-10-25
3838,Alexis,Anderson,79,190716,IL,2016-11-20
3839,Jacqueline,Weaver,39,125924,TX,2018-09-26
3840,David,Reyes,29,160749,WY,2024-04-16
3841,April,George,45,85189,LA,2021-09-25
3842,Charles,Mendez,44,213687,RI,2022-01-30
3843,John,Wallace,66,127598,AZ,2018-09-09
3844,Paul,Kennedy,41,135012,VA,2019-01-13
3845,Brenda,Romero,35,148155,MI,2022-08-17
3846,Trevor,Kemp,29,179791,OH,2020-08-31
3847,Susan,Davis,26,180966,NH,2017-11-14
3848,Barbara,Davis,61,89917,PR,2025-09-25
3849,Jason,Knight,70,56180,MS,2024-02-29
3850,Diana,Ingram,64,100765,RI,2018-05-07
3851,Michael,Nicholson,69,91814,MD,2023-03-10
3852,Kelly,Adkins,53,143303,CO,2025-10-09
3853,Christian,Williams,72,129846,ND,2025-01-20
3854,Abigail,Martin,30,68232,UT,2023-03-27
3855,Angela,Hernandez,69,223604,KY,2021-10-24
3856,Karen,Williams,27,153990,WV,2019-06-06
3857,Jane,Gonzalez,69,32553,MA,2020-05-10
3858,Melissa,Jenkins,29,140499,CT,2021-05-29
3859,Carla,Holt,49,65250,VI,2022-11-20
3860,Patricia,Holland,75,195321,MD,2025-07-27
3861,Sherri,Cruz,51,169980,ND,2023-10-08
3862,Dustin,Jenkins,64,112766,IN,2024-11-10
3863,Michael,Brown,68,157564,SD,2020-02-14
3864,Kyle,Jackson,37,95791,ND,2022-01-24
3865,Virginia,Taylor,53,178854,PW,2017-09-28
3866,James,May,21,134438,MT,2019-07-21
3867,Erica,Ayala,24,211021,TX,2024-05-15
3868,Brooke,Jones,28,45738,DE,2018-04-25
3869,Charlene,Grant,31,243337,NM,2025-04-10
3870,Cheyenne,Hanson,34,154921,NV,2023-10-24
3871,Julie,Malone,71,195114,CA,2021-12-23
3872,Steven,Hernandez,24,147926,PA,2019-02-05
3873,Terry,Soto,65,117728,ID,2019-10-16
3874,Jason,Thomas,34,124624,NV,2017-10-28
3875,Samantha,Stewart,41,176892,MS,2021-10-17
3876,Stephen,Williams,53,242340,RI,2017-02-10
3877,Christopher,Contreras,34,120214,IL,2017-06-29
3878,Kristin,Horn,19,137940,SC,2017-07-05
3879,David,Spencer,25,122036,ID,2022-12-05
3880,Kimberly,Lowery,73,208149,LA,2017-10-13
3881,Carlos,Gonzalez,79,188748,OH,2024-05-26
3882,Andrew,Estrada,30,181218,VT,2025-05-22
3883,Natasha,Morgan,54,200358,TX,2017-10-14
3884,Kenneth,Aguilar,59,171148,DC,2019-08-26
3885,Christine,Burnett,29,234553,PW,2022-06-26
3886,Nicholas,Lee,36,123089,MT,2019-01-28
3887,Jessica,Sellers,38,206473,OH,2017-02-08
3888,Steven,Thompson,50,157793,VT,2019-08-25
3889,Michael,Nguyen,67,223075,MA,2022-07-25
3890,Christopher,Murphy,46,50554,RI,2022-12-07
3891,Cody,Huffman,42,190868,OH,2017-04-28
3892,Jennifer,Dixon,36,151569,WA,2019-12-17
3893,Dustin,Gutierrez,58,67971,AK,2020-03-13
3894,Adam,Reynolds,73,73928,PW,2020-12-20
3895,Brian,Alvarez,58,241738,WV,2023-09-07
3896,Roy,Morrison,77,118444,OK,2021-11-22
3897,Justin,Wright,44,195484,GU,2017-05-23
3898,Alisha,Tucker,57,179851,MD,2019-04-10
3899,Carlos,Wilson,43,48702,MI,2018-11-15
3900,Michelle,Lee,23,72467,OH,2024-10-14
3901,Alejandra,Fox,39,89825,TN,2020-01-08
3902,Isaiah,Nelson,38,113067,ID,2022-12-05
3903,Christopher,Nguyen,59,106377,IL,2022-02-17
3904,Kyle,Chen,63,100116,CT,2025-05-02
3905,Gerald,Rogers,56,198989,MA,2021-09-06
3906,Laura,Atkinson,43,101106,DC,2016-07-24
3907,Alison,Walker,74,146627,VA,2025-10-08
3908,Brooke,Fuller,67,125201,KY,2016-10-01
3909,Scott,Gomez,65,183857,OK,2022-11-16
3910,Brian,Blackwell,51,148040,UT,2018-02-15
3911,John,Weber,44,73861,CO,2018-01-18
3912,Angela,Flores,29,36055,TX,2020-09-17
3913,Lisa,Lewis,26,220781,DC,2019-10-09
3914,Deanna,Martin,33,203545,GU,2021-08-10
3915,Janice,Vasquez,34,225002,LA,2022-09-10
3916,Philip,Haney,62,226539,IA,2024-12-09
3917,Mark,Hernandez,23,85200,TX,2023-08-21
3918,Tiffany,Cohen,28,134083,AR,2025-11-30
3919,Gary,Hodge,24,55048,TX,2018-02-09
3920,Karen,Tran,22,154042,AR,2022-06-27
3921,Heidi,Fitzgerald,53,44110,AK,2026-05-18
3922,Jaime,Price,19,232095,MO,2020-06-15
3923,Kelly,Brown,43,167358,OR,2023-05-06
3924,Brittany,Howe,66,51823,IL,2017-05-01
3925,Mary,Lowe,24,98800,WA,2020-05-10
3926,Sarah,Gardner,57,70704,OR,2025-04-09
3927,Keith,Sweeney,23,201660,PA,2018-02-27
3928,Michael,Barnes,77,132195,RI,2023-01-29
3929,Christine,Anderson,37,90124,CT,2026-05-23
3930,Jacob,Adams,33,223355,LA,2016-11-27
3931,Laura,Lopez,36,146171,ID,2017-12-25
3932,William,Rodriguez,58,63138,SC,2026-06-01
3933,Mallory,Romero,26,168082,MI,2018-08-24
3934,Jack,Hall,71,74723,VI,2023-03-01
3935,Hannah,Hernandez,19,39215,VA,2018-03-30
3936,Angel,Osborne,60,123543,PW,2024-07-31
3937,Melissa,Johnson,73,115249,SD,2019-09-30
3938,Andrea,Howard,73,154821,AR,2025-04-22
3939,Christopher,Dodson,47,171710,CA,2019-06-26
3940,Jason,Reyes,77,101411,NE,2016-08-13
3941,James,Graham,53,146613,GU,2020-10-24
3942,Elizabeth,Preston,26,212877,AZ,2022-07-16
3943,Eileen,Baker,52,76409,GU,2023-12-25
3944,Joseph,Williams,55,186653,GU,2022-08-07
3945,Joseph,Scott,47,195425,RI,2020-04-01
3946,George,Gray,65,196684,TN,2025-02-04
3947,James,Houston,74,177845,VA,2020-05-24
3948,Jasmine,Robinson,45,167221,NH,2023-10-29
3949,Olivia,Fisher,58,197648,UT,2021-07-02
3950,Johnny,Khan,52,111175,ME,2024-01-14
3951,James,Kelly,76,121008,MT,2020-06-10
3952,Melissa,Armstrong,48,171470,MP,2021-05-30
3953,Alex,Davis,32,240949,KS,2016-06-29
3954,Jamie,Smith,23,145831,WI,2022-07-08
3955,Karina,Robinson,37,125887,OH,2019-01-13
3956,Craig,Scott,44,98106,OK,2020-11-11
3957,Jessica,Irwin,27,109579,CT,2018-11-22
3958,Paul,Moran,18,30024,OK,2020-06-22
3959,Gerald,Taylor,51,243746,RI,2020-11-02
3960,Shelley,Young,66,65730,IN,2026-03-19
3961,Sandra,Ramirez,40,105173,MO,2026-03-23
3962,Jessica,Hunter,48,170272,OH,2025-01-17
3963,Pamela,Rasmussen,18,210294,VI,2022-09-07
3964,Frank,Harper,77,158956,HI,2020-06-15
3965,Diana,House,78,228042,MO,2017-02-22
3966,Cynthia,Espinoza,48,108541,HI,2023-11-15
3967,Rebecca,Davis,18,230768,MP,2024-03-10
3968,Paula,Powers,45,239181,FL,2021-07-02
3969,Bridget,Padilla,36,186500,CT,2024-07-06
3970,Sara,Gregory,32,238867,KY,2026-02-12
3971,Gabriel,Taylor,18,173710,FL,2017-06-22
3972,Melissa,Pittman,41,79432,MP,2023-01-04
3973,Benjamin,Lawson,44,176945,CO,2016-10-24
3974,Brandon,Hernandez,45,133481,GA,2025-12-12
3975,Matthew,Sanchez,33,72800,TX,2019-04-11
3976,Christopher,Turner,63,223231,GA,2018-11-18
3977,Rachel,Johnson,59,132163,NY,2017-07-12
3978,Donna,Lee,71,129184,WI,2021-09-21
3979,Nicole,Pope,32,98938,NY,2023-02-15
3980,Arthur,Turner,23,140687,GU,2022-04-17
3981,James,Soto,58,92799,KS,2024-01-01
3982,Richard,Richard,51,230419,OR,2020-07-18
3983,Alyssa,Rodriguez,69,190750,PA,2025-11-16
3984,Kimberly,Wright,69,211908,ID,2019-02-06
3985,Andrea,Daniel,61,101267,AZ,2024-10-27
3986,Sonya,Thomas,36,199989,OK,2026-02-07
3987,Savannah,Moore,65,169445,IA,2017-09-26
3988,Matthew,White,69,100470,ME,2025-09-20
3989,Scott,Rosales,44,79283,HI,2017-10-24
3990,Michael,Gibson,72,47947,MN,2019-03-05
3991,Rachel,Douglas,29,65815,KS,2026-02-18
3992,Carlos,Donaldson,36,58929,ND,2019-05-12
3993,Jennifer,Benjamin,58,149365,MA,2019-03-10
3994,Jeffrey,Smith,57,148690,IA,2017-06-24
3995,Darren,White,35,213624,NE,2016-11-08
3996,Richard,James,57,158973,AL,2019-03-02
3997,Ralph,Walls,30,114054,NJ,2016-11-10
3998,Rachel,Johnson,19,69885,WV,2025-04-14
3999,Amy,Griffin,21,170239,WV,2017-01-18
4000,Elizabeth,Singleton,19,78742,MP,2023-02-01
4001,Thomas,Meadows,80,56810,MD,2019-03-24
4002,Debbie,Ray,36,100567,HI,2016-12-24
4003,Michael,Mays,26,217484,MN,2019-11-10
4004,Thomas,Cole,46,220606,PA,2025-10-12
4005,Monica,Mitchell,18,91029,KY,2019-09-11
4006,Hannah,Myers,23,69500,NY,2021-10-18
4007,Travis,Garza,18,159388,OH,2021-12-02
4008,Carolyn,Wilkinson,31,119630,PR,2023-01-18
4009,Matthew,Evans,44,111677,TN,2024-04-22
4010,Carol,Green,68,239574,WI,2016-12-10
4011,Andrea,Chavez,49,127359,TX,2017-01-08
4012,Sarah,Gutierrez,47,212697,GA,2019-02-21
4013,Pamela,Hicks,68,38319,MA,2020-08-17
4014,Amy,Glass,39,51030,WI,2019-01-27
4015,David,Carter,71,226757,WV,2022-10-23
4016,Michelle,Parker,78,68296,OH,2022-03-23
4017,April,Li,21,99862,DE,2024-07-16
4018,Daniel,Hawkins,67,132871,WI,2018-10-28
4019,Rachel,Sanchez,22,172394,MO,2017-07-28
4020,Amanda,Mcneil,48,77606,MI,2017-08-23
4021,Lindsay,Thompson,30,95556,NH,2018-09-17
4022,Natalie,Green,70,130028,MT,2025-02-11
4023,Austin,Roberson,71,33307,SC,2024-10-23
4024,Tonya,Payne,25,231364,HI,2022-12-10
4025,Phillip,Young,63,95263,OH,2016-09-13
4026,Ronald,White,42,232172,VI,2023-06-13
4027,Larry,Roman,80,146119,VT,2018-06-27
4028,Christopher,Daniel,33,223362,OK,2016-11-17
4029,Carrie,Alexander,20,82213,GU,2022-07-03
4030,Heather,Butler,47,222760,GU,2024-07-19
4031,Michelle,Lamb,67,54631,NY,2020-02-24
4032,Michael,Figueroa,51,204589,NH,2023-11-26
4033,Christopher,Butler,80,84643,WY,2026-01-13
4034,Sabrina,Griffin,48,132006,GA,2018-04-23
4035,Samuel,Bowen,61,111817,DE,2021-07-17
4036,Ernest,Reilly,77,114689,NE,2020-01-10
4037,James,Moyer,28,194931,UT,2022-05-05
4038,Maureen,Pope,64,41058,GU,2016-08-28
4039,Craig,Thomas,65,174069,AL,2024-10-22
4040,Yolanda,Mccullough,51,62018,CA,2017-12-24
4041,Tiffany,Barnes,34,156151,OR,2017-05-20
4042,Michael,Johnson,58,108332,SD,2019-12-26
4043,Jose,Harris,30,124483,NE,2025-06-10
4044,Melissa,Mayer,74,43654,MD,2024-05-29
4045,Mark,Martin,73,204770,SC,2017-04-05
4046,Susan,Berry,31,59603,NM,2022-05-11
4047,Amanda,Forbes,33,195913,DC,2017-01-17
4048,April,Moore,45,115069,NM,2020-08-12
4049,Stephanie,Rodriguez,18,73872,ND,2022-01-17
4050,Victor,Mccormick,68,102377,MO,2023-11-21
4051,Cindy,Hood,55,61365,MP,2025-09-19
4052,Ricky,Stein,43,236869,AZ,2019-04-23
4053,Sherri,Escobar,33,32340,WY,2019-11-06
4054,Jennifer,Evans,80,41008,MP,2021-05-15
4055,Cheryl,Lawson,55,235383,AR,2020-12-15
4056,Alexis,Griffin,62,154589,RI,2024-08-16
4057,Kristin,Gomez,62,186293,ID,2020-08-26
4058,James,Sullivan,27,127359,NV,2017-11-13
4059,Jesse,Willis,67,53456,VI,2019-04-14
4060,Tamara,Watts,33,71339,MD,2022-02-15
4061,Julie,Moore,49,53960,SC,2021-08-12
4062,Daniel,Bryant,61,192174,MD,2021-12-10
4063,Lauren,Carter,39,229114,PW,2025-12-29
4064,Veronica,Bray,58,45742,CA,2019-08-24
4065,Alyssa,Green,21,123196,MH,2018-10-24
4066,Amanda,Kim,59,70348,OH,2024-08-20
4067,Joshua,Williams,62,170601,GA,2022-08-07
4068,Elizabeth,Barr,68,58152,NE,2021-01-30
4069,Kyle,Blanchard,26,157885,MT,2017-08-29
4070,Jeffrey,Wilson,32,113031,CO,2017-01-14
4071,Kristi,Perry,80,176368,IA,2021-08-23
4072,Tina,Peterson,68,198990,OR,2020-02-25
4073,James,Brown,66,121047,CA,2019-01-19
4074,Wesley,Harper,69,145007,NY,2018-11-24
4075,Tyler,Burch,64,80584,VA,2024-03-23
4076,Ann,Harrell,19,210682,PR,2025-12-17
4077,David,Stewart,42,123891,VT,2023-11-24
4078,Paula,Green,64,65319,WA,2026-03-31
4079,Shirley,Rivera,34,40351,ID,2019-05-16
4080,Shelley,Lyons,49,215237,VA,2025-07-03
4081,Peter,Daniel,46,176544,NC,2019-06-15
4082,John,Henderson,36,172274,PA,2024-04-10
4083,Sarah,Jones,62,158474,GA,2020-07-29
4084,Kathryn,Dalton,30,178557,WY,2024-10-14
4085,Stephen,Morales,29,172506,SC,2017-11-21
4086,James,Woods,40,114850,MT,2019-01-18
4087,Donna,Huang,64,152786,IN,2026-04-28
4088,Connor,Peterson,35,247933,NE,2021-06-21
4089,Anthony,Buchanan,56,175364,NH,2018-11-30
4090,Christian,Grant,28,48055,LA,2025-11-17
4091,Andrea,Ryan,51,70638,NC,2017-05-05
4092,Amanda,Salazar,46,107508,OR,2026-04-26
4093,James,Shields,70,99035,NH,2022-06-26
4094,Kylie,Serrano,52,126236,NJ,2017-12-23
4095,Dustin,Morton,47,30188,SC,2017-09-15
4096,Samantha,Williams,67,197254,SD,2023-12-06
4097,Stephen,Anderson,50,129363,VA,2022-02-06
4098,Tasha,Everett,64,78636,VA,2025-02-03
4099,Michelle,Marsh,74,34907,CO,2018-05-02
4100,Derrick,Bell,57,125440,AK,2025-04-25
4101,Tina,Payne,67,192581,ME,2022-09-02
4102,Ricky,Brandt,33,114068,AR,2024-09-22
4103,Jennifer,Delgado,64,46604,MN,2019-12-15
4104,Frank,Edwards,60,171284,MS,2024-08-31
4105,Gabrielle,Mcclain,70,131578,UT,2020-05-06
4106,Lindsay,Nguyen,30,167381,PW,2020-05-14
4107,Kenneth,Smith,61,160429,SD,2019-08-08
4108,Michael,Dalton,67,174563,AZ,2018-09-04
4109,Bradley,Miller,27,190704,MO,2016-09-19
4110,Mario,Cox,36,114567,CA,2016-09-05
4111,Sue,Duncan,44,198009,MA,2021-11-21
4112,Desiree,Garcia,38,58957,RI,2020-04-14
4113,James,Fleming,24,167153,HI,2019-01-14
4114,Julie,Carlson,60,47479,PR,2017-09-10
4115,Gregory,Estes,20,248940,OH,2024-07-28
4116,Edward,Brown,78,64019,MT,2019-02-13
4117,Kelly,Mullen,29,38198,HI,2023-05-31
4118,Julie,Armstrong,30,58063,WV,2024-07-18
4119,Jennifer,Rice,49,80231,DE,2019-02-07
4120,Lisa,Molina,24,38340,GU,2019-11-29
4121,Deborah,Johnson,54,198231,GA,2023-02-24
4122,Leslie,Swanson,71,131868,DE,2024-02-03
4123,Shane,Gonzalez,60,158426,VI,2017-10-24
4124,Andrew,Little,51,193570,AR,2021-01-16
4125,Brandon,Medina,62,184743,TN,2017-06-27
4126,Kathleen,Page,34,42867,PA,2020-09-16
4127,Victoria,Wright,41,87861,PA,2019-09-25
4128,Morgan,Carter,56,218178,SD,2026-02-13
4129,Laura,Bishop,22,33430,TX,2018-12-19
4130,Nicholas,Lopez,77,84719,OR,2018-04-24
4131,Derrick,Burke,59,158819,WY,2024-07-19
4132,William,Robinson,77,248124,MD,2025-11-26
4133,Mckenzie,Wheeler,23,152698,WV,2025-12-17
4134,Tiffany,Ramos,69,197488,WY,2022-04-18
4135,Katrina,Stephens,21,124614,OK,2018-05-23
4136,Stephanie,Krueger,53,224898,OH,2024-08-13
4137,Brian,Phelps,78,139039,FL,2021-02-12
4138,Scott,Dixon,70,126749,AK,2020-01-11
4139,Benjamin,Jackson,68,215711,DC,2026-05-11
4140,Brianna,Mitchell,21,245913,AS,2022-07-21
4141,John,Gallagher,57,99681,ID,2019-08-28
4142,James,Espinoza,51,40656,NH,2016-09-01
4143,Nicole,Alexander,64,48451,AR,2018-05-18
4144,Anna,Ellis,71,109666,MH,2019-08-31
4145,Zachary,Elliott,22,86596,CA,2020-02-09
4146,Patrick,Espinoza,79,166179,NJ,2017-02-15
4147,Andrew,Gates,24,56535,CA,2022-09-24
4148,Gail,Kennedy,64,90559,VA,2019-02-07
4149,Cynthia,Gutierrez,52,131012,WI,2019-12-30
4150,Michael,Ayala,30,80625,LA,2022-03-16
4151,Amy,Randall,51,202196,NE,2017-10-21
4152,Douglas,Rubio,33,179429,MS,2017-06-26
4153,Raymond,Carrillo,58,76897,MD,2025-02-24
4154,Jay,Morgan,53,226396,DC,2024-08-13
4155,Melissa,Romero,53,138838,MI,2021-03-16
4156,Tony,Hawkins,65,57659,PW,2021-11-16
4157,Nicholas,Sosa,67,197411,CA,2020-06-26
4158,Jessica,Lewis,54,123837,IA,2018-09-21
4159,Theresa,Myers,61,150250,DC,2022-08-14
4160,Larry,Duncan,62,204389,ID,2020-05-16
4161,Robert,Oconnor,45,57289,HI,2020-05-04
4162,Andrea,Johnson,28,237739,MD,2019-04-07
4163,Maria,Li,29,174170,MH,2023-02-08
4164,Tammy,Peterson,43,162302,IL,2023-04-27
4165,Angela,Evans,39,202368,MS,2023-08-29
4166,Craig,Hernandez,28,169958,AR,2022-12-19
4167,Rachael,Lopez,56,146132,MT,2026-05-30
4168,Marie,Phillips,77,122359,PR,2018-06-04
4169,Alexis,Lopez,75,112615,WI,2019-12-12
4170,Jodi,Cooper,53,115106,KS,2022-11-04
4171,Joshua,Kim,72,127444,SD,2023-09-22
4172,Charles,Harris,44,230326,IA,2020-09-08
4173,Amber,Watts,58,142876,FL,2023-12-11
4174,Sarah,Bailey,70,220281,MD,2020-07-25
4175,Matthew,Owens,38,189491,LA,2018-05-13
4176,Aaron,Cervantes,33,177625,NJ,2022-03-26
4177,Jason,Escobar,52,86079,SC,2022-12-08
4178,Becky,Howard,42,230725,AZ,2021-02-02
4179,Richard,Mccarty,53,225186,OK,2022-11-11
4180,Steven,Costa,34,124374,SC,2022-05-23
4181,Richard,Mason,79,148594,MD,2025-09-07
4182,Jennifer,Cannon,46,134094,FM,2023-01-26
4183,James,Dawson,18,220398,TX,2023-07-18
4184,Melissa,Garcia,20,104575,NC,2025-03-06
4185,Brittany,Crane,56,34273,PA,2020-10-03
4186,Dillon,Fowler,51,65411,HI,2019-07-03
4187,Kevin,Miller,74,109125,NJ,2021-03-10
4188,Kathy,Allen,18,108730,MA,2023-01-04
4189,Cassandra,Jones,32,86314,LA,2023-04-15
4190,Elizabeth,Cooper,72,112550,SC,2017-01-29
4191,Cindy,Jones,19,232250,PW,2025-11-22
4192,Felicia,Anthony,70,210805,VA,2020-04-28
4193,Christine,Kelley,70,102340,TX,2025-02-18
4194,Denise,Jacobs,76,175139,CT,2022-02-10
4195,Seth,Ford,50,175836,NE,2019-01-20
4196,Tony,Campbell,54,179844,VA,2018-02-17
4197,Amy,Morrow,27,54716,OR,2020-05-31
4198,Jonathan,Navarro,20,150683,PW,2023-04-05
4199,Eileen,Griffin,40,70922,FL,2017-10-06
4200,James,Durham,26,99465,NJ,2019-04-18
4201,Michelle,Ingram,41,182608,MP,2022-07-22
4202,Jordan,Garcia,33,91078,WV,2024-11-10
4203,Molly,Williams,34,242618,WV,2020-06-13
4204,Evelyn,Gonzalez,37,54092,MI,2016-12-17
4205,Kelly,Perkins,54,134804,IN,2025-02-17
4206,Donald,Owens,54,86999,CT,2018-04-22
4207,Allison,Ramirez,64,50237,VI,2019-01-29
4208,Jeffery,Hopkins,64,115116,GA,2025-07-22
4209,Francisco,Thompson,68,156493,FL,2022-02-21
4210,Darryl,Williams,29,157998,SC,2024-08-30
4211,Kevin,Garcia,70,210773,SD,2017-02-16
4212,Robert,Noble,62,181055,MO,2018-11-05
4213,Kimberly,Bennett,70,54999,HI,2021-11-14
4214,Nina,Phillips,56,198363,RI,2021-10-10
4215,Christopher,Bennett,37,39796,CO,2018-05-15
4216,Susan,Parker,64,241901,MD,2016-08-30
4217,Danielle,Jimenez,54,130020,OH,2024-04-23
4218,Jose,Scott,23,234504,IA,2022-11-10
4219,Matthew,Norton,21,232087,TX,2022-07-11
4220,Cynthia,Thompson,39,121207,CA,2019-03-09
4221,Dwayne,Barajas,74,244208,TX,2016-07-23
4222,Margaret,Bennett,45,139188,ID,2019-08-20
4223,Ryan,Figueroa,77,61598,MS,2023-01-10
4224,Yolanda,Mendez,73,231953,WI,2019-01-21
4225,Eric,Peterson,32,225999,NC,2024-10-17
4226,Robert,Gibson,59,187889,IL,2020-10-22
4227,Angela,Miller,77,32997,WA,2020-01-04
4228,Angelica,Kline,58,233795,AS,2022-12-06
4229,Melissa,Williams,58,130266,CT,2022-04-18
4230,Casey,Goodman,21,109897,AL,2025-03-08
4231,Dawn,Bailey,51,40795,VI,2022-02-12
4232,Peter,Stephenson,38,171539,WI,2022-04-25
4233,Megan,Wheeler,54,69211,NM,2024-01-08
4234,Andrew,Young,38,161701,OH,2025-08-05
4235,Matthew,Johnson,62,87880,NH,2019-02-17
4236,Scott,Sanchez,27,43243,SC,2024-06-29
4237,Todd,Williams,61,221778,KS,2023-10-03
4238,Jason,Greene,43,146815,TN,2026-06-02
4239,Melanie,Collins,66,186010,CA,2023-02-14
4240,Tonya,Obrien,54,162311,MT,2024-09-10
4241,Claire,Moore,23,88218,CO,2020-01-06
4242,William,Fleming,45,105964,AL,2016-11-20
4243,Jason,Norton,68,133369,TN,2022-11-08
4244,Heather,Reynolds,27,64652,NM,2016-10-01
4245,Hector,Nelson,39,51638,SD,2019-05-19
4246,Anthony,Fitzgerald,48,179799,AS,2019-08-07
4247,Lucas,Alvarez,65,42926,MS,2018-05-17
4248,William,Andrews,53,134645,NM,2021-05-05
4249,Matthew,Rojas,34,52302,MI,2016-08-09
4250,Brianna,Hernandez,43,161549,AK,2020-04-15
4251,Lori,Stone,45,232853,SD,2016-11-04
4252,Charles,Ferguson,62,64177,NH,2018-04-04
4253,Sean,Thompson,66,65355,RI,2024-12-14
4254,Latoya,Larson,48,176616,AL,2022-06-15
4255,Frank,Benson,30,157889,MA,2021-04-21
4256,Jessica,Johnson,43,200983,ND,2024-09-06
4257,Matthew,Haas,54,81406,FL,2018-05-27
4258,Richard,Ware,53,191479,WI,2021-08-17
4259,Krista,Hansen,65,167428,NM,2024-04-13
4260,Edwin,Carter,33,93521,GA,2026-01-30
4261,Monique,Palmer,22,99797,NY,2023-06-20
4262,Cynthia,Nelson,67,142739,MH,2020-10-13
4263,Barbara,Brooks,38,209499,RI,2024-10-06
4264,Shannon,Gillespie,77,180999,FM,2016-10-27
4265,Sheryl,Powers,23,59499,WI,2021-05-23
4266,Joseph,Golden,60,138418,AL,2021-12-02
4267,James,Gomez,45,125752,NY,2022-03-21
4268,Jimmy,Mathis,40,79935,MT,2019-09-23
4269,Jo,Mcmahon,38,120315,MO,2024-06-06
4270,Robin,Chapman,56,201811,NC,2022-07-07
4271,Tyrone,Barber,19,231767,IA,2018-03-30
4272,John,Decker,37,74369,UT,2020-02-25
4273,Michelle,Hunter,40,191538,KY,2024-12-04
4274,Robert,Hancock,70,240448,TX,2020-10-06
4275,Emily,Smith,46,193363,IA,2026-01-29
4276,Steven,Jordan,27,145464,MO,2023-09-20
4277,David,Allen,20,244478,MA,2019-01-11
4278,Kevin,Wright,32,82346,OR,2018-05-21
4279,Samuel,Schwartz,61,127994,PA,2023-12-14
4280,Christian,Kelley,27,228635,MD,2019-06-13
4281,Jeremiah,Harris,64,52495,MH,2016-08-16
4282,Joshua,Torres,25,223876,GA,2024-03-06
4283,Kenneth,Hudson,21,93713,HI,2019-03-27
4284,Hannah,Potter,78,192792,CT,2020-12-06
4285,Lisa,Vargas,77,68712,HI,2021-05-09
4286,Timothy,Sharp,73,248220,SD,2018-05-19
4287,Madeline,Marshall,70,105414,SC,2022-04-14
4288,Luke,Gray,18,119986,NJ,2017-07-31
4289,Madison,Wilson,62,240837,CO,2023-06-21
4290,Benjamin,Duncan,25,109984,AS,2018-07-31
4291,Susan,Schultz,46,153519,CT,2026-05-27
4292,Amy,Webb,19,116999,AR,2025-04-15
4293,Joseph,Hunt,31,223989,GU,2024-04-10
4294,Tracy,Christensen,52,85541,NC,2021-09-01
4295,Diana,Fisher,31,173241,MD,2017-08-28
4296,Dawn,Long,51,226701,WA,2019-05-09
4297,Jessica,Carrillo,34,173864,NY,2026-01-31
4298,Maurice,Williams,48,193326,WY,2023-08-02
4299,Sherri,Marshall,64,67053,ME,2020-01-09
4300,Timothy,Diaz,62,213174,NE,2025-10-23
4301,Nichole,Glenn,60,34820,AR,2017-01-13
4302,Kevin,Gonzalez,42,182831,CA,2021-07-08
4303,Eric,Mills,75,203939,SC,2020-06-28
4304,Jordan,Davies,51,41398,ID,2022-08-30
4305,Joseph,Banks,34,74648,KY,2023-03-22
4306,Allison,Powell,21,104452,NE,2025-08-17
4307,David,Jones,30,236881,CT,2016-07-06
4308,Vincent,Lopez,62,191995,NJ,2020-06-12
4309,Joshua,Escobar,35,43915,WI,2020-02-17
4310,Joseph,Garcia,47,201640,ME,2023-04-10
4311,Dawn,Payne,78,32184,IN,2025-05-20
4312,Jeffrey,White,22,131880,IL,2024-11-21
4313,Jessica,Michael,60,101122,DC,2018-12-04
4314,Ricardo,Hernandez,60,203041,PW,2017-01-20
4315,Lisa,Jones,41,58283,CA,2025-10-13
4316,Steven,Joseph,19,106675,NV,2016-11-21
4317,Sharon,Murray,73,200239,SD,2023-05-17
4318,Mary,Thompson,42,90599,MA,2017-03-23
4319,Brenda,Miranda,80,129798,CO,2018-10-17
4320,Michael,Rose,50,216040,VT,2024-03-23
4321,Karen,Manning,24,112694,MI,2022-01-07
4322,Isaiah,Manning,49,186527,AL,2022-11-27
4323,Kevin,Matthews,52,53074,MA,2022-01-14
4324,Mark,Walsh,29,82133,AS,2021-05-16
4325,Grace,Bailey,50,150058,NC,2019-08-27
4326,Connor,Bell,53,216769,OK,2026-04-05
4327,Stacy,Miller,19,40420,MS,2026-02-27
4328,Corey,Gibson,33,168783,PA,2025-11-28
4329,James,Hardin,37,117443,HI,2017-12-04
4330,Melissa,Greene,49,133127,AZ,2020-02-27
4331,Jeff,Mosley,65,71157,WV,2021-08-13
4332,Nicholas,Parker,19,120906,WV,2022-07-26
4333,Jeffrey,Lane,61,122251,NH,2022-02-09
4334,Patricia,Dixon,40,193900,RI,2017-01-17
4335,Kelly,Rose,37,91919,SC,2018-12-26
4336,Matthew,Lucas,80,161400,ND,2021-09-13
4337,Tracy,King,35,242832,AS,2024-09-14
4338,Tina,Garcia,21,194047,UT,2026-03-21
4339,Dalton,Davis,34,131494,WI,2023-07-08
4340,Paige,Rhodes,74,243610,HI,2024-08-31
4341,Christian,Thomas,19,175474,FM,2026-02-22
4342,Mary,Williams,78,103451,MT,2020-11-06
4343,Nicole,Leon,32,69769,DC,2020-05-10
4344,Jason,Jackson,39,132982,RI,2020-08-09
4345,Craig,Chan,60,65982,VA,2020-12-28
4346,Joseph,Blackburn,23,221336,KY,2018-10-24
4347,Richard,Nelson,42,166503,MN,2024-11-20
4348,Samuel,Campbell,79,207732,VA,2025-02-09
4349,Dale,Anderson,57,193977,SC,2025-05-08
4350,Gary,Mcdaniel,61,89618,WV,2025-11-15
4351,Eric,Wall,44,93009,LA,2022-03-02
4352,Kathy,Alexander,54,70042,FM,2020-01-13
4353,Krystal,Myers,45,111889,WY,2024-09-30
4354,Ashley,Price,76,188693,WY,2020-06-15
4355,Joseph,Gardner,39,147747,NE,2020-08-31
4356,James,Salas,52,64543,PA,2025-12-09
4357,Evan,Summers,31,201041,UT,2025-01-09
4358,Lee,Harvey,26,182313,IA,2025-09-01
4359,Dana,Navarro,52,209319,CA,2017-07-04
4360,Tiffany,Chen,69,83034,CA,2019-09-02
4361,Nicholas,Johnson,73,66204,NH,2021-09-11
4362,Alicia,Hernandez,37,210494,NE,2018-09-08
4363,Elizabeth,Hinton,63,167312,OK,2021-01-06
4364,Randy,Ball,76,65455,KS,2023-04-15
4365,Andrew,Lopez,45,231863,OH,2017-07-26
4366,Gabriela,Rios,27,202027,LA,2022-05-15
4367,Erik,James,77,178070,CA,2025-02-15
4368,Timothy,Jones,76,71431,KS,2023-05-31
4369,Betty,Raymond,38,47777,CO,2026-02-18
4370,Paul,Estes,53,169712,SC,2017-09-08
4371,Kimberly,Rojas,78,218597,WV,2022-09-03
4372,Cheryl,Jackson,25,78269,VT,2019-09-28
4373,Alyssa,Hayes,38,68147,MH,2025-03-01
4374,Katherine,Heath,64,37728,AK,2021-06-27
4375,Jerome,Erickson,66,113542,VA,2021-04-20
4376,William,Glover,74,138538,AL,2020-01-26
4377,Brandon,Williams,79,137807,OH,2019-12-07
4378,Melissa,Schneider,37,146130,NE,2022-07-31
4379,Emily,Weaver,65,245403,MP,2020-02-19
4380,Deborah,Welch,75,196945,CT,2025-01-30
4381,Hannah,Wilson,77,223551,NM,2021-12-09
4382,Hannah,Haney,35,69834,MA,2019-02-19
4383,David,Hardin,67,79265,DE,2024-11-29
4384,Heather,Wise,24,64483,CT,2021-12-25
4385,Brian,Sawyer,29,36867,OR,2019-03-20
4386,Amber,Cervantes,66,190427,GA,2016-06-30
4387,Justin,Mcguire,57,99956,MH,2018-01-10
4388,Martin,Pierce,56,178646,MS,2018-07-07
4389,Louis,Smith,57,90532,CO,2023-06-20
4390,Stephen,Oconnor,56,90865,NV,2026-06-03
4391,Alan,Jackson,32,210191,ME,2020-04-27
4392,Karen,Nelson,19,124178,ID,2022-04-14
4393,Brian,Melton,23,210392,MN,2021-08-27
4394,Richard,Bender,67,154938,KY,2020-11-17
4395,Matthew,Murphy,26,161681,MS,2019-05-03
4396,Amanda,Banks,72,188521,IA,2016-10-18
4397,Katherine,Collins,48,216651,ME,2025-07-03
4398,Taylor,Park,59,128031,WV,2017-09-29
4399,Jenna,Acosta,29,131570,GU,2025-01-18
4400,Laura,Hill,49,154216,ND,2019-09-08
4401,Ruben,Rivas,26,72935,ID,2016-06-24
4402,Michael,Baker,30,89316,OK,2026-01-11
4403,Nicole,Ellis,20,137109,MT,2017-02-08
4404,Mary,Hodge,66,33935,WY,2021-11-29
4405,Tiffany,Estes,77,100741,MO,2022-04-27
4406,Joanne,Wallace,78,138277,HI,2017-04-27
4407,Jonathan,Best,32,224606,MA,2022-01-19
4408,Linda,Davila,60,83171,TX,2017-10-25
4409,Martin,Garcia,66,83624,NJ,2022-03-22
4410,Gary,Smith,22,76419,VT,2024-06-22
4411,Janice,Gonzalez,77,145155,CA,2017-11-15
4412,Jason,Moreno,73,191758,MN,2019-08-14
4413,Mary,Jacobs,49,210319,NV,2019-09-03
4414,Sarah,Harris,38,149942,PA,2017-10-31
4415,Brooke,Velasquez,74,94692,NY,2022-06-08
4416,Matthew,Myers,45,136133,PW,2021-05-20
4417,Steven,Harmon,67,40964,VT,2019-03-02
4418,Joseph,Marsh,56,222762,ND,2026-03-08
4419,Lisa,Robinson,70,129712,NM,2025-10-23
4420,Dylan,Cohen,64,112024,TN,2018-01-10
4421,Angela,Evans,43,190302,DE,2017-06-17
4422,Diane,Brock,78,224633,OK,2024-05-27
4423,Jasmine,Waters,54,185662,AK,2017-08-02
4424,Michael,Schwartz,52,167686,ME,2024-05-26
4425,Michael,Garcia,59,214578,NH,2023-05-27
4426,Vincent,Woodward,68,40095,DC,2024-02-13
4427,Rebecca,Bradley,51,58656,NM,2025-06-04
4428,Karen,Odonnell,46,149773,MD,2025-05-11
4429,Garrett,Waller,70,41119,WV,2022-12-11
4430,Kristy,Wolf,74,94414,NV,2019-03-30
4431,Ryan,Smith,51,170999,NC,2019-10-02
4432,Christopher,Roberts,43,222720,TX,2020-03-09
4433,Joseph,Bell,20,176197,OK,2016-08-05
4434,James,Green,42,165299,PW,2023-03-08
4435,Angela,Jones,66,195320,HI,2022-06-20
4436,Melissa,Nelson,79,42922,SD,2024-02-07
4437,David,Gutierrez,30,106330,ND,2021-10-29
4438,Johnny,Johnson,46,134343,WI,2026-01-22
4439,Elizabeth,Gibson,74,109837,SC,2024-03-07
4440,Diana,Jones,67,246955,NM,2022-02-08
4441,Cheryl,Douglas,36,150939,MA,2020-10-06
4442,Nancy,Rivera,28,140745,DE,2020-11-05
4443,Carol,Oconnor,36,190729,MI,2020-10-19
4444,Hannah,Vargas,76,44299,AR,2019-05-09
4445,Mary,Lopez,62,165520,NH,2024-04-20
4446,Judy,Villegas,75,67287,PW,2022-01-24
4447,Harold,Leonard,47,247551,NE,2019-11-20
4448,Joe,Jackson,59,148409,CT,2018-07-06
4449,Eric,Roth,23,219437,WA,2024-07-17
4450,Christopher,Alvarez,50,59667,WI,2017-04-04
4451,Derek,Ali,29,234139,UT,2020-08-17
4452,James,Barrett,55,212482,OK,2020-07-24
4453,Courtney,Long,52,65469,NH,2017-08-17
4454,Lance,Harris,43,138412,GU,2020-01-02
4455,Sandra,Massey,38,148197,IN,2022-07-18
4456,Mark,Curtis,19,76891,KS,2019-04-20
4457,Joseph,Castillo,47,184747,NY,2018-06-14
4458,Sheryl,Clark,75,216812,MD,2023-11-03
4459,James,Bass,75,82935,NM,2018-04-26
4460,Brett,Vaughn,74,149192,SD,2022-06-02
4461,Lauren,Chen,23,95557,AZ,2020-05-20
4462,Jessica,Knight,38,211329,PW,2018-12-31
4463,Michael,Leonard,59,216507,AZ,2017-09-24
4464,Kaitlin,Wong,68,72990,SC,2025-01-01
4465,Lori,Shepherd,63,222220,AR,2022-03-01
4466,Mark,Diaz,25,53905,RI,2024-08-07
4467,Ann,James,25,215133,WA,2021-06-13
4468,Tricia,Adams,46,196218,GU,2025-04-19
4469,Geoffrey,Hansen,41,52362,WI,2023-06-20
4470,Jacob,Clark,51,215408,CT,2020-12-29
4471,Hector,Mendoza,42,220545,DC,2024-09-16
4472,Thomas,Gilmore,68,164130,MI,2024-03-30
4473,Rachel,Rivers,57,71916,MT,2018-01-10
4474,Jesse,Austin,42,174269,NC,2025-08-27
4475,Victoria,Garcia,42,41509,WI,2021-11-28
4476,James,Werner,67,74796,NM,2021-11-10
4477,Mary,White,76,117868,PA,2023-07-09
4478,Toni,Miller,54,202891,MS,2023-06-16
4479,Christopher,Hansen,73,69345,TX,2022-04-21
4480,Barbara,Wagner,28,67907,MI,2018-10-20
4481,Justin,Montes,29,231629,KY,2016-11-07
4482,Timothy,Richardson,63,43450,IN,2019-05-02
4483,Catherine,Rivera,44,110756,MA,2024-11-05
4484,James,Miller,37,221407,VT,2016-07-05
4485,Brian,Willis,67,146983,MH,2017-12-26
4486,Jennifer,Mccann,36,194220,FL,2023-08-26
4487,Michael,Jordan,29,60816,GU,2025-01-18
4488,Carl,Duran,75,64490,ND,2017-10-25
4489,Karen,Stewart,79,83176,NJ,2023-09-10
4490,Melissa,Garcia,18,193200,WI,2024-04-02
4491,Francisco,Brown,66,96351,NY,2021-11-15
4492,Randy,Williams,18,150230,CA,2016-09-05
4493,Brenda,Stephens,49,160716,CA,2023-05-16
4494,Mason,Ford,52,241669,RI,2018-03-29
4495,Ryan,Harrington,18,189379,IA,2020-06-24
4496,Jessica,Santiago,74,159359,NY,2023-10-22
4497,Kelly,Bowen,33,86852,WI,2017-09-06
4498,Carl,Vincent,55,202876,NE,2022-11-25
4499,Katie,Durham,48,148944,VI,2021-12-20
4500,Alexandra,Fischer,44,145834,PW,2017-08-07
4501,Randy,Smith,23,187605,ME,2020-03-27
4502,Gerald,Wilson,56,31723,AR,2023-01-11
4503,Carla,Jones,33,173482,IN,2018-05-07
4504,Blake,Olson,35,192467,MN,2019-07-18
4505,Jessica,Walker,58,176158,OK,2025-01-26
4506,Cathy,Oneill,70,246334,WA,2026-03-30
4507,Samuel,Singh,31,42823,NC,2017-05-31
4508,Peter,Howard,29,68864,OH,2018-12-23
4509,David,Phillips,21,201252,AK,2021-10-01
4510,Kathy,Bailey,40,39626,WI,2020-06-19
4511,Brittney,Wilson,27,38501,TN,2018-09-10
4512,Nicholas,Bell,60,181543,AL,2019-09-27
4513,Tina,Mathews,71,188147,VA,2024-01-19
4514,Leon,Moore,37,116798,VI,2022-08-30
4515,Cindy,Robertson,76,52990,VI,2018-05-17
4516,Chad,Carlson,21,58544,NV,2019-08-28
4517,Kristin,Simmons,44,76726,TN,2016-11-18
4518,Thomas,Martinez,28,206184,TN,2023-07-13
4519,Laura,Holmes,36,190193,AZ,2023-10-21
4520,Yolanda,Kelly,60,211276,VI,2017-02-03
4521,Kenneth,Cummings,62,185967,IA,2024-08-28
4522,Christopher,Smith,54,236387,ND,2024-07-20
4523,Jason,Reyes,53,76509,DC,2024-08-27
4524,Stacey,Fox,79,149364,AZ,2018-03-05
4525,Tonya,Kelley,65,181772,VA,2020-08-10
4526,Laura,Smith,41,39395,TN,2025-05-26
4527,Christopher,Rodriguez,23,231460,SD,2016-12-05
4528,Jeffrey,Hudson,37,114625,GU,2026-03-26
4529,Ryan,Lynn,41,129336,CT,2020-07-06
4530,Regina,Duncan,70,47738,TX,2018-02-25
4531,William,Tanner,66,142020,TX,2017-08-04
4532,John,Dunn,71,174302,NY,2024-01-18
4533,Eric,Combs,22,106764,TN,2019-10-16
4534,Alison,Olson,48,65270,OH,2024-11-21
4535,Tracy,Hendricks,25,212090,CA,2021-02-26
4536,Joshua,Simmons,73,101937,AL,2025-01-08
4537,Timothy,Watson,39,168163,NH,2016-07-19
4538,Jessica,Morrison,44,167532,PW,2022-05-03
4539,Emily,Alvarez,31,212407,AR,2021-01-03
4540,Tammy,Hawkins,31,190446,CT,2020-04-01
4541,Jill,Johnson,21,58652,NY,2024-07-19
4542,Tommy,Morris,54,221293,SC,2020-12-10
4543,Timothy,Brown,80,194882,TX,2018-05-14
4544,Jade,Scott,51,52982,LA,2020-05-09
4545,Susan,Sanchez,48,219811,FM,2021-09-17
4546,Dennis,Sutton,62,188538,SC,2019-04-20
4547,Desiree,Mckay,77,236617,MI,2019-08-30
4548,Ann,Gray,63,105284,PW,2022-12-01
4549,Chelsea,Gilbert,45,189604,WI,2026-02-24
4550,Lisa,Chan,72,112965,NY,2022-08-13
4551,Kelly,Meyer,34,167728,IN,2018-08-02
4552,Janet,Rivers,54,193379,MI,2025-04-04
4553,Peter,Smith,40,64003,ID,2019-05-29
4554,Charles,Davidson,57,177491,MI,2026-05-04
4555,Jill,Brown,49,166237,VA,2026-05-08
4556,Bernard,Owens,64,195637,WY,2019-09-22
4557,Donna,Cruz,49,159107,AK,2017-02-26
4558,Edward,Schwartz,69,77161,TN,2023-09-03
4559,Shane,Conrad,74,189752,DE,2025-05-11
4560,Emily,Johnston,32,215751,CT,2018-12-05
4561,John,Richmond,36,80739,RI,2018-06-29
4562,Danielle,Mays,18,60987,IA,2025-07-26
4563,David,Mcmillan,19,151866,AK,2018-02-26
4564,Kimberly,Barker,58,238858,PW,2018-11-15
4565,Laura,Smith,25,223322,GU,2023-06-27
4566,Ebony,Rogers,72,84350,AR,2022-11-27
4567,Veronica,Golden,69,191299,RI,2024-01-03
4568,Justin,Schmidt,44,138538,GA,2022-12-23
4569,Alexander,Thomas,20,117501,MP,2025-10-16
4570,Rebecca,Harrison,40,176909,MD,2017-11-28
4571,Zachary,Thompson,69,197117,NM,2025-04-15
4572,Victoria,Lopez,31,32961,UT,2021-04-15
4573,Jessica,Johnson,58,82740,ND,2017-08-11
4574,Nicole,Allen,62,103826,NE,2016-08-19
4575,Nancy,Osborne,34,237145,VT,2017-03-27
4576,Ashley,Kramer,22,110680,NH,2019-01-03
4577,Brandon,Robinson,37,162825,CO,2021-01-01
4578,Angie,White,53,114914,MA,2024-07-08
4579,Robert,Bennett,67,31607,OK,2022-04-04
4580,Luis,Baker,25,209787,MS,2024-08-15
4581,Shannon,Gonzalez,39,119485,MP,2021-06-05
4582,Paul,Mejia,43,219896,GU,2021-02-07
4583,Tammy,White,54,191478,FM,2016-08-16
4584,Brandon,Phillips,79,37632,SC,2022-09-25
4585,Joseph,Brennan,71,76040,TX,2026-03-05
4586,Jennifer,Lloyd,30,116642,WI,2023-11-05
4587,Steven,Yoder,71,118588,MN,2020-02-05
4588,Mark,Cox,77,206284,PW,2019-12-30
4589,Mackenzie,Perez,48,154387,PW,2017-12-04
4590,Sarah,Blankenship,69,39321,DC,2019-09-04
4591,Brandon,Mcmahon,59,65587,OK,2019-04-10
4592,Holly,Kennedy,48,70733,AL,2017-01-23
4593,Kelly,Rodriguez,58,150748,AL,2020-12-01
4594,Daniel,Hurley,75,170762,MN,2021-08-27
4595,Robert,Simmons,75,117846,PW,2026-04-12
4596,Kimberly,Williams,47,235518,DC,2019-11-12
4597,Patricia,Davidson,70,138515,SD,2023-02-07
4598,Jean,Parks,77,224664,FL,2019-11-02
4599,Beverly,Brooks,21,248917,DE,2020-04-10
4600,Hannah,Merritt,51,108471,WY,2024-06-22
4601,Amanda,Lopez,54,220045,WV,2025-04-09
4602,Michael,Johnson,61,112707,AK,2019-12-04
4603,Michael,Ramos,53,170479,KY,2017-05-31
4604,Rachel,Cervantes,19,84594,SC,2024-10-25
4605,Charles,Velasquez,54,209697,PR,2019-03-22
4606,Peter,Hernandez,39,239593,AL,2023-07-11
4607,Ashley,Leblanc,76,238609,AK,2020-07-02
4608,Hannah,Reid,40,47357,RI,2026-04-27
4609,George,Lara,80,69139,WV,2017-01-09
4610,Bernard,West,35,38171,HI,2023-12-08
4611,Erica,Avila,39,128367,KS,2016-12-06
4612,Teresa,Bright,58,170056,MS,2018-08-20
4613,Curtis,Moran,71,73507,WV,2022-02-19
4614,Katherine,Turner,54,188777,MP,2018-03-15
4615,James,Baldwin,42,79120,FM,2022-11-20
4616,Susan,Fleming,56,60630,DC,2024-04-10
4617,Rebekah,Jackson,73,235086,MD,2019-05-22
4618,Ronnie,Owens,66,110814,AS,2022-04-19
4619,Michelle,Mills,63,112444,AZ,2024-06-24
4620,Eric,Brady,63,38291,OH,2017-05-12
4621,Leah,Phillips,35,138493,LA,2018-07-17
4622,Kevin,Mccarthy,23,160299,OK,2023-12-26
4623,Luis,Alexander,74,92296,HI,2021-08-22
4624,Juan,Brown,41,148464,FM,2020-11-14
4625,Abigail,Gardner,71,109332,WV,2024-06-03
4626,Molly,Martinez,31,167651,VI,2023-01-12
4627,William,Baldwin,37,75878,NV,2021-06-23
4628,Anthony,Taylor,25,128098,IL,2016-07-06
4629,Preston,Skinner,68,39802,CA,2022-10-17
4630,Sarah,Snow,67,82978,VT,2022-11-12
4631,Jason,Gordon,76,54275,KS,2016-12-05
4632,Melissa,Smith,46,162643,WA,2022-09-28
4633,Matthew,Berry,19,239459,AL,2017-08-15
4634,Kristin,Curtis,48,161086,SC,2019-01-18
4635,Jodi,Lopez,27,79862,IN,2021-08-09
4636,Diane,Fields,39,156739,KS,2026-01-27
4637,Samuel,Patel,64,167265,TN,2016-06-05
4638,Kelly,Paul,37,233301,ND,2025-05-15
4639,Justin,Hartman,38,67563,NM,2021-09-15
4640,Larry,Vang,67,55756,MO,2018-12-17
4641,Kelly,Barnes,70,165304,WY,2016-09-13
4642,Robin,Gonzalez,61,64791,FL,2018-10-21
4643,Matthew,Robbins,31,219941,ME,2019-08-17
4644,John,Williams,20,150420,NV,2020-03-28
4645,Destiny,Wells,42,217086,WA,2017-09-30
4646,Zachary,Dominguez,73,166929,CO,2019-08-24
4647,Ryan,Lane,25,31077,DE,2017-06-12
4648,Renee,Ray,37,41542,ME,2016-09-19
4649,Jill,Cain,61,185788,MI,2026-01-21
4650,Carlos,Molina,73,52826,IL,2021-04-25
4651,Maureen,Gomez,39,152388,IA,2023-09-29
4652,Trevor,Malone,74,42095,AZ,2016-06-07
4653,Kelsey,Hudson,24,166466,FL,2026-03-01
4654,Paula,Mcbride,67,202748,LA,2018-07-17
4655,Charles,Moore,65,111914,HI,2016-10-29
4656,Michael,Mitchell,19,181403,VA,2019-08-29
4657,Brent,Henderson,66,111826,ND,2017-10-14
4658,Amy,Johnson,58,85009,NJ,2019-05-27
4659,Jennifer,Burns,38,82574,KS,2025-07-21
4660,Ryan,Henson,30,105121,IN,2023-10-28
4661,Gabriel,Baker,35,169532,CA,2026-05-21
4662,Charles,Drake,38,232581,MO,2020-09-01
4663,Cassandra,Miller,46,205931,ID,2023-08-26
4664,William,Banks,25,101474,VI,2020-11-26
4665,Amanda,Johnson,27,71286,ME,2017-11-22
4666,Wendy,Newman,35,60005,WV,2021-09-27
4667,Andrew,Morgan,18,193301,SD,2016-07-29
4668,Hector,Foster,53,164757,MA,2017-03-09
4669,Jamie,Mccormick,24,84153,AZ,2023-11-20
4670,Amanda,Ramirez,52,121833,NE,2022-07-08
4671,Richard,Bates,53,113488,CA,2023-05-31
4672,Denise,Reed,35,67108,KS,2020-06-02
4673,Ricky,Brown,78,214642,AR,2023-08-22
4674,Charles,Farrell,69,104256,NM,2017-10-18
4675,Beverly,Randolph,54,94179,AS,2021-07-25
4676,Martha,Jones,28,48675,AK,2023-10-02
4677,Courtney,Shah,37,190763,WV,2016-08-02
4678,Shelly,Rodriguez,75,118798,PA,2022-08-02
4679,Tamara,Campbell,52,146299,AL,2016-10-13
4680,Kevin,Ashley,21,64098,WI,2023-02-16
4681,Benjamin,Moore,19,153400,SC,2024-08-23
4682,Michelle,Williams,75,207077,DE,2025-01-02
4683,Michael,Higgins,21,57768,PA,2022-08-03
4684,Kathleen,Hall,42,44103,IL,2018-05-10
4685,Vanessa,Martinez,23,141795,AL,2020-01-11
4686,Penny,Wallace,43,76919,VT,2025-03-30
4687,Kirsten,Fernandez,63,186269,LA,2022-08-27
4688,Randy,Carter,75,185387,TX,2026-03-28
4689,Eric,Patel,58,249198,TX,2024-08-26
4690,Danny,Moore,62,213334,MS,2018-02-20
4691,William,Holmes,46,191563,NE,2025-11-04
4692,Cynthia,Villanueva,40,111904,AZ,2025-07-27
4693,Tammy,Ferguson,39,244287,IL,2024-07-22
4694,Austin,Sellers,30,216882,FM,2025-09-03
4695,Eric,Calderon,66,205864,CO,2022-11-08
4696,Catherine,Cunningham,69,169849,PA,2019-10-16
4697,Monica,Tucker,23,228113,VT,2018-12-04
4698,Wesley,Nichols,66,152079,ID,2021-10-09
4699,Jared,Ryan,54,64549,AL,2017-11-03
4700,Juan,Perry,23,243084,ID,2020-05-16
4701,Heather,Reed,69,213133,NY,2024-09-15
4702,Brian,Proctor,47,55496,OR,2023-09-07
4703,Sara,Allen,47,111367,ID,2016-07-31
4704,Margaret,Hammond,61,198930,FM,2025-02-16
4705,Tyler,Cooke,63,230931,IL,2025-07-16
4706,Donald,Cameron,47,153350,OR,2020-03-02
4707,Tyler,Meyer,32,88666,MN,2023-08-27
4708,Sarah,Williams,27,191727,IL,2020-03-01
4709,Justin,Parker,34,125276,VA,2019-08-29
4710,Jacob,Elliott,43,78064,MA,2025-08-23
4711,Chad,Fox,62,204373,IL,2019-09-20
4712,Meghan,Crawford,39,236773,WV,2023-06-14
4713,Chad,Robinson,73,115134,VI,2021-08-08
4714,Carlos,Mitchell,47,157796,AZ,2022-05-12
4715,Brian,Luna,19,47135,MA,2022-01-10
4716,Henry,Caldwell,48,59592,CT,2025-06-09
4717,Kevin,Johnson,40,155475,AR,2018-06-22
4718,Anna,Schroeder,47,74774,AZ,2023-10-28
4719,Mary,Medina,36,231311,VI,2022-06-30
4720,Jeffrey,Kramer,40,188450,VI,2023-03-06
4721,Glenn,Harrell,54,63395,CA,2022-03-04
4722,Megan,Hodges,50,56983,MA,2019-08-31
4723,Valerie,Jones,43,244316,PR,2020-05-22
4724,Kristin,Mccormick,63,238865,AK,2017-06-18
4725,Bill,Jenkins,24,115424,VA,2024-10-23
4726,Anthony,Church,53,200249,NE,2019-07-27
4727,Kara,Cohen,22,237731,CT,2026-04-15
4728,Amber,Jensen,37,169656,VT,2017-01-07
4729,Diane,Lopez,47,135071,ND,2022-03-02
4730,Clayton,Dunlap,55,138381,CO,2024-11-14
4731,Joseph,Weeks,33,192758,IN,2020-05-28
4732,Roger,Cooke,33,173641,WY,2022-11-10
4733,Felicia,Cross,28,156451,DC,2023-10-18
4734,Glenn,Cummings,42,47317,CT,2023-08-23
4735,Edwin,Campbell,39,84588,DC,2019-05-21
4736,Sierra,Colon,70,211943,MH,2020-04-08
4737,Steven,Harris,55,143022,NE,2022-05-05
4738,Rebecca,Chan,68,144125,ND,2019-03-08
4739,William,Anderson,54,236392,VA,2023-11-20
4740,Roberto,Parrish,39,172744,DE,2018-04-02
4741,Michele,Mullins,62,91906,MD,2022-03-30
4742,Lindsay,Perkins,29,203699,TX,2016-09-12
4743,Jose,Jarvis,60,50419,HI,2019-05-31
4744,Joseph,Larson,65,216622,PW,2021-12-24
4745,Anna,Webb,54,249348,SD,2023-09-18
4746,Joseph,Martin,49,59969,NY,2018-06-07
4747,Cynthia,Frederick,55,186257,HI,2016-06-27
4748,Jennifer,Kennedy,47,115295,VT,2019-06-16
4749,Heather,Meyer,53,55599,OK,2022-12-27
4750,Derrick,Johnson,70,146710,NM,2023-07-10
4751,Patricia,Hunter,29,110749,MS,2017-11-22
4752,Joshua,Kelley,79,136376,OK,2025-06-07
4753,Brittney,Schroeder,22,186830,AZ,2017-01-23
4754,Joshua,Perez,24,209701,DE,2023-09-01
4755,Elizabeth,Oneill,70,186344,TX,2024-11-10
4756,Adrienne,Smith,67,244922,SD,2020-02-13
4757,Karen,Dyer,42,115828,AR,2022-06-04
4758,Angelica,Garrison,49,199080,PR,2016-09-16
4759,Amy,Wright,60,46117,KY,2022-12-26
4760,Christopher,Berger,23,87045,VA,2026-04-01
4761,Jade,Hernandez,70,66416,CT,2016-12-07
4762,Mary,Avila,74,182244,VA,2025-06-09
4763,Jennifer,Barnes,75,227915,NV,2020-12-03
4764,Angela,Haney,58,242294,NC,2019-07-17
4765,Jordan,Medina,18,228463,ND,2025-02-19
4766,Thomas,Ortiz,27,203246,ID,2017-11-17
4767,Colton,Conner,27,148744,LA,2023-09-25
4768,Sarah,Rodriguez,52,106415,MD,2019-05-12
4769,Veronica,Fox,42,191368,ID,2023-06-18
4770,Tonya,Francis,54,147220,PR,2025-06-18
4771,Taylor,Henderson,30,83912,NM,2016-06-19
4772,Tracy,Barker,61,112994,WA,2017-05-20
4773,Christopher,Grant,37,179494,NE,2024-09-03
4774,Cory,Meza,68,208142,DE,2023-05-23
4775,Daniel,Peterson,37,143961,IA,2022-09-21
4776,Nathan,Taylor,63,120246,GA,2022-09-20
4777,Benjamin,Kelley,23,182758,NH,2022-11-15
4778,Wendy,Mitchell,18,190298,CT,2023-04-14
4779,Brian,Cruz,50,135957,NC,2017-02-20
4780,Shawn,Moran,72,63437,ID,2017-02-14
4781,Eric,Richardson,72,107118,AR,2023-07-10
4782,Amanda,Weeks,21,126789,KS,2020-07-22
4783,Glenn,Rose,75,173886,ID,2020-01-13
4784,Gregory,Freeman,79,43927,VI,2017-06-05
4785,Hannah,Roth,18,214380,CT,2022-12-28
4786,Peter,Meyer,53,245155,DE,2017-12-04
4787,Michael,Fleming,80,124173,AK,2019-02-01
4788,Jill,White,25,103979,CO,2020-02-15
4789,Nathan,Fowler,73,38174,TX,2022-05-21
4790,Rebecca,Hall,33,143171,UT,2023-02-07
4791,Cynthia,Moore,62,184707,CT,2021-07-06
4792,Mark,Smith,43,193896,OK,2020-01-24
4793,Heather,Ford,38,216587,KY,2018-09-17
4794,Brandon,Scott,42,136439,TN,2021-02-25
4795,Brooke,Thompson,42,144082,SD,2020-04-08
4796,Brianna,Schmidt,52,85369,KS,2018-05-06
4797,Gina,Murray,60,75458,HI,2020-06-19
4798,Kristen,Hernandez,48,66456,GA,2021-08-15
4799,Courtney,Caldwell,30,175600,SC,2018-11-12
4800,Isaiah,Stewart,42,124447,MS,2021-02-15
4801,John,Jackson,71,139375,WA,2018-01-19
4802,Joshua,Phelps,27,105620,AK,2020-06-13
4803,Kenneth,Mcpherson,73,205653,WV,2024-02-26
4804,Michael,Blair,26,65200,FM,2022-01-06
4805,Heather,Cole,18,48807,PR,2020-02-09
4806,Heather,Jackson,59,34117,SD,2024-07-28
4807,Jessica,Baker,27,219094,TN,2018-08-01
4808,Steven,Key,74,157585,NY,2020-02-20
4809,Cheryl,Simon,60,144487,LA,2023-05-18
4810,Michelle,Osborn,80,65592,TN,2023-10-09
4811,Daniel,Moore,23,65971,PR,2016-10-20
4812,Jesus,Martin,59,241272,AL,2024-11-21
4813,Bianca,Andrews,44,149545,DC,2025-10-17
4814,Phillip,Holden,75,236812,MO,2024-05-29
4815,Gail,Garcia,62,188447,SC,2023-07-04
4816,Tyler,Pope,77,141595,MH,2023-07-04
4817,Juan,Smith,57,77132,MP,2025-12-28
4818,Adam,Smith,47,163540,GA,2021-08-17
4819,Andrea,Smith,45,174716,NY,2026-05-15
4820,Linda,Schwartz,70,147976,CO,2025-11-29
4821,Jennifer,Evans,42,123141,ND,2023-10-26
4822,Eric,Gonzalez,32,78704,KS,2024-04-14
4823,Richard,King,45,188485,NY,2023-10-27
4824,Carl,Horne,18,181503,TN,2022-04-04
4825,Jane,Calderon,49,221604,AL,2022-12-19
4826,Tiffany,Grimes,33,216680,NC,2017-01-11
4827,Connie,Baker,50,100582,CT,2022-03-15
4828,Sarah,Bass,44,173174,NC,2020-01-22
4829,Elizabeth,Campbell,54,126198,MA,2023-04-10
4830,Stacy,Wilson,20,39926,GU,2020-09-19
4831,Emily,Smith,54,156685,WI,2020-02-21
4832,Joel,Gibson,63,126620,MN,2020-02-10
4833,Alan,Copeland,25,182113,OR,2018-03-25
4834,Erica,Hays,48,211009,MI,2026-06-01
4835,Michael,Conley,23,67247,PA,2021-08-12
4836,Kimberly,Lamb,64,221704,AR,2025-01-22
4837,Amy,Miller,51,226760,NY,2023-08-09
4838,Katherine,Martinez,67,103248,MI,2023-02-05
4839,Jeanette,Sparks,47,165515,NH,2017-06-25
4840,Candice,Davis,23,167194,CO,2024-10-19
4841,Connie,Gray,74,189926,PW,2021-12-02
4842,Cynthia,Stokes,23,94285,SD,2019-08-16
4843,Denise,Jensen,48,195324,UT,2025-10-31
4844,David,Palmer,65,203994,NM,2020-12-09
4845,Richard,Murphy,79,205300,MT,2022-08-10
4846,Jeffrey,Cox,22,209325,MN,2024-04-10
4847,Rhonda,Robinson,58,171347,DC,2018-10-20
4848,Kenneth,Gibson,69,181946,HI,2023-06-04
4849,Brian,Vasquez,37,190704,UT,2017-02-11
4850,Dawn,Bell,21,120058,DC,2024-04-27
4851,Jesse,Jackson,52,234086,AS,2024-11-05
4852,Leah,Brown,18,152911,NV,2020-01-29
4853,Steven,Haas,47,164391,MT,2022-11-24
4854,Michael,Hughes,75,153006,VA,2018-02-21
4855,John,Poole,54,222365,LA,2018-10-29
4856,Deborah,Vega,39,140366,ME,2026-04-29
4857,Susan,Fisher,40,239249,WY,2018-08-18
4858,John,Peterson,36,105814,OR,2020-07-13
4859,Kiara,Moore,28,39260,WA,2023-10-19
4860,Kenneth,Brooks,62,186666,AL,2021-09-25
4861,Carla,Scott,65,109710,GU,2016-10-03
4862,Joshua,Greer,64,235788,AL,2022-05-13
4863,Brian,Craig,54,98273,ME,2023-06-27
4864,Robin,Knight,21,194967,RI,2018-05-23
4865,Brandon,Dennis,48,181556,ME,2018-11-29
4866,Daniel,Solomon,28,180171,AL,2025-04-23
4867,Jillian,Ryan,21,202050,VI,2020-04-13
4868,Shawn,Robinson,36,242047,MH,2018-06-18
4869,Carly,Richardson,65,193660,CO,2020-11-09
4870,Chelsey,Bell,19,105187,OK,2017-08-07
4871,Cheryl,Day,49,51629,AK,2024-10-29
4872,Jonathan,Duncan,26,162538,MN,2024-10-03
4873,Sara,Wilson,22,235458,WI,2019-08-27
4874,Zoe,Gonzales,35,96073,TN,2019-08-15
4875,Craig,Stevens,26,191427,MI,2024-06-20
4876,Joseph,Schmidt,35,102146,FL,2024-07-27
4877,David,Munoz,72,97359,MD,2021-06-04
4878,John,Murray,18,224361,TN,2020-02-11
4879,Jessica,Rodriguez,25,188288,GU,2026-02-06
4880,Kenneth,Lee,29,185128,KY,2025-11-12
4881,Tony,Atkins,65,69619,NE,2019-09-13
4882,Steven,Jones,60,147087,NM,2022-10-20
4883,Jamie,Turner,41,241770,WA,2023-03-04
4884,Joshua,Barnes,29,98485,ND,2025-10-23
4885,Jenny,Maddox,68,213703,WI,2020-12-25
4886,Michael,Thompson,33,157118,PR,2020-03-16
4887,Lori,Flores,29,239550,CT,2020-04-23
4888,Brian,Williams,51,38674,VA,2017-12-15
4889,Jeremy,Brown,39,52125,WV,2022-02-08
4890,Johnathan,Murillo,79,68029,AK,2020-07-13
4891,Bryan,Williams,56,245409,FM,2017-03-28
4892,David,Willis,27,249575,MP,2020-10-11
4893,Christopher,White,49,227331,SD,2024-07-18
4894,Rachel,Sanchez,44,231947,OR,2023-02-16
4895,Taylor,Mclaughlin,42,92376,CO,2022-07-03
4896,Jeffery,Calhoun,60,145391,GA,2022-10-07
4897,Natalie,Ortiz,64,197136,GA,2018-01-20
4898,Thomas,Hamilton,28,85274,AS,2023-03-08
4899,Richard,Campbell,54,222508,CO,2020-07-13
4900,Gregory,Ferguson,71,120459,MT,2019-07-20
4901,Sandy,Washington,21,198364,SD,2024-06-19
4902,Melissa,Young,34,228045,MI,2016-10-15
4903,Maria,Kelley,70,60407,AS,2023-07-04
4904,Matthew,Johnson,21,73935,CT,2019-04-01
4905,James,Collins,47,134528,MP,2018-11-04
4906,Joshua,Reynolds,48,109001,IN,2019-11-11
4907,Traci,Kelly,48,225598,MT,2023-11-13
4908,Rebecca,Soto,78,227244,DC,2018-12-08
4909,Jennifer,Perez,77,169597,AL,2025-10-11
4910,Holly,Miller,32,129562,AS,2019-08-02
4911,Peter,Jones,61,214970,MS,2023-02-24
4912,Edward,Gomez,42,154410,IN,2025-11-13
4913,Nicole,Avery,34,68050,NE,2021-05-05
4914,Karen,Lopez,51,143962,FL,2021-10-03
4915,Cameron,Scott,18,105705,GA,2024-12-07
4916,Ashley,Norman,77,239009,PW,2017-03-25
4917,Hayden,Schneider,46,130140,AL,2023-01-02
4918,Steven,Walter,61,112755,MH,2023-03-02
4919,Angela,Johnson,79,169002,WI,2018-02-13
4920,Karen,Clark,61,40752,GA,2025-01-15
4921,Joshua,Ferguson,24,169275,PW,2019-02-18
4922,Erik,Christensen,58,122753,MH,2026-02-03
4923,Jeffrey,Rodriguez,79,143190,IN,2023-11-21
4924,Thomas,Smith,57,200935,UT,2019-04-24
4925,Ian,Shepard,72,101457,MI,2023-03-29
4926,Frank,Murphy,39,100864,MP,2026-06-04
4927,Christopher,Davenport,35,240322,GU,2018-04-21
4928,Robert,Adkins,24,96936,WV,2025-03-04
4929,Justin,Steele,59,183138,WV,2023-03-01
4930,Kevin,Chung,43,150876,NM,2024-01-04
4931,Richard,Clark,67,207023,NJ,2020-08-30
4932,Karen,White,65,93385,ND,2026-05-30
4933,Johnathan,Becker,64,206131,MA,2022-10-17
4934,Stephanie,Daugherty,55,231981,GU,2016-08-11
4935,Erik,Cochran,30,166302,ND,2017-01-28
4936,Christy,Lopez,39,207659,AZ,2018-07-02
4937,Michael,Phelps,62,77164,IA,2021-01-14
4938,Connie,Smith,38,173553,NC,2016-12-19
4939,Jason,Sanders,18,206370,ND,2025-08-20
4940,Pamela,May,18,248022,MD,2022-05-25
4941,Nicole,Blackburn,22,33135,NY,2023-06-17
4942,Dominique,Stone,44,55611,VI,2018-01-15
4943,John,Fleming,51,57238,SD,2024-04-21
4944,Darrell,Moore,61,146901,KS,2022-12-31
4945,Daniel,Collins,40,87518,AK,2019-09-15
4946,Denise,Houston,64,104264,ND,2022-02-13
4947,Ethan,Meyer,34,80614,DC,2017-09-16
4948,Joseph,Thomas,20,36212,OK,2024-09-16
4949,Jessica,Morton,57,54101,NH,2024-01-11
4950,Chelsea,Chapman,21,185749,MI,2016-06-25
4951,Candace,Taylor,60,249010,RI,2019-08-19
4952,Jose,Henderson,31,187125,GU,2020-03-05
4953,Edward,Blake,58,61926,AS,2022-10-21
4954,Hunter,Peterson,63,61451,NV,2026-03-07
4955,Christopher,Griffin,23,188514,MT,2019-01-21
4956,Victor,Johnson,26,128555,NV,2020-09-22
4957,Emily,Nunez,60,230240,PR,2024-10-09
4958,Sally,Miller,75,199844,PW,2022-03-18
4959,Benjamin,Melton,54,240554,DC,2020-07-27
4960,Gary,Rivera,79,78435,MO,2026-04-04
4961,Crystal,Gilmore,75,59057,KY,2023-01-04
4962,Steven,Willis,62,78303,MI,2021-08-21
4963,Duane,Dominguez,34,107219,PW,2018-02-26
4964,Justin,Jones,47,203140,MS,2016-11-21
4965,Sherri,Brooks,77,49848,NY,2023-09-22
4966,Robert,Garcia,58,148867,VT,2023-01-14
4967,David,Carter,77,102452,FL,2019-03-25
4968,Ruth,Jones,67,141931,VI,2023-02-19
4969,Kyle,Harris,62,205001,GU,2016-08-29
4970,Roger,Ferguson,67,231882,LA,2025-10-07
4971,Nathan,Townsend,38,97459,IL,2020-05-18
4972,Carol,Stevens,28,234664,NC,2024-06-13
4973,Hannah,Prince,22,102689,NJ,2022-06-07
4974,Scott,Duffy,67,46354,AK,2023-10-15
4975,Joseph,Diaz,42,131866,LA,2021-07-12
4976,Andrea,Montoya,39,45744,TX,2020-06-23
4977,Joe,Tate,34,243070,ID,2022-08-03
4978,Logan,Harris,34,76643,AS,2017-12-13
4979,Logan,Roberts,46,48192,MP,2021-02-16
4980,Frank,Russell,49,82604,UT,2019-02-26
4981,Wesley,Schneider,57,132926,ME,2022-07-05
4982,Jacob,Malone,29,199209,OH,2024-05-05
4983,Haley,Ford,49,58424,DE,2019-08-01
4984,Richard,Santos,27,171723,OH,2018-06-25
4985,Robert,Livingston,67,143050,ND,2019-11-06
4986,Alyssa,Robinson,31,190947,MO,2019-06-03
4987,Gloria,Clark,59,57852,MI,2020-08-01
4988,Maureen,Sullivan,76,145757,IA,2019-11-05
4989,William,Brown,63,97894,IN,2023-03-24
4990,Alvin,Hoover,24,39138,DC,2019-08-09
4991,Mary,Cox,22,48458,TX,2023-11-07
4992,Jasmine,Mcdaniel,54,220721,KS,2018-05-22
4993,Kimberly,Knight,34,233748,NC,2020-02-27
4994,Karen,Moore,46,34919,MO,2021-07-26
4995,Danielle,Pena,75,160469,WA,2022-01-30
4996,Dylan,Wilson,27,201144,AS,2022-07-16
4997,Nicholas,Sullivan,58,30227,LA,2020-01-27
4998,Randy,Jordan,77,39918,NM,2026-05-22
4999,Christopher,Weiss,60,132362,KS,2019-09-18
5000,Ashley,White,35,69742,NV,2016-06-27
5001,Jessica,Williams,62,116463,SC,2020-11-12
5002,Dustin,Barnett,75,132584,NE,2019-11-01
5003,Michael,Stewart,54,30970,TN,2025-02-26
5004,Charles,Frederick,50,215494,AR,2025-08-12
5005,Helen,Hudson,78,232110,PW,2025-12-16
5006,Hannah,Gregory,49,155341,VA,2018-06-08
5007,Elizabeth,Moore,45,135883,SD,2018-03-17
5008,Jason,Walker,72,220779,AZ,2022-09-22
5009,Jennifer,Jones,67,242933,OH,2016-10-01
5010,Amy,Gilbert,68,48376,PA,2026-04-01
5011,Kathy,Lopez,52,89204,NC,2018-07-31
5012,Erin,Lamb,18,130774,KS,2018-08-20
5013,Tiffany,Foster,79,210685,ID,2019-11-14
5014,Robert,Gray,70,234427,LA,2020-06-27
5015,Alexis,Lawrence,48,61772,OR,2020-06-11
5016,Penny,Diaz,54,170326,DC,2021-06-15
5017,Brooke,Castillo,77,124088,MO,2018-02-20
5018,Mitchell,Ibarra,39,208739,VI,2017-02-11
5019,Sandra,Berry,37,135018,ND,2022-05-26
5020,Ryan,Barber,21,195746,AS,2024-11-09
5021,Sandy,Harvey,79,199626,KY,2019-03-23
5022,Brandi,Thompson,23,125775,TN,2021-03-12
5023,Christopher,Middleton,52,119145,KY,2022-04-15
5024,Kara,Stephens,23,150491,NE,2019-03-12
5025,Heidi,Hall,66,230935,AR,2020-10-15
5026,Mark,Johnson,36,199814,NV,2021-02-09
5027,Michael,Small,30,76299,AL,2020-05-18
5028,Amanda,Mendoza,53,40310,ID,2023-08-26
5029,Phillip,Edwards,79,130706,DC,2025-12-24
5030,Jennifer,Randolph,60,80070,RI,2024-06-26
5031,Christian,Lewis,37,212421,AZ,2025-09-24
5032,Amber,Bean,42,57988,LA,2019-11-07
5033,Katie,Benjamin,58,210575,DC,2025-12-12
5034,Leslie,Howard,40,157533,MA,2023-04-13
5035,Zoe,Scott,23,195882,NH,2021-12-21
5036,Daisy,Norman,46,222760,ME,2021-09-03
5037,Jennifer,Hoffman,30,66685,NY,2017-02-26
5038,Alexander,Blankenship,20,80618,KY,2019-05-21
5039,Larry,Scott,19,218675,LA,2019-06-25
5040,Andrew,Stokes,55,92517,GA,2017-11-08
5041,Christopher,Sandoval,49,131913,IA,2024-07-27
5042,Alicia,Ballard,22,237811,KY,2021-03-17
5043,Denise,Russell,52,198665,OK,2026-01-27
5044,Todd,Jarvis,37,160989,SD,2021-04-18
5045,Jessica,Brooks,52,248693,NC,2024-08-05
5046,Michelle,Cannon,69,147783,WI,2016-07-30
5047,Brittany,Mathews,79,34303,WI,2018-07-10
5048,Brett,Welch,20,118941,AK,2023-07-11
5049,Stanley,Payne,21,118530,AR,2020-08-30
5050,Madison,Espinoza,68,219008,CT,2020-10-29
5051,Michael,Estrada,20,136301,NJ,2020-07-11
5052,Suzanne,Miller,25,85490,AL,2021-04-06
5053,Shelley,Austin,69,201402,NY,2026-03-21
5054,Kathy,Thomas,60,167132,AS,2023-01-31
5055,Yolanda,Brown,47,207754,WV,2020-11-06
5056,Joseph,Howard,73,170656,MI,2017-01-31
5057,Janet,Garcia,27,224262,ID,2021-01-12
5058,Mary,Gibson,55,91075,AR,2021-07-31
5059,Derek,Cooper,77,48883,FL,2025-07-18
5060,Rebecca,Morales,20,222796,SC,2020-11-10
5061,Eric,Cook,27,158160,IA,2025-11-04
5062,Kristina,Clements,59,34997,VI,2023-10-16
5063,Timothy,Washington,48,192102,TN,2017-11-05
5064,Alyssa,Marshall,20,93617,HI,2016-07-27
5065,Michael,Hardy,62,200075,WI,2019-04-14
5066,Adam,Thompson,26,33765,MN,2024-06-09
5067,Mary,Combs,29,195848,WV,2018-04-09
5068,Sandra,Hood,21,110566,OH,2022-07-07
5069,Kristie,Munoz,70,238062,AR,2017-10-19
5070,Danielle,Morris,24,149586,MI,2019-11-28
5071,Tyler,Hamilton,57,74745,NJ,2019-08-07
5072,Chase,Baker,71,184938,MN,2025-11-20
5073,Cory,Mcbride,22,244381,MD,2018-04-21
5074,Howard,Lowe,70,57874,IL,2025-06-04
5075,Grant,Davis,25,160323,PA,2025-09-13
5076,Jeffrey,Webb,56,239498,AS,2025-09-05
5077,Angela,Brooks,57,87821,CT,2020-02-24
5078,Andrea,Wilcox,22,240882,PR,2022-06-22
5079,Nathan,Gomez,30,141728,IL,2020-12-02
5080,Karen,Benson,39,242735,LA,2023-11-01
5081,Christina,Smith,71,223443,OR,2026-03-31
5082,Jerome,Anderson,61,135384,AS,2022-03-13
5083,Jason,Stone,38,61667,PW,2024-07-14
5084,Brian,Rodriguez,80,209329,MN,2017-12-15
5085,Anthony,Valentine,54,173100,MI,2018-09-08
5086,Erica,Smith,26,114302,HI,2018-04-07
5087,Melanie,Bright,71,237906,WV,2025-11-23
5088,Mariah,Costa,31,230337,FL,2023-05-05
5089,Larry,Baker,20,185473,MS,2026-04-10
5090,Kenneth,Collins,29,117950,SC,2025-03-03
5091,Kimberly,Thornton,22,61652,TN,2023-08-24
5092,Evan,Davis,35,67024,MA,2024-02-10
5093,Anne,Goodwin,66,138830,MD,2016-09-29
5094,Rachael,Morrow,28,212529,OK,2021-10-01
5095,Sheila,Gutierrez,41,175072,OK,2024-05-16
5096,Brian,Carr,28,144992,RI,2016-11-23
5097,Samantha,Walker,33,182564,MN,2026-02-05
5098,Gregory,Mueller,20,64962,IL,2026-05-27
5099,Amy,Rowe,24,237369,WI,2020-05-10
5100,James,Chan,72,195726,GU,2020-08-06
5101,Kaitlin,Conner,57,128600,MD,2023-10-13
5102,Lauren,Heath,67,71354,CT,2018-11-21
5103,Dawn,Thomas,19,157655,CO,2024-04-26
5104,Steven,Gibbs,23,31664,SD,2022-10-23
5105,Michael,Benton,18,77032,IN,2024-10-05
5106,Daniel,Hernandez,77,53367,IN,2017-01-21
5107,Jack,Warner,63,200853,KS,2016-09-19
5108,Nicole,Schroeder,55,104378,GU,2018-06-09
5109,Sandra,Floyd,44,211797,NC,2021-09-25
5110,Marco,Wilson,69,237681,TX,2020-06-26
5111,Tyler,Fox,67,154783,DC,2016-06-21
5112,Nancy,Hall,62,63264,WI,2018-03-24
5113,Alexander,Ball,31,67509,OR,2021-10-12
5114,Melissa,Baker,58,101027,LA,2024-02-17
5115,Michele,Patel,51,148074,OK,2022-08-15
5116,Robert,Miller,44,92718,TX,2020-11-03
5117,Pedro,Thompson,78,75756,WI,2017-06-13
5118,Laura,Reyes,57,211318,PR,2026-01-14
5119,Rita,White,20,186309,WY,2021-11-21
5120,Susan,Rowland,29,218009,WV,2024-07-04
5121,Todd,King,49,190445,GU,2024-06-01
5122,Erin,Washington,78,53074,NM,2023-07-25
5123,Lucas,Wright,58,246657,FM,2020-03-14
5124,Fred,Bates,68,108957,NJ,2022-05-17
5125,Kevin,Arnold,40,139782,OK,2025-05-12
5126,Michelle,Obrien,18,176200,AS,2019-03-11
5127,Brian,Nicholson,33,80306,PR,2024-11-30
5128,Robin,Holmes,25,168988,UT,2025-02-06
5129,Patricia,Owens,80,55082,OR,2020-12-29
5130,Ryan,Christian,57,124870,IA,2023-12-04
5131,Courtney,Wallace,73,229525,MD,2025-05-21
5132,Elizabeth,Romero,52,163048,CA,2018-02-28
5133,Caleb,Bell,32,151691,AK,2017-12-11
5134,Susan,Lopez,67,194223,OH,2017-11-04
5135,Richard,Hurley,60,84554,NM,2020-09-07
5136,David,Gray,35,43911,MS,2020-07-11
5137,Charles,Hall,30,59538,LA,2018-03-29
5138,Joseph,Griffin,68,69116,OH,2023-06-23
5139,Glenn,Murphy,61,154364,IN,2023-07-27
5140,Sandra,Hudson,49,76222,TN,2021-07-04
5141,Charles,Wolfe,28,205673,VA,2022-07-07
5142,Regina,Hancock,77,41302,ND,2026-01-12
5143,Connor,Miller,21,199046,DC,2020-02-26
5144,John,Knight,41,104727,HI,2025-05-22
5145,Kevin,Davis,31,143946,WY,2022-10-06
5146,Jack,Greer,34,117633,NC,2021-02-15
5147,Morgan,Smith,57,241066,NJ,2024-10-16
5148,Samuel,Harrington,74,228812,GU,2017-01-17
5149,Mario,Espinoza,47,41355,WA,2018-10-19
5150,Teresa,Chandler,24,224095,NV,2023-01-06
5151,Jack,Robbins,21,170865,MO,2020-03-12
5152,Kurt,White,29,71430,SC,2019-07-06
5153,Virginia,Park,68,37619,CO,2024-01-21
5154,Vincent,Gonzales,49,164978,GA,2024-05-26
5155,Jacqueline,Glover,25,48575,VA,2024-01-01
5156,Paul,Jones,75,91682,ND,2021-04-03
5157,Edward,Boone,64,146607,VT,2018-11-28
5158,Shelly,Tran,55,181981,AR,2017-06-02
5159,Matthew,Garcia,38,139855,NE,2022-10-29
5160,Tyler,Ross,30,225844,ID,2017-08-09
5161,Jeffrey,Huynh,61,115376,WA,2021-02-21
5162,Micheal,Rich,32,234203,AZ,2023-12-24
5163,Taylor,Anderson,25,115493,VT,2017-01-27
5164,Barbara,Yoder,32,55706,WI,2020-12-15
5165,Derek,Brown,33,223396,HI,2022-02-18
5166,Regina,Murphy,44,82417,VA,2022-02-26
5167,Pamela,Gomez,42,87845,NE,2024-05-24
5168,Angela,Baldwin,22,153467,WA,2020-11-03
5169,Richard,Vazquez,55,156984,DC,2025-11-07
5170,Jennifer,Gallegos,21,144259,CT,2018-01-19
5171,Kristen,Green,27,86666,NY,2022-12-31
5172,Carlos,Cardenas,77,189759,OK,2020-01-20
5173,Ryan,Gonzalez,47,76677,GU,2020-05-28
5174,Brian,Brown,42,127906,AZ,2025-07-18
5175,Christopher,Reynolds,26,149993,FL,2021-12-02
5176,Evan,Gomez,64,80896,ME,2016-10-14
5177,Jonathan,Perez,58,124002,GU,2022-09-27
5178,Zachary,Rollins,80,100698,OH,2025-10-17
5179,Danielle,Carlson,30,118051,IN,2016-12-17
5180,Daniel,Kennedy,26,38413,NV,2020-04-21
5181,Theresa,Grant,62,179072,AZ,2017-01-04
5182,Joshua,Green,21,103558,WI,2021-09-01
5183,John,Mendez,26,59126,NE,2017-06-05
5184,David,Zimmerman,72,152037,VT,2020-10-05
5185,Alan,Ochoa,47,139634,CO,2018-04-29
5186,Brian,Perez,28,229318,VI,2022-05-23
5187,David,Braun,39,87633,SD,2023-02-21
5188,Brandy,Lawson,74,107374,MA,2016-07-31
5189,Thomas,Taylor,56,71101,GU,2024-12-03
5190,Alicia,Michael,68,238290,FL,2022-05-24
5191,John,Graham,58,190308,IN,2021-12-31
5192,Alexander,Rodriguez,75,74547,MT,2022-07-11
5193,Juan,Williams,54,174901,HI,2018-02-24
5194,Marc,Rivera,72,90215,MI,2019-10-24
5195,Rhonda,Howard,23,137923,CA,2018-09-30
5196,Whitney,Contreras,72,166778,DE,2018-11-05
5197,Jerry,Thomas,49,86739,IL,2019-03-22
5198,John,Miller,55,154122,SD,2023-11-30
5199,Adam,Richmond,71,151310,AR,2018-01-25
5200,George,Marshall,35,33802,MA,2023-09-19
5201,Kelli,Martinez,64,142226,ND,2016-10-18
5202,David,Davis,65,94658,CT,2017-12-09
5203,Samantha,Mckinney,33,115798,FL,2024-01-21
5204,Anna,Barry,45,181903,GA,2022-03-13
5205,Jacqueline,Benson,32,185129,VA,2023-03-04
5206,Andrew,Murray,78,69051,NJ,2021-09-10
5207,Kirsten,Moore,76,180392,IN,2019-10-07
5208,Dakota,Ferguson,75,31331,CT,2020-07-07
5209,Eric,Bridges,44,41593,IA,2024-12-21
5210,Alyssa,Hanson,20,153378,VA,2020-08-19
5211,Jason,Robinson,64,231485,NV,2020-08-16
5212,Chelsea,White,50,38813,WY,2025-12-12
5213,Robert,Allen,45,169230,OK,2025-07-26
5214,Benjamin,Hill,43,155637,FM,2024-10-18
5215,Joseph,Thomas,69,239195,CA,2024-03-26
5216,Katherine,Kelly,62,245296,WV,2019-02-09
5217,Rebecca,Parrish,24,148604,FM,2021-01-18
5218,Derek,Howard,49,93048,LA,2026-01-22
5219,Dana,Black,23,176404,OR,2023-09-22
5220,Thomas,Harrison,66,33256,MS,2022-10-04
5221,Susan,Weiss,62,221833,MT,2021-06-19
5222,Charles,Campos,44,87149,MS,2019-05-15
5223,Brent,Potter,26,123953,FM,2024-02-07
5224,Jason,Mack,36,92668,MS,2021-06-16
5225,Teresa,Martin,59,53784,CA,2021-11-27
5226,Timothy,Guzman,19,155772,MP,2019-08-08
5227,Jonathan,Page,60,109911,MP,2019-03-09
5228,Douglas,Acosta,28,214367,VA,2024-08-22
5229,Daniel,Ford,47,179521,WI,2020-05-20
5230,Gregory,Chambers,65,183002,DC,2018-08-08
5231,Teresa,Ellison,19,149233,DE,2023-10-13
5232,Sara,Wong,47,232331,MI,2018-06-08
5233,Julie,Stewart,26,214322,ND,2025-12-27
5234,Ashley,Rodriguez,43,78482,MO,2023-08-09
5235,Paul,Fox,68,127103,PW,2018-04-08
5236,Mike,Murphy,58,151712,FM,2023-07-26
5237,Dave,Allen,63,196042,NE,2017-03-17
5238,Melanie,Stevens,18,194444,WY,2026-03-24
5239,Alexandra,Reyes,22,130893,LA,2022-10-08
5240,Sarah,Diaz,75,211076,OK,2018-11-18
5241,William,Torres,39,169177,CT,2017-12-29
5242,Melissa,Douglas,20,107749,NH,2025-10-26
5243,Kristin,Porter,45,227365,RI,2016-07-28
5244,Tristan,Graves,35,212990,OR,2024-11-21
5245,James,Chambers,78,190563,AR,2022-03-25
5246,Marcus,Morris,52,180792,CT,2023-12-13
5247,Jesse,Fitzgerald,68,84302,SD,2023-09-30
5248,Christine,Miller,68,209480,GA,2021-11-17
5249,James,Hernandez,23,192648,NM,2020-12-11
5250,Mary,Moore,74,118000,MP,2019-01-24
5251,Kellie,Castro,65,44368,PW,2019-02-05
5252,Valerie,Gordon,50,206856,MN,2023-04-15
5253,Danielle,Barron,41,43516,AS,2018-12-19
5254,Joshua,Bray,25,130389,MP,2017-05-21
5255,Kevin,Boone,41,151989,MO,2023-05-05
5256,Allison,White,57,40714,OR,2018-11-20
5257,Jeffrey,Graves,41,126058,CT,2025-10-14
5258,David,Hill,29,199914,WV,2020-09-28
5259,Michael,Sims,53,214778,ID,2019-05-27
5260,Norma,Perry,22,176999,SD,2021-09-16
5261,Cameron,Foley,63,232788,OK,2017-07-04
5262,David,Rogers,31,66282,OK,2021-03-14
5263,Justin,Matthews,80,117799,FM,2023-11-02
5264,Kent,Beasley,33,171461,AK,2025-03-28
5265,Edward,Ford,25,200141,NV,2019-02-10
5266,Kelly,Bowers,48,223299,MS,2019-09-20
5267,Luis,Valencia,78,227204,GA,2022-02-28
5268,Harry,Ali,55,214246,NV,2025-01-12
5269,Alex,Gray,31,227439,AS,2017-04-05
5270,Jesse,Allen,65,229461,VA,2024-02-02
5271,Tracy,Franco,32,114007,MA,2022-02-20
5272,Mary,Hernandez,40,100086,WI,2019-08-06
5273,Laura,Dickerson,50,208317,AZ,2024-07-08
5274,Andrew,Ortiz,45,102651,KS,2021-12-15
5275,Brooke,Finley,21,46611,NM,2020-01-04
5276,Joshua,Jackson,41,120499,SD,2022-11-09
5277,Jonathan,Beltran,46,157461,PA,2019-07-26
5278,Laura,Butler,50,168066,IN,2019-09-04
5279,Brandon,Santos,71,62167,VT,2018-09-11
5280,Charles,Cannon,48,216076,KS,2022-11-13
5281,Lori,Casey,52,207814,PR,2025-12-23
5282,Alexander,Boyd,70,169684,KY,2021-10-07
5283,Jeremiah,Jones,75,106615,LA,2019-02-28
5284,Mark,Banks,46,192778,NH,2021-02-21
5285,Jeffrey,Lawrence,41,239689,PR,2026-05-09
5286,James,Martin,61,211724,NH,2022-08-12
5287,Breanna,Gray,69,47203,NH,2021-04-16
5288,Michael,Walker,30,150028,MS,2019-11-16
5289,Jimmy,Crane,23,51016,ME,2018-12-20
5290,Taylor,Thompson,43,76874,FL,2021-12-30
5291,Jeremiah,Bailey,36,50171,NE,2017-05-03
5292,Pamela,Hess,24,73192,PA,2018-01-14
5293,Danielle,Freeman,35,59366,WA,2024-08-30
5294,Marissa,Copeland,62,68785,NM,2016-07-27
5295,Laura,Lynn,49,69452,MA,2023-03-18
5296,Nathan,Melton,73,83544,HI,2023-04-01
5297,Christina,Walters,51,194436,GU,2017-05-19
5298,John,King,19,106852,WI,2021-06-26
5299,Shannon,Donaldson,44,208887,NV,2022-03-24
5300,Joseph,Park,52,64610,MN,2017-11-13
5301,Julia,James,48,120885,LA,2019-04-28
5302,Daniel,Ford,44,146355,NC,2019-05-07
5303,William,Terry,65,199000,AS,2019-08-17
5304,Robert,Gomez,19,106419,NE,2024-10-09
5305,Julia,Burton,30,46501,DE,2023-12-31
5306,Sandra,Welch,19,240236,DE,2019-12-09
5307,Marcus,Baker,32,248876,NC,2018-03-30
5308,William,Martinez,78,166215,ID,2021-09-05
5309,David,Roberts,59,118048,IA,2023-10-26
5310,Robert,Robinson,44,181703,NH,2024-07-06
5311,Cody,Newman,39,201903,AR,2026-02-10
5312,Cory,Brown,59,236261,KY,2019-08-18
5313,Paul,Mitchell,38,157440,NC,2017-10-30
5314,Christina,Alvarado,55,204549,WI,2017-07-03
5315,Micheal,Ross,62,168979,IA,2022-01-18
5316,Donald,Cook,71,173777,CA,2017-12-10
5317,Steven,Sutton,46,150063,AK,2022-06-23
5318,Lisa,Murphy,37,178701,ID,2023-03-12
5319,William,Smith,26,236922,MT,2023-01-04
5320,Kayla,Jefferson,37,75019,CO,2020-08-21
5321,Joseph,Eaton,68,98159,WY,2022-09-28
5322,Erin,Davis,32,156941,NJ,2018-12-27
5323,Courtney,Garrett,41,105535,AS,2025-01-20
5324,Angel,Thompson,67,42404,WV,2023-07-29
5325,Mary,Fuentes,27,122568,MO,2024-04-02
5326,John,Palmer,36,149518,NV,2022-12-14
5327,Mitchell,Price,79,73611,AL,2017-07-22
5328,Philip,Mcguire,57,72150,NC,2024-07-08
5329,Kristy,Washington,63,170330,DE,2024-07-31
5330,Daniel,Hicks,36,77783,VA,2020-05-04
5331,Miranda,Turner,80,75969,WI,2016-07-12
5332,Jonathan,Hall,71,215627,NY,2024-09-02
5333,Shannon,Roberts,62,204681,WI,2016-11-08
5334,Steven,Rowland,68,70235,HI,2024-11-22
5335,Taylor,Wong,28,92365,NE,2026-05-20
5336,Brenda,Mann,25,40787,AR,2021-08-16
5337,Karen,Douglas,38,180608,NV,2019-07-29
5338,Debra,Scott,26,145576,MI,2022-03-29
5339,Sean,Tucker,34,126907,WI,2026-03-24
5340,Anthony,Gonzales,29,83780,NH,2023-02-01
5341,Emily,Johnson,53,215371,FM,2019-06-02
5342,Debbie,Williams,20,204470,AR,2023-06-17
5343,Jacqueline,Cook,38,120137,GA,2019-11-12
5344,Courtney,Martinez,27,127757,MN,2022-10-01
5345,Taylor,Mckenzie,46,171522,AS,2017-07-05
5346,Carrie,Simpson,80,72623,GA,2018-07-03
5347,Jeremy,Mullen,52,109052,AS,2023-11-11
5348,John,Carpenter,25,36533,NJ,2021-12-25
5349,Joy,Delgado,43,160919,GU,2023-12-22
5350,Andrew,Crawford,67,68111,MO,2018-05-12
5351,Jennifer,Johnson,78,150072,AR,2018-06-18
5352,Keith,Jenkins,77,113943,AZ,2022-08-01
5353,George,Wright,27,31125,MI,2023-02-04
5354,John,Medina,80,223592,MO,2023-05-11
5355,Austin,Logan,52,163014,OK,2021-10-08
5356,Kevin,Reeves,39,199671,AL,2018-03-05
5357,Lawrence,Nash,63,107478,MO,2024-07-20
5358,Brent,Castro,48,105976,NC,2023-11-20
5359,Joanna,Cook,80,227698,OR,2022-04-17
5360,Ashley,Jensen,80,180399,MS,2025-09-13
5361,Gary,Reed,60,68557,MH,2024-07-17
5362,Nicole,Higgins,69,178172,UT,2017-01-05
5363,Jamie,Flynn,64,145895,PW,2026-03-01
5364,Russell,Calhoun,39,210655,HI,2018-06-10
5365,Megan,Aguilar,25,221795,AR,2019-07-06
5366,Scott,Miller,48,40506,FL,2021-12-25
5367,George,Wilcox,26,207735,AR,2025-01-29
5368,Carol,Lawrence,53,60638,KY,2025-01-28
5369,Sean,Carlson,37,36500,CT,2021-02-28
5370,Joseph,Mason,43,191879,VI,2019-09-19
5371,Dalton,Daniel,71,87767,LA,2017-05-15
5372,April,Long,46,123688,KS,2018-02-10
5373,Joshua,Lopez,23,115555,OK,2020-02-21
5374,Nicholas,Fisher,21,189423,MP,2018-04-01
5375,Michelle,Baker,59,81157,WA,2024-08-04
5376,Kristin,Fritz,55,168001,ME,2020-03-11
5377,Kathleen,Johnson,32,234808,MN,2025-04-10
5378,Cindy,Patton,77,231089,PR,2016-12-08
5379,Mark,Sanchez,35,81305,GU,2021-09-27
5380,Brian,Edwards,19,51912,NM,2023-11-21
5381,Amanda,White,52,146774,MH,2023-01-13
5382,Danielle,Brown,61,206044,DE,2025-05-16
5383,Kristy,Smith,79,52905,OK,2024-04-13
5384,George,Gonzalez,80,164162,TX,2019-01-06
5385,Samuel,Cooper,43,80973,LA,2018-01-22
5386,Ariel,White,49,113298,MN,2016-09-16
5387,Alyssa,Hernandez,56,188617,VI,2025-11-15
5388,Sarah,Miller,50,44692,AS,2022-07-17
5389,Susan,Holmes,76,204788,CO,2018-05-04
5390,Michael,Bishop,41,134217,SD,2025-12-04
5391,Brittany,Mckenzie,27,217685,FM,2020-07-01
5392,Sean,Sosa,72,142103,MH,2021-11-29
5393,Norma,Thornton,41,131217,NJ,2017-07-04
5394,Michael,Hanson,41,33195,DC,2024-11-08
5395,David,Mora,36,120418,CO,2018-03-26
5396,Jane,Mclean,40,110762,NC,2016-09-10
5397,Courtney,Price,80,146805,MO,2016-07-02
5398,Jose,Howard,73,177071,WY,2021-08-06
5399,Becky,Mcdonald,23,86543,AR,2024-08-23
5400,Alison,Parker,64,146449,AR,2019-09-01
5401,Derek,Flores,65,138949,MD,2022-11-27
5402,Jonathan,Ramirez,69,145999,PR,2025-07-19
5403,Brandon,Murray,36,72936,MA,2019-01-14
5404,James,Wright,69,220841,NC,2017-03-30
5405,Joshua,Bowen,80,141105,ND,2025-12-29
5406,John,Charles,64,138578,DE,2017-03-19
5407,Laura,Bradford,26,249024,CT,2025-08-29
5408,Dennis,Cook,55,186745,VT,2025-08-11
5409,Charles,Choi,23,67654,NY,2017-06-11
5410,Patricia,Villanueva,31,109490,ID,2019-06-26
5411,April,Hall,48,167704,OR,2022-09-08
5412,James,Jones,39,47331,RI,2016-07-13
5413,Larry,Baldwin,77,184842,SC,2017-01-25
5414,Michael,Fields,66,128506,CA,2020-12-17
5415,Darrell,Mccoy,23,31735,MS,2022-04-10
5416,Kimberly,Berry,44,197459,KY,2022-08-20
5417,Debbie,Anderson,76,101651,NC,2021-06-29
5418,Diana,Hunt,44,75847,KS,2019-07-03
5419,Kelly,Wheeler,53,151141,KY,2025-10-30
5420,Joshua,Sullivan,63,178875,WA,2020-10-04
5421,Sarah,Lewis,66,65894,VT,2022-09-08
5422,Curtis,Owen,30,78760,ND,2018-10-12
5423,Carolyn,Wright,71,130078,MD,2025-12-29
5424,Danielle,Williams,36,175192,CT,2025-07-25
5425,Jill,Morris,49,41071,ID,2025-04-28
5426,Karen,Eaton,70,246596,OR,2018-02-05
5427,Anne,Villanueva,37,248781,WI,2022-08-07
5428,Nathan,Sanders,55,109669,CT,2021-10-10
5429,Melvin,Arnold,49,176612,MH,2017-11-25
5430,Lance,Franklin,65,151491,AL,2020-03-18
5431,Michael,Martin,32,37035,NV,2017-10-21
5432,Megan,Porter,68,30641,IA,2021-08-10
5433,Claudia,Lewis,27,98859,AR,2025-04-26
5434,Michael,White,37,197917,IL,2018-12-28
5435,Loretta,Sparks,71,196870,AR,2018-02-15
5436,Jose,Hill,48,62552,ID,2023-05-11
5437,Justin,Diaz,59,204565,DE,2025-06-26
5438,Taylor,White,75,105415,HI,2016-11-25
5439,Tyler,Johnson,44,77021,OK,2020-04-07
5440,Kevin,Holt,49,210313,MA,2017-05-11
5441,Michael,Short,59,94159,OH,2019-06-20
5442,Jason,Duarte,19,61288,MP,2018-08-04
5443,Rebecca,Parsons,66,102670,AK,2019-09-03
5444,James,Thomas,49,47491,AK,2023-01-29
5445,Crystal,Clarke,56,225445,PR,2017-08-23
5446,Sandra,Adams,41,182322,UT,2024-08-12
5447,Arthur,Garcia,48,178261,NH,2019-08-26
5448,Eduardo,Graves,45,97609,MP,2018-01-26
5449,Megan,Allen,58,209807,WY,2024-04-25
5450,Nicholas,Bradford,48,211992,GU,2022-03-21
5451,Amy,Kerr,70,61348,LA,2018-02-02
5452,Cesar,Ryan,41,164355,UT,2025-01-03
5453,Betty,Fuller,64,180801,DC,2020-02-12
5454,Brian,Herman,19,98036,MN,2022-09-02
5455,Evelyn,Dixon,28,182477,TN,2024-08-08
5456,Joshua,Mueller,21,68308,MD,2026-04-16
5457,Javier,Meza,38,150859,MN,2025-03-13
5458,Kimberly,Vargas,74,211739,PA,2018-01-08
5459,Jason,Carter,26,123686,NJ,2016-10-21
5460,Monique,Pittman,28,43864,MO,2018-02-05
5461,Bianca,Bell,35,124676,AL,2023-08-27
5462,Cindy,Snyder,44,196788,FL,2018-02-07
5463,Sara,Summers,76,123319,NV,2022-06-12
5464,Sarah,Contreras,21,105984,LA,2020-04-24
5465,Kayla,Zimmerman,36,168834,OR,2017-09-04
5466,Julie,Diaz,58,50139,CA,2024-05-28
5467,Tommy,Garcia,50,80807,VI,2023-07-11
5468,Christopher,Odonnell,67,194634,HI,2023-06-30
5469,Kendra,Davidson,29,230458,MT,2023-11-13
5470,Nicholas,Peterson,24,186961,SC,2022-03-09
5471,Andrew,Williamson,66,73813,NJ,2023-11-11
5472,Douglas,Green,52,114569,NE,2017-12-10
5473,Catherine,Johnson,73,112892,KY,2025-01-18
5474,Jose,Jackson,70,209560,IN,2026-03-07
5475,Wesley,Ellis,69,108924,IN,2024-04-05
5476,Amy,Jones,35,209684,NH,2023-06-14
5477,Christine,Phillips,62,210445,NY,2018-02-28
5478,Ashlee,Vasquez,41,55122,NY,2020-03-19
5479,Rebecca,Dillon,52,182055,SD,2026-01-04
5480,Brett,Romero,40,245827,MS,2025-10-18
5481,Kyle,Jones,27,33381,VT,2025-10-01
5482,Casey,Conrad,26,165835,MA,2019-01-20
5483,Daniel,Watson,36,127783,AK,2021-10-02
5484,Robin,Smith,67,157113,MA,2018-07-08
5485,Gregory,Fernandez,44,119211,PR,2025-06-27
5486,Ryan,Garcia,76,72737,SC,2018-07-08
5487,Nicholas,Wright,24,87114,IL,2020-10-10
5488,William,Mills,27,161958,VT,2022-09-16
5489,Francisco,Richardson,32,247992,OR,2022-07-14
5490,Denise,Booth,30,238432,NV,2023-01-14
5491,Michael,Moore,75,176448,AL,2021-12-05
5492,Thomas,Watson,57,210788,OH,2022-07-23
5493,Kim,Conley,71,167796,ND,2020-09-16
5494,Tyler,Powell,72,169485,NH,2020-01-31
5495,Brittany,Webb,63,174470,WV,2020-11-04
5496,Douglas,Perry,62,228261,MA,2022-07-10
5497,Jeffrey,Reed,69,59875,AS,2025-01-04
5498,Drew,Chapman,44,150715,CA,2018-08-28
5499,Keith,Andrews,76,50027,AS,2018-03-12
5500,Bonnie,Jones,25,244655,AR,2022-04-22
5501,Darlene,Davis,26,34555,TN,2025-01-01
5502,Joseph,Johnson,48,121281,ME,2022-10-13
5503,John,Beck,37,211154,NY,2025-07-06
5504,Paul,Camacho,41,66441,AZ,2021-12-13
5505,Katrina,Perkins,70,145851,AZ,2023-10-06
5506,Susan,Mcdaniel,74,186670,AZ,2020-08-05
5507,Kristin,Miller,51,230170,PR,2017-07-24
5508,Catherine,Evans,80,119665,MT,2025-10-03
5509,Juan,Thomas,29,216094,ND,2019-03-18
5510,Pamela,Becker,37,37539,AZ,2026-03-18
5511,John,Beasley,65,243535,CA,2021-04-27
5512,Raymond,Boyd,25,88289,VI,2016-11-11
5513,Lisa,Owens,26,211991,AL,2016-07-04
5514,Russell,Schaefer,27,210367,ND,2017-08-15
5515,Jonathan,Garcia,32,110590,GU,2017-11-24
5516,Frank,Velasquez,26,85008,MD,2016-09-19
5517,Benjamin,Schultz,26,50605,OH,2021-09-16
5518,Elizabeth,Phelps,45,211093,AS,2020-01-16
5519,Mia,Richard,66,235528,IA,2018-10-04
5520,Travis,Kaufman,25,50377,AR,2018-05-07
5521,Joseph,Simmons,19,233080,IN,2017-04-26
5522,Anita,Hood,48,228530,IA,2021-03-11
5523,Marvin,Robles,45,41145,NJ,2020-09-06
5524,Tammy,Miller,30,58263,OH,2024-01-27
5525,Antonio,Gibson,20,237894,PW,2016-09-21
5526,Kathryn,Jones,60,164605,NV,2023-07-02
5527,Emily,Edwards,55,45536,ND,2020-02-27
5528,Brenda,Smith,48,61174,CT,2019-04-13
5529,Shane,Evans,76,96325,OK,2026-03-30
5530,Albert,Harris,20,47366,NV,2023-05-14
5531,Judy,Jones,37,205003,AL,2026-02-07
5532,Matthew,Miller,18,227800,NV,2020-01-30
5533,Greg,Serrano,24,235093,LA,2021-04-23
5534,Andrew,Vance,25,187756,IA,2025-02-07
5535,William,Garcia,31,184036,FL,2023-12-06
5536,Bobby,Oconnor,75,82435,MS,2024-03-15
5537,Kyle,Thomas,29,205793,TN,2021-05-04
5538,Ashley,Moore,40,37670,KY,2016-06-08
5539,Stephanie,Young,23,68156,NV,2024-02-21
5540,Lee,Williams,72,225611,PA,2026-03-01
5541,Heather,Ramirez,78,102712,PR,2017-06-07
5542,Cynthia,Long,78,181978,MH,2016-08-19
5543,Lauren,Young,40,122327,WV,2020-04-15
5544,Larry,Gonzalez,28,161238,GA,2025-02-15
5545,Elizabeth,Edwards,67,220986,NV,2022-10-02
5546,Wendy,Wiggins,57,93392,NH,2017-05-11
5547,Brady,White,50,179483,NM,2019-05-25
5548,Tammy,Wood,22,55979,OR,2025-10-20
5549,Robert,Sanchez,70,181554,VI,2021-03-24
5550,Ian,Johnson,66,33665,RI,2024-11-30
5551,Mitchell,Watkins,51,86884,HI,2019-06-13
5552,Teresa,Rodriguez,63,80213,WV,2017-01-06
5553,Cynthia,Pope,79,103887,MD,2022-12-19
5554,John,Washington,28,227661,KY,2024-06-21
5555,Kelsey,Roach,52,31134,AK,2019-03-28
5556,Leslie,Watkins,80,220145,NM,2020-07-27
5557,Julie,Mccormick,24,86102,SC,2021-08-19
5558,Steven,Hoffman,76,162171,OR,2026-01-24
5559,Nathaniel,Stewart,72,215534,TX,2019-04-13
5560,Danielle,Khan,48,126066,AZ,2017-07-28
5561,Joseph,Cobb,62,184502,ND,2021-03-30
5562,Jim,Calderon,29,145255,PA,2024-12-12
5563,Joshua,Romero,61,58134,CT,2025-10-30
5564,Edward,Smith,29,248822,NE,2026-04-10
5565,Kenneth,Scott,40,129513,UT,2020-05-08
5566,Robin,West,45,86170,ID,2023-02-10
5567,Lauren,Wade,50,89651,MH,2021-03-03
5568,Mary,Bennett,44,59581,RI,2022-04-11
5569,Jacob,Smith,66,112386,WI,2019-12-02
5570,Karen,Richardson,25,152133,ID,2023-04-15
5571,Ashley,Kidd,25,166243,AZ,2019-02-12
5572,Melissa,Parker,26,159975,FM,2019-09-07
5573,Laura,Morton,66,124699,MS,2022-07-12
5574,William,Burns,63,105568,MH,2025-06-30
5575,Linda,Sanchez,53,219303,OK,2019-10-01
5576,Christopher,Walker,20,51560,MA,2024-07-01
5577,Randall,Smith,38,159423,SD,2025-05-31
5578,Julie,Lawson,25,130868,MA,2024-02-06
5579,Anthony,Miller,36,149785,NE,2025-02-07
5580,Charles,Patrick,56,222983,OR,2021-12-17
5581,Megan,Rogers,37,210105,VA,2020-07-17
5582,Kristina,Hoover,80,146380,VI,2023-11-23
5583,James,Sullivan,32,175205,ND,2026-01-19
5584,Michelle,Collins,44,106176,NV,2016-08-02
5585,Melissa,Jones,72,142187,AK,2024-11-14
5586,Paul,Phillips,30,48247,MT,2025-10-23
5587,Stephanie,Nguyen,75,240353,AR,2022-12-22
5588,Timothy,Torres,48,208030,WA,2017-03-01
5589,Robert,Reed,41,77001,AL,2023-04-28
5590,Barbara,Padilla,18,206726,NC,2021-06-17
5591,David,Green,49,206185,FL,2023-04-05
5592,Natasha,Cohen,24,133905,FL,2022-10-25
5593,Nicholas,Meadows,46,167012,AR,2019-12-14
5594,Jeffery,Sullivan,60,207345,IA,2025-08-28
5595,Wayne,Silva,23,61252,NE,2023-09-19
5596,Samantha,Williams,27,133497,ME,2022-10-31
5597,Lisa,Burgess,43,212199,ND,2021-11-21
5598,Hannah,Smith,55,56665,KS,2018-07-24
5599,Claudia,Fritz,65,74229,PA,2024-03-06
5600,Jay,Taylor,22,125344,CA,2019-03-23
5601,Eric,Le,80,82189,AS,2021-06-05
5602,Charles,Allen,39,82497,GU,2024-09-24
5603,Kenneth,Johnson,56,135981,WY,2023-05-09
5604,Dana,Griffin,25,91045,TN,2019-11-24
5605,Jennifer,Boyd,71,141333,VT,2016-07-05
5606,Cheryl,Greer,64,160838,VI,2020-04-05
5607,Maria,Adams,35,230492,NY,2020-12-26
5608,Colin,Price,63,230795,VT,2026-05-21
5609,Michael,Palmer,55,185621,KY,2019-06-08
5610,Raymond,Carson,35,228260,MS,2020-05-16
5611,Rhonda,Dixon,68,239973,MP,2024-04-25
5612,Kyle,Bright,59,134919,NE,2025-11-09
5613,Laura,Martinez,40,154735,ND,2019-06-30
5614,Kelly,George,60,188116,OK,2019-04-18
5615,Wendy,Warren,78,136022,AL,2024-10-16
5616,Andrew,Foster,49,164064,VT,2019-11-22
5617,Garrett,Lopez,35,68633,NC,2021-09-20
5618,Dawn,Mathis,67,149179,OK,2021-07-03
5619,Misty,Warren,24,62031,TX,2023-03-12
5620,Kevin,Moore,34,158277,HI,2018-09-05
5621,Crystal,Lee,49,90508,IA,2016-11-02
5622,Greg,Lee,58,65286,WY,2023-09-07
5623,Patricia,White,19,56110,WI,2021-03-20
5624,Amanda,Peterson,65,43854,NM,2024-05-23
5625,Lisa,Murray,71,47885,IL,2021-09-11
5626,Denise,Gregory,49,207761,MT,2019-12-14
5627,Nicole,Ruiz,19,76948,ID,2021-07-17
5628,Olivia,Marshall,42,188488,ID,2023-05-31
5629,Jeanette,Ramirez,61,115709,ND,2018-12-11
5630,Tara,Gonzales,27,109364,KY,2019-06-19
5631,Dawn,Jones,57,193376,MD,2024-06-02
5632,Leslie,Dunn,24,229274,FM,2018-04-11
5633,Scott,Perez,22,203298,MA,2019-07-28
5634,Kevin,Long,66,166301,NY,2017-01-17
5635,Timothy,Stanley,67,159024,WY,2020-12-18
5636,Alexander,Haney,68,152164,WA,2022-07-06
5637,Jessica,Ramos,30,106955,NC,2018-02-05
5638,William,Berry,60,160521,WV,2016-08-19
5639,Michael,Davis,49,162328,FL,2025-06-20
5640,Melissa,Rowe,34,172196,WI,2020-02-17
5641,Dustin,Arnold,39,242200,KS,2022-04-27
5642,Timothy,Parker,73,171696,WI,2017-09-01
5643,David,Kirby,52,34632,ND,2022-08-12
5644,Samuel,Bryant,78,230268,LA,2024-11-04
5645,Julia,Armstrong,20,142828,MO,2019-07-20
5646,Amanda,Roman,74,61230,MH,2019-12-22
5647,Corey,Macias,42,147995,GA,2018-05-16
5648,Jeffery,Logan,38,128654,MD,2023-01-23
5649,Kimberly,Kelley,46,150496,IA,2023-01-06
5650,Daniel,Bryant,20,38613,DC,2019-01-25
5651,Ashley,Tucker,29,175926,NV,2021-06-09
5652,Gabrielle,Parker,60,234310,PR,2016-10-13
5653,Brady,Coleman,37,215089,AS,2016-09-26
5654,Shelia,Elliott,28,158838,MO,2016-08-11
5655,Natasha,Woods,45,65255,GA,2024-04-29
5656,Leah,Roach,37,217622,MT,2021-03-28
5657,Patricia,Miller,42,157783,NV,2019-04-25
5658,Katie,Levine,66,58673,PW,2022-01-21
5659,Shari,Warren,54,206953,PW,2019-04-14
5660,James,Gonzales,49,203035,MT,2022-03-15
5661,Ryan,Blankenship,53,209666,MD,2020-08-18
5662,Carla,Rodriguez,52,180001,PR,2021-10-21
5663,Jacob,Perez,48,154757,VI,2025-07-16
5664,Susan,Barrett,53,70975,GU,2023-05-08
5665,Elizabeth,Scott,50,44611,WI,2024-01-08
5666,Brian,Ray,43,99046,AZ,2025-07-12
5667,Christine,Vasquez,49,184938,HI,2024-05-21
5668,Matthew,Hawkins,80,129037,SC,2024-07-07
5669,Scott,Salinas,57,207337,OR,2018-07-04
5670,Elizabeth,Cantu,40,230925,ME,2018-11-28
5671,Alexander,Graves,80,104563,WI,2025-05-26
5672,Matthew,Reynolds,38,46101,IN,2017-09-20
5673,Christopher,Paul,19,184786,WI,2026-05-12
5674,Mark,Hart,20,63606,MS,2023-10-24
5675,Carlos,Lee,71,126052,SD,2024-10-07
5676,Erica,Lopez,40,242219,IL,2021-08-21
5677,James,Kennedy,65,183083,PA,2020-12-09
5678,Anita,Higgins,19,230591,MI,2018-01-23
5679,Timothy,Russell,75,193880,KS,2019-11-30
5680,Bailey,Ruiz,39,129765,TN,2019-04-05
5681,Anthony,Golden,24,142236,WI,2025-04-01
5682,Daniel,Nguyen,40,123681,MP,2017-10-05
5683,Lisa,Baldwin,44,122083,HI,2017-04-23
5684,Katherine,Miller,21,203340,MA,2025-11-05
5685,Toni,Rodriguez,33,94910,IA,2016-09-19
5686,Autumn,Perez,33,199891,MH,2024-12-03
5687,Evelyn,Robinson,37,185328,MD,2025-05-23
5688,Wesley,Castillo,23,210352,IL,2021-06-08
5689,Karina,Salinas,22,109930,NJ,2017-07-20
5690,Allison,Thomas,25,118498,RI,2020-01-07
5691,Jermaine,Ray,28,35167,MO,2020-03-22
5692,Jamie,Burch,52,115489,ID,2019-08-21
5693,Dylan,Crawford,20,150824,PW,2020-02-20
5694,Sarah,Thomas,60,140748,AR,2022-04-28
5695,Lori,Anderson,54,164941,ND,2025-02-23
5696,Christopher,Mclaughlin,75,140407,DE,2021-08-25
5697,Leon,Walker,35,35348,IN,2019-12-20
5698,Justin,Brown,62,153129,KY,2020-06-07
5699,Jerry,Mendez,55,35829,NM,2022-08-21
5700,Steven,Spencer,38,129021,PA,2016-07-28
5701,Jessica,Rhodes,54,132315,AK,2017-02-01
5702,Elizabeth,Sawyer,38,180087,VI,2025-12-28
5703,Vanessa,Ellison,24,241897,VT,2019-05-25
5704,Michael,Moore,49,56229,AS,2018-11-12
5705,Nathan,Jimenez,62,206976,NJ,2020-02-15
5706,Russell,Williams,31,118071,AK,2020-04-30
5707,Denise,Jackson,49,161797,VA,2022-02-24
5708,Michael,Dawson,69,230514,NH,2016-09-16
5709,Rebecca,Buckley,60,119008,VA,2023-04-19
5710,Shawn,Walker,28,191173,OH,2019-03-01
5711,Patricia,Brown,37,125245,GU,2022-01-28
5712,Kathleen,Gonzalez,80,144292,NC,2025-04-29
5713,James,Collins,30,160272,GA,2018-09-07
5714,Anthony,Terry,58,236346,WV,2020-08-17
5715,Dylan,Mendoza,22,170465,PW,2020-10-16
5716,Kaylee,Fletcher,31,105328,IN,2023-12-22
5717,Jeff,Gray,34,42460,NJ,2016-09-09
5718,Jessica,Edwards,37,180345,AS,2023-06-12
5719,Nichole,Dean,43,240921,MD,2020-12-15
5720,Michael,Moran,32,193727,SD,2019-10-24
5721,Edward,Hughes,65,54106,NC,2021-04-26
5722,William,Beard,63,181569,IA,2020-01-27
5723,Mary,Jones,24,185153,GA,2018-08-04
5724,Jessica,Leonard,39,101660,PA,2019-09-08
5725,William,Sellers,22,178485,NM,2024-07-09
5726,Jeffrey,Meyer,69,169215,IN,2019-06-06
5727,Steven,White,48,141963,AR,2021-02-24
5728,Heather,Craig,31,121046,MA,2019-11-18
5729,Lee,Hill,68,50096,IN,2016-10-23
5730,Joseph,Davis,59,245938,MH,2018-12-17
5731,Kimberly,Clark,37,162288,IN,2019-09-22
5732,Geoffrey,Cantrell,69,108619,NV,2016-12-12
5733,Jordan,Gutierrez,45,203921,CO,2026-04-19
5734,Jennifer,Carter,52,112143,RI,2017-11-13
5735,Kenneth,Curry,30,138609,TN,2024-05-19
5736,Tammy,Copeland,43,95867,NH,2021-04-06
5737,Tiffany,Tate,57,165100,NC,2017-07-29
5738,Erik,Morrison,47,206045,RI,2020-03-12
5739,Cameron,Baker,66,173540,FM,2016-06-16
5740,Amy,Owens,29,34876,CA,2019-10-22
5741,Connie,Arroyo,58,214374,VA,2021-07-31
5742,Stacie,Hughes,51,78900,IN,2017-01-30
5743,Peter,Hahn,54,160863,FM,2018-11-23
5744,Rebecca,Smith,31,203226,MA,2020-07-06
5745,Brian,Smith,79,245982,NE,2016-07-31
5746,Jeffery,Ortiz,65,152498,DE,2024-08-28
5747,Joanna,Orozco,35,197228,OR,2020-11-11
5748,Jessica,Giles,52,242057,WI,2018-08-28
5749,Marcus,Sherman,57,231619,PA,2024-12-01
5750,Sarah,Bryant,76,143698,AS,2018-01-17
5751,William,Myers,77,178404,FM,2016-08-16
5752,Christina,Franklin,64,194300,WI,2025-09-01
5753,Dan,Ward,21,166909,MT,2016-12-11
5754,Erin,Coleman,30,125492,KS,2020-12-10
5755,Charlene,Hoffman,47,68730,MH,2024-01-18
5756,Ryan,Blair,33,69445,OH,2019-08-23
5757,Leslie,Harrison,65,209649,KS,2020-03-04
5758,Billy,Hill,66,108715,WA,2022-12-25
5759,Amy,Johnson,72,144134,NM,2018-12-06
5760,Kenneth,Evans,44,113533,MD,2025-01-02
5761,Emily,Scott,73,247635,TX,2023-09-03
5762,Teresa,Harris,76,46889,TN,2023-02-24
5763,Elizabeth,Lyons,58,83361,SD,2024-11-18
5764,Rebecca,Sparks,72,138118,SC,2020-02-26
5765,William,Chapman,35,245930,MH,2026-01-13
5766,Nicholas,Brown,36,199356,NH,2023-12-07
5767,Rebecca,Delgado,28,97225,MD,2018-03-28
5768,Hannah,Long,61,187609,WI,2021-05-12
5769,James,Howell,33,136395,ME,2023-01-21
5770,Nathan,Chen,33,59768,DE,2021-08-12
5771,Blake,Smith,27,80309,GU,2021-02-28
5772,Lori,Wilson,19,94379,WI,2020-02-27
5773,Timothy,Martinez,69,246853,VA,2018-12-11
5774,Jennifer,Walker,37,151676,FL,2025-06-29
5775,Andrea,Parker,49,176754,FL,2021-04-09
5776,Andrew,Gutierrez,45,140629,VA,2018-04-03
5777,Scott,Sharp,59,39700,ID,2020-09-18
5778,Amanda,Mckinney,30,71774,MS,2023-05-18
5779,Alexander,Roth,35,65764,VA,2025-07-15
5780,Rebecca,Weiss,19,97737,CA,2024-03-03
5781,Dana,Rice,68,240642,OK,2017-01-05
5782,Felicia,Rodriguez,35,202666,TN,2021-09-20
5783,Sheri,Martinez,53,76133,MA,2024-07-28
5784,Antonio,Krause,59,41070,TX,2025-06-27
5785,Michael,Murphy,79,219392,NC,2018-08-15
5786,Geoffrey,Rodriguez,49,235057,IL,2024-12-30
5787,Sergio,Brown,19,44503,NE,2022-08-23
5788,Marcia,Mcpherson,73,52001,OR,2025-11-14
5789,Crystal,Myers,38,187705,IA,2020-02-20
5790,James,Hines,37,46667,MN,2018-12-20
5791,Sharon,Randall,75,136694,MD,2026-04-03
5792,Dwayne,Hammond,75,125272,MT,2022-03-05
5793,Benjamin,Francis,60,202341,ME,2020-10-08
5794,Tanya,Jones,74,53673,MS,2026-04-02
5795,Steven,Thompson,43,219853,CO,2019-03-09
5796,Brandon,Davis,71,66847,NH,2020-10-02
5797,Kellie,Hendrix,33,59342,HI,2024-07-18
5798,Juan,Tran,54,222539,MN,2023-06-05
5799,Shelly,Walker,50,61625,IA,2024-03-13
5800,Mark,Nguyen,51,204120,GA,2020-04-28
5801,John,Hancock,71,182153,PW,2022-03-24
5802,Anthony,Booth,78,233191,DE,2022-04-17
5803,Kimberly,Bailey,77,167693,OR,2024-12-29
5804,Francisco,Johnson,34,160141,NE,2018-09-25
5805,Patricia,Taylor,74,53658,NV,2019-03-11
5806,Linda,Simmons,33,187239,LA,2021-03-01
5807,Andrew,Stewart,25,232687,IN,2020-05-01
5808,Lance,Miller,69,112158,MO,2017-03-05
5809,Jason,Landry,39,248191,IA,2021-07-07
5810,Nathaniel,Stanton,55,223262,WV,2018-11-04
5811,Madeline,Davis,42,241246,FL,2025-02-07
5812,Kevin,Woods,65,225024,AL,2018-05-07
5813,Joshua,Jackson,33,140852,WI,2025-05-11
5814,Adam,Wood,31,67821,DE,2016-08-09
5815,David,Rogers,24,75915,CA,2024-02-25
5816,Martha,Steele,31,101970,CT,2021-09-26
5817,Brooke,Schwartz,46,137053,MA,2018-11-07
5818,Brad,Hurst,34,184528,OK,2023-10-06
5819,Paul,Young,21,158544,IN,2023-07-07
5820,Kelly,Wells,52,128226,SD,2021-11-04
5821,Heather,Mcdowell,62,59612,UT,2018-06-06
5822,Andrew,Durham,38,173063,AL,2022-05-23
5823,Hannah,Turner,45,154480,OH,2019-02-19
5824,David,Jones,61,94578,MN,2018-02-17
5825,Michael,Jacobs,79,102806,AR,2023-01-31
5826,Karl,Diaz,74,235592,MD,2019-12-15
5827,Joseph,Martin,77,67987,ME,2022-07-01
5828,Ryan,Carpenter,41,154576,VT,2021-10-20
5829,Donald,Tate,63,126400,TN,2020-07-07
5830,Claire,Smith,70,110785,HI,2023-04-03
5831,Dana,Cunningham,19,199187,SD,2025-03-03
5832,Janice,Sutton,79,188810,IL,2016-09-13
5833,Michael,Tucker,20,223842,CO,2021-11-03
5834,Jeanette,Payne,60,239437,PA,2024-12-06
5835,Amy,Davis,78,44332,CA,2020-05-06
5836,Diane,Jackson,62,236779,NE,2024-10-29
5837,Eric,Serrano,60,92829,MH,2022-12-24
5838,Suzanne,Howard,34,174894,MA,2017-05-20
5839,Rickey,Pierce,42,111072,PW,2023-08-30
5840,Ashley,Gilbert,58,213662,PA,2021-09-02
5841,Cody,Collins,41,242926,AK,2018-08-19
5842,Christine,Jennings,61,61995,MP,2017-03-21
5843,Joseph,Ryan,52,91966,KY,2021-11-07
5844,Brittany,Smith,72,145973,NV,2018-05-14
5845,Jennifer,Nicholson,42,32062,WY,2023-10-02
5846,Kelly,Waller,76,133016,AL,2025-11-05
5847,John,Miles,77,96986,MN,2022-06-04
5848,Michael,Brown,37,53658,AZ,2024-09-17
5849,Teresa,Chapman,77,245667,VT,2023-04-15
5850,Michael,Glenn,66,91724,PA,2023-08-27
5851,Olivia,Mitchell,37,85151,GU,2018-04-30
5852,Angela,Jordan,73,72002,KY,2018-11-29
5853,Katherine,Williams,76,145040,NC,2020-01-18
5854,Jeffery,Lewis,58,113147,NC,2020-05-10
5855,Melissa,Mcknight,74,242925,TX,2017-06-15
5856,Lori,Goodman,67,198933,MN,2023-02-18
5857,Edward,Johnson,44,236914,CT,2021-08-09
5858,Nathan,Mcdaniel,20,101837,FL,2021-09-28
5859,Timothy,Navarro,73,50996,FL,2020-07-02
5860,Kathy,Kennedy,70,234329,WA,2016-09-09
5861,Julia,Campbell,78,158894,VT,2019-11-12
5862,Anthony,Tyler,48,223184,MS,2021-01-04
5863,Michael,Duncan,44,117221,MP,2020-11-21
5864,Eric,Noble,63,140720,WV,2019-10-23
5865,Donna,Welch,74,245021,CO,2016-11-08
5866,Dylan,Garza,24,246111,TN,2026-02-21
5867,Amber,Davis,28,213102,AK,2021-04-01
5868,Gregory,Gonzales,34,162732,NJ,2018-12-03
5869,Amber,Larsen,22,122237,VA,2022-05-24
5870,Brittany,Brewer,44,187841,WV,2020-08-03
5871,Abigail,Valentine,64,243235,IA,2016-07-18
5872,Dustin,Flores,53,223406,DC,2017-02-21
5873,Jasmine,Olson,38,148819,KS,2020-10-29
5874,Joy,Mullins,62,37169,IN,2018-01-10
5875,Daniel,Diaz,66,43657,VI,2025-10-01
5876,Jonathan,Leon,59,198189,NC,2017-08-17
5877,Kevin,Robinson,29,195191,MI,2018-11-28
5878,Rebecca,Roach,46,237360,PA,2025-02-21
5879,Danielle,Robinson,59,65675,WV,2016-09-21
5880,Lori,Wallace,18,135031,WI,2020-11-04
5881,Peter,Barrett,30,194704,LA,2021-07-31
5882,Danielle,White,37,112240,SC,2020-07-13
5883,Ariel,Thomas,54,51556,VA,2021-07-15
5884,Kelly,Ortega,25,71372,CO,2024-10-03
5885,Sierra,Ochoa,33,165362,WV,2026-04-24
5886,Kristi,Miller,63,231223,AR,2025-02-15
5887,Danielle,Barnes,71,200178,NY,2017-07-03
5888,Bradley,Morris,66,64103,CO,2023-11-13
5889,Lucas,Bowen,72,185717,GU,2017-06-16
5890,Brent,Snyder,61,137561,GU,2016-09-11
5891,Stacey,Adkins,68,113728,LA,2021-09-11
5892,Stephen,Ramirez,46,155400,ID,2023-03-01
5893,Jason,Hansen,73,222720,IN,2016-09-15
5894,Hunter,Charles,26,98335,IA,2021-12-03
5895,Jeffrey,Russell,29,210215,WA,2021-10-27
5896,Cheryl,Green,55,246732,WA,2020-01-12
5897,Timothy,Gonzalez,38,239591,MO,2025-12-31
5898,Zachary,Ayala,36,82078,AL,2016-12-10
5899,Jason,Chan,23,138657,UT,2024-06-15
5900,Matthew,Davis,41,77681,OH,2026-01-12
5901,Jennifer,Lester,43,128912,GA,2020-09-02
5902,Zachary,Graham,78,248806,GU,2021-09-12
5903,Jennifer,Obrien,74,179524,AR,2021-01-09
5904,Catherine,Robbins,32,35435,VI,2018-04-10
5905,Danielle,Andrews,78,36021,AL,2024-02-29
5906,Michelle,Solomon,77,176415,MI,2025-06-17
5907,Jeffrey,Pena,59,190432,FL,2016-09-30
5908,Theresa,Allen,58,89954,TX,2020-04-12
5909,Carol,Lester,76,53324,KY,2016-12-07
5910,Rodney,Cowan,80,151221,NE,2018-11-28
5911,Casey,Ward,30,98624,VA,2023-04-03
5912,Ryan,Smith,62,74238,PR,2024-02-08
5913,David,Dorsey,21,135128,GU,2020-02-19
5914,Stacey,Washington,57,142434,OH,2022-03-17
5915,Kevin,Sullivan,56,98198,CO,2025-04-06
5916,Alicia,Michael,27,53346,OK,2018-05-07
5917,Melissa,Mccarty,79,126448,UT,2026-02-07
5918,Cheryl,Shaw,28,178699,CO,2019-07-08
5919,John,Johnson,25,33700,OR,2024-11-28
5920,Amy,Robertson,63,167845,IN,2021-04-14
5921,Sarah,Jones,45,232731,DC,2024-07-19
5922,Kelsey,French,76,148936,VI,2019-01-14
5923,Justin,Wright,70,206582,HI,2018-02-03
5924,Angela,Hall,49,61067,FM,2019-05-18
5925,Brian,Robinson,32,217056,AS,2019-10-13
5926,Dalton,Morales,31,79950,MA,2020-04-12
5927,Brianna,Roth,78,243231,ME,2025-04-01
5928,Debra,Smith,68,99783,OR,2021-12-23
5929,Michael,Morgan,36,225675,NV,2020-04-29
5930,Thomas,Young,49,130158,NJ,2019-11-27
5931,Stephanie,Baker,26,143064,PW,2025-03-18
5932,Alicia,Stone,72,84160,NC,2021-10-21
5933,Christian,Mitchell,56,86509,SD,2022-07-17
5934,Lauren,Schroeder,70,104178,MP,2023-12-16
5935,Lindsey,Jensen,64,207520,FM,2025-01-25
5936,Sharon,Wood,30,139662,PW,2025-01-26
5937,Natalie,Ellis,29,137092,SD,2023-10-13
5938,Lisa,Lewis,68,68258,OK,2023-08-20
5939,Julie,Stone,19,106072,KS,2020-04-09
5940,Ronald,Garrison,80,98629,RI,2017-05-04
5941,Charles,Santos,33,191921,MN,2017-08-30
5942,Debra,Lawson,46,95095,GA,2025-07-19
5943,Michael,Stuart,41,182804,NV,2016-12-07
5944,Amy,Dudley,61,199668,ME,2019-08-30
5945,Leon,Blair,47,52475,RI,2019-04-04
5946,Jay,Jackson,18,152914,AK,2019-01-10
5947,Christine,Robinson,26,114736,SD,2024-08-08
5948,Elizabeth,Guzman,80,211671,LA,2019-04-24
5949,Karen,Hernandez,43,210054,IA,2022-02-28
5950,Jason,Macdonald,31,216996,FM,2021-05-23
5951,Cathy,Oliver,42,215716,RI,2024-12-17
5952,Heather,Davis,45,222965,MD,2018-12-27
5953,Katie,Bush,56,97168,VI,2018-04-13
5954,James,Rogers,22,54976,NE,2026-03-17
5955,Lawrence,Sanchez,53,45401,MP,2022-08-20
5956,Frank,Watson,21,117257,HI,2020-11-17
5957,Ashley,Hill,77,91562,OR,2021-02-01
5958,Susan,Young,48,122878,AL,2019-04-03
5959,Tracy,Hood,56,205843,NY,2022-08-11
5960,Julie,Martin,79,240304,MD,2020-03-04
5961,Thomas,Hughes,56,216008,PA,2020-06-21
5962,Peggy,Hobbs,65,242298,NM,2024-12-11
5963,Ashley,Bennett,20,31405,MN,2021-06-26
5964,Tammy,Edwards,34,162262,FM,2025-11-09
5965,Kimberly,Colon,57,129860,TX,2021-06-16
5966,Jennifer,Hernandez,37,133467,NV,2018-08-09
5967,Antonio,Sanchez,60,127229,NC,2017-10-26
5968,Tony,Mccarty,26,176685,OR,2024-01-12
5969,Diana,Gonzalez,20,182171,AR,2025-10-25
5970,Brett,Davis,29,98233,MP,2018-10-30
5971,Joseph,Casey,28,162054,LA,2018-09-25
5972,Tina,Miller,49,118913,MS,2024-09-15
5973,Rebecca,Rivera,74,152705,GA,2026-02-18
5974,Suzanne,Harrison,26,53500,NJ,2016-12-19
5975,Michelle,Reed,38,216189,AZ,2024-01-15
5976,Joseph,Reyes,51,143489,FM,2020-11-02
5977,Dawn,Kidd,27,98263,HI,2023-09-22
5978,Shawn,Wells,25,112121,MT,2017-08-23
5979,Lawrence,Gray,20,63520,OK,2021-10-03
5980,Chelsea,Miller,49,248838,NC,2017-04-15
5981,Caitlin,Moore,35,226037,PA,2026-04-11
5982,Mercedes,Gray,41,142744,NY,2018-06-17
5983,Emily,Powell,36,99000,PA,2016-09-11
5984,Summer,Ramirez,57,247471,TN,2020-10-26
5985,Mary,Long,66,99142,TN,2019-10-20
5986,Matthew,Glover,51,112053,AL,2022-03-13
5987,Shannon,Mcclain,45,73249,AZ,2018-05-17
5988,Jodi,Stanley,38,223165,CA,2022-11-17
5989,Shaun,Hoover,49,230192,WV,2020-09-19
5990,Taylor,Williams,78,69653,NM,2024-09-07
5991,Sarah,Williams,53,202338,TN,2024-05-07
5992,Shannon,Hamilton,58,239248,IL,2022-07-16
5993,Savannah,Lewis,46,43951,MD,2022-08-16
5994,Justin,Robinson,30,68960,OR,2023-01-20
5995,Barbara,Matthews,21,90256,IL,2019-09-10
5996,Nicole,Benson,29,39401,MD,2021-04-23
5997,Herbert,Sandoval,48,98216,CO,2021-04-25
5998,Monica,Ho,28,215063,KY,2026-01-10
5999,Cassandra,Lynch,47,144407,NE,2025-04-16
6000,Timothy,Williams,25,159737,VA,2020-01-08
6001,Daniel,Phillips,20,145741,NJ,2019-02-10
6002,Kimberly,Jenkins,40,215867,AR,2020-09-27
6003,Megan,Graham,53,157192,PR,2019-07-30
6004,Peter,Walters,47,159233,NJ,2022-05-19
6005,Bryan,Elliott,25,218681,SC,2018-08-17
6006,Christopher,Savage,73,68811,IL,2017-02-03
6007,Joseph,Stewart,25,121646,DC,2020-12-06
6008,Jennifer,Martinez,23,83407,TN,2020-01-06
6009,Danny,Simpson,73,104479,DC,2024-04-11
6010,Douglas,Gardner,29,248878,ME,2021-10-20
6011,Richard,Bailey,28,226591,MI,2016-08-07
6012,Tiffany,Bradford,50,245632,ME,2023-02-27
6013,Tony,Benson,35,177651,VA,2017-03-14
6014,Erik,Reeves,75,203837,NJ,2019-06-05
6015,Jill,Porter,55,85678,FM,2024-11-02
6016,Kathleen,Arellano,55,31081,ND,2020-10-15
6017,Paul,Scott,51,231024,GA,2025-01-01
6018,Jason,Baxter,54,77335,WV,2021-08-12
6019,Mary,Dennis,44,50141,VA,2025-03-23
6020,David,Rodgers,33,231393,IA,2024-09-30
6021,Miranda,Lewis,49,207447,IL,2022-06-21
6022,Zoe,Reese,24,116155,SC,2021-08-31
6023,George,Stephenson,19,104522,OR,2025-06-02
6024,Joseph,Evans,61,208425,MD,2021-03-10
6025,Holly,Baker,25,133329,MD,2026-03-01
6026,Brandon,Robertson,41,184753,OK,2023-05-22
6027,Sophia,Spencer,77,57805,RI,2017-10-29
6028,Anna,Moreno,71,114813,SC,2019-07-27
6029,Erika,Thomas,27,37569,NV,2018-06-20
6030,Maria,Carter,23,150647,OK,2018-04-01
6031,Heather,Washington,71,215521,ND,2022-10-31
6032,Calvin,Jones,60,155791,IA,2018-03-14
6033,Stephanie,Jones,47,194719,SC,2024-05-01
6034,Micheal,Hartman,79,100600,NJ,2020-12-29
6035,Christopher,James,56,202492,OR,2022-10-13
6036,Vicki,Kim,18,116357,NJ,2022-12-27
6037,Taylor,Jones,80,41494,AK,2018-08-23
6038,Pamela,Gomez,59,193149,WV,2018-03-25
6039,Patrick,Medina,78,148777,DC,2020-09-08
6040,Larry,Page,38,221770,IN,2021-10-25
6041,Christine,Day,64,238937,SC,2024-01-03
6042,Scott,Hernandez,54,63900,DE,2022-11-30
6043,Darlene,Jackson,31,42761,MI,2022-12-16
6044,John,Payne,69,198727,MI,2025-03-03
6045,Katherine,Lin,36,114717,MA,2026-02-03
6046,Roger,Cohen,69,44558,NC,2022-01-06
6047,Christina,Atkins,65,48539,TX,2019-04-05
6048,Lori,Fox,53,187887,NC,2025-01-10
6049,Jerry,Miller,42,54261,MT,2023-02-22
6050,Christopher,Pope,43,96889,MH,2021-05-14
6051,Donald,Bates,29,92935,CA,2025-10-15
6052,Matthew,Lozano,79,232080,MT,2023-06-28
6053,Joseph,Young,73,134573,HI,2017-08-23
6054,Michael,Baker,23,35377,KY,2023-02-14
6055,Robert,Garcia,72,84584,VT,2017-01-04
6056,Danielle,Russell,28,131843,IN,2022-10-07
6057,Julie,Steele,67,135485,PR,2020-07-07
6058,Joanna,Stanley,36,199651,MS,2021-07-26
6059,Rhonda,Ramos,66,201459,NC,2024-06-03
6060,Veronica,Deleon,27,61615,PA,2022-01-07
6061,John,Hawkins,37,158672,IL,2017-10-14
6062,Megan,Peck,69,143340,NE,2017-07-24
6063,Martha,Stout,65,241380,VA,2017-05-15
6064,Elaine,Graham,76,111291,DE,2017-02-12
6065,Traci,Jenkins,75,209558,TN,2023-05-23
6066,Shannon,Blair,56,64416,HI,2022-09-22
6067,Steven,Rivera,40,204462,MH,2016-12-27
6068,Zoe,Long,24,248117,IA,2025-06-15
6069,Melissa,Moore,41,164388,TN,2023-05-10
6070,Lindsay,Castro,30,158351,VT,2022-06-03
6071,Richard,Benson,46,131735,HI,2019-10-31
6072,Anthony,Mendez,48,100380,AR,2017-09-08
6073,Robin,Romero,54,187375,ND,2020-11-18
6074,Brandon,Schaefer,45,53651,IN,2017-11-10
6075,Rachel,Burgess,66,140765,MD,2022-03-02
6076,Katherine,Vaughan,69,126530,DC,2022-05-04
6077,Anna,Hoffman,57,78852,PR,2019-09-28
6078,Adam,Snyder,45,195330,AL,2022-09-05
6079,Karen,Cortez,45,54365,AR,2022-06-11
6080,Kenneth,Williams,20,164569,CT,2025-01-04
6081,Adam,Booth,39,151510,WA,2016-06-05
6082,Aimee,Sweeney,61,88780,ME,2025-08-16
6083,Michelle,Barnes,59,209892,NJ,2024-08-10
6084,Karen,Harris,63,70650,WV,2025-11-26
6085,Caitlin,Price,77,159845,VI,2024-09-16
6086,Candice,Wood,51,195035,CO,2020-10-09
6087,Christopher,Buck,59,167541,WV,2018-01-02
6088,Sandra,Carson,23,106206,VT,2021-12-06
6089,Andrea,Lopez,47,144650,WY,2024-04-18
6090,Faith,Woods,23,240120,GU,2020-11-28
6091,Kimberly,Massey,48,108746,WV,2025-10-10
6092,Roger,Shelton,27,63499,PA,2019-07-06
6093,Donald,Snyder,61,108750,TN,2020-05-21
6094,Phillip,Brown,71,95183,CA,2016-09-28
6095,Hunter,Garcia,51,142127,NY,2024-01-20
6096,Christopher,Williams,36,179038,RI,2016-06-10
6097,Brenda,Landry,21,174439,WI,2017-12-05
6098,Daniel,Montgomery,22,41821,KY,2025-01-07
6099,Eric,Chapman,50,58215,SD,2022-12-14
6100,James,Rhodes,50,141388,OK,2019-11-26
6101,Peter,Pacheco,44,54768,OR,2018-10-31
6102,Marcus,Lynn,47,203239,IN,2024-11-24
6103,Christine,Petersen,64,179023,SC,2025-06-14
6104,Nicolas,Ingram,70,96422,CA,2025-02-12
6105,Natalie,Franklin,40,96810,HI,2018-07-15
6106,Robert,Ward,55,51435,AL,2024-01-02
6107,David,Moore,67,161974,WI,2020-05-10
6108,Edward,Reed,19,59867,CA,2025-03-25
6109,Andrew,Roth,65,203428,NY,2016-12-25
6110,Andrew,Burton,47,77068,FL,2023-10-25
6111,Tara,Dawson,68,77764,ND,2024-03-27
6112,Michael,Grimes,71,133011,SD,2020-05-11
6113,Laura,Carter,20,51834,OH,2024-12-27
6114,Tommy,Mccarthy,44,214648,GU,2018-02-20
6115,Michael,Gonzales,37,112299,OK,2017-02-01
6116,Barry,May,55,219817,DE,2018-06-17
6117,Justin,Ayala,47,228535,ME,2023-12-14
6118,James,Estrada,60,147951,VI,2021-03-11
6119,Derrick,Kelly,57,241768,MH,2025-07-12
6120,Jessica,Lopez,34,119478,WV,2020-12-20
6121,Ryan,Haynes,79,242338,GA,2022-06-01
6122,Chad,Williams,29,85330,GU,2022-06-08
6123,Scott,Gonzalez,29,50505,WY,2019-12-25
6124,Ann,Brown,65,188348,ME,2016-11-21
6125,Carla,Baker,34,206530,NV,2022-03-08
6126,Stephanie,Gallagher,24,143717,KY,2020-02-09
6127,Melissa,Gill,52,34696,IA,2020-03-04
6128,Christopher,Johnson,18,133529,AS,2016-07-06
6129,Patrick,Sellers,25,33487,TX,2025-04-14
6130,Tasha,Hall,28,201914,KS,2018-03-02
6131,Maurice,Jones,48,150628,TX,2024-10-02
6132,Nathan,Tucker,62,136192,OH,2023-06-22
6133,Vickie,Herrera,73,202416,NH,2022-08-11
6134,Jessica,Thompson,79,225099,ME,2024-12-03
6135,Mark,Carson,56,220293,PW,2020-04-29
6136,Crystal,Arnold,49,109377,OH,2022-09-12
6137,Anthony,Yang,57,243157,OH,2018-08-02
6138,Heather,Carter,80,191675,NY,2024-08-09
6139,Steven,Atkins,41,211052,VT,2017-12-27
6140,Kenneth,Wright,61,210956,DE,2019-04-20
6141,Angela,Hubbard,61,133546,OK,2019-10-24
6142,Kristin,Gutierrez,69,109339,OK,2025-09-12
6143,Samuel,Owens,23,62791,NV,2017-04-21
6144,Veronica,Woods,26,33637,MS,2020-07-21
6145,Douglas,Scott,30,59337,OK,2017-07-07
6146,James,Schultz,70,34164,PR,2020-10-27
6147,David,Johnson,62,79341,AL,2025-02-25
6148,Sarah,Graves,72,37029,KS,2024-07-30
6149,Justin,Hall,31,156121,LA,2024-04-02
6150,Shawn,Walker,59,68051,AS,2020-09-30
6151,Kenneth,Moore,59,93381,PW,2024-12-14
6152,Todd,Ayala,45,194117,MA,2017-07-27
6153,Tonya,Armstrong,72,237096,ME,2021-08-27
6154,Michael,Gilbert,52,80047,WV,2025-06-23
6155,Kaitlyn,Goodwin,23,108883,CT,2016-08-30
6156,Michele,Terry,67,151484,KY,2022-04-19
6157,Jeffrey,Henry,27,154253,MH,2016-07-18
6158,Tammy,Harper,45,35719,ID,2018-10-19
6159,Nathaniel,Murphy,25,73543,NC,2016-11-06
6160,Kimberly,Scott,75,69956,OK,2019-04-25
6161,Wyatt,Burton,65,214181,MD,2024-04-05
6162,Allen,Collins,46,157152,CO,2022-10-24
6163,James,Brooks,48,35145,ME,2020-05-12
6164,Danielle,Lopez,73,147837,MN,2017-07-07
6165,Catherine,Little,55,93603,ND,2020-01-22
6166,Robert,Bautista,30,107288,KS,2019-12-11
6167,Paul,Moore,54,247435,FL,2018-04-20
6168,Ronald,Vazquez,71,132690,IA,2025-06-02
6169,Gary,Walker,21,117516,OK,2017-10-29
6170,Donna,Jimenez,18,56912,NC,2023-10-28
6171,Mark,Lopez,58,216933,TX,2018-03-20
6172,Sandra,Andrade,45,138969,DC,2025-04-23
6173,Anthony,Diaz,72,159945,AR,2019-12-21
6174,Tammy,Sharp,65,181692,MP,2018-04-04
6175,Jessica,Black,56,221647,MO,2021-02-14
6176,David,Mullins,53,106224,HI,2017-06-04
6177,David,Stokes,20,157794,PR,2017-06-26
6178,Craig,Martin,43,157428,MH,2020-12-17
6179,Whitney,Gonzales,50,184937,CA,2017-04-15
6180,Matthew,Smith,64,190299,HI,2021-10-23
6181,Keith,Johnson,77,207908,GU,2019-09-21
6182,Paul,Hampton,75,244090,CA,2024-12-30
6183,Jeremy,Smith,73,157900,CO,2017-06-20
6184,Rachael,Hodge,32,217246,NJ,2025-01-22
6185,Jennifer,Diaz,21,168492,KY,2017-01-22
6186,Amanda,Barber,19,140625,MD,2021-10-28
6187,Cory,Carter,54,112798,KS,2022-08-07
6188,Daniel,Waters,53,46648,GA,2018-11-29
6189,Christopher,Miller,35,199948,AK,2022-11-21
6190,Steven,Jones,44,154082,AK,2026-03-19
6191,Elizabeth,Gray,25,159705,VT,2016-11-30
6192,Robert,Wilson,57,199392,PA,2020-01-20
6193,Carla,Barr,40,147525,PA,2024-08-23
6194,Diana,Gilmore,62,144355,KY,2018-10-27
6195,Philip,Ford,19,72292,MT,2019-06-17
6196,Jorge,Murphy,36,220371,GU,2021-03-30
6197,Cameron,Robinson,30,153008,LA,2024-03-03
6198,Alison,Stafford,40,144848,ID,2020-02-17
6199,Anna,York,32,163073,CA,2018-11-02
6200,Joshua,Jones,32,184051,CO,2022-02-18
6201,Kelly,Watts,76,209561,MN,2020-03-28
6202,Michael,Kelley,39,187836,CO,2018-10-09
6203,Jose,Torres,72,217485,ID,2025-08-08
6204,Amber,Taylor,60,152805,CO,2019-02-20
6205,Melinda,Pena,26,106911,IN,2018-01-17
6206,Wayne,Burns,64,216485,NM,2023-04-06
6207,Mario,Chang,42,139277,MP,2023-02-12
6208,Brenda,Davidson,71,206451,SC,2023-12-01
6209,Tommy,Wyatt,59,222566,MO,2024-03-24
6210,Jo,Vasquez,41,238659,MH,2024-12-13
6211,Misty,Lin,48,239650,SC,2018-09-13
6212,Jeffery,Barnett,80,72474,OK,2016-06-24
6213,Barbara,Hall,57,84318,AZ,2023-08-23
6214,Andrew,Maxwell,36,211062,IA,2025-08-23
6215,Jaime,Walsh,65,52594,NJ,2025-09-10
6216,Alyssa,Valdez,60,156586,OK,2016-08-07
6217,William,Black,26,75427,TN,2024-05-19
6218,Stacey,Johnson,30,70976,NJ,2025-11-12
6219,Sandra,Kennedy,56,159023,VA,2018-10-23
6220,Madeline,Ward,24,238006,OK,2026-04-18
6221,Matthew,Decker,44,159427,FL,2019-10-20
6222,Kimberly,Smith,37,91530,VI,2023-07-08
6223,Jacob,Wells,31,175969,FM,2026-04-03
6224,Traci,Fitzgerald,21,34752,VT,2018-12-07
6225,Robin,Clark,40,98369,FM,2021-07-02
6226,Sarah,Schwartz,40,207452,FL,2024-09-20
6227,Kristina,Bauer,28,75800,VT,2023-07-08
6228,Robert,Collins,70,161983,AZ,2025-03-10
6229,Cathy,Rowland,20,241501,MI,2021-08-11
6230,Evan,Acosta,22,118535,SC,2021-12-12
6231,Ashley,Lopez,45,59876,VI,2018-03-03
6232,Frank,Sanchez,57,89425,NY,2019-07-08
6233,Darlene,Carter,25,177320,CA,2024-09-30
6234,Patrick,Johnson,32,157497,NY,2023-09-04
6235,Virginia,Cox,34,119213,MI,2023-11-09
6236,Spencer,Harris,68,123124,ME,2023-11-23
6237,Jean,Norton,67,42235,SC,2023-08-03
6238,Nicholas,Willis,67,176020,UT,2023-11-25
6239,Valerie,Morales,35,69630,MD,2023-12-24
6240,Joseph,Ruiz,72,210914,ID,2020-11-21
6241,Connor,Moreno,73,165105,ND,2025-02-09
6242,Luis,Taylor,56,205501,NE,2019-04-25
6243,Sue,Daniels,24,215179,IA,2018-04-22
6244,Joseph,Jones,21,144773,MP,2019-03-24
6245,Thomas,Cooper,69,149835,OH,2019-09-06
6246,Jason,Gomez,79,228119,WY,2016-09-29
6247,Bruce,Smith,25,57758,PW,2018-08-22
6248,Ariana,Martinez,68,190057,FL,2017-12-21
6249,Jeffrey,Brown,57,235037,WV,2022-11-28
6250,Marie,Vargas,72,56704,NJ,2019-03-26
6251,Christopher,Mccarthy,70,177448,MH,2025-08-21
6252,Gabriela,Jordan,20,162987,IN,2017-08-12
6253,Anthony,Buchanan,24,73790,AL,2019-09-18
6254,Cameron,Glass,58,60948,MH,2020-08-22
6255,David,Wilkins,73,83840,PA,2026-01-12
6256,David,Johnson,76,124801,AZ,2023-10-30
6257,Susan,Reese,28,220932,KY,2020-01-20
6258,Deborah,Johnson,36,215640,KS,2021-12-09
6259,Alan,Smith,46,229744,NV,2024-01-05
6260,Arthur,Rowe,50,160650,TN,2024-07-22
6261,Denise,Lamb,64,56029,WY,2022-03-17
6262,Monica,Davidson,27,199631,SD,2023-11-07
6263,Michael,Williams,41,117715,MD,2020-04-29
6264,Andrew,Sanders,70,66116,GU,2022-10-09
6265,Betty,Davenport,25,82924,TX,2017-09-13
6266,Michael,Graves,46,138986,MT,2020-08-17
6267,Jessica,Baker,67,231597,MT,2020-10-30
6268,Carmen,Austin,18,94308,ID,2021-11-09
6269,Melissa,Collins,71,242112,NC,2023-03-05
6270,Jose,Mendoza,48,119475,TX,2018-07-25
6271,Derek,Ortiz,36,162388,PW,2024-11-05
6272,Daniel,Anthony,28,52343,WV,2025-01-12
6273,Carl,Burgess,35,127631,VA,2023-07-22
6274,Taylor,Carr,63,227878,KS,2019-08-28
6275,David,Moreno,44,124540,NY,2025-03-29
6276,Joseph,Cortez,58,204324,MP,2022-04-06
6277,Allen,Hoffman,33,69743,UT,2019-03-17
6278,Chad,Lewis,66,227527,OK,2020-08-25
6279,Kimberly,Haynes,51,140551,UT,2025-01-31
6280,Denise,Luna,68,89816,VT,2021-07-01
6281,Peter,Robbins,26,240178,OH,2021-03-29
6282,Michael,Miller,45,138372,CT,2018-09-03
6283,Glenda,Kennedy,76,137297,MI,2024-07-26
6284,Annette,Sanchez,75,150259,GU,2024-08-15
6285,Jasmine,Lara,78,165307,MO,2022-07-13
6286,Mark,Mitchell,68,208834,NY,2020-04-13
6287,Dwayne,Mitchell,41,37802,NJ,2016-08-23
6288,Albert,Green,46,68164,NY,2018-05-20
6289,Tiffany,Powell,67,32607,AZ,2021-12-05
6290,Leah,Hatfield,63,241352,TX,2023-09-25
6291,Victoria,Rodriguez,51,48240,PA,2019-02-22
6292,Tony,Alvarado,23,118684,SD,2021-07-22
6293,Jocelyn,Martinez,38,135290,WA,2018-01-24
6294,Cole,Booth,80,232472,FL,2019-02-11
6295,Jenny,Henry,28,143789,MD,2019-03-28
6296,Anthony,Griffin,21,133092,MA,2024-08-12
6297,Sarah,Conley,66,39723,AZ,2022-06-07
6298,Hunter,Anderson,60,198156,FL,2017-04-30
6299,Michelle,Russell,27,180616,VI,2016-08-19
6300,Elizabeth,Mooney,21,195572,AR,2025-04-02
6301,Allison,Johnson,80,217005,ME,2023-10-01
6302,Lauren,Smith,69,203109,UT,2017-10-23
6303,Nicholas,Kirby,74,166256,MI,2021-03-17
6304,Paige,Scott,80,107522,WY,2022-04-09
6305,Amy,Zamora,44,135382,MA,2021-05-18
6306,Marcus,Dickerson,74,208486,OK,2017-07-01
6307,Raymond,Duncan,62,175125,FM,2023-09-06
6308,Sarah,Barker,73,109776,UT,2016-08-31
6309,Lori,Williams,64,224693,MA,2023-09-29
6310,Janet,Ross,38,120218,HI,2020-01-13
6311,Donna,Medina,18,246794,VT,2017-01-05
6312,Michael,Fischer,35,168357,SD,2024-10-20
6313,Michelle,Daugherty,57,68498,MI,2026-02-11
6314,Corey,Johnson,62,135889,ID,2025-03-09
6315,Charlotte,Reeves,46,198789,AS,2021-09-16
6316,Ana,Lopez,31,172717,OR,2016-10-18
6317,Timothy,George,57,236659,NY,2021-03-30
6318,Jon,Myers,57,200927,FL,2023-06-05
6319,Anna,King,46,212837,FL,2016-12-01
6320,Samantha,Fuller,40,242816,AZ,2020-12-24
6321,Karen,Hernandez,68,200067,MS,2023-08-01
6322,Bradley,Acosta,43,233266,SD,2019-09-17
6323,James,Molina,30,109044,AS,2017-05-12
6324,Jill,Butler,23,39691,AL,2019-10-23
6325,Katherine,Gallegos,52,117685,IL,2018-02-20
6326,Melinda,Mendez,42,220080,OK,2026-04-23
6327,Ashley,Ashley,64,224000,CO,2022-01-10
6328,Michele,Smith,74,63031,NM,2019-10-17
6329,Elizabeth,Bowen,51,171764,HI,2023-08-18
6330,Christopher,Simmons,36,86029,PW,2023-03-24
6331,Justin,Williams,23,164131,NY,2019-08-04
6332,Anna,Johnson,53,111855,TN,2017-10-23
6333,Brandon,Tate,51,119314,AL,2021-08-09
6334,Kevin,Monroe,66,196641,SD,2022-06-25
6335,Beth,Welch,28,36139,PW,2026-05-31
6336,David,Pacheco,19,238823,FL,2019-11-08
6337,Matthew,Hill,52,185321,RI,2025-11-02
6338,Albert,Mccormick,34,93265,MA,2021-11-12
6339,Allison,Guerrero,71,232940,SC,2025-05-23
6340,Robert,Long,37,220450,WY,2022-09-16
6341,Matthew,Mann,45,162454,WA,2025-11-27
6342,Crystal,Garner,25,221885,ME,2016-12-16
6343,Ryan,Jenkins,21,127774,AL,2025-06-28
6344,Amy,Drake,34,194361,IN,2019-03-08
6345,Peter,Collins,50,122923,CA,2018-08-02
6346,Daniel,Stuart,25,42512,NC,2021-12-16
6347,Steve,Patterson,66,200645,GA,2019-11-08
6348,Hannah,Ray,78,62702,SC,2019-04-03
6349,Stephanie,Figueroa,46,108108,RI,2020-05-19
6350,Marcia,Brown,54,223163,OK,2025-06-10
6351,Brooke,Patterson,18,148789,AS,2019-05-05
6352,Brian,Anderson,39,91891,ND,2023-11-03
6353,Brandi,Salinas,69,225496,NV,2019-06-15
6354,Stephanie,Solis,55,178267,MS,2016-10-07
6355,Larry,George,63,194559,ND,2019-09-11
6356,Rachel,Butler,60,169798,IA,2020-11-30
6357,Amy,Kelly,72,186119,NY,2023-01-25
6358,Fred,Kennedy,32,121838,FL,2021-02-09
6359,Tracey,Anderson,37,104589,AK,2023-05-17
6360,Johnny,Barber,60,235727,VI,2019-05-12
6361,Elizabeth,Williams,70,217394,PW,2017-04-07
6362,Kathryn,Roberts,54,206274,MA,2022-06-20
6363,Jamie,Washington,26,217262,MN,2017-05-17
6364,Jasmine,Johnson,42,166227,NM,2025-05-29
6365,Joshua,Alvarez,65,94915,GU,2020-09-07
6366,Gerald,Robles,24,115943,IA,2024-09-12
6367,Courtney,Thompson,51,182664,NC,2025-10-07
6368,Shane,Nelson,30,245703,WA,2021-04-09
6369,Katherine,Douglas,67,124704,KY,2017-01-13
6370,Spencer,Gonzales,47,55686,WV,2024-08-12
6371,Meghan,Chambers,27,216552,VA,2022-10-09
6372,Patrick,Rivera,45,247169,PR,2021-05-10
6373,Caroline,Jennings,44,51481,NY,2017-02-13
6374,Justin,Robinson,23,46303,NH,2020-11-20
6375,Sherry,Blair,45,64095,IA,2022-12-23
6376,Tiffany,May,48,86304,MN,2020-07-11
6377,Danielle,Ibarra,46,50466,GA,2023-02-08
6378,Randy,Sparks,41,207424,AZ,2016-08-21
6379,Robert,Horton,51,135579,CO,2017-01-25
6380,Chelsea,Berry,55,176530,CT,2022-08-11
6381,Dylan,Ray,51,234164,ME,2018-08-02
6382,Elizabeth,Jackson,43,99125,FM,2023-06-21
6383,Autumn,Farmer,55,160764,ND,2022-06-14
6384,Melissa,Williams,58,140997,DC,2020-07-08
6385,Jerry,Ward,46,210621,IN,2024-08-17
6386,William,Ortiz,77,158330,TN,2022-08-18
6387,Donna,Ellis,64,139293,CO,2025-11-22
6388,Amanda,Wilkins,70,72688,WV,2019-06-22
6389,Dwayne,Hunter,27,162588,WY,2017-06-09
6390,Sarah,Cook,26,157078,VT,2023-11-27
6391,William,Bernard,63,149986,GU,2025-01-26
6392,Robert,Wilson,26,214686,MA,2017-08-08
6393,Scott,Watson,50,168711,PA,2024-02-05
6394,Megan,Jones,25,212051,NC,2017-10-30
6395,Jason,Bass,31,149388,LA,2024-04-10
6396,Jason,Carroll,48,38547,AZ,2017-12-23
6397,Victoria,Miller,65,71114,AR,2017-08-28
6398,Linda,Combs,78,176545,NJ,2019-11-14
6399,Tina,Stevens,41,61133,MP,2019-07-28
6400,Jeffrey,Pham,56,137117,WY,2025-01-01
6401,Kathleen,Robinson,25,61684,NV,2022-09-11
6402,George,Freeman,41,179884,IN,2024-11-11
6403,Richard,Frazier,36,40559,KS,2022-11-22
6404,Susan,Thompson,51,70187,ID,2025-03-30
6405,Holly,Davidson,25,127377,VA,2019-03-02
6406,Alicia,Greer,37,128162,AS,2024-12-23
6407,Heather,Moore,37,107065,VI,2023-04-09
6408,William,Mcgee,49,37334,HI,2017-05-20
6409,Beth,Hendricks,68,67452,WV,2018-07-13
6410,Jessica,Cook,27,235466,UT,2019-01-21
6411,Patricia,May,55,140561,NJ,2019-07-05
6412,Jay,Harrison,21,109996,ME,2024-10-30
6413,Norma,Lopez,74,104313,VT,2017-01-22
6414,Adam,Gomez,31,77992,SC,2016-06-18
6415,Sandra,Knight,70,223897,AK,2020-01-30
6416,Gina,Huerta,49,30546,PA,2016-08-18
6417,Chelsea,Young,25,173533,IN,2026-04-11
6418,Sheila,Kim,40,47711,NM,2017-11-07
6419,Stacey,Miller,73,41713,MA,2017-04-24
6420,Jenny,Pratt,44,156137,PR,2023-08-08
6421,Kelsey,Becker,54,111186,PW,2018-10-27
6422,Phillip,Cardenas,54,148587,TN,2021-06-17
6423,Anthony,Davis,75,118558,AZ,2024-01-15
6424,George,Hunt,68,128908,IN,2024-02-18
6425,Patrick,Mata,48,248748,OH,2024-01-09
6426,Dorothy,Brewer,64,248545,WA,2026-04-28
6427,Melissa,Levine,56,64815,MI,2025-05-04
6428,Marc,Owens,66,66312,IL,2020-12-27
6429,Travis,Green,50,196844,IL,2023-10-07
6430,Courtney,Diaz,47,229669,NH,2020-08-26
6431,Kenneth,Harris,46,204907,WI,2023-09-25
6432,James,Edwards,46,69054,MO,2017-08-29
6433,Ian,Chung,73,220805,KY,2022-09-03
6434,Gregory,Andrews,38,53413,MI,2020-10-10
6435,Lisa,Smith,69,193779,IL,2021-01-08
6436,Benjamin,Roberts,60,193470,WI,2020-04-22
6437,Misty,Hamilton,44,131511,RI,2020-08-22
6438,Robert,Campbell,32,133650,HI,2024-07-06
6439,Angela,White,39,171818,RI,2024-09-20
6440,Sydney,Huerta,20,205752,DE,2019-10-13
6441,Parker,Wright,74,146155,PA,2020-05-15
6442,Willie,Freeman,65,102712,KS,2023-12-03
6443,Michelle,Tanner,59,53207,GA,2025-11-23
6444,William,Joyce,73,73414,NJ,2017-01-28
6445,Jill,Rivera,63,36502,IN,2025-10-26
6446,Debbie,Nelson,54,195179,VT,2022-11-11
6447,Sharon,Diaz,68,232269,MN,2021-12-30
6448,Holly,Nguyen,63,110962,NV,2021-04-10
6449,Melanie,Mcclure,53,199124,UT,2026-05-24
6450,Cody,Johnson,25,198798,ME,2023-06-18
6451,Erica,Mccall,53,52322,LA,2018-09-05
6452,Albert,Peters,30,192189,MD,2020-01-17
6453,Joshua,Humphrey,52,181219,MT,2026-02-17
6454,Richard,Gordon,66,43860,CA,2021-08-14
6455,Lori,Smith,79,179486,OK,2017-09-13
6456,Sarah,Anderson,51,79648,AK,2018-07-03
6457,Cynthia,Yu,66,154737,MD,2016-12-25
6458,Mary,Young,50,34892,FM,2019-11-05
6459,Julia,Olsen,25,202557,PA,2024-12-05
6460,Frederick,Rodriguez,77,169423,VA,2023-09-18
6461,Kelli,Cowan,29,34973,NJ,2019-11-14
6462,Kevin,Morales,35,236243,WI,2025-03-10
6463,Douglas,Ford,31,94300,NE,2018-12-01
6464,Penny,Lewis,71,214973,IN,2019-08-18
6465,Patrick,Anderson,71,181926,IL,2020-11-27
6466,Charles,Stone,46,52189,OH,2021-04-26
6467,Randy,Olson,69,169865,ME,2016-08-15
6468,Gary,Chang,56,113999,NH,2024-07-01
6469,Melissa,Martinez,43,184374,MA,2017-10-22
6470,Mary,Mcgee,20,158836,HI,2026-05-09
6471,Brian,Wilkinson,73,36098,MH,2019-02-12
6472,Lucas,Warren,39,144561,PR,2017-10-26
6473,Jessica,Cox,29,138773,AZ,2023-07-30
6474,Lee,Clay,19,168386,MD,2020-03-06
6475,Henry,Galloway,38,130141,FL,2022-02-27
6476,Larry,Griffith,34,53861,CT,2020-07-20
6477,Matthew,Jones,25,56039,RI,2022-01-07
6478,Ryan,Wolfe,52,74081,ID,2020-01-22
6479,Michelle,Wallace,36,67757,FL,2025-08-20
6480,David,Payne,29,96992,PA,2020-02-19
6481,Rebecca,Fields,67,53495,NY,2025-03-07
6482,Lori,Haynes,27,110424,AZ,2019-10-24
6483,Jeremy,Torres,78,136765,NE,2019-11-20
6484,Linda,Gonzalez,61,74352,MT,2017-02-09
6485,Elizabeth,Burgess,21,191081,DE,2023-03-27
6486,Jeremy,Wood,79,115273,MA,2023-09-16
6487,Brian,Miller,29,37122,DC,2024-12-16
6488,Amanda,Campbell,63,45335,SC,2017-05-28
6489,Andrew,Giles,37,132220,AS,2025-02-04
6490,Timothy,Spears,24,113896,NE,2020-10-27
6491,Melinda,Martinez,27,138219,NE,2021-03-12
6492,Heather,Garrett,75,114991,WY,2018-08-01
6493,Mary,Franco,34,128438,TN,2018-08-14
6494,Michael,Harris,78,246987,IL,2019-07-23
6495,Shane,Reyes,75,61710,IA,2017-12-23
6496,Karen,Lopez,21,83099,AS,2023-08-11
6497,Tiffany,Hess,33,227167,MT,2019-11-15
6498,Carmen,Jones,56,183624,TX,2020-07-21
6499,Autumn,Ferguson,33,159231,MT,2019-10-02
6500,Philip,Sloan,50,227234,KS,2016-12-17
6501,Sheila,Pittman,50,130938,MO,2021-08-25
6502,Kimberly,King,78,60167,IN,2024-09-26
6503,Ryan,Brown,35,45894,AL,2016-07-29
6504,Andrew,Johnson,38,151850,MO,2019-06-30
6505,Thomas,Wright,53,136712,NC,2020-07-15
6506,Julia,Jackson,22,156922,ME,2018-08-23
6507,Andrew,Hernandez,19,136822,CT,2022-07-03
6508,Amy,Cummings,58,91273,NY,2016-09-11
6509,Janet,Faulkner,76,34881,AS,2025-08-25
6510,Paul,Stewart,35,175247,NH,2024-05-25
6511,Shannon,Frey,79,183661,ME,2018-10-06
6512,Jessica,Wiggins,61,56610,FM,2025-05-13
6513,Wendy,Clark,33,230010,WY,2021-09-05
6514,Michael,Fleming,53,200800,OR,2016-12-16
6515,Scott,Hernandez,68,62917,NE,2022-10-11
6516,David,Gray,37,178962,NJ,2025-02-20
6517,Brady,Barrett,44,146911,MS,2023-11-18
6518,David,Dunlap,23,196670,WV,2025-06-12
6519,Laura,Long,50,83335,CT,2022-03-06
6520,Melissa,Thomas,68,67320,PA,2021-05-02
6521,Derrick,Franklin,41,171673,PW,2017-03-22
6522,Kenneth,Castaneda,28,235002,AL,2018-07-09
6523,Martin,Mendoza,33,170911,TN,2023-05-27
6524,Denise,Simmons,78,141084,KY,2016-11-13
6525,Carmen,Johnson,79,175529,MA,2021-04-30
6526,David,Lopez,46,40955,IN,2020-05-06
6527,Kyle,Ramirez,18,243029,ND,2022-10-20
6528,Denise,Thomas,47,247414,GU,2023-07-13
6529,David,Perez,57,105825,NV,2021-12-22
6530,Elaine,Miller,59,73878,VT,2025-08-14
6531,Christopher,Martinez,18,45774,WI,2017-07-27
6532,Alicia,Peterson,77,156402,MI,2017-04-20
6533,Olivia,Jimenez,35,186727,WV,2022-02-25
6534,Jerry,Brown,34,208257,MO,2022-05-25
6535,Brandon,Allen,42,122122,MO,2018-02-02
6536,Amanda,Parker,71,195729,MI,2025-10-11
6537,Krista,Scott,31,183395,GU,2020-10-15
6538,John,Stevens,71,163779,ME,2018-01-26
6539,Ryan,Villanueva,36,41923,UT,2023-03-26
6540,Adam,Jennings,28,223772,FL,2025-06-03
6541,Thomas,Charles,52,177608,DE,2022-05-12
6542,Brittany,Decker,22,108810,LA,2019-10-15
6543,Wesley,Martinez,23,133626,PA,2022-06-14
6544,Steven,Castro,62,62237,PA,2023-04-14
6545,Keith,Jackson,71,66608,VT,2018-08-26
6546,Sarah,Huynh,64,175877,MO,2018-07-03
6547,Samuel,Cox,35,143236,UT,2019-02-20
6548,Bethany,Sweeney,31,190024,TN,2020-07-28
6549,Michelle,Hanson,50,240254,IL,2023-01-15
6550,Tamara,Collins,38,208808,DE,2018-04-20
6551,Richard,Watson,78,119819,NE,2019-11-26
6552,Daniel,Brown,58,98514,OH,2025-03-29
6553,Anna,Crawford,80,227314,DE,2020-07-21
6554,James,Allen,63,148677,WY,2024-11-01
6555,Samantha,Mcmahon,35,94468,OH,2019-05-25
6556,Adriana,Mendoza,60,114315,CA,2021-12-24
6557,Lori,Moore,39,85213,NV,2025-08-02
6558,Joseph,Bailey,47,187158,UT,2020-05-06
6559,George,Howell,39,34161,OK,2021-03-29
6560,Julia,Brown,76,211363,MN,2016-06-22
6561,Danielle,Davidson,26,199461,NE,2025-03-03
6562,Thomas,Henderson,77,30536,DE,2026-02-17
6563,Derek,Cox,56,154919,FL,2017-11-23
6564,Jerry,Barrett,18,32510,NJ,2023-08-17
6565,Charles,Romero,61,75491,VI,2026-04-20
6566,Lawrence,Mullins,44,175697,NH,2016-12-28
6567,Carlos,Crawford,75,212580,MN,2025-04-19
6568,Heather,Phillips,63,158182,UT,2022-04-19
6569,Melissa,Cox,66,132967,AS,2025-12-08
6570,Christopher,Mccann,52,51272,MA,2021-08-05
6571,Ricky,Martin,68,200156,AZ,2017-06-22
6572,Jeffrey,Nichols,59,50322,OH,2021-03-27
6573,Douglas,Howell,52,38112,GU,2018-07-22
6574,Scott,Bird,75,248125,PW,2025-06-23
6575,Gary,Harmon,70,206059,FL,2019-03-26
6576,Ryan,Carlson,46,206225,SC,2020-06-26
6577,Philip,Nguyen,25,122535,PA,2023-11-29
6578,Darlene,Lee,80,243065,AL,2022-06-09
6579,Cathy,Ray,42,246915,NJ,2024-06-29
6580,Todd,Wood,56,123838,NM,2017-09-03
6581,Eric,Velez,42,76448,NV,2021-02-28
6582,Juan,Leach,71,231317,OK,2021-03-29
6583,Hannah,Thomas,69,212722,SC,2017-04-13
6584,Brent,Hopkins,80,32210,MP,2019-05-23
6585,Ronald,Anderson,25,151292,VA,2024-05-18
6586,Troy,Johnson,41,80591,MP,2022-01-09
6587,Michael,Larson,46,32454,FL,2023-11-07
6588,Todd,White,32,224810,PR,2019-05-29
6589,Nicole,Rogers,19,228815,SD,2018-07-18
6590,Shannon,Hobbs,35,208403,MP,2017-11-02
6591,Samuel,Perry,76,215911,IA,2024-12-25
6592,Brian,Wolf,40,80203,TN,2022-04-14
6593,Sarah,Clark,23,243983,KY,2023-09-17
6594,Christopher,Reed,57,193902,ND,2026-02-25
6595,Cody,King,37,241921,NY,2017-04-14
6596,Jennifer,Hill,63,87972,SC,2019-11-26
6597,Gabriel,King,32,159448,IA,2016-12-12
6598,Valerie,Avery,79,125158,PA,2021-01-12
6599,Gabriel,Richardson,20,103598,NH,2026-01-28
6600,Ernest,Campbell,49,214561,OK,2024-01-14
6601,John,Salinas,63,188866,VT,2025-08-24
6602,Ricardo,Ewing,31,31870,VT,2024-12-22
6603,Edgar,Fleming,30,245252,OK,2018-02-18
6604,Cheyenne,Torres,58,133831,AL,2023-01-14
6605,Jessica,Bradley,25,102704,MO,2023-10-15
6606,Megan,Haley,54,161157,WY,2024-04-17
6607,David,Cole,49,74689,IA,2024-03-10
6608,Kenneth,Williams,53,80795,WI,2025-12-02
6609,Dawn,Romero,60,223675,HI,2022-09-02
6610,Veronica,Taylor,54,206206,AL,2022-05-24
6611,Amy,Jones,61,188065,AK,2026-02-22
6612,Alexander,Allen,54,76013,NE,2025-01-06
6613,Travis,Hopkins,22,184183,FM,2017-12-07
6614,Michelle,Aguilar,26,225552,AZ,2025-03-16
6615,Reginald,Stephens,22,63405,MP,2020-07-10
6616,Rebecca,Jacobs,34,179396,VT,2024-01-19
6617,Elizabeth,Rose,72,89759,RI,2023-04-04
6618,Mark,Cox,74,167122,OH,2023-06-21
6619,Shannon,Wilson,64,235062,NH,2023-03-12
6620,Heidi,Douglas,35,80292,WI,2017-08-18
6621,Megan,Morales,72,207728,DC,2018-09-29
6622,Paul,Martin,19,211662,DE,2024-06-15
6623,Jorge,Shaffer,61,169707,IL,2019-11-01
6624,Mark,Clay,57,96301,CT,2016-10-27
6625,Cassandra,Edwards,61,176831,CT,2020-08-30
6626,Tracey,Martin,74,148994,MT,2017-05-01
6627,Peter,Franklin,18,141965,DC,2023-03-17
6628,Tyler,Gray,59,206449,CA,2020-11-24
6629,Paula,Herrera,78,200401,MT,2024-07-10
6630,Melissa,Williams,21,114672,GU,2018-09-07
6631,Samantha,Francis,45,136660,PA,2017-12-28
6632,Stephen,Mcpherson,35,61907,VI,2021-11-23
6633,Ashley,Lin,61,165867,MA,2019-11-06
6634,Aaron,Maynard,47,159911,KS,2025-01-30
6635,Patricia,Barrera,41,165595,AK,2022-03-04
6636,Shannon,Clark,66,41394,FL,2021-07-23
6637,Robert,Simmons,74,219063,KY,2025-07-20
6638,Tony,Massey,32,42311,VI,2024-01-03
6639,Joseph,Pearson,35,140116,AS,2017-05-06
6640,Jennifer,Richardson,52,147666,IL,2024-09-02
6641,Brett,Yoder,38,31352,DE,2022-07-11
6642,Michael,Newton,43,81015,VT,2022-05-26
6643,Pamela,Booth,39,51445,CO,2022-06-20
6644,Joshua,Wilcox,74,179899,VT,2023-12-01
6645,David,Burns,69,36651,PR,2020-05-12
6646,Cindy,Parker,65,89147,FM,2019-08-01
6647,Jessica,Kelley,80,210761,OR,2025-11-25
6648,Michael,Ball,45,49514,VA,2024-05-26
6649,Teresa,Kim,76,95531,ND,2021-05-04
6650,Stephanie,Mitchell,30,73117,CO,2019-03-12
6651,Karen,Baker,39,111475,PA,2018-12-22
6652,Thomas,Bartlett,22,194100,CO,2025-05-28
6653,Christine,Davis,58,55356,RI,2021-12-29
6654,Stanley,Todd,19,155820,RI,2022-11-13
6655,Mark,Henderson,45,241827,KS,2016-07-21
6656,Lauren,Johnson,19,185328,WY,2024-01-04
6657,Bailey,Rivera,69,194180,MO,2022-07-07
6658,Erin,Copeland,77,117635,MA,2021-01-26
6659,Christine,Walker,71,95643,NH,2016-08-23
6660,Tiffany,Bennett,33,58269,FL,2017-05-03
6661,Megan,Nelson,48,92484,AL,2020-01-09
6662,Christopher,Armstrong,79,119339,MA,2023-01-07
6663,Nathan,Pitts,71,44269,CT,2023-02-25
6664,Abigail,Chung,70,117448,KY,2019-12-17
6665,Patrick,Lee,51,238171,CO,2018-01-25
6666,Maria,Patterson,33,49113,UT,2018-04-02
6667,Paul,Aguirre,67,187277,UT,2016-11-27
6668,Bryan,White,57,144957,NC,2023-03-23
6669,Miguel,Mitchell,66,55079,SD,2024-02-06
6670,Brian,Miller,58,147035,PR,2016-06-16
6671,Kenneth,Weeks,55,62722,KS,2019-05-03
6672,Monica,Wood,23,45908,GU,2022-02-19
6673,Patrick,Henderson,76,38740,OR,2024-11-21
6674,Johnny,Steele,42,112124,MI,2018-04-21
6675,Jason,James,74,211761,GU,2016-11-05
6676,Catherine,Austin,22,235166,GU,2017-03-23
6677,Ethan,Mooney,26,46253,HI,2019-06-28
6678,Justin,Harris,76,240340,CA,2023-10-13
6679,Michael,Myers,46,44362,RI,2018-07-02
6680,Cynthia,Carpenter,37,190101,ID,2023-11-02
6681,Kara,Kline,58,143204,ND,2023-12-08
6682,Timothy,Leach,22,56693,ID,2022-11-06
6683,John,Diaz,61,44625,DE,2021-12-29
6684,Ralph,Cox,53,43684,MI,2017-06-16
6685,Christine,Rodriguez,36,129996,AS,2020-08-08
6686,Larry,Maxwell,43,55121,ME,2024-12-20
6687,David,Wheeler,57,227122,NM,2026-04-03
6688,Brandy,Parker,44,91108,PW,2023-06-04
6689,Zoe,Johnson,73,187175,DC,2022-04-03
6690,John,Gomez,68,202942,FM,2023-04-24
6691,Daniel,Forbes,57,32780,WI,2017-04-06
6692,Brendan,Stone,47,130642,LA,2022-10-13
6693,Theresa,Hill,47,238447,HI,2016-09-10
6694,Thomas,Mendoza,45,192584,NC,2017-09-30
6695,Elizabeth,Barr,57,56549,MN,2019-02-08
6696,Veronica,Woodard,39,200635,NJ,2017-03-18
6697,Steven,Page,78,207150,SD,2022-12-20
6698,Sarah,Gonzales,68,36808,HI,2020-07-08
6699,David,Walker,47,165584,WI,2017-12-08
6700,Michael,Davis,39,184091,SD,2020-09-27
6701,Raymond,Sandoval,30,58313,AZ,2022-07-24
6702,Bethany,Hughes,24,33221,FM,2025-07-22
6703,Bradley,Obrien,56,216987,MN,2023-10-25
6704,Adriana,Wilson,22,185421,AR,2017-05-14
6705,Abigail,Brown,68,80754,AR,2022-01-12
6706,James,Rogers,75,180264,RI,2024-05-14
6707,Jessica,Wilson,26,197081,NM,2018-11-01
6708,Ashley,White,50,97183,LA,2017-06-28
6709,Amanda,Robinson,40,140364,UT,2017-04-07
6710,Bonnie,Thomas,48,219955,TX,2017-10-01
6711,Richard,Gregory,57,146555,IN,2019-07-06
6712,Maurice,Moore,29,93740,AL,2021-06-16
6713,Bryan,West,26,238935,KS,2016-11-19
6714,George,Fleming,20,45857,NM,2024-10-08
6715,Christopher,West,26,111701,OK,2017-09-04
6716,Lance,Lewis,55,144254,PA,2025-07-25
6717,Thomas,Barr,50,200840,VA,2017-10-19
6718,Jason,Manning,66,123780,HI,2024-11-15
6719,Amber,Taylor,37,183004,TN,2024-06-06
6720,Gregory,Fields,74,171857,KS,2020-03-27
6721,Elijah,Townsend,67,68174,TN,2026-03-26
6722,Denise,Miranda,27,153082,WY,2019-01-19
6723,Sherri,Carlson,37,188159,CA,2021-06-22
6724,Patricia,Castro,39,106300,AL,2021-03-18
6725,Brenda,Scott,41,32118,DE,2018-04-30
6726,Ricky,Dudley,51,183731,FL,2020-12-14
6727,Ryan,Burch,60,207812,TX,2022-05-05
6728,Maria,Holmes,27,45025,WI,2023-11-02
6729,David,Chavez,33,162935,IL,2016-11-21
6730,Wayne,Fuller,70,248936,FM,2025-03-04
6731,Megan,Smith,53,44314,PR,2021-04-01
6732,Kathryn,Smith,45,120129,NV,2021-10-30
6733,Teresa,Robinson,30,82526,GU,2017-05-14
6734,Shari,Lee,58,82759,PA,2022-02-19
6735,Aimee,Mejia,68,47931,WA,2021-08-29
6736,Cory,Horne,39,79638,CO,2025-05-15
6737,Haley,Lewis,60,154708,CT,2020-09-19
6738,Brian,Johnson,62,211361,CO,2019-08-17
6739,Jennifer,Smith,80,152526,NH,2024-09-27
6740,Scott,Wise,56,211512,CA,2018-02-05
6741,Kristen,Cortez,39,181626,LA,2022-05-13
6742,Cindy,Meyer,54,117991,TX,2020-06-16
6743,Kyle,Coffey,57,108546,GA,2023-05-07
6744,Rachael,Brown,44,116145,WV,2017-10-01
6745,Natasha,Green,28,57485,NM,2026-03-18
6746,Wendy,Carroll,47,236881,MH,2019-05-01
6747,Regina,King,76,41060,WY,2019-08-01
6748,Timothy,Tucker,49,87515,NE,2023-07-14
6749,Bryan,Marshall,76,30969,MS,2019-05-25
6750,Gregory,Martin,58,88464,CT,2020-02-09
6751,Yolanda,Kennedy,62,90364,OH,2019-06-04
6752,Jason,Braun,47,193556,LA,2019-05-22
6753,Holly,Garcia,31,92657,OK,2023-01-31
6754,Christopher,Dominguez,48,222567,FL,2019-10-27
6755,Rebecca,Mathews,67,243556,PR,2026-05-07
6756,Richard,Phillips,39,241621,AL,2016-09-07
6757,Megan,Lewis,65,128543,NY,2024-11-29
6758,Ryan,Lewis,31,134939,SD,2024-04-11
6759,Connie,Johnson,29,246553,GU,2019-08-04
6760,Todd,Conner,18,125110,WA,2017-07-20
6761,Amanda,Simmons,18,49328,IA,2022-04-13
6762,Susan,Lopez,40,37868,NM,2018-07-19
6763,Rhonda,Henderson,53,60196,ID,2025-06-26
6764,Rachel,Bowen,27,106172,MD,2023-07-15
6765,Brenda,Sanchez,46,80961,TX,2022-02-26
6766,Brittany,Garza,58,183534,AZ,2021-07-15
6767,Joshua,Bryant,76,230679,AK,2021-11-03
6768,Tyler,Mayo,41,41509,VA,2025-02-28
6769,Kimberly,Casey,80,37781,ME,2017-06-01
6770,Angela,Lewis,30,81858,AR,2019-12-09
6771,Patricia,Benitez,36,75651,MA,2026-05-11
6772,Earl,Morgan,32,98681,RI,2020-04-12
6773,Tracy,Jones,64,75687,TX,2020-02-28
6774,Tina,Carroll,39,175360,NE,2021-06-10
6775,Stacey,Cardenas,33,76803,NC,2019-03-18
6776,Janet,Brown,30,35634,NM,2019-04-14
6777,James,Gilbert,29,98626,MI,2021-08-13
6778,Yolanda,Jackson,76,56526,MH,2026-03-05
6779,Jeremy,Williams,19,247958,ID,2019-12-30
6780,Brittany,Green,61,65977,MP,2021-07-31
6781,Aaron,Jackson,42,201670,IL,2022-03-21
6782,Katherine,Collins,68,59089,UT,2018-11-21
6783,Matthew,Thompson,39,85112,CO,2025-05-24
6784,Steven,Ramos,37,149591,OK,2017-02-10
6785,Jeffrey,Medina,33,126899,OR,2022-10-29
6786,Erik,Stewart,69,127609,DC,2022-10-08
6787,Jacqueline,Macias,60,74920,KY,2016-11-25
6788,George,Cunningham,78,168130,NM,2025-02-05
6789,Melissa,Mckinney,80,239459,ND,2021-09-05
6790,Zoe,Wilson,57,143696,ID,2019-08-02
6791,Carl,Harris,74,216369,NC,2018-10-07
6792,Marc,Turner,22,61062,TN,2018-04-02
6793,Tony,Perez,27,64287,PW,2019-05-05
6794,Melissa,Curtis,68,79713,AS,2024-11-08
6795,Keith,Boyd,30,169606,IN,2025-06-02
6796,Sergio,Rivera,42,212020,ME,2017-08-31
6797,Chris,Johnson,41,113349,SD,2024-03-09
6798,Matthew,Lane,56,142601,NJ,2017-07-01
6799,Rachel,Miranda,80,196761,UT,2018-11-27
6800,Brianna,Clay,33,42109,OR,2024-12-21
6801,Ivan,Vasquez,66,191488,NM,2025-05-09
6802,Blake,Townsend,55,79571,AS,2019-04-13
6803,Jennifer,Adams,72,170369,SD,2024-06-22
6804,Rebecca,Miller,36,236985,HI,2016-08-16
6805,Sean,Castro,27,115899,ME,2024-04-06
6806,Erik,Hernandez,33,43961,FL,2025-08-23
6807,Robert,Moreno,58,238564,NJ,2016-12-07
6808,Meredith,Herrera,35,63150,WA,2024-06-01
6809,Molly,Velasquez,72,163239,TN,2022-01-23
6810,Julie,Diaz,79,183113,DC,2025-07-28
6811,Kristin,Ramirez,74,158185,NM,2020-01-20
6812,Krystal,Cisneros,31,220656,ND,2022-05-04
6813,David,Alvarado,23,235695,ID,2022-04-19
6814,Ashley,Phillips,48,237355,ME,2018-09-21
6815,Kayla,Cameron,60,191188,TN,2016-07-30
6816,Claudia,Crawford,22,73891,OR,2023-07-02
6817,Casey,Brooks,50,131742,MD,2017-11-30
6818,Jackson,Henderson,66,199101,CO,2023-06-03
6819,Anthony,Castillo,66,163472,AZ,2021-04-05
6820,Dana,Hooper,41,160701,AR,2025-10-22
6821,Steven,Huff,51,151704,MA,2017-02-16
6822,Scott,Page,29,114364,MT,2022-11-10
6823,April,Allen,63,128010,DE,2017-01-05
6824,Claire,Reyes,51,212061,VA,2025-10-20
6825,Joel,Lucas,48,217603,FM,2024-06-24
6826,Tracy,Mathews,79,159706,NY,2019-02-07
6827,Kayla,Brooks,48,100342,WI,2017-06-23
6828,Shannon,Arroyo,55,135105,NY,2018-08-22
6829,Joyce,Newton,58,237257,CT,2019-12-18
6830,Lauren,Gordon,55,200324,VI,2020-02-15
6831,Andrew,Cook,20,84316,MP,2016-12-26
6832,Lisa,Goodman,32,83215,MN,2019-05-08
6833,Peter,Mcdowell,46,91442,WA,2016-08-01
6834,Kyle,Ewing,43,87303,ID,2022-09-06
6835,Patrick,Santos,37,141417,DC,2020-03-30
6836,Theresa,Fleming,74,128850,SD,2025-09-02
6837,Dustin,Porter,54,71211,ND,2020-01-04
6838,David,Cortez,77,128069,FL,2024-11-23
6839,Travis,Brown,34,174323,TN,2024-11-28
6840,Francisco,Gonzalez,23,65213,IN,2020-08-17
6841,Kayla,Deleon,66,52027,WI,2021-08-13
6842,Lisa,Murray,36,146524,AS,2024-06-29
6843,Shannon,Lopez,51,122163,NE,2020-06-29
6844,Paul,Williams,32,183082,MI,2020-09-05
6845,Laura,Ellis,20,151963,AK,2025-04-20
6846,Jacqueline,Harvey,50,192824,AS,2026-05-04
6847,Maria,Hanson,39,141700,PW,2016-12-02
6848,Christine,Hamilton,46,152565,WY,2018-05-23
6849,Sarah,Huffman,45,137204,KS,2025-09-07
6850,Samantha,Barr,41,240896,CO,2025-06-23
6851,Erik,Barr,49,113105,NH,2025-06-09
6852,Michelle,White,35,130236,MO,2022-05-22
6853,Bailey,Cardenas,19,77072,MI,2020-09-13
6854,Ryan,Kennedy,46,91286,UT,2019-06-15
6855,Darin,Garcia,34,199175,NV,2024-03-18
6856,Sarah,Summers,22,124134,HI,2024-03-08
6857,Heather,Burton,75,51605,CO,2024-04-12
6858,Edward,Murphy,36,161534,RI,2019-11-07
6859,Danielle,Perry,50,173301,IN,2021-02-04
6860,Edward,Bowman,59,50488,FM,2018-12-13
6861,Amanda,Coleman,68,102463,VA,2020-03-16
6862,William,Reed,77,89701,DC,2019-07-30
6863,Joshua,Martin,24,61087,OH,2021-07-26
6864,Jason,Aguilar,22,124433,MI,2021-01-24
6865,Tonya,Dawson,20,173137,WY,2017-06-11
6866,Sean,Frazier,30,117492,MH,2017-03-31
6867,Chelsea,Green,30,206975,NC,2021-12-28
6868,Richard,Turner,39,95542,KS,2020-07-28
6869,Patrick,Martinez,37,225352,NC,2019-11-21
6870,Natasha,Rogers,70,231453,IL,2020-05-01
6871,Kaitlyn,Richardson,61,101949,ND,2021-01-19
6872,Jeffery,Sellers,30,214979,MP,2020-03-13
6873,Jose,Rodriguez,56,66140,UT,2023-07-16
6874,David,Hernandez,72,227232,SD,2021-11-04
6875,Robert,Morgan,63,223939,OH,2018-08-18
6876,Zachary,Ball,52,98455,NY,2023-03-16
6877,Amanda,Shelton,18,231870,AR,2022-12-30
6878,Barbara,Brown,37,103884,IL,2016-12-16
6879,Robert,Rollins,70,120867,RI,2026-04-16
6880,Leslie,Castro,68,135856,FM,2016-09-08
6881,Gabrielle,Mendez,78,136367,FL,2023-03-10
6882,Victoria,Long,70,182031,NJ,2021-02-07
6883,Daniel,Jimenez,66,201785,AL,2023-07-26
6884,Valerie,Estrada,18,153733,ME,2020-12-08
6885,David,Mcfarland,59,164387,TN,2019-01-20
6886,Kelly,Holmes,66,69133,SD,2025-06-18
6887,Becky,Johnson,73,134203,VI,2024-03-24
6888,Kenneth,Mann,32,89487,NC,2021-04-10
6889,Andrew,Osborn,64,226381,MS,2021-01-13
6890,James,Sullivan,31,154371,FL,2020-02-01
6891,Margaret,Collins,32,165220,IA,2019-12-02
6892,Michele,Wallace,55,236038,KY,2016-06-17
6893,Barbara,Pham,53,228605,VA,2025-12-16
6894,Gary,Mullins,47,219401,ID,2026-03-04
6895,Kyle,Anderson,70,150953,IA,2019-07-07
6896,Larry,Jarvis,39,237595,NE,2026-01-22
6897,Theresa,Lang,23,112070,NY,2019-03-04
6898,Amber,Rogers,72,79242,TX,2019-02-14
6899,Emily,Walsh,45,231885,KS,2025-04-05
6900,Desiree,Hardy,78,212961,FM,2021-11-01
6901,David,Livingston,44,84941,MS,2024-12-10
6902,Keith,Walton,46,147957,NH,2025-06-04
6903,Chelsea,Beck,72,176393,DE,2021-01-01
6904,Yesenia,Crawford,19,128225,NJ,2019-01-31
6905,Tiffany,Burke,26,181390,HI,2023-06-08
6906,Amber,Sosa,73,63645,FL,2024-06-08
6907,Anthony,Baldwin,37,223411,HI,2024-03-23
6908,Carlos,Smith,18,161019,PW,2021-03-02
6909,Greg,Patterson,69,202713,MH,2021-09-24
6910,Paul,Flores,71,122972,DC,2019-07-13
6911,John,Hernandez,39,89111,MO,2025-09-02
6912,Christine,Lopez,44,141599,GU,2018-02-15
6913,Sally,Brewer,61,227296,MS,2023-03-23
6914,Gregory,Gonzalez,43,229974,MP,2025-07-01
6915,Erin,Diaz,67,211015,VA,2016-06-17
6916,Travis,Patel,52,108548,ND,2020-04-08
6917,Maria,Powers,38,183866,GU,2025-12-12
6918,Thomas,Lopez,19,178787,DE,2024-08-25
6919,Lisa,Farmer,68,38443,NE,2019-07-30
6920,Steven,Rogers,77,66473,IN,2026-03-05
6921,Nicholas,Fritz,27,116573,MI,2025-02-12
6922,Carly,Thompson,54,195108,ND,2026-05-08
6923,Lisa,Fisher,69,188073,GU,2020-07-04
6924,Jeremy,Patel,76,189340,MA,2023-10-07
6925,Alexander,Romero,54,132468,AS,2023-06-28
6926,Brianna,Frazier,80,129960,AS,2024-06-29
6927,Brian,Huff,31,132402,WV,2026-03-04
6928,Carlos,Sexton,22,170113,CO,2026-01-20
6929,Brittany,Jones,42,79371,SD,2024-09-03
6930,Juan,Fuller,48,58478,AS,2025-11-02
6931,Tracy,Acosta,39,179294,NH,2020-06-16
6932,Scott,Patrick,79,148367,PR,2019-04-10
6933,Traci,Ball,58,109860,MD,2024-11-07
6934,Bryce,Maxwell,23,74937,KS,2023-11-26
6935,Karen,Ward,24,206917,DC,2021-05-22
6936,Christopher,Romero,53,76566,UT,2025-10-04
6937,Gregory,Hill,20,246655,KY,2026-02-25
6938,Lucas,Payne,62,188168,OK,2022-07-09
6939,Derrick,Park,49,37035,MO,2020-11-22
6940,Chelsea,Greene,29,82166,HI,2021-11-09
6941,Julian,Meyers,22,131159,NE,2018-01-20
6942,Brianna,Hughes,36,83973,KS,2021-11-12
6943,Lindsay,Holland,32,106311,AK,2024-03-23
6944,Christy,Peters,60,167467,CA,2025-01-25
6945,Travis,Cooper,22,149187,NV,2020-06-19
6946,Suzanne,White,21,126639,KY,2017-03-04
6947,Alejandra,Jones,51,32895,KY,2025-08-12
6948,Sharon,Carter,28,115661,MD,2021-03-23
6949,Rebecca,Jones,73,137704,CO,2016-09-10
6950,Bobby,Fisher,43,71165,WI,2022-11-10
6951,Edward,Ellison,25,63852,IN,2023-07-29
6952,Victoria,Nolan,52,139684,MA,2025-02-06
6953,John,Ward,48,224810,ME,2016-12-16
6954,Emily,Allen,22,131972,VT,2023-04-14
6955,Aaron,Jackson,79,84127,IL,2017-12-25
6956,Ryan,Hall,26,83916,FL,2021-05-17
6957,Crystal,Hughes,37,143298,WV,2017-05-27
6958,Johnny,Diaz,70,216036,WA,2018-05-05
6959,Seth,Williamson,60,154460,TN,2022-10-21
6960,Cristian,Rivas,28,188258,UT,2023-08-31
6961,Emily,Boyd,54,111346,MD,2019-02-03
6962,Kimberly,Knight,55,83208,PA,2022-05-13
6963,Heather,Miller,50,217897,NH,2022-10-13
6964,Patrick,Hurst,61,150312,ID,2018-06-25
6965,Shannon,Thompson,35,82875,MH,2016-11-22
6966,Daniel,Jones,18,67405,MA,2022-05-05
6967,Robert,Pearson,46,46769,NC,2022-01-13
6968,Kristen,Perry,70,134657,GU,2019-12-06
6969,Sarah,Morrison,56,241698,VT,2025-01-12
6970,John,Stewart,33,167850,AK,2025-06-27
6971,Barbara,Atkinson,39,179219,IN,2023-04-21
6972,Danielle,Watkins,74,158701,ND,2020-04-29
6973,Larry,Jones,47,151292,WY,2025-11-02
6974,Michael,Diaz,54,40245,TN,2024-04-07
6975,Joshua,Fritz,65,53882,VI,2020-02-10
6976,Jenna,Brown,36,199423,AZ,2017-12-26
6977,Rachel,Walker,74,149618,IN,2019-10-27
6978,Timothy,Hall,40,213583,PW,2019-05-12
6979,Melissa,Booth,71,216554,ID,2025-09-24
6980,David,Washington,68,107974,NY,2024-09-09
6981,Karen,Fuller,43,190701,NH,2025-06-10
6982,Cristian,Bird,70,242332,NM,2022-06-30
6983,Connie,Golden,72,75908,TN,2022-06-21
6984,Victor,Higgins,44,95309,LA,2017-12-01
6985,Mitchell,Hampton,29,191935,OR,2021-09-09
6986,Christopher,Cabrera,64,143266,PR,2020-01-28
6987,Dana,Scott,47,130837,MA,2021-10-13
6988,Christopher,Woodard,76,202773,PA,2024-09-27
6989,Pamela,Peters,29,213113,MD,2023-01-23
6990,Jerry,Williams,54,55043,HI,2025-12-30
6991,Jason,Castillo,43,213145,MN,2023-04-05
6992,Tara,Mercer,78,41446,NM,2016-07-31
6993,Sarah,Bass,33,71400,NH,2017-12-22
6994,William,Webb,35,194648,IL,2025-12-27
6995,Angela,Norris,52,106517,LA,2021-08-15
6996,Jessica,Gould,60,47496,MO,2019-07-28
6997,Denise,Knight,62,220457,NM,2017-08-15
6998,Kaitlyn,Richardson,64,86952,CA,2016-10-19
6999,Natasha,Hawkins,76,159364,ND,2021-07-26
7000,Anthony,Gonzalez,44,229717,MI,2021-11-15
7001,Todd,White,53,61779,MD,2021-02-14
7002,Jennifer,Hall,41,50062,OR,2021-10-25
7003,Debra,Munoz,66,57583,VT,2024-07-02
7004,Kara,Coleman,50,230943,PR,2023-06-28
7005,Kathy,Hudson,67,115462,NM,2017-03-23
7006,Randy,Branch,44,148210,OH,2022-06-05
7007,David,Howard,28,96261,AS,2025-10-09
7008,Steven,Schmidt,31,162661,MD,2025-09-13
7009,Anne,Smith,20,151154,IL,2025-01-14
7010,Juan,Burns,19,49187,OR,2023-01-20
7011,Claire,Clark,58,212055,AL,2020-08-31
7012,Barbara,Williams,61,226538,MA,2024-12-20
7013,Stephanie,Hernandez,47,129917,VA,2019-01-27
7014,Diana,Banks,39,225548,PW,2024-10-28
7015,James,Torres,43,80961,MS,2020-07-26
7016,Alicia,Morales,43,39902,MI,2017-08-08
7017,Brittany,Chen,18,95694,NH,2021-09-29
7018,Jeanne,Savage,25,215886,NH,2020-01-08
7019,Jason,Grant,76,65777,OK,2018-05-07
7020,Luis,Mosley,38,205713,UT,2020-09-03
7021,Anna,Mccormick,65,151699,NH,2019-06-08
7022,Jennifer,Anderson,49,150941,MN,2024-02-19
7023,Pamela,Mitchell,22,51639,AS,2017-10-13
7024,Dawn,Robinson,53,202234,IN,2020-05-12
7025,Monica,Fisher,33,217061,NH,2016-10-10
7026,Christina,Weaver,78,144746,PW,2019-09-17
7027,John,Robles,26,153414,OK,2023-07-24
7028,Karina,Miller,70,103175,KS,2018-01-14
7029,Eric,White,71,72301,UT,2021-08-22
7030,Christopher,Dawson,28,249806,IL,2017-03-30
7031,Daniel,Nunez,19,189118,NC,2019-02-22
7032,Robin,Ortega,24,76461,AR,2023-01-08
7033,Paul,Martinez,36,62545,AS,2021-08-03
7034,Katie,Boone,52,224365,MH,2016-11-08
7035,Richard,Nelson,43,74159,DC,2019-08-10
7036,Donald,Brown,22,206001,DC,2023-08-04
7037,Jennifer,Peterson,66,32938,WA,2023-12-13
7038,Cheryl,Cline,61,101631,NV,2025-01-18
7039,Thomas,Taylor,27,145515,TX,2016-11-27
7040,James,Bell,40,76645,CT,2020-12-24
7041,Laura,Burch,31,217278,DE,2020-06-07
7042,Andrew,Ho,20,206958,NE,2018-02-15
7043,Michael,Carter,52,86666,NJ,2022-12-26
7044,Amy,Mccann,46,212646,KY,2018-04-22
7045,Shawn,Parrish,21,249283,NJ,2019-02-15
7046,Thomas,Cox,58,242732,WI,2026-02-14
7047,Cody,Roberts,51,198037,GA,2021-07-13
7048,Joshua,Rogers,60,217802,IL,2025-12-17
7049,Shannon,Kelly,60,56946,CA,2021-03-03
7050,Elizabeth,Sloan,42,210970,AZ,2022-03-15
7051,Caleb,Moran,37,146388,AS,2021-09-09
7052,Keith,Carpenter,21,186815,GU,2026-03-16
7053,Joseph,Russell,18,42757,MS,2022-04-12
7054,Julie,Ruiz,67,128931,TX,2019-05-13
7055,Donna,Wood,67,82884,MP,2024-11-09
7056,Nicolas,Sanchez,77,95457,VT,2024-06-05
7057,Kimberly,Elliott,41,92531,MP,2021-07-23
7058,Tyler,Chapman,30,53956,AR,2020-12-11
7059,Karen,Mathis,19,140541,NE,2021-10-31
7060,Robert,Cooper,19,33816,AZ,2026-05-19
7061,Emily,Macias,39,245096,AR,2023-04-06
7062,Ashley,Vasquez,30,208247,NH,2021-11-15
7063,Darlene,Wright,60,46560,WI,2018-12-22
7064,Jessica,Butler,32,55323,IL,2021-03-09
7065,Christina,Adams,69,248991,VA,2020-06-25
7066,Brian,Pope,71,204092,NH,2018-02-24
7067,Christina,Schultz,28,219795,ME,2017-08-26
7068,James,Mcguire,28,41537,NM,2021-12-07
7069,Danielle,Castro,44,164348,MA,2022-09-27
7070,Ian,Lee,24,243811,TX,2018-11-24
7071,Alan,Wells,38,114588,MH,2021-02-18
7072,Sarah,Gonzalez,53,194308,CA,2023-03-21
7073,Erica,Sharp,30,193754,HI,2025-12-04
7074,Jesse,Morris,31,172004,PA,2023-11-11
7075,Gary,Morgan,43,142166,KY,2020-11-26
7076,Paige,Bates,25,90924,MA,2017-01-18
7077,Cheryl,Ellis,31,57757,NH,2017-12-12
7078,Meagan,Kelley,40,114768,VT,2017-11-08
7079,Clifford,Lee,29,33930,MT,2016-09-21
7080,Juan,Wu,43,201440,CT,2020-06-17
7081,Zoe,Farrell,38,33140,NH,2021-08-11
7082,Mark,Armstrong,42,85775,PR,2022-09-16
7083,Donna,Hall,47,87696,AR,2021-01-17
7084,Dana,Richardson,22,202480,AR,2026-05-13
7085,Lacey,Dixon,70,102995,PR,2018-05-19
7086,Teresa,Hendrix,59,193554,MS,2016-08-19
7087,Kathryn,Williams,41,41518,UT,2017-02-16
7088,Jennifer,Ortiz,22,87294,CA,2023-03-07
7089,Kendra,Wilkinson,44,109045,LA,2026-03-28
7090,Maria,Bennett,67,186989,ID,2025-09-08
7091,Stephanie,Dunlap,49,56689,KS,2017-03-02
7092,Jessica,Thomas,63,170556,PW,2024-10-18
7093,Melanie,Thomas,68,179213,PR,2026-04-02
7094,Frederick,Escobar,28,96044,ND,2019-08-27
7095,Robert,Lozano,79,54836,PW,2017-11-29
7096,Shelley,Young,56,115027,OH,2022-05-14
7097,Craig,Morrison,80,195379,CA,2019-07-05
7098,Joseph,Lynch,62,131860,NE,2019-06-17
7099,James,Allen,61,232219,LA,2026-04-15
7100,Lori,Long,62,64847,AS,2019-05-31
7101,Janice,Brooks,39,75961,NV,2019-10-21
7102,Andrea,Blair,58,229679,FL,2018-06-10
7103,John,Garcia,74,210256,ND,2025-03-03
7104,Spencer,Berry,38,204685,WV,2017-09-06
7105,Lawrence,Ashley,48,47698,UT,2023-02-01
7106,Monica,Lawrence,39,34626,MS,2023-07-08
7107,Jonathan,Alexander,56,183363,ME,2020-06-19
7108,Jennifer,Campbell,46,130236,IA,2023-03-18
7109,Tonya,Thompson,50,197927,AK,2024-08-16
7110,Mario,Andrade,65,90928,PR,2023-09-03
7111,Erica,Armstrong,50,184001,TN,2021-04-13
7112,Tonya,Carter,63,33484,AZ,2020-07-10
7113,Bethany,Evans,32,35560,DE,2023-10-09
7114,Alicia,Norman,57,228951,MA,2020-12-09
7115,Robert,Park,75,62520,NV,2020-09-28
7116,Anthony,Porter,37,91969,IN,2020-10-01
7117,Kenneth,Richards,65,142328,MS,2024-07-04
7118,Craig,Foster,66,93844,ND,2025-04-04
7119,Xavier,Alexander,57,50811,MO,2026-05-09
7120,Andrew,Short,21,66059,FL,2017-01-10
7121,Gary,Beck,41,160738,KY,2019-03-18
7122,Edward,Fischer,36,82956,MH,2024-02-10
7123,Michael,Davidson,27,128500,VT,2020-05-14
7124,Brenda,Stevens,31,198306,NY,2020-08-23
7125,Eric,Carpenter,20,92407,PW,2023-05-18
7126,Richard,Jordan,77,220135,TN,2021-06-18
7127,Sarah,Ritter,56,146320,UT,2021-03-08
7128,Reginald,Carter,65,116164,NC,2019-03-08
7129,Alicia,Rodriguez,26,102909,DC,2016-08-10
7130,Angel,Rose,38,198716,CT,2020-01-13
7131,Caitlyn,Carson,68,229358,LA,2016-11-01
7132,Kathleen,Green,20,166543,OH,2016-06-12
7133,Rachel,Turner,68,138761,GU,2018-11-28
7134,Dennis,Hicks,59,243047,DE,2025-10-23
7135,William,Howell,36,226752,PW,2019-12-19
7136,Michael,Hall,19,90033,PA,2018-07-08
7137,Adam,Moore,72,222118,OH,2024-08-01
7138,William,Johnson,39,119844,MT,2021-12-23
7139,Maria,Luna,33,83953,VA,2025-03-30
7140,James,Hartman,52,44175,VT,2020-07-12
7141,Matthew,Griffin,76,204327,NJ,2018-07-25
7142,Richard,Perez,33,240095,DC,2021-02-15
7143,Tracey,Hill,61,212525,CT,2019-09-27
7144,Alison,Nelson,64,88312,VA,2026-02-21
7145,David,Ortega,56,130004,WY,2022-11-24
7146,Molly,Bell,51,114315,MT,2025-01-05
7147,Alexander,Hayden,29,145962,NC,2024-02-17
7148,Christopher,Perez,58,31584,MS,2024-04-19
7149,Jane,Reed,22,158881,TX,2021-07-19
7150,Shannon,Williams,22,80453,MS,2018-02-14
7151,James,Young,21,196295,UT,2017-08-09
7152,Cynthia,Santos,27,83535,TX,2023-04-25
7153,Ernest,Hill,26,54054,WI,2023-05-01
7154,Melvin,Lewis,29,185354,NY,2024-07-20
7155,Emily,Brown,53,247899,OR,2020-01-05
7156,Thomas,Parker,68,83575,VA,2023-09-20
7157,Bradley,Hernandez,33,163018,KS,2024-07-14
7158,Michael,Mckee,23,141736,VT,2022-12-21
7159,Jeffrey,Lawrence,64,152440,MI,2025-11-08
7160,Joseph,Washington,37,73033,FM,2023-12-26
7161,Edward,Graham,64,81782,PA,2022-07-12
7162,Andrew,White,33,141153,MT,2022-01-21
7163,Robert,Gutierrez,29,188820,KS,2023-02-04
7164,Anthony,Powers,33,109456,MD,2023-06-12
7165,Connie,Vaughan,36,181105,AL,2024-08-18
7166,Suzanne,Arias,46,196619,GU,2022-08-16
7167,James,Levy,30,101266,GU,2020-03-20
7168,Judith,Martin,73,234810,TN,2021-03-02
7169,Amy,Smith,48,50975,AL,2021-01-23
7170,Jennifer,David,78,124262,AL,2024-11-13
7171,Terry,Smith,43,129016,AK,2017-09-18
7172,Kelsey,Williams,28,153394,NY,2019-09-21
7173,Nathan,Mccarthy,46,140807,KS,2019-03-17
7174,Christopher,Rocha,50,189749,AS,2023-07-26
7175,Nathan,Swanson,65,143621,ND,2017-08-23
7176,Luis,Long,66,70862,ND,2022-10-18
7177,Christopher,Shelton,70,238026,MN,2022-12-24
7178,Sarah,Bradley,48,35193,RI,2023-05-11
7179,Patricia,Garcia,66,129986,NV,2024-06-26
7180,Matthew,Montgomery,45,51818,MH,2019-06-10
7181,Ashley,Myers,66,108703,MA,2018-02-05
7182,Rebecca,Wilson,56,170823,MN,2026-02-21
7183,Laura,Johnson,27,174926,GA,2018-07-17
7184,Donald,Gardner,64,76058,FM,2021-03-04
7185,Derek,Bryan,34,129732,NY,2024-12-07
7186,Roy,Carpenter,47,110176,IA,2022-12-28
7187,Benjamin,Moore,47,104245,VT,2024-02-18
7188,Sherry,Garcia,42,177362,ND,2022-12-27
7189,John,Hernandez,56,156050,NE,2020-01-01
7190,Matthew,Robinson,22,117355,WI,2017-01-30
7191,Audrey,Flores,26,217397,MA,2022-04-18
7192,Joyce,Green,48,81305,IA,2021-05-18
7193,Jeffery,Myers,27,79709,OK,2018-08-02
7194,Patricia,Ward,18,33364,AZ,2021-04-12
7195,Dennis,Stephenson,73,161255,VI,2018-11-24
7196,Caleb,Mitchell,64,220144,NH,2016-11-23
7197,Kayla,Hammond,41,158831,MP,2022-08-24
7198,Rebecca,Elliott,43,139004,PA,2024-01-16
7199,Danielle,Watson,78,133455,IN,2017-01-27
7200,James,Brown,80,224561,CT,2017-12-25
7201,Mary,Roberts,41,130673,HI,2025-10-19
7202,Antonio,Rush,49,110690,GA,2022-07-11
7203,Ashley,Freeman,59,184221,NC,2023-04-17
7204,Brenda,Roberts,22,137161,AZ,2016-11-21
7205,Jessica,Alexander,74,40178,CA,2016-09-04
7206,Catherine,Gomez,76,62631,OH,2020-03-09
7207,Alexander,Brooks,42,178270,MO,2025-10-11
7208,Nicole,Houston,28,80915,FM,2021-11-18
7209,Melinda,Hoover,66,144372,PA,2019-10-20
7210,Dorothy,Mathews,79,96914,FL,2022-10-09
7211,Ana,Padilla,67,227021,AR,2016-09-29
7212,Lawrence,Harris,64,121377,CT,2022-06-15
7213,Keith,Vaughan,50,215893,IA,2021-05-09
7214,Desiree,Carter,49,196456,TX,2018-02-17
7215,Donna,Juarez,62,126516,PA,2024-07-12
7216,Robert,Hurst,62,45126,MH,2021-06-27
7217,Sharon,Floyd,59,131012,AZ,2024-04-22
7218,James,Beck,77,141159,VA,2022-05-01
7219,Joseph,Cunningham,65,94694,TN,2024-11-03
7220,Heather,Garcia,33,155232,WA,2022-04-04
7221,Julia,Snyder,20,243156,VI,2019-01-25
7222,Hector,Chandler,41,195400,PA,2018-03-23
7223,Jeremiah,Williams,63,207320,MS,2023-04-07
7224,Mark,Murphy,19,212837,MA,2017-10-22
7225,Melinda,Mccarthy,60,199170,NH,2023-06-15
7226,Kathleen,Martinez,27,98506,PW,2016-09-21
7227,Benjamin,Martinez,56,149398,CA,2020-06-21
7228,Tyler,Bond,78,208537,PW,2025-10-16
7229,Jonathan,Woodard,27,96660,PR,2023-01-06
7230,Barbara,Love,33,187849,FL,2025-07-06
7231,Michael,Herring,55,203697,AL,2024-01-26
7232,Timothy,Mcdonald,71,72317,MD,2016-11-24
7233,Alyssa,Erickson,18,60600,WA,2021-07-17
7234,Joe,Brown,67,54197,MP,2020-03-02
7235,Jeremy,Davis,59,216544,MI,2016-10-21
7236,Brian,Atkinson,76,130754,OR,2019-07-15
7237,Karen,Long,43,215091,ID,2017-12-08
7238,Randy,Kennedy,55,51062,GA,2021-11-19
7239,Bruce,Cuevas,51,79498,VT,2016-11-20
7240,Travis,Owens,74,140872,AL,2020-10-26
7241,Alexandria,Brown,28,247513,MT,2024-01-10
7242,Cindy,Oconnor,45,96288,CA,2021-08-21
7243,Allen,Johnson,62,109225,NH,2024-01-22
7244,Robert,Smith,50,169775,WV,2024-01-09
7245,Andrew,Wood,60,130345,KS,2022-05-03
7246,Michael,Wright,55,110734,AS,2024-03-08
7247,Daniel,Reilly,64,137900,FM,2018-04-05
7248,Robert,Hayes,66,220749,ND,2021-11-01
7249,Caitlin,Jackson,73,53297,OK,2020-02-18
7250,Edward,Jordan,24,196770,ND,2022-08-21
7251,Robert,Taylor,54,233604,NE,2022-10-02
7252,Noah,Huber,69,120280,NY,2022-05-16
7253,Michael,Ruiz,70,67411,VT,2025-07-06
7254,Jacqueline,Miller,35,226275,VI,2020-06-02
7255,Larry,Morrow,31,226159,UT,2023-01-13
7256,Tamara,Powell,43,213241,NJ,2025-03-15
7257,Anita,Williams,37,31683,IL,2018-01-10
7258,Heather,White,28,244011,MN,2020-04-01
7259,Jennifer,Fisher,49,30413,OR,2021-02-14
7260,Margaret,Meyer,24,48308,DC,2017-06-21
7261,Sarah,Combs,67,212535,WA,2025-10-22
7262,Nathan,Rosario,44,167615,MO,2026-06-01
7263,Martin,Nelson,44,201578,NH,2025-03-29
7264,Robert,Adams,36,222162,MS,2017-08-06
7265,Ryan,Tyler,45,74730,NJ,2026-01-24
7266,Brenda,Vasquez,29,128212,NJ,2022-02-01
7267,Megan,Landry,29,214561,MO,2018-10-04
7268,Caitlin,Cooper,26,81909,AK,2016-06-22
7269,William,Perez,49,77706,ND,2020-12-19
7270,James,Lang,50,58898,MO,2020-03-23
7271,Paul,Barton,46,178659,NC,2024-10-08
7272,Gabriel,Williams,70,85724,ME,2019-09-27
7273,Meghan,Hill,29,82675,UT,2018-06-03
7274,Jose,Terry,21,226585,CT,2016-06-27
7275,Ryan,Conner,29,242121,MI,2020-03-17
7276,Steven,Hansen,66,80301,UT,2019-11-03
7277,Patrick,Marshall,34,137162,DE,2018-05-31
7278,Emily,Roach,46,194321,UT,2021-08-15
7279,Ronald,Rivas,76,193688,GU,2024-10-29
7280,Colton,Wiggins,24,196837,NJ,2017-07-22
7281,Michael,Scott,28,50921,PW,2021-03-14
7282,John,Cruz,36,52467,AL,2025-03-08
7283,Kelli,Mcdonald,42,62684,KS,2017-02-09
7284,Christine,Kidd,35,46846,UT,2017-11-29
7285,Susan,Chavez,39,37776,NY,2024-03-18
7286,Emily,Eaton,55,91546,WI,2025-05-13
7287,Sharon,Allen,48,157190,GU,2020-11-14
7288,Dawn,Golden,61,229369,FM,2022-02-25
7289,Alejandro,Moss,24,32492,MI,2024-03-09
7290,Justin,Smith,21,99751,ID,2017-08-16
7291,Rebecca,Adkins,66,31894,OH,2025-05-22
7292,Ronald,Hinton,60,182684,DE,2018-05-08
7293,James,Small,68,40973,MI,2021-06-15
7294,Alan,Carson,24,85330,NM,2026-03-19
7295,Morgan,Gould,51,237562,UT,2021-02-27
7296,Chris,Riley,18,128478,UT,2021-12-15
7297,Linda,Williams,56,166334,WA,2019-05-29
7298,Deanna,Buck,79,229586,SC,2017-02-05
7299,Alexandra,Peters,35,157382,NY,2018-02-02
7300,Stephen,Guzman,48,228419,CA,2018-08-12
7301,James,Salas,39,188432,SD,2016-07-02
7302,Jonathon,Parker,45,118224,CT,2017-08-06
7303,Eric,Gaines,41,208745,RI,2019-05-29
7304,Robert,Mathews,74,119935,MA,2018-12-26
7305,Charlotte,Hill,38,244131,AS,2023-10-09
7306,Katrina,Fritz,33,124689,ND,2021-12-14
7307,David,Goodman,60,134456,MO,2017-04-16
7308,Christine,Turner,42,190119,WY,2025-10-07
7309,Michael,Christensen,21,123330,IL,2017-12-07
7310,Amanda,Wolf,73,116574,NJ,2023-10-17
7311,Rachel,Jones,69,56260,NV,2018-07-25
7312,Matthew,Moore,18,149778,OR,2017-04-13
7313,Timothy,Lopez,73,213057,FM,2017-03-14
7314,Lisa,Davies,43,220112,IL,2022-09-06
7315,Andres,Watson,71,66402,RI,2016-07-28
7316,Elizabeth,Randall,19,187786,VI,2025-06-16
7317,Brittany,Clark,25,169101,TX,2020-10-25
7318,Cory,Aguilar,35,213308,MT,2017-07-28
7319,Jennifer,Bartlett,66,243660,RI,2022-10-13
7320,Stephanie,Watkins,33,126581,HI,2024-08-25
7321,Jeremiah,Nguyen,46,192097,WV,2020-12-21
7322,Elizabeth,Dixon,61,202720,KS,2018-01-31
7323,Emily,Singh,73,154570,ND,2024-11-16
7324,Anna,Quinn,50,138298,GA,2020-05-13
7325,Erin,Harrell,60,79266,GU,2021-02-20
7326,Leah,Johnson,18,197267,HI,2019-01-30
7327,Janice,Cruz,79,243023,HI,2025-09-10
7328,Robert,Molina,38,34359,IL,2022-11-12
7329,Stephen,Shaw,58,124425,LA,2021-03-27
7330,Faith,Ortiz,73,41994,NV,2018-01-27
7331,Christopher,Gallagher,80,241696,CT,2016-10-08
7332,Rhonda,Simpson,65,115334,TX,2022-10-02
7333,Brian,Diaz,61,146472,VA,2018-04-09
7334,Gregory,Myers,32,189059,MI,2019-03-19
7335,Anthony,Prince,49,134900,MT,2024-09-06
7336,Kevin,Mercer,65,190587,FL,2021-03-23
7337,Russell,Taylor,68,51330,KS,2017-04-24
7338,Jordan,Rodriguez,40,142175,DC,2025-09-15
7339,Kathy,Pena,78,154812,ME,2022-09-20
7340,Virginia,Arellano,60,213369,NH,2022-08-26
7341,Aaron,Ryan,75,56333,GU,2021-07-06
7342,Thomas,Brown,64,130888,RI,2022-04-11
7343,Hannah,Robinson,36,189166,RI,2021-09-14
7344,Teresa,Oliver,30,216631,FM,2016-10-25
7345,Janice,Haney,27,166329,GU,2018-09-06
7346,David,Mccormick,74,179918,VI,2018-03-03
7347,Rebecca,Hicks,68,217869,CO,2021-09-04
7348,Ryan,Nelson,50,38321,MH,2024-08-20
7349,Cynthia,Mendez,26,160528,PW,2020-06-04
7350,Paul,Cantrell,68,52830,UT,2018-02-02
7351,Julia,Robertson,37,248196,WA,2025-03-13
7352,Brandon,Chase,61,173850,FM,2021-10-19
7353,Jesse,Mcneil,73,152369,OH,2017-06-30
7354,Morgan,Moon,28,146991,PR,2021-02-18
7355,Elizabeth,Jones,79,60324,FL,2025-03-14
7356,Marcus,Barry,48,203707,CO,2018-07-22
7357,Thomas,Gray,52,93150,ND,2026-01-11
7358,Mark,Rush,33,85480,MO,2025-11-02
7359,Mary,Weaver,28,227460,NV,2023-02-28
7360,Phyllis,Steele,78,202948,IL,2021-09-16
7361,Cynthia,Bray,62,53444,TN,2017-07-10
7362,Howard,Galvan,24,144004,CA,2023-06-16
7363,Brian,Miller,63,37660,AK,2017-06-18
7364,Logan,James,28,115590,PA,2019-08-27
7365,Danny,Reynolds,75,130529,IN,2018-05-05
7366,Courtney,Moran,67,103494,FL,2017-03-23
7367,Phillip,Walker,32,218527,NE,2022-12-03
7368,Krista,Martinez,34,204570,ME,2023-08-13
7369,Julia,Richards,48,205794,CT,2022-11-28
7370,Richard,Hart,25,204450,DC,2019-11-02
7371,Jonathon,Diaz,26,170127,IA,2026-02-21
7372,Justin,Robertson,58,220163,CT,2025-03-09
7373,Misty,Sanchez,49,53708,MN,2024-03-27
7374,Stephanie,Rivers,68,211347,VA,2025-09-23
7375,Justin,Zimmerman,39,88669,IN,2020-09-29
7376,Christine,Harrison,77,180987,PA,2021-11-13
7377,Tami,Dunn,67,187464,AK,2019-02-20
7378,Lisa,Turner,22,198817,TN,2017-02-20
7379,Matthew,Hampton,39,128830,ME,2021-11-20
7380,Michelle,Anderson,76,218073,ND,2024-07-29
7381,Hayden,Rivera,65,222938,DE,2016-08-01
7382,Elizabeth,Bauer,64,130047,PA,2024-08-11
7383,Megan,Harris,59,198323,NH,2025-04-28
7384,Kelsey,Hunt,68,177298,LA,2016-07-27
7385,Patricia,Adams,79,144547,PA,2017-11-14
7386,Monique,Knight,69,91175,NC,2024-07-06
7387,Anthony,Hernandez,32,97919,AS,2026-02-20
7388,Johnny,Juarez,25,106277,AZ,2017-03-05
7389,Emily,Burns,23,59198,NV,2020-02-26
7390,Joanna,Salazar,23,119191,FL,2019-06-14
7391,Misty,Collins,65,185241,UT,2021-11-19
7392,Brian,Johnson,77,79324,WV,2022-11-15
7393,Carl,Guzman,65,60436,MN,2024-08-03
7394,Anthony,Mcintyre,54,126400,MD,2022-06-26
7395,Jill,Gross,26,112148,IA,2024-10-14
7396,Hector,Mercer,79,129665,MD,2024-11-19
7397,Mary,Sparks,54,223178,GU,2017-05-09
7398,Darlene,Parsons,18,111474,MA,2017-12-27
7399,Julian,Matthews,21,184680,LA,2024-03-30
7400,Jake,Schneider,52,79770,WA,2019-02-26
7401,Gina,Brown,72,131750,UT,2021-08-14
7402,Michelle,Middleton,80,141070,WA,2024-04-21
7403,Jamie,Adams,38,232186,WY,2022-12-02
7404,Kelly,Allen,41,239064,ND,2017-01-29
7405,Vanessa,Howard,61,238814,AL,2016-07-29
7406,Lisa,Patton,26,166249,CA,2020-01-01
7407,Lisa,Huerta,60,187710,TX,2017-09-12
7408,William,Costa,55,88233,ID,2019-06-19
7409,Jason,Gardner,24,133628,KS,2026-06-04
7410,Larry,Webb,18,171110,IL,2019-08-03
7411,Bonnie,Colon,72,150744,FM,2016-07-26
7412,Jane,Miller,38,67932,AR,2026-03-06
7413,Susan,Delgado,70,107810,PR,2022-10-23
7414,Justin,Valenzuela,71,87384,OK,2022-02-17
7415,Kimberly,Phelps,49,208252,NV,2024-04-27
7416,Kimberly,Mills,47,68646,LA,2025-02-21
7417,Steven,Sullivan,56,104289,AR,2023-07-19
7418,John,Ward,27,225837,KS,2018-10-13
7419,Justin,Klein,60,240053,OH,2024-02-12
7420,Sharon,Henderson,70,214278,MA,2023-03-13
7421,Emily,Pearson,20,186992,OR,2020-06-27
7422,Gregory,Evans,38,110974,ID,2022-01-25
7423,Kimberly,Green,50,210512,VI,2023-03-25
7424,Angela,Lee,25,101683,DE,2019-08-04
7425,Dean,Garcia,72,215210,PA,2025-08-04
7426,Cynthia,Nichols,54,155378,AR,2023-09-24
7427,Melissa,Nolan,58,247235,CO,2017-06-22
7428,Michael,Burns,31,159767,VT,2017-09-05
7429,Michael,Wilson,36,214586,NJ,2025-03-19
7430,Anthony,Butler,79,128751,NJ,2019-09-05
7431,Brittany,Hawkins,21,242391,NJ,2017-10-17
7432,Dominique,Deleon,39,70029,GA,2020-10-12
7433,Veronica,Watson,70,217895,CT,2018-11-26
7434,Susan,Stephens,31,222061,WV,2023-01-07
7435,Ann,Boyer,77,242446,NV,2022-08-01
7436,Michael,Davis,32,213607,NE,2018-05-31
7437,Brandon,Lewis,65,43779,ND,2020-06-15
7438,Victoria,Gray,77,233433,NM,2017-07-19
7439,Chelsea,Davis,29,157796,KS,2021-06-05
7440,Alexander,Barnes,64,132710,HI,2022-11-01
7441,Danny,Moran,37,243650,PR,2018-01-19
7442,Joseph,Howard,60,71731,SC,2022-10-18
7443,Crystal,Phelps,19,173639,VI,2021-02-14
7444,Monica,Wood,43,118450,DE,2017-08-06
7445,Sierra,Miranda,45,207707,CT,2025-01-22
7446,Anthony,Frederick,48,121306,AL,2025-11-11
7447,Julie,Ramirez,66,132593,CA,2018-04-16
7448,Michael,Johnson,43,48828,SD,2022-07-27
7449,John,Smith,51,220514,AL,2017-03-04
7450,Rebecca,Nelson,36,104020,AZ,2026-01-28
7451,Zachary,Roberts,62,81142,NJ,2020-05-03
7452,Wanda,Smith,62,173657,CO,2016-08-11
7453,Kathleen,Oneal,43,55511,PW,2019-03-12
7454,Cynthia,Lopez,26,114782,WI,2020-04-18
7455,Garrett,Johnson,66,237428,CA,2018-02-02
7456,Richard,Garrett,55,241044,WV,2025-02-03
7457,Dave,Griffin,21,216014,ND,2022-03-23
7458,William,Thomas,37,149939,ND,2016-11-23
7459,Thomas,Gonzalez,59,72911,WI,2021-03-28
7460,Paul,Miller,54,66060,WI,2019-06-14
7461,Diane,Smith,46,212440,ME,2025-05-19
7462,William,Vaughan,48,106305,CO,2022-07-08
7463,Christine,Schmidt,75,67964,OK,2023-01-22
7464,Kristina,Merritt,31,87183,PW,2025-11-06
7465,Vanessa,Bishop,69,226183,MI,2025-03-12
7466,Kayla,Harper,30,222759,TN,2025-05-05
7467,Dana,Meadows,59,32394,NE,2021-08-19
7468,Erica,Cole,41,220305,AR,2018-08-16
7469,Cynthia,Lyons,72,180911,WI,2017-07-05
7470,Paula,Hatfield,24,207816,DC,2025-09-22
7471,Kayla,Johnson,68,68693,CO,2023-08-16
7472,Jessica,Perez,42,141964,KY,2026-02-17
7473,William,Cortez,61,74098,MS,2022-04-05
7474,Christopher,Burch,77,44766,WV,2024-11-13
7475,James,Mendoza,24,123214,MS,2025-09-04
7476,Cynthia,Smith,80,154223,VT,2024-07-20
7477,Amy,Richard,29,43755,WA,2024-07-23
7478,Julie,Ortega,25,165118,MN,2020-01-29
7479,Christopher,Adams,59,118732,OH,2019-02-10
7480,Ryan,Valdez,55,143723,MI,2017-02-06
7481,Cheryl,Miller,80,68946,IN,2025-07-08
7482,Alexander,Hawkins,58,219412,TN,2019-10-15
7483,Deborah,Maddox,43,94225,PA,2025-02-07
7484,Nancy,Cortez,20,61143,AZ,2021-05-01
7485,Benjamin,Petersen,33,133978,VI,2022-08-12
7486,Anthony,Henderson,49,109348,PW,2016-12-26
7487,Marcus,Ellis,62,186278,ND,2025-06-17
7488,George,Stephenson,79,75216,PW,2018-01-24
7489,Christopher,Hess,59,225349,ND,2017-09-26
7490,Tonya,Jimenez,42,233384,OH,2019-04-13
7491,Lauren,Newman,62,238489,GA,2023-07-21
7492,Frank,Washington,60,202626,ID,2025-10-19
7493,Sabrina,Cortez,23,233877,ME,2019-05-20
7494,Devin,Chapman,47,244484,KS,2026-02-02
7495,Jeffrey,Deleon,59,130165,NC,2018-03-18
7496,Melody,Griffin,35,195762,MO,2020-06-05
7497,Christopher,Williams,59,146685,LA,2026-02-01
7498,Kim,Alexander,41,33041,MI,2017-05-15
7499,Sydney,Meyer,25,60573,MN,2025-10-13
7500,Darlene,Cox,23,61995,VT,2018-01-29
7501,Kendra,Lewis,49,198141,SD,2021-06-13
7502,Shelby,Flores,60,163627,MA,2019-12-27
7503,James,Perkins,32,36036,PW,2021-09-25
7504,Rebecca,David,55,180203,WY,2020-04-17
7505,Jessica,Hamilton,54,155697,NC,2016-10-02
7506,Samuel,Green,35,211856,RI,2024-08-17
7507,Peggy,Mejia,65,54786,FL,2023-09-26
7508,Kaitlyn,Lam,68,185419,TX,2024-10-10
7509,Kimberly,Mendez,29,130652,ID,2017-09-25
7510,Steven,Mckinney,48,198977,NH,2019-06-22
7511,Walter,Hinton,62,143680,ID,2020-11-02
7512,Nicole,Wallace,37,179795,DC,2016-09-25
7513,Rhonda,Morrison,26,56067,LA,2020-03-11
7514,Thomas,Crawford,38,46645,FM,2016-08-24
7515,Michele,Mitchell,63,238463,AL,2025-12-13
7516,Carol,Caldwell,52,78467,ID,2016-12-26
7517,Robin,Smith,43,243088,NV,2017-07-28
7518,Erik,Morgan,62,35176,WY,2021-10-02
7519,Heather,Thomas,43,175767,NJ,2018-10-04
7520,Kelsey,King,70,170618,IA,2016-08-19
7521,Zachary,Contreras,68,242912,ND,2016-08-24
7522,Austin,Hernandez,51,158073,OH,2018-10-18
7523,Alan,Snyder,22,166026,WV,2018-09-09
7524,Rachel,Nichols,71,183281,PA,2020-11-08
7525,Jessica,Robbins,52,217105,AS,2018-04-25
7526,Suzanne,Stark,70,237111,AZ,2022-05-30
7527,Jason,Stein,59,62529,MP,2021-10-25
7528,Jacob,Bridges,66,227391,CT,2023-09-10
7529,Wayne,Gonzalez,31,202643,NH,2018-11-24
7530,Albert,Coleman,75,60756,PR,2024-01-05
7531,Cindy,Andrade,29,187051,SD,2016-08-27
7532,Bryan,Jackson,62,77169,MP,2020-04-05
7533,David,Small,18,175416,RI,2023-03-11
7534,Whitney,Moreno,46,239849,VT,2022-06-22
7535,Michael,Wolf,38,62255,ME,2019-04-25
7536,Tamara,Morton,20,63768,DE,2019-05-01
7537,Emily,Williams,54,84061,IL,2020-09-28
7538,Robin,Murray,59,72260,AK,2026-05-24
7539,Lisa,Steele,23,177455,LA,2021-09-03
7540,Diana,Fisher,34,227412,KS,2025-09-14
7541,Marissa,Ferguson,20,52180,WA,2020-08-06
7542,Jennifer,Carey,80,62693,UT,2016-12-03
7543,Brandon,Byrd,50,108270,WA,2018-05-24
7544,Lori,Sutton,41,172718,MP,2018-10-06
7545,Marcia,Alexander,28,140900,KY,2020-02-06
7546,Ryan,Johnson,80,202532,GU,2025-12-15
7547,Miguel,Lozano,18,95100,MS,2020-03-18
7548,Brian,Moody,37,42102,NJ,2022-10-02
7549,William,Morales,78,166168,NH,2017-07-24
7550,Sherri,Perry,75,235206,MS,2019-12-25
7551,William,Sullivan,36,202794,CO,2020-12-07
7552,Mary,Knight,52,146633,WI,2025-07-20
7553,Melody,Turner,26,181275,AZ,2022-04-06
7554,Dennis,Hawkins,49,212216,NJ,2018-02-22
7555,Eric,Trevino,38,167013,MS,2018-10-20
7556,Jeffrey,Allen,76,122305,NM,2025-03-13
7557,Joshua,Cantrell,56,171088,PA,2020-09-25
7558,Vincent,Benson,50,85008,AL,2021-08-06
7559,Sherry,Copeland,62,55954,MT,2018-04-07
7560,Michelle,Williams,60,244896,VI,2021-11-24
7561,Timothy,Ramirez,20,92154,KY,2018-02-23
7562,Clifford,Navarro,20,79302,PW,2021-04-22
7563,Kayla,Davis,27,108566,NM,2021-09-18
7564,Joseph,Moore,72,248268,SD,2018-12-19
7565,Paul,Lewis,31,65181,KS,2019-08-17
7566,Misty,Mitchell,56,174722,OK,2019-12-01
7567,Vanessa,Lamb,31,185132,AS,2024-10-13
7568,Mary,Coleman,40,102717,GA,2022-04-12
7569,Daniel,Rivera,26,221130,WY,2022-01-12
7570,Andrew,Hart,57,140628,FL,2018-03-28
7571,Pamela,Knight,22,174139,KS,2020-04-03
7572,Peter,Griffin,34,98334,MI,2019-03-23
7573,David,Horton,42,200333,LA,2024-05-25
7574,Robert,Hale,75,72813,ID,2020-11-01
7575,Brian,Avery,43,149555,HI,2020-08-17
7576,James,Freeman,23,96631,MA,2021-02-05
7577,Brandy,Schultz,61,141501,TN,2019-02-23
7578,Zachary,Cunningham,78,212063,WI,2020-01-25
7579,Paul,Williams,27,170484,MT,2025-08-06
7580,Mary,Harrison,31,48496,AK,2020-11-17
7581,Craig,Smith,58,222066,MN,2023-10-13
7582,Madison,Carson,35,195968,VI,2024-06-21
7583,Rebecca,Martinez,62,199232,CO,2025-07-16
7584,Kristin,Nelson,30,217287,FM,2021-04-12
7585,Steven,Lewis,41,177755,AR,2021-12-31
7586,Christopher,Jones,60,199809,FL,2019-01-13
7587,David,Deleon,70,164067,NH,2017-04-18
7588,William,Wyatt,56,73002,UT,2025-11-07
7589,Jessica,Frazier,44,245369,IA,2023-03-01
7590,Robert,Wagner,27,112931,MO,2023-09-09
7591,Bianca,Taylor,68,143672,NV,2020-08-25
7592,Sheryl,Phelps,42,36792,AZ,2018-12-15
7593,Richard,Glass,79,188232,IN,2023-04-04
7594,Joseph,Walker,33,50322,NE,2024-05-22
7595,Michael,Day,35,62668,WY,2024-09-22
7596,April,Gardner,52,58833,KY,2020-10-22
7597,Jessica,Brown,61,173751,MP,2016-12-09
7598,John,Mcgrath,44,47290,UT,2024-11-25
7599,Krystal,Hernandez,39,197818,OH,2020-05-03
7600,Carrie,Roberts,23,125110,UT,2017-05-16
7601,Joseph,Hernandez,76,117429,MA,2019-02-13
7602,Theresa,Lee,67,101631,ME,2021-02-02
7603,Megan,Freeman,27,239216,NH,2022-06-28
7604,Julie,Cox,32,101734,NE,2021-03-15
7605,Alicia,Rogers,18,55676,CA,2023-10-21
7606,Brian,Ware,42,88255,ME,2024-02-23
7607,Connie,Reese,42,57525,VA,2026-06-05
7608,Mark,Arnold,68,62375,MT,2021-11-04
7609,Maria,Snyder,29,168012,HI,2020-03-20
7610,Charles,Sandoval,64,110360,NC,2017-09-03
7611,Amber,Ramos,55,245310,ME,2021-10-19
7612,Eric,Lawson,69,158350,NM,2016-12-18
7613,Jennifer,Moreno,24,168663,MH,2021-05-31
7614,Ann,Garcia,40,213620,NV,2016-08-19
7615,Paul,Hoover,54,103923,AS,2020-01-13
7616,Justin,Bridges,53,101055,PW,2020-08-04
7617,Darren,Bennett,56,55969,WY,2020-10-11
7618,Shane,Griffith,75,42573,WI,2023-04-08
7619,Cody,Wood,28,113360,IL,2017-03-12
7620,Heidi,Owens,78,227098,PW,2017-12-10
7621,Nathan,Robbins,42,77362,NE,2024-09-07
7622,James,Macdonald,40,241310,UT,2017-02-21
7623,Kara,Ferguson,65,207684,VA,2025-10-16
7624,Joshua,Johnson,79,236765,VI,2025-07-24
7625,David,Bishop,52,174617,AK,2018-07-15
7626,Tracey,Harris,56,135552,CO,2025-01-29
7627,Misty,Horton,48,185270,OK,2025-10-12
7628,Jessica,Hernandez,26,97911,VA,2021-08-25
7629,Renee,Wiley,18,210003,DE,2018-08-28
7630,Christina,Murray,50,216967,AS,2016-07-15
7631,Dean,Briggs,27,202376,TN,2017-05-29
7632,Hannah,Rogers,26,67400,LA,2018-03-22
7633,Brandon,Forbes,42,178782,MH,2024-06-08
7634,Jennifer,Tran,65,100089,MP,2020-11-04
7635,Kelly,Baker,21,220164,AZ,2022-02-04
7636,Jesse,Good,58,127032,ND,2020-12-22
7637,Audrey,Buck,63,233824,IN,2017-05-21
7638,Dawn,Morales,33,207790,MA,2025-06-20
7639,Shaun,Smith,56,139640,PA,2019-04-20
7640,Richard,Hancock,63,150006,OR,2022-01-25
7641,Ashley,Young,29,145070,TN,2017-03-07
7642,Andrew,Morales,40,239313,NY,2023-06-25
7643,Daniel,Barnes,47,161656,MS,2016-09-17
7644,April,Wall,36,102305,PR,2022-04-26
7645,James,Mcdonald,78,142136,MD,2019-01-29
7646,Jackie,Brown,51,218341,DE,2021-05-04
7647,Jeff,Schneider,74,243391,HI,2019-11-19
7648,Todd,Hudson,32,110003,GA,2026-04-20
7649,Samantha,Edwards,58,52791,ND,2017-03-10
7650,Jennifer,Hernandez,78,110127,NV,2017-07-23
7651,Carl,Santiago,44,232002,NH,2021-07-19
7652,Kenneth,Nelson,38,53629,OH,2019-09-09
7653,Allison,Mccann,58,50833,MH,2016-12-09
7654,Kathryn,Jones,22,221352,IA,2019-07-17
7655,Stacy,Perkins,33,54545,CO,2023-06-03
7656,Amber,Hines,28,180815,HI,2026-06-03
7657,Dennis,Flores,21,52173,NV,2026-05-19
7658,James,Horn,65,104934,WA,2019-10-20
7659,Jake,Taylor,53,159197,MA,2022-12-21
7660,Adam,Davis,69,32803,CT,2019-05-26
7661,Karen,Hensley,79,141144,AS,2024-11-10
7662,Kimberly,Johnson,61,163348,NM,2026-03-18
7663,Sarah,Jimenez,77,221574,FL,2025-02-10
7664,Richard,Garrett,26,155738,PR,2018-05-05
7665,Kenneth,Hernandez,49,165007,MI,2023-01-19
7666,Kathleen,Richardson,61,207412,MO,2021-10-31
7667,Joseph,Simon,74,169567,MH,2017-09-03
7668,Kevin,Moore,62,62687,KY,2020-06-22
7669,Cindy,Gonzales,43,33643,MT,2025-07-12
7670,Alexandria,Fuller,57,79855,NE,2020-09-15
7671,Christina,Parsons,76,247945,DC,2021-10-19
7672,Stephen,Jones,65,31911,KY,2020-09-05
7673,Jeffrey,Garcia,63,141405,MA,2023-03-21
7674,Cynthia,Esparza,62,170070,HI,2022-06-11
7675,Joshua,Hernandez,65,120455,NV,2019-10-29
7676,Ana,Norris,33,223719,OK,2017-03-22
7677,David,Hill,60,245839,MT,2018-04-23
7678,Jack,Dalton,74,168441,AK,2016-07-25
7679,Christopher,Hopkins,61,189696,RI,2021-11-20
7680,Hayley,Nicholson,20,189219,WI,2022-02-11
7681,Ryan,Montoya,46,74179,ME,2021-11-26
7682,Phyllis,Knapp,61,230202,CO,2019-03-29
7683,Brittany,Foster,51,89000,MN,2023-09-28
7684,Kathleen,Oneill,29,49692,RI,2018-12-06
7685,Daniel,Acevedo,41,64948,AL,2023-08-31
7686,Anne,Curry,50,122613,NJ,2018-01-24
7687,Jane,Smith,78,43344,OR,2019-07-22
7688,Alexander,Moore,45,159894,GU,2026-06-05
7689,Michael,Higgins,42,74691,KY,2024-11-24
7690,Mary,Trujillo,41,59683,HI,2022-05-04
7691,Kyle,Jackson,39,208012,ND,2019-02-10
7692,Jennifer,Medina,33,248032,WV,2024-08-24
7693,Danny,Horne,52,230910,MO,2025-05-08
7694,Ann,Horton,72,60897,VA,2020-08-15
7695,Debra,Barber,36,108427,RI,2019-12-20
7696,Susan,Leblanc,48,106951,WY,2023-01-23
7697,Donna,Hernandez,34,85853,MH,2022-08-28
7698,Shannon,Wright,18,223469,UT,2020-06-06
7699,Caitlin,Olson,58,179118,VA,2022-05-01
7700,Jessica,George,43,87006,KS,2019-06-03
7701,Christine,Myers,77,109906,WV,2017-04-10
7702,Kim,Carter,77,198551,NE,2021-03-02
7703,Gerald,Flores,50,246459,WV,2025-04-04
7704,John,Fowler,75,39287,PA,2016-07-20
7705,Cynthia,Parker,77,151387,IA,2024-04-18
7706,David,Cunningham,75,191939,KS,2021-04-20
7707,Kristen,Reyes,72,157996,VI,2018-06-12
7708,Jessica,Gaines,21,123256,NE,2020-05-22
7709,Benjamin,Cooper,18,191357,SC,2023-09-01
7710,Sarah,Lucas,47,116127,OR,2026-02-11
7711,James,Coleman,37,122770,FL,2020-03-05
7712,Michelle,Snyder,24,31351,KY,2026-01-31
7713,Denise,Fitzpatrick,40,219381,TN,2018-02-24
7714,Kelsey,Grant,29,135399,MP,2019-01-25
7715,Katherine,Wilson,40,32323,NH,2023-07-10
7716,Crystal,Davies,24,142932,FL,2021-09-24
7717,Jeffrey,Collins,49,81785,WI,2019-09-24
7718,Diana,Webster,23,168699,OK,2021-04-30
7719,Maria,Martin,50,70294,NH,2025-07-23
7720,Justin,Richardson,44,62464,LA,2023-10-22
7721,Kristin,Collins,76,157772,RI,2018-12-31
7722,Monica,James,18,70797,ID,2022-11-02
7723,Kimberly,Mcguire,67,202132,OR,2017-01-31
7724,Charles,Cohen,34,89269,NH,2019-07-19
7725,Frank,Fields,48,133640,DC,2023-10-18
7726,Brenda,Mcclain,41,108455,CO,2025-09-18
7727,Alexandria,Martin,41,142287,AZ,2025-12-09
7728,Angela,Martinez,75,77757,MP,2018-07-15
7729,Cheryl,Bradley,52,242741,OR,2026-01-14
7730,Tina,Smith,35,58493,OH,2024-04-22
7731,Jeffrey,Carter,46,202039,CA,2021-06-30
7732,Kevin,Rush,71,145174,ND,2023-01-05
7733,Victoria,White,28,66667,OR,2024-12-15
7734,Brianna,Butler,40,225845,MH,2022-08-23
7735,John,Gates,45,31523,PR,2020-12-08
7736,Dylan,Gonzales,40,215917,NE,2023-07-22
7737,Hunter,Murphy,30,59010,MP,2017-12-24
7738,David,Turner,30,104684,OR,2025-10-10
7739,Kristen,Holmes,20,65043,VT,2025-04-26
7740,Lisa,Garza,43,140377,ND,2016-07-03
7741,Jerry,Vincent,65,116825,ID,2021-07-20
7742,Tim,Jones,75,38285,ND,2016-06-05
7743,Jimmy,Arroyo,28,204641,MN,2023-05-03
7744,William,White,30,155644,MD,2025-02-26
7745,Chloe,Smith,79,204389,WV,2018-10-23
7746,Timothy,Hall,80,99677,OR,2020-01-23
7747,Daniel,Parker,25,140387,IA,2016-09-27
7748,Christine,Gilmore,49,174211,DC,2016-07-07
7749,Miguel,Garcia,49,239668,VT,2021-10-28
7750,Diane,Sampson,61,217254,MO,2025-03-18
7751,Laura,Zimmerman,26,115167,AK,2016-11-18
7752,Colin,Carlson,66,230380,MP,2016-10-09
7753,Steve,Brown,67,134825,MT,2018-11-19
7754,Jason,Lee,50,220315,CT,2016-10-09
7755,Natalie,Sutton,77,224482,NC,2017-08-17
7756,Rebecca,Gonzalez,71,246436,OR,2020-01-04
7757,Adam,Porter,42,64450,NM,2017-05-04
7758,Jennifer,Shaw,25,58279,NY,2020-09-24
7759,Heather,Rodriguez,68,35544,LA,2024-02-07
7760,Alice,Young,26,70774,AK,2017-04-16
7761,Brenda,White,40,161072,MT,2019-06-23
7762,Jamie,King,18,231165,AK,2021-04-10
7763,Rick,Rosales,61,91998,SD,2025-11-19
7764,Michael,Gutierrez,21,207814,MD,2023-08-22
7765,Kevin,Johnson,71,119690,PA,2019-03-19
7766,Kayla,Bowers,45,186522,MS,2022-12-05
7767,Eric,Velez,65,32104,WI,2025-03-02
7768,Douglas,Huerta,45,155879,MN,2023-11-15
7769,Nathan,Murphy,36,103983,KY,2023-05-01
7770,Joseph,Nichols,49,51656,IL,2025-08-14
7771,Christopher,Quinn,66,142447,SC,2022-09-14
7772,Anthony,Wilson,33,191903,AR,2020-11-27
7773,Todd,White,27,221168,FL,2025-02-20
7774,Tony,White,50,78984,VA,2019-10-18
7775,Michael,Anderson,33,103698,OH,2021-09-02
7776,Charles,Wilkins,67,60151,KY,2026-05-19
7777,Lindsey,Watts,73,99082,GU,2024-12-18
7778,Nicholas,Cooper,62,94842,KS,2023-09-03
7779,Michelle,Macias,60,245117,MD,2024-09-07
7780,Dana,Galvan,45,82012,MA,2022-11-27
7781,Michael,Davis,48,215194,FM,2017-05-15
7782,Darrell,Carter,68,242324,IN,2025-04-12
7783,Steven,Norris,24,213800,OH,2022-01-04
7784,Jeremy,King,64,161683,OK,2018-02-05
7785,Catherine,Hernandez,57,77497,WV,2023-04-24
7786,Denise,Mckay,30,184978,MA,2017-12-17
7787,Jerome,Perry,58,196324,MD,2024-11-02
7788,Joseph,Wolf,27,90131,OK,2026-01-07
7789,Jessica,Smith,25,64680,FL,2024-09-09
7790,Norman,Perez,43,40057,DE,2017-12-03
7791,Scott,Fleming,35,80378,OH,2022-04-10
7792,Justin,Fritz,77,68327,RI,2026-04-27
7793,Cory,Brown,45,34629,MH,2024-12-23
7794,William,Craig,57,82335,MI,2024-06-09
7795,Christina,Wilson,23,43357,IN,2022-08-06
7796,Andrew,Price,42,136770,AS,2016-08-29
7797,Anthony,Stephenson,51,110332,AZ,2026-02-22
7798,Susan,Lin,62,196018,NC,2020-11-17
7799,Michelle,Williams,80,90667,GA,2021-02-18
7800,Shelby,Fields,32,118127,MP,2018-01-12
7801,Joshua,Wilson,45,155618,FL,2025-01-06
7802,Jeffrey,Glover,21,163657,TN,2019-05-26
7803,William,Coleman,45,198787,WY,2021-10-06
7804,Jason,Graves,21,109767,ME,2024-12-21
7805,Amanda,Henderson,25,100581,PW,2018-06-05
7806,Katie,Maxwell,41,103546,CO,2021-02-16
7807,Rachael,Underwood,78,122018,NE,2018-02-08
7808,Stephanie,Johnson,63,139595,HI,2018-05-16
7809,Jerry,Olsen,33,113844,PR,2020-03-12
7810,Jaclyn,Henderson,75,42466,IA,2020-03-14
7811,Dawn,Brown,29,40718,WA,2021-08-04
7812,Rachael,Walker,18,43665,MN,2025-01-28
7813,Abigail,Smith,60,225232,AK,2018-04-19
7814,Russell,Luna,38,85568,AL,2021-04-06
7815,Jamie,Cobb,36,153747,NM,2024-04-12
7816,Kimberly,Smith,35,188996,LA,2019-09-16
7817,Michael,Alvarez,24,142959,NE,2022-03-09
7818,Sherry,Nguyen,29,96129,CT,2022-11-04
7819,Christopher,Singleton,78,158787,NC,2017-11-08
7820,Theresa,Cochran,41,117630,SC,2019-01-26
7821,Sarah,Reed,37,59236,FM,2018-03-29
7822,Charles,Villa,24,205360,HI,2016-12-19
7823,Mary,Alvarez,18,209034,OR,2026-05-20
7824,Tiffany,Hughes,53,231972,WV,2020-08-21
7825,Charles,Lynch,73,64159,ND,2021-10-17
7826,Gina,Mata,39,124520,IA,2024-01-01
7827,Tracy,Rodriguez,65,242345,MD,2024-06-14
7828,Michael,Mills,41,224755,VT,2018-02-20
7829,Patrick,Carroll,67,184379,LA,2024-11-11
7830,Justin,Frey,51,188522,PR,2018-08-07
7831,Carl,Adams,41,92456,MS,2024-07-02
7832,Lauren,Rich,59,102337,FM,2017-06-29
7833,Theodore,Walters,31,183177,RI,2024-03-05
7834,Jeffrey,Phillips,42,52867,RI,2019-06-25
7835,Joseph,Gomez,74,57883,LA,2016-07-07
7836,Tammy,Willis,26,195035,ME,2022-05-21
7837,Carly,Moore,65,187767,AL,2018-11-13
7838,Teresa,Burns,25,40758,MI,2024-07-15
7839,Laura,Lutz,55,201535,AZ,2026-06-05
7840,Reginald,Hamilton,70,79921,DC,2020-06-28
7841,Linda,Curtis,30,214722,ND,2019-10-02
7842,John,Murphy,46,55857,WA,2019-12-27
7843,David,George,22,173282,NC,2017-05-16
7844,Christine,White,57,119888,HI,2026-04-02
7845,Kimberly,Morris,37,220146,ME,2025-05-09
7846,James,Garcia,48,229488,DC,2018-12-18
7847,Matthew,Cole,30,169868,PW,2024-11-21
7848,Breanna,Patterson,64,70284,UT,2018-06-01
7849,Michelle,Berry,20,63510,NV,2025-08-28
7850,Mary,Murphy,30,139631,WA,2026-05-22
7851,Jessica,Mcdowell,53,216542,GA,2021-07-20
7852,Sarah,Oconnor,34,229060,MT,2020-02-28
7853,Brandy,Allen,72,176891,ID,2017-09-02
7854,Eric,Davies,80,121052,VT,2021-04-26
7855,Julia,Anthony,75,125947,NJ,2024-01-28
7856,Lisa,Sullivan,46,195115,VA,2019-03-25
7857,Jennifer,Martin,63,60783,WA,2017-02-25
7858,Alexa,Mcdaniel,76,144327,LA,2025-04-24
7859,Michelle,Rodriguez,22,156568,SC,2018-08-21
7860,Nicholas,Bell,44,167301,SC,2020-02-11
7861,Victoria,Olsen,77,162086,DE,2021-09-11
7862,Harold,Bell,68,35734,NV,2024-05-21
7863,Shelby,Nelson,28,187064,WA,2017-04-13
7864,Joseph,Hahn,35,212637,DC,2019-02-28
7865,Jerry,Davis,79,63799,MS,2016-12-16
7866,Sylvia,Clark,36,41913,HI,2019-11-07
7867,Carla,Davis,79,178419,CT,2019-08-01
7868,Brooke,Hines,21,238244,NJ,2026-05-11
7869,Jennifer,Shaw,80,211876,IA,2018-04-23
7870,Meagan,Carter,30,224174,MO,2018-12-29
7871,Adam,Roth,70,134200,PW,2018-03-07
7872,Elizabeth,Taylor,49,209488,OH,2018-06-21
7873,Seth,Figueroa,52,164607,MI,2017-03-11
7874,Ralph,Graham,80,49657,WI,2023-08-25
7875,Matthew,Ramirez,28,144752,WY,2018-01-27
7876,Rachel,Terrell,66,163504,UT,2016-06-19
7877,Elizabeth,Tyler,42,177455,FL,2026-04-27
7878,Victoria,Hicks,67,132300,CT,2021-04-06
7879,Steven,King,43,189178,OR,2026-01-06
7880,Linda,Harris,35,84244,NC,2025-12-25
7881,Brianna,Gonzalez,29,30943,AR,2020-09-08
7882,Ashley,Miller,28,179919,DE,2018-07-05
7883,William,Johnson,31,185218,AS,2024-07-31
7884,Martha,Campbell,62,32322,MS,2016-07-12
7885,Shawn,Donovan,74,237263,OK,2023-03-24
7886,Ronnie,Conley,50,149391,PA,2022-05-04
7887,Nicholas,Lynch,50,215533,SD,2019-12-27
7888,Rebekah,Henry,64,167644,AS,2022-03-29
7889,Lori,Greer,34,109537,VA,2021-03-01
7890,Joan,Ballard,72,87759,WI,2016-12-04
7891,Robert,Murphy,36,215664,OK,2016-11-28
7892,Sean,Padilla,35,174743,OK,2025-02-10
7893,James,Vega,25,74855,LA,2018-12-14
7894,Larry,Sparks,32,41957,NY,2016-09-11
7895,Kristen,House,52,92447,WI,2016-11-18
7896,Aaron,Montgomery,36,40247,VA,2024-07-06
7897,Tara,Mason,58,68833,OH,2016-06-08
7898,Sonya,Long,78,102812,MI,2017-01-13
7899,Melissa,Vazquez,77,64857,DC,2017-01-26
7900,John,Baldwin,35,237256,DC,2023-07-30
7901,Tracy,Anderson,21,198404,TX,2021-05-03
7902,Kelly,Smith,80,95275,ME,2024-11-24
7903,Thomas,Griffin,70,85043,SC,2026-03-06
7904,Oscar,Blackwell,52,60457,NV,2019-08-15
7905,John,Armstrong,18,200038,NE,2024-08-28
7906,Vincent,Richard,40,195854,DC,2022-02-14
7907,Colin,Ruiz,56,126760,ID,2026-03-20
7908,Vanessa,Reeves,38,51822,AL,2022-07-31
7909,John,Hurley,78,214932,KY,2022-05-25
7910,Ryan,Kelly,74,173989,CA,2025-06-09
7911,Danielle,Brown,34,219288,AZ,2018-05-31
7912,Mark,Woods,26,137044,IA,2023-07-03
7913,Tracy,Blackburn,75,190296,GA,2022-03-13
7914,Rachel,Jordan,36,115101,PW,2026-03-18
7915,Nicole,Johnson,21,194090,PA,2025-10-22
7916,Teresa,Wright,70,32728,IN,2024-10-17
7917,Troy,Brown,70,123187,AZ,2016-10-23
7918,Andrew,Allen,32,221490,NV,2022-11-30
7919,Richard,Cohen,79,103319,VI,2023-07-26
7920,Elizabeth,Aguilar,29,97105,TN,2022-01-25
7921,Michelle,Bryant,80,34099,MT,2019-07-22
7922,Leah,Sanders,52,202311,NE,2018-01-03
7923,Stacey,Carey,80,233996,ID,2024-05-17
7924,Melissa,Castillo,78,234606,SC,2020-08-29
7925,Deborah,Bennett,55,57903,MT,2020-04-20
7926,Tamara,Pierce,64,225499,KY,2020-02-25
7927,Gina,Garcia,62,130134,MT,2020-06-15
7928,Michael,Rosales,78,201396,UT,2019-07-11
7929,Jared,Thompson,34,194162,AL,2021-07-15
7930,Vanessa,Cunningham,58,188424,IA,2025-07-12
7931,Seth,Ayers,53,84043,FM,2024-07-30
7932,Amanda,Gordon,70,145916,PR,2022-03-12
7933,Justin,Johnston,32,115003,ME,2022-04-04
7934,Elizabeth,Gallagher,35,83456,MS,2024-10-19
7935,Angela,Rivera,55,195098,SD,2016-12-11
7936,Michael,Livingston,69,227367,WV,2019-04-17
7937,Tammy,Hayes,43,70800,OR,2022-11-07
7938,Jill,Jones,46,90744,WA,2023-08-26
7939,Troy,Moore,64,220391,MI,2017-12-18
7940,Andrea,Hurst,45,126636,NM,2016-11-18
7941,Lauren,Hughes,27,155568,NH,2020-01-20
7942,Zoe,Wade,23,160013,MN,2020-12-16
7943,Kenneth,Hale,29,150426,PA,2017-03-04
7944,Victor,French,29,243804,RI,2026-05-18
7945,Kevin,Spencer,73,76166,AZ,2023-05-21
7946,Meghan,Nelson,30,179332,PW,2025-08-23
7947,Michael,Kelley,49,221228,LA,2020-01-14
7948,Steven,Chambers,29,199755,AL,2021-04-29
7949,Amanda,Alexander,36,35517,CO,2026-05-24
7950,James,Montgomery,37,72708,OH,2018-06-01
7951,Felicia,Payne,74,76591,ME,2021-08-01
7952,Rachel,Sampson,70,133336,NC,2023-07-12
7953,Manuel,Reid,61,189336,MD,2017-06-24
7954,Courtney,Miller,30,48206,ND,2018-12-22
7955,Adam,Ibarra,27,48887,FL,2016-10-27
7956,Steven,Rodriguez,45,94291,MI,2021-05-31
7957,Alexis,Cruz,47,199114,LA,2019-06-02
7958,Darryl,Cole,80,135514,LA,2026-02-27
7959,Laura,Hogan,24,219872,ID,2022-11-10
7960,Christina,Garcia,51,65990,MA,2018-06-22
7961,Charles,Underwood,64,226724,CA,2019-01-27
7962,Anthony,Smith,69,33090,SD,2021-09-26
7963,Laura,Fernandez,56,56143,VA,2018-10-10
7964,Crystal,Hawkins,42,130660,IN,2019-01-30
7965,Brenda,Pace,19,58845,AS,2018-10-16
7966,Maureen,Tran,70,33552,MS,2021-07-18
7967,Cory,Lewis,66,247715,NV,2022-09-27
7968,Rebecca,Gomez,59,41466,IL,2026-04-18
7969,Brianna,Herrera,26,95101,FL,2016-11-10
7970,Doris,Mitchell,67,51914,PW,2024-11-14
7971,James,Adkins,35,67391,MD,2017-04-22
7972,Diane,Griffin,78,194465,AK,2020-01-16
7973,Henry,Gonzales,56,33538,NV,2016-12-10
7974,William,Young,68,32463,PA,2025-04-22
7975,Elizabeth,Moyer,79,237529,PR,2019-12-28
7976,Janice,Barber,24,172179,DC,2022-12-02
7977,Steven,Coleman,65,244500,OR,2021-06-23
7978,Mark,Williams,39,215455,NE,2019-02-06
7979,Thomas,Edwards,23,83037,WV,2020-07-09
7980,Jeffrey,Martin,26,155940,NM,2025-12-06
7981,Crystal,Hoffman,66,177548,LA,2021-05-26
7982,Victoria,Smith,75,146477,KY,2021-01-17
7983,Laura,Myers,70,72767,IL,2022-09-02
7984,Tracy,Nguyen,37,116967,KY,2025-11-02
7985,Edward,Gallagher,48,70504,PR,2017-04-25
7986,Pamela,English,33,44647,PR,2023-06-04
7987,Joshua,Ortiz,52,211414,SD,2022-12-14
7988,John,Thompson,35,194491,GA,2026-02-08
7989,Heather,Gray,52,62263,DE,2023-09-22
7990,Angela,Turner,19,246249,MI,2026-03-01
7991,David,Wells,20,56952,MT,2023-07-02
7992,Jacob,Evans,52,107788,FL,2021-06-22
7993,Linda,Silva,24,164097,MP,2016-10-06
7994,Gregory,Campbell,74,249279,NE,2020-04-25
7995,George,Mills,44,67181,PA,2025-09-25
7996,Alison,Blackburn,18,88802,ID,2025-07-24
7997,Daniel,Martinez,19,89421,TN,2021-10-23
7998,Brittany,Hawkins,45,131025,MO,2018-02-01
7999,Christopher,Freeman,27,122618,IL,2018-12-13
8000,Frederick,Butler,59,105195,IN,2020-10-01
8001,Charles,Thomas,32,209415,MH,2021-04-07
8002,Barbara,Hayes,42,210031,GA,2017-02-01
8003,Timothy,Jacobs,74,217393,MO,2020-08-31
8004,Kelly,Brewer,70,59467,CO,2024-07-27
8005,Derek,Jones,49,74448,FM,2021-04-21
8006,Melissa,Hall,25,88857,IA,2023-01-13
8007,Cheryl,George,24,103875,IL,2018-02-09
8008,Brenda,Wilson,40,49998,NE,2019-11-23
8009,Eddie,Clark,57,117483,GA,2022-06-15
8010,Michael,Pugh,25,124501,MI,2020-12-09
8011,Joseph,Parker,77,52230,VI,2021-10-21
8012,Cynthia,Bonilla,75,41363,SC,2019-02-28
8013,Matthew,Burton,56,69610,ID,2020-09-26
8014,Michael,Rhodes,29,142362,AS,2023-01-06
8015,Amanda,Zimmerman,51,117777,LA,2016-07-16
8016,Louis,Walker,56,77543,NH,2025-10-26
8017,Maria,Gutierrez,61,141475,ND,2023-06-08
8018,Jennifer,Dalton,27,204921,VI,2020-04-02
8019,Michael,Miller,61,109053,TN,2019-07-04
8020,Toni,Johnson,57,244319,PW,2017-01-23
8021,Katelyn,Scott,36,121327,UT,2020-01-14
8022,Sonia,Thomas,74,57242,PR,2016-11-12
8023,Edward,Bates,35,160875,AL,2017-02-11
8024,Holly,Mccann,60,126760,VT,2020-09-19
8025,Shawn,Andrews,77,99573,PA,2025-12-04
8026,Debra,Fry,69,216464,MS,2020-07-23
8027,Debbie,Scott,69,50019,IA,2020-11-24
8028,Kevin,Rodriguez,68,30571,NV,2021-08-08
8029,Sarah,Byrd,73,68965,MD,2020-06-07
8030,Cole,Hamilton,67,201928,SD,2023-06-02
8031,Adam,Davis,27,113953,PR,2022-04-18
8032,Nicole,Jones,27,132393,WV,2017-11-04
8033,Melissa,Hernandez,46,219095,VT,2016-08-08
8034,Ashley,Zimmerman,68,235926,HI,2017-08-09
8035,Mindy,Mejia,80,155418,VT,2024-07-17
8036,Jacob,Scott,70,47645,FM,2016-07-04
8037,Travis,Cummings,25,181478,NJ,2025-05-21
8038,Jamie,Taylor,45,220502,NJ,2021-11-27
8039,Jose,Larsen,35,67923,PW,2018-12-16
8040,Karen,Beck,23,114686,PA,2021-02-11
8041,Laurie,Christian,26,77676,AR,2021-12-19
8042,Cody,Anderson,67,130930,ME,2024-05-24
8043,Hannah,Gray,40,113706,MI,2022-03-08
8044,Ryan,Edwards,49,141105,SC,2017-01-28
8045,Vanessa,Coleman,48,211776,KS,2024-02-20
8046,Lindsay,Carlson,80,138513,DC,2023-06-06
8047,Richard,Sanchez,56,238011,FM,2023-06-09
8048,Jeffrey,Patterson,58,117415,LA,2023-11-22
8049,Patricia,Elliott,26,240276,NC,2022-11-25
8050,Daniel,Brown,78,201430,TX,2021-03-25
8051,James,Bennett,76,94463,OK,2018-04-26
8052,Jeffrey,Castro,42,139749,AZ,2022-04-15
8053,Melissa,Tucker,53,160312,TX,2025-04-24
8054,Derek,Fitzgerald,52,169924,IL,2017-05-19
8055,Cindy,Baker,49,169584,PW,2019-12-06
8056,Justin,Krueger,52,245326,OK,2025-02-15
8057,Cassidy,Roy,32,130827,MI,2021-06-08
8058,Desiree,Daniel,23,182296,SC,2024-01-03
8059,Mary,Gutierrez,63,140583,MN,2024-11-17
8060,Mason,Wells,51,181486,IN,2016-06-27
8061,Robert,Cline,67,211796,OK,2024-06-03
8062,Mary,Villanueva,69,226158,CT,2023-10-11
8063,Shawn,Morgan,32,214311,OR,2024-08-05
8064,Allen,Hall,23,91654,PA,2016-10-28
8065,Jonathan,Hernandez,41,30751,SD,2021-03-08
8066,Andrew,Davila,31,34496,WI,2019-02-28
8067,Daniel,Duncan,41,176374,DC,2021-12-09
8068,Amanda,Parker,48,65020,SD,2024-10-16
8069,Jeffrey,Vargas,76,58876,CT,2017-11-23
8070,Kelly,Mitchell,21,121579,AL,2021-03-31
8071,Alejandro,Smith,41,234117,OR,2023-03-29
8072,Cameron,Chavez,70,66529,SC,2025-09-23
8073,Christopher,Wells,36,150688,MI,2019-01-18
8074,Lisa,Greene,27,248956,VA,2023-11-22
8075,James,Wood,72,174572,LA,2024-04-26
8076,Nicole,Moore,80,140382,ND,2023-09-12
8077,Virginia,Morgan,33,85243,WV,2022-04-09
8078,Lori,Livingston,70,88874,SC,2019-02-20
8079,Amy,Collins,21,225820,FL,2020-05-12
8080,Kristin,Townsend,26,60732,CO,2017-01-15
8081,Richard,Potter,79,212394,WV,2023-01-21
8082,Amanda,Powell,63,67506,IN,2025-12-11
8083,Sheila,Maxwell,42,222172,HI,2018-02-22
8084,Brian,Smith,19,212484,NM,2024-06-09
8085,Kim,Murphy,79,141334,KS,2020-06-07
8086,Sarah,Cuevas,41,44177,NC,2019-09-01
8087,Jerry,Charles,62,57789,UT,2016-07-01
8088,Erin,Green,60,182464,PR,2019-10-27
8089,Michael,Holland,22,154997,GU,2021-08-05
8090,Daniel,Taylor,71,185694,WV,2019-01-04
8091,Melissa,Walters,73,71464,ME,2020-07-02
8092,Kyle,Gibbs,19,68505,ID,2024-09-28
8093,Gary,Carroll,41,67035,VT,2020-10-01
8094,Jared,Rice,23,94237,CO,2017-08-19
8095,Adam,Lewis,22,33270,AK,2023-05-08
8096,Rebecca,Haas,54,247859,VI,2016-11-17
8097,Kimberly,Mcguire,70,139181,GA,2017-04-24
8098,Jason,Obrien,27,230649,MH,2017-09-27
8099,Blake,Kelly,29,153146,VT,2024-09-29
8100,Brian,Dudley,65,66729,HI,2023-08-17
8101,Melissa,Wilson,65,168267,DC,2019-06-13
8102,Christopher,Hampton,62,108514,TX,2026-05-19
8103,Rita,Ramirez,48,137878,TX,2017-09-22
8104,Charles,Delgado,64,118430,VT,2018-07-16
8105,Megan,Hill,46,234838,FM,2025-06-23
8106,Jennifer,Franklin,59,212254,PA,2020-02-23
8107,Andrew,Newman,18,105174,SD,2017-05-28
8108,Katelyn,Gentry,25,70864,WI,2025-03-28
8109,Frank,Gray,21,198415,GA,2021-07-11
8110,Denise,Cook,20,188380,NJ,2024-08-31
8111,Emily,Foster,66,75503,GA,2020-02-22
8112,Rebecca,Jones,50,72034,AZ,2020-03-01
8113,John,Brown,18,133911,NM,2023-12-03
8114,Christian,Stark,71,141049,PW,2018-03-08
8115,Kevin,Williams,61,149091,NV,2022-11-26
8116,Rebecca,Lynch,53,216491,CO,2019-11-23
8117,Neil,Odonnell,71,97647,CA,2024-05-26
8118,Joseph,Henry,76,179963,KY,2016-09-27
8119,Stephanie,Adams,50,110224,NH,2022-01-13
8120,Sherry,Stephens,63,89589,TN,2023-04-28
8121,Katie,Hicks,45,71104,NY,2019-03-17
8122,Erica,Cherry,35,54100,OH,2019-09-17
8123,Ashley,Mayer,51,128975,IN,2023-09-30
8124,Ashley,Powell,80,62802,MN,2018-12-11
8125,Lindsay,Ruiz,65,85538,WY,2026-01-25
8126,Lisa,Moran,43,192278,MT,2024-08-31
8127,Ellen,Kline,21,87385,IL,2021-10-13
8128,Stephen,Garcia,43,78154,MH,2016-09-26
8129,Matthew,Caldwell,70,225558,LA,2020-02-02
8130,Sara,Spencer,80,176615,RI,2017-02-08
8131,Jeffrey,Burns,56,50239,WI,2021-06-11
8132,Lisa,Smith,70,211515,UT,2021-08-16
8133,Brianna,Green,47,155151,CO,2024-11-18
8134,Jennifer,Warren,38,201101,AS,2026-04-12
8135,Kayla,Carter,59,136194,AS,2017-01-11
8136,Mary,Smith,70,129737,WI,2026-03-04
8137,Rachael,Harrison,28,44331,WV,2024-11-11
8138,Derek,Patrick,69,127380,FL,2021-11-06
8139,Justin,Garcia,59,141207,DC,2025-11-09
8140,Scott,Long,30,100757,NC,2017-03-09
8141,Michele,Hernandez,24,57367,TN,2020-03-31
8142,Rebecca,Moon,22,125080,AL,2017-04-17
8143,Willie,Mcdaniel,56,234157,FM,2018-04-01
8144,Jacqueline,Thompson,72,117941,NJ,2020-04-13
8145,Todd,Navarro,19,92791,SD,2021-03-18
8146,Aaron,Rogers,36,72666,WY,2024-01-15
8147,Eric,Carson,52,57909,IN,2016-12-02
8148,Kenneth,Cochran,22,85550,GA,2017-03-04
8149,Katherine,Hopkins,56,32877,VA,2017-09-16
8150,Brianna,Jackson,66,111033,VT,2021-05-16
8151,Brian,Smith,30,174622,NE,2021-04-04
8152,Theresa,Hunter,30,197349,MT,2021-10-23
8153,Carrie,Huber,77,38484,TX,2018-11-30
8154,James,Parks,33,100560,ID,2018-01-03
8155,Susan,Edwards,23,179454,CT,2019-01-08
8156,Allison,Thompson,54,41763,NH,2019-12-02
8157,Sara,Brown,54,237152,MS,2020-09-18
8158,Benjamin,Gonzalez,48,41974,DC,2018-07-25
8159,Lynn,Smith,21,112465,SC,2025-09-11
8160,Donna,Garcia,23,110898,OR,2025-10-05
8161,Debra,Taylor,18,123493,NY,2018-06-17
8162,Richard,Lewis,66,104030,NJ,2018-09-10
8163,Alyssa,Dunn,79,134369,IN,2024-12-18
8164,Norman,Vincent,50,81087,FM,2023-11-12
8165,Nathan,Valenzuela,38,227090,MH,2019-04-03
8166,Raymond,Moore,43,220234,RI,2017-08-05
8167,Kathryn,Melton,40,63952,IL,2024-08-05
8168,Christopher,Hawkins,62,206864,NC,2019-01-20
8169,Jacqueline,Adams,24,116853,NJ,2024-12-17
8170,Pamela,Fuller,44,224367,CT,2017-04-29
8171,Alejandro,Williams,50,56477,MS,2019-06-29
8172,Angela,Mays,50,241679,SC,2017-01-01
8173,Stephen,Perez,67,69370,UT,2024-07-29
8174,Savannah,Sharp,19,183924,GA,2019-04-03
8175,Tracy,Gardner,68,130168,PR,2026-05-06
8176,James,Logan,48,183710,NJ,2024-01-19
8177,Dawn,Carter,73,39806,AS,2021-06-30
8178,Bradley,Jefferson,36,72263,DE,2017-01-06
8179,Benjamin,Hunter,27,208880,VI,2017-09-24
8180,Janet,Marshall,47,50644,OR,2021-12-20
8181,Jared,Jimenez,74,194089,CT,2017-04-10
8182,Debra,Cobb,23,218340,MH,2017-06-12
8183,Christina,Strong,32,86530,OH,2018-02-20
8184,Christine,Oconnor,69,208640,CO,2025-09-25
8185,Nicholas,Williams,59,66926,ND,2022-05-16
8186,Lacey,Brown,67,218364,MP,2023-05-15
8187,Samantha,Blankenship,28,161496,AK,2022-10-03
8188,Andrea,Ford,51,221029,ND,2022-06-25
8189,Brandon,Conrad,56,200759,MI,2016-06-10
8190,Jennifer,Alvarado,51,231493,NE,2021-03-08
8191,Caitlin,Herrera,39,147304,MN,2023-12-19
8192,Daniel,Bradley,68,64392,GA,2021-08-27
8193,Amy,Ortiz,39,106242,AZ,2018-07-23
8194,Robert,Russo,41,193439,CA,2021-02-08
8195,Jennifer,Martin,72,142958,PA,2021-07-19
8196,Sean,Moore,20,216846,NV,2024-05-10
8197,Gabriel,Thomas,67,209011,ME,2025-09-01
8198,William,Santos,42,92681,AS,2020-01-08
8199,Jessica,Williams,31,190009,ID,2024-07-24
8200,Johnny,Woods,56,49660,MA,2024-12-31
8201,Shelly,Levine,79,69951,WY,2020-02-08
8202,Brandon,Cannon,54,194571,AL,2020-01-20
8203,Joy,George,49,55534,KS,2022-08-03
8204,Joshua,Martin,69,33916,MS,2019-06-13
8205,Linda,Gordon,27,230885,IN,2020-01-26
8206,Jacob,Shelton,73,111144,ND,2021-09-23
8207,Jillian,Johnson,53,239029,AZ,2022-01-19
8208,Tamara,Franco,68,52850,OR,2017-04-10
8209,Patrick,Harris,49,54671,UT,2016-10-25
8210,Eddie,Mason,47,112239,ND,2016-08-25
8211,Kevin,Barker,28,107491,MN,2016-10-03
8212,Elizabeth,Washington,28,47868,PA,2019-07-14
8213,Anna,Jennings,35,181129,WY,2021-11-06
8214,Corey,Brady,41,122633,DC,2020-03-11
8215,Adam,Cooke,23,48647,NY,2016-10-20
8216,Larry,Perez,29,216293,MT,2018-03-04
8217,Melinda,Martinez,67,150780,AR,2017-04-29
8218,Dorothy,Hawkins,34,154062,NC,2020-03-11
8219,James,Mcintosh,80,97115,MA,2017-10-28
8220,Joanna,Sanders,66,145879,VI,2018-09-11
8221,Christopher,Reed,59,66817,NY,2026-05-12
8222,Brian,Jones,78,62497,SD,2020-11-03
8223,Patricia,Spencer,80,179090,NC,2017-10-23
8224,Brett,Brown,49,40378,FM,2022-06-09
8225,Lindsay,Wilson,41,105137,ND,2024-11-29
8226,Angelica,Harris,43,137225,NV,2018-05-04
8227,Edward,Howard,72,192446,GA,2020-01-08
8228,Nancy,Anderson,76,208411,VA,2025-04-28
8229,Hailey,Collins,26,145560,PW,2021-04-21
8230,Elizabeth,Bennett,41,164343,ND,2022-01-10
8231,April,Morgan,72,193743,NM,2017-04-22
8232,Sheena,Evans,78,112220,KS,2018-08-16
8233,David,Smith,41,51886,SD,2018-03-04
8234,Frank,Guerrero,61,138316,ME,2024-01-06
8235,Johnny,Gordon,50,147988,KY,2017-09-26
8236,Angela,Cannon,34,208927,CA,2020-03-23
8237,William,Gray,20,192690,FL,2025-03-25
8238,Gregory,Mcdowell,80,198785,NC,2022-05-05
8239,Amanda,Mcintosh,21,224259,AZ,2018-12-08
8240,Shannon,Wiggins,68,94177,AS,2026-03-02
8241,Shawn,Pierce,62,245281,TX,2019-04-29
8242,Heather,Walters,53,32082,MP,2022-12-12
8243,Christy,Arnold,27,57603,TN,2018-09-05
8244,Darryl,Bailey,36,128519,GA,2024-02-11
8245,Renee,Watson,28,179457,VT,2025-02-17
8246,Samuel,Kaufman,43,49130,IN,2021-04-30
8247,Dean,Johnson,32,131770,MH,2025-07-08
8248,Katie,Lara,73,151183,WI,2024-06-08
8249,George,Smith,60,54511,PW,2023-08-31
8250,Alejandro,Stafford,40,152127,DC,2018-02-21
8251,Wendy,Evans,47,198423,TN,2022-06-16
8252,Alexis,Miller,52,244509,NE,2022-11-13
8253,Gary,Johnson,47,58604,FL,2016-11-24
8254,Sarah,Ellison,23,77257,LA,2022-12-17
8255,Mark,Dixon,64,58402,MD,2022-09-10
8256,David,Owens,76,134056,NE,2022-06-01
8257,Kim,Reed,67,143538,NV,2017-11-29
8258,Kari,Dixon,30,135256,NH,2017-09-19
8259,Lee,Scott,39,46900,MI,2024-02-02
8260,Jamie,Carter,38,119764,MD,2018-07-06
8261,Robert,Collins,56,157479,MO,2026-05-15
8262,Sarah,Carroll,31,214101,PA,2022-01-20
8263,Melinda,Hoover,65,154838,LA,2022-06-07
8264,James,Wall,25,102974,PR,2021-02-13
8265,Brandon,Richardson,47,40035,MH,2018-06-27
8266,Derek,Brown,52,70826,AK,2019-12-14
8267,Larry,Willis,78,153199,NC,2019-10-26
8268,Eric,Brooks,27,197828,DE,2021-01-19
8269,Timothy,Solomon,31,113935,CA,2019-12-27
8270,Zachary,Brady,54,38211,VI,2020-11-07
8271,Erika,Morris,56,232953,OH,2017-08-27
8272,Nicholas,Davis,42,46357,LA,2024-07-28
8273,Mark,Moreno,77,241952,NE,2020-02-26
8274,Michael,Cummings,41,236978,ND,2025-05-19
8275,Christine,Anderson,45,154101,CT,2023-12-02
8276,Thomas,Johnson,31,44176,NE,2019-02-23
8277,William,Miller,31,36014,AS,2020-09-26
8278,Natasha,Farrell,78,228866,KY,2024-03-04
8279,Wayne,Garrison,61,140866,HI,2023-02-05
8280,Marisa,Harris,35,96078,NM,2018-11-17
8281,Aaron,Herring,58,76165,AR,2022-10-07
8282,Maria,Wright,23,67155,DE,2016-11-21
8283,Kelly,Trevino,22,101802,NV,2025-09-14
8284,Lori,Jones,43,51419,AZ,2017-05-02
8285,Brett,Martin,37,216700,ND,2023-05-23
8286,Yvonne,Clark,46,140027,AR,2016-11-06
8287,Jason,Johnson,51,86126,UT,2018-10-18
8288,Stephen,Santiago,60,98012,MI,2024-11-02
8289,Jesse,Robinson,29,247723,OH,2020-04-03
8290,Kevin,Foster,21,54232,GA,2023-07-17
8291,Jennifer,Whitney,75,142337,AZ,2016-11-24
8292,Taylor,Jordan,39,227440,SD,2023-08-13
8293,James,Johnson,37,73131,TX,2017-01-22
8294,Laura,Frank,30,121560,ME,2020-08-26
8295,Sharon,Davis,78,139864,OK,2024-09-21
8296,James,Le,48,154649,MH,2020-04-05
8297,Jennifer,White,52,210572,MS,2022-05-05
8298,Sandy,Malone,68,72123,NM,2020-05-25
8299,Brian,Allen,79,212633,MT,2017-11-28
8300,Christine,Price,45,122980,WV,2016-09-28
8301,Melinda,Miller,76,211639,NC,2019-11-06
8302,Michelle,Garcia,54,132010,MP,2017-09-27
8303,Jamie,Smith,70,32603,AL,2023-09-06
8304,Andrea,Taylor,53,235277,WI,2025-11-05
8305,Angela,Kelley,75,186533,IA,2019-08-07
8306,Frank,Torres,30,50397,MI,2026-05-26
8307,Jason,Ramos,64,205102,WY,2023-10-31
8308,Amy,Brown,55,191615,TN,2019-05-07
8309,William,Clayton,27,114864,FM,2016-10-25
8310,Thomas,Smith,60,245876,WY,2020-10-11
8311,Michele,Bates,78,222507,AK,2025-05-25
8312,Vincent,Ward,65,246330,AL,2024-04-13
8313,Lori,Martin,65,222184,FM,2020-08-07
8314,Christian,Wilson,38,33718,NM,2019-09-01
8315,Eric,Jensen,27,150234,FL,2020-12-21
8316,Charles,Adams,77,68662,HI,2020-09-13
8317,Karen,Walters,49,112944,NY,2022-11-03
8318,Jennifer,Farmer,25,237622,DC,2018-06-23
8319,Megan,Harris,80,206670,WI,2017-08-08
8320,Matthew,Mcintosh,44,98892,TX,2026-03-16
8321,Sheri,Snyder,51,219342,GU,2025-02-17
8322,Joshua,Stewart,18,148111,NM,2024-02-16
8323,Hannah,Cline,78,248237,ID,2017-06-02
8324,Jonathan,Miller,72,62956,GA,2019-02-26
8325,David,Hansen,58,147788,CA,2021-12-31
8326,Joyce,Rodriguez,58,181618,KS,2017-02-03
8327,Robert,Todd,24,39564,MT,2023-03-06
8328,Katherine,Riley,31,225482,PW,2017-01-03
8329,Mitchell,Hardy,80,79193,CO,2022-11-27
8330,Jennifer,Moreno,44,212569,GU,2020-07-07
8331,Melvin,Garcia,52,233000,FL,2021-11-13
8332,Tracy,Salas,28,187533,SC,2022-05-04
8333,Kristine,Compton,42,86659,TN,2023-08-23
8334,Christina,Craig,40,84988,UT,2020-02-04
8335,Christopher,Dyer,78,80111,SC,2021-03-16
8336,Kevin,Stevens,80,208160,MH,2025-06-17
8337,Blake,Garcia,54,33767,VA,2026-02-23
8338,Benjamin,Brock,41,243327,NM,2021-07-13
8339,Devin,Chapman,41,34244,LA,2017-11-15
8340,Dylan,Hall,37,110469,MO,2023-10-16
8341,Valerie,Bell,50,244709,NY,2025-02-27
8342,Katherine,Rogers,73,62701,CT,2021-05-11
8343,Christopher,Moreno,62,160844,MT,2018-07-31
8344,Melissa,Adams,59,149537,CA,2017-06-24
8345,Casey,Bowman,44,137580,NC,2022-09-08
8346,Margaret,Riley,40,122330,NM,2024-01-19
8347,Michael,Brooks,71,172204,MN,2026-01-14
8348,Matthew,Murray,45,167145,GU,2019-09-24
8349,Ashlee,Williams,80,230561,PR,2021-06-05
8350,Rhonda,Moody,39,59721,NY,2024-08-17
8351,Daniel,Johnson,77,76088,GA,2019-07-01
8352,William,Fritz,47,142298,CA,2022-11-12
8353,Jenny,Medina,41,76372,NJ,2025-12-11
8354,Manuel,Carter,53,185947,HI,2026-03-07
8355,Tyler,Moon,28,172282,PA,2016-08-27
8356,Megan,Martinez,45,130024,MH,2023-03-04
8357,Tony,Rogers,36,202911,PW,2025-07-15
8358,Emily,Bartlett,62,208331,NC,2018-04-14
8359,Dawn,Fletcher,45,196227,PW,2017-04-12
8360,Peter,Walker,36,214049,WV,2021-01-15
8361,Miguel,Wilson,57,56011,MH,2019-05-15
8362,John,Lewis,23,241272,PA,2021-02-24
8363,Edwin,White,71,57213,PW,2016-12-31
8364,John,Harris,23,200295,ID,2025-07-09
8365,Tonya,Wright,19,191548,AS,2020-10-06
8366,Kayla,White,77,137814,PW,2024-06-02
8367,Madison,Aguilar,24,160129,MO,2023-12-18
8368,Kevin,Powers,65,227060,KY,2022-05-30
8369,Scott,Lewis,57,172798,NE,2016-06-20
8370,Jessica,Long,24,196074,VI,2019-03-13
8371,Jean,Sanchez,46,161953,TX,2022-11-23
8372,Alexa,Ramirez,55,241254,DE,2018-01-09
8373,Michael,Wright,20,205036,HI,2022-07-22
8374,Abigail,Ortiz,36,140268,AR,2024-10-14
8375,Eugene,Carter,31,88426,OH,2021-01-12
8376,Lindsey,Olsen,67,149178,AR,2018-02-02
8377,Bryan,Jones,53,129897,NY,2017-07-26
8378,Danielle,Jones,25,81264,AR,2024-10-28
8379,Kathleen,Rivers,72,153096,ND,2026-02-24
8380,William,Walker,78,62621,MN,2022-08-13
8381,Priscilla,Stevenson,40,238077,MH,2023-06-05
8382,Kristin,Rios,76,151620,AK,2021-03-07
8383,Patricia,Baker,44,245067,MP,2023-01-09
8384,Anthony,Giles,59,214506,NM,2022-11-29
8385,Denise,Lindsey,68,224288,DE,2021-04-08
8386,Isaiah,Johnson,43,31993,VT,2025-11-05
8387,Anthony,Herrera,78,128210,MD,2017-05-09
8388,Edward,Small,68,88703,CO,2023-08-09
8389,Cheryl,Morrison,50,104345,RI,2024-05-21
8390,Tami,Sanford,35,202669,PW,2023-04-20
8391,Jason,Evans,34,110582,NH,2023-05-08
8392,Darlene,Jones,71,238440,DE,2024-02-21
8393,Lisa,Contreras,76,138715,VI,2018-09-17
8394,Stephen,Santiago,61,93322,NV,2025-02-09
8395,Brittany,Peters,18,138673,PW,2021-04-16
8396,Julie,Ross,20,34071,MP,2025-08-20
8397,Andrea,Marks,19,70206,CA,2023-09-30
8398,Mark,Johnson,68,128148,MP,2017-04-05
8399,Stacy,Burns,71,244094,WI,2016-07-15
8400,Brittany,Cline,51,244967,VI,2023-03-28
8401,Jason,Simmons,65,187272,MN,2020-04-16
8402,Tiffany,Dean,38,117841,MT,2022-12-24
8403,Michael,Roberts,28,179995,MH,2020-07-29
8404,Timothy,Davis,45,93394,FM,2018-12-13
8405,Bruce,Jarvis,53,132593,WY,2023-11-18
8406,Michael,Andrews,30,191550,PW,2018-11-17
8407,Kenneth,Sosa,59,133105,KS,2024-03-24
8408,Ashley,Scott,71,43521,NJ,2024-01-22
8409,Anna,Ortega,69,181480,WI,2018-02-09
8410,Jonathan,Elliott,45,63782,DE,2019-07-04
8411,Jason,Smith,78,196795,NH,2025-01-23
8412,Vanessa,Riley,42,220870,MO,2018-05-18
8413,Ronald,Robinson,29,135675,NY,2021-04-04
8414,Daniel,Zimmerman,75,113394,MT,2016-06-22
8415,Matthew,Tucker,51,71535,ME,2019-06-24
8416,Paul,Brown,45,90547,CO,2024-10-29
8417,Jeanne,Mclaughlin,24,216128,AZ,2025-12-25
8418,Anthony,Harper,69,63116,FL,2017-12-29
8419,Paula,Boyer,50,61030,MA,2024-02-27
8420,Kelly,Barr,58,181239,NV,2019-02-02
8421,Mitchell,Castillo,68,132763,PW,2020-11-25
8422,Victoria,Cook,71,229798,KS,2017-01-31
8423,Donna,Bailey,58,98217,PW,2023-02-09
8424,Norman,Stevens,71,174940,SC,2026-02-07
8425,Whitney,Mcclain,28,114516,MA,2018-01-05
8426,Jodi,Smith,31,54446,MN,2019-11-10
8427,Kelly,Myers,23,36721,DE,2016-12-24
8428,Bianca,Bell,45,33024,GU,2022-08-22
8429,Sheri,Ramirez,58,231859,KS,2024-12-15
8430,Michael,Mccann,55,70120,AZ,2022-12-05
8431,Michael,Rodriguez,19,192031,WI,2024-11-25
8432,Theresa,Garcia,63,172520,UT,2017-07-12
8433,Samantha,Salazar,76,50649,AL,2016-07-18
8434,Robert,Williams,54,130245,OH,2022-11-11
8435,Greg,Brooks,19,224599,VT,2020-08-30
8436,Jordan,Gilbert,64,64222,MD,2024-04-19
8437,Joseph,Weiss,80,148936,ND,2025-07-25
8438,Joseph,Guerrero,58,195544,UT,2022-01-11
8439,Mary,Diaz,67,123879,VA,2019-12-22
8440,Carrie,Hendrix,29,92841,OR,2022-08-20
8441,Douglas,Higgins,59,88131,ND,2025-06-30
8442,Troy,Gonzalez,37,80811,CT,2017-11-10
8443,Erin,Gonzales,52,94291,PW,2019-08-30
8444,Kristi,Saunders,64,234479,NV,2023-08-16
8445,Chelsea,Callahan,69,236057,WV,2022-11-04
8446,Mark,Taylor,42,231953,IA,2022-01-06
8447,Brian,Ramsey,34,202820,OK,2017-10-04
8448,Michael,Kane,21,102080,PA,2021-12-22
8449,Brandon,Zavala,23,67688,MT,2022-12-07
8450,Brittany,Davis,58,36066,NJ,2025-03-12
8451,Christopher,Brown,58,181874,SC,2021-03-03
8452,Christopher,Brewer,73,57110,NE,2021-09-04
8453,Stephen,Mcdonald,25,150357,PR,2026-03-05
8454,Christine,Fitzgerald,77,186210,IN,2017-03-24
8455,Cassandra,Welch,25,58069,PW,2021-09-30
8456,Lisa,Garner,27,104045,SC,2023-01-29
8457,John,Gill,34,77350,DC,2026-01-05
8458,Melissa,Campbell,23,50285,KS,2018-01-23
8459,Ronnie,Newman,49,124738,MP,2025-02-22
8460,Christopher,Raymond,76,249759,NM,2023-07-29
8461,Michael,Robinson,31,132445,PR,2025-08-29
8462,Patricia,Boyle,24,158722,SD,2020-01-19
8463,Matthew,Payne,68,35755,MA,2025-03-15
8464,Nathan,Young,44,49287,VI,2019-05-13
8465,Roger,Nelson,49,194018,NC,2020-03-05
8466,Catherine,Hernandez,22,85127,WI,2022-12-05
8467,Maria,Browning,61,140076,MD,2017-05-05
8468,Michael,Hunter,42,112204,AR,2023-08-11
8469,Joseph,Scott,58,148195,HI,2016-07-28
8470,Michael,Ward,69,72232,MP,2025-05-13
8471,Deborah,Smith,29,108316,NY,2024-02-04
8472,Laura,Stuart,18,76839,VI,2020-08-04
8473,Nicholas,Campbell,60,178712,DC,2019-01-22
8474,Justin,Nichols,58,189030,DE,2020-04-02
8475,Mario,Mcknight,72,38244,ND,2020-05-30
8476,Carol,George,25,119865,TN,2017-04-27
8477,Richard,Taylor,40,156854,CT,2017-04-15
8478,Jasmine,Gonzalez,57,187284,WI,2022-01-23
8479,Erik,Cole,52,31314,FM,2022-05-12
8480,Valerie,Martinez,28,166773,NV,2021-08-12
8481,Nicholas,Roberson,65,96715,VI,2022-01-30
8482,Amber,Rowe,77,61875,TX,2018-02-27
8483,Brandon,Lewis,30,188888,VT,2023-09-27
8484,Jessica,Bates,19,170497,MH,2021-07-28
8485,Jose,Flores,19,165789,SC,2022-03-03
8486,Reginald,Gonzalez,50,229481,ME,2017-04-07
8487,Lisa,Morris,27,86703,ID,2022-08-09
8488,Marcia,Tucker,73,125653,IL,2022-03-20
8489,Jenny,Payne,25,86874,NY,2017-06-10
8490,Laura,Garcia,19,115862,TN,2021-03-21
8491,Maria,Baker,26,87609,AK,2026-04-21
8492,Andrew,Cooper,23,220773,PA,2023-08-29
8493,Duane,Carlson,62,63182,UT,2017-04-21
8494,Paul,Cunningham,35,101740,VI,2026-02-07
8495,Brian,Hernandez,48,82228,LA,2017-11-29
8496,Tyler,Duarte,79,54109,MD,2021-02-18
8497,Jill,Ewing,40,215619,VT,2022-04-09
8498,Mark,Hill,53,200898,NV,2022-11-06
8499,Anthony,Weaver,36,152432,GU,2017-07-03
8500,Charles,Martin,65,242077,PR,2023-06-01
8501,Carol,Salinas,49,144311,NV,2023-10-27
8502,Lisa,Park,50,134842,ME,2023-04-02
8503,Kimberly,Morales,77,80608,NC,2016-09-18
8504,Theresa,Nelson,34,75340,MN,2020-01-13
8505,Tara,Rose,30,210107,OK,2025-11-10
8506,Brian,Harrison,72,218061,NM,2022-12-30
8507,Jeremy,Foster,35,132976,FL,2023-12-25
8508,Rebecca,Hester,24,182999,AR,2020-06-01
8509,Suzanne,Andrews,68,230919,MH,2022-09-22
8510,Marissa,Padilla,55,111680,PA,2021-07-16
8511,Judy,Parker,28,238168,NV,2025-11-05
8512,Thomas,Reynolds,31,219283,WI,2019-10-21
8513,Joseph,Smith,49,143631,LA,2020-06-20
8514,Vickie,Craig,74,146957,TN,2020-05-24
8515,Mary,Rice,45,186324,PW,2020-11-30
8516,Kathleen,Lewis,65,101217,CA,2020-05-24
8517,Matthew,Miller,70,113558,ID,2025-02-12
8518,David,Schultz,57,58195,AS,2022-12-14
8519,Mike,Carson,56,130413,NE,2018-04-23
8520,Beverly,Ortega,45,82355,MI,2020-09-09
8521,Francisco,Hamilton,54,122514,VT,2024-09-20
8522,Janet,Walton,41,195858,MD,2019-07-09
8523,Zachary,Flynn,70,46847,IL,2026-04-08
8524,Keith,Vargas,46,73843,CO,2024-03-23
8525,Corey,Rodriguez,74,38849,ME,2024-03-01
8526,Benjamin,Owen,79,164049,NM,2017-08-11
8527,Eric,Warren,34,183844,NH,2016-07-19
8528,Peter,Clark,44,106932,CO,2024-05-29
8529,Michael,Gibson,56,246710,DE,2025-01-11
8530,Elizabeth,Ware,74,199108,GA,2019-11-18
8531,Dakota,Miller,78,169066,NM,2020-12-15
8532,Christopher,Sutton,40,134413,WV,2023-02-26
8533,Eduardo,Davis,19,60054,MT,2019-01-08
8534,Erin,Campbell,29,242085,WA,2020-01-10
8535,Michelle,Torres,38,142561,RI,2020-12-05
8536,Michael,Oliver,68,78736,VA,2025-07-14
8537,Vincent,Lopez,40,94308,KS,2024-01-31
8538,Frances,Wagner,22,86409,WA,2023-05-11
8539,Kathy,Dawson,60,127428,MA,2021-07-21
8540,William,Ashley,41,68021,AL,2017-02-25
8541,Stephanie,Jones,67,112431,AK,2021-04-11
8542,Kristen,Hoffman,25,32525,ID,2023-09-26
8543,Traci,Blankenship,38,210431,SC,2019-09-09
8544,Kenneth,Higgins,18,217905,NJ,2017-11-20
8545,Melissa,Carr,39,86039,ND,2020-12-10
8546,Michael,Garza,47,178758,DE,2016-11-06
8547,Shannon,Mcneil,68,114295,MP,2019-07-18
8548,Jeffery,Vasquez,75,90987,SC,2018-11-13
8549,Cynthia,Velazquez,53,47363,DE,2025-07-30
8550,Ashley,Sanchez,42,104347,MD,2021-07-10
8551,Victor,James,56,85620,NV,2020-11-01
8552,Brian,Cowan,51,87006,OR,2021-11-08
8553,Rebecca,Fisher,24,177051,NC,2021-06-27
8554,Clifford,Reeves,35,217764,VT,2023-10-09
8555,Brianna,Powers,56,241662,TX,2023-03-16
8556,Leslie,Roberts,73,205989,AK,2022-01-30
8557,Cynthia,Bond,22,180457,FM,2017-11-16
8558,William,Smith,75,199415,MN,2018-10-22
8559,Douglas,Bates,44,208816,ND,2017-03-20
8560,Christopher,Nelson,66,144086,DE,2023-09-28
8561,Kyle,Wheeler,38,243226,ND,2021-03-27
8562,Dorothy,Medina,38,81943,TX,2020-08-06
8563,Jeffery,Kaiser,30,43018,DC,2020-03-27
8564,Sarah,Johnson,69,159481,RI,2022-07-30
8565,Patrick,Lewis,49,42266,RI,2020-09-23
8566,Alison,Neal,35,140424,NM,2025-06-13
8567,Samuel,Rojas,25,62530,ID,2024-07-09
8568,Marvin,Parker,46,74863,CT,2018-01-06
8569,Craig,Newton,56,115688,AK,2020-09-30
8570,Lisa,Bailey,55,130363,GA,2024-09-21
8571,Donna,Martinez,33,181103,NC,2025-01-02
8572,Felicia,Williams,19,104720,MN,2018-02-04
8573,Emily,Branch,19,198733,MS,2016-12-02
8574,Caleb,Lopez,68,180931,UT,2016-08-07
8575,Robert,Smith,18,151050,PA,2019-05-20
8576,Alyssa,Sandoval,36,64356,PW,2018-05-31
8577,Jacob,Elliott,71,135594,VT,2022-03-18
8578,Amy,Lam,20,169845,IN,2023-07-29
8579,Jason,Osborne,76,168284,VA,2020-09-05
8580,Jessica,Summers,20,118444,IL,2023-10-20
8581,Adam,Garcia,59,34265,OH,2024-11-20
8582,Barry,Jones,22,153179,VA,2016-12-17
8583,Sarah,Harvey,24,247540,ID,2017-03-16
8584,Michele,Mcdonald,69,138810,CA,2019-12-31
8585,Briana,Jacobs,64,108904,MS,2023-10-06
8586,Jennifer,Miller,35,113149,WI,2019-10-06
8587,Kim,Mills,66,120655,DE,2024-11-10
8588,Kimberly,Mcguire,43,50910,VT,2025-11-09
8589,Heather,Hogan,53,233060,VT,2020-04-16
8590,Stacy,Cunningham,38,159451,AK,2021-12-15
8591,Eric,Garza,57,42339,TN,2016-09-30
8592,Thomas,Carter,43,108235,VT,2021-01-10
8593,Brian,Alvarado,62,149165,TN,2024-01-04
8594,Garrett,Becker,49,198059,PA,2017-12-20
8595,Kari,Miller,79,61827,NE,2024-09-05
8596,Sara,Chapman,71,128017,WI,2021-12-02
8597,Alan,Rodriguez,78,191998,CA,2023-10-09
8598,Paul,Hernandez,24,37677,OH,2024-09-03
8599,James,Wolfe,32,42539,OK,2018-10-18
8600,Daniel,Harvey,70,32725,KY,2018-06-20
8601,Randall,Esparza,26,57560,TN,2024-05-27
8602,Danielle,Baker,38,210249,ID,2017-03-07
8603,Jacob,Gray,64,144211,PA,2018-08-17
8604,Michele,Chavez,32,74614,CT,2017-02-23
8605,Katie,Garcia,23,80111,AL,2026-01-04
8606,Craig,Dixon,64,242934,VI,2017-07-15
8607,Christine,Norman,41,243948,AL,2025-07-05
8608,Claire,Joseph,75,170917,IA,2020-09-05
8609,Melissa,Brooks,18,210418,CA,2021-12-07
8610,Nicholas,Jones,73,43760,TX,2021-11-17
8611,Joshua,Osborn,34,235768,IA,2022-06-18
8612,Brian,Lane,20,59046,WA,2017-09-22
8613,Cathy,Kelly,21,109767,NC,2019-09-16
8614,Ronald,Stein,22,99134,CT,2021-09-18
8615,Brad,Beard,39,210334,UT,2025-10-08
8616,Carmen,Huang,57,237520,MD,2017-06-10
8617,Brenda,Miller,69,129498,NJ,2025-12-03
8618,Michael,Jones,35,213150,OK,2026-05-10
8619,Janet,Davis,28,66113,KS,2021-04-03
8620,Kimberly,Hernandez,55,150768,AR,2023-08-29
8621,Gregory,Lyons,25,63105,MD,2024-04-06
8622,Joseph,Young,38,68797,KS,2023-03-17
8623,Danielle,Payne,66,183126,WV,2020-05-22
8624,Brittany,Gray,74,138342,NJ,2018-05-26
8625,Daniel,Andrews,58,147120,RI,2026-04-25
8626,Joshua,Walters,60,62079,DC,2020-09-22
8627,Kelly,Gonzalez,51,168304,KS,2025-10-18
8628,Jon,Schultz,33,181489,NH,2025-05-11
8629,Jennifer,Tapia,48,203347,WY,2018-03-29
8630,Darlene,Espinoza,49,103542,ND,2018-05-19
8631,Melissa,Weiss,38,232543,KS,2021-02-27
8632,Erica,Lawson,64,156538,LA,2018-06-28
8633,Cole,Huerta,32,54064,CT,2019-10-10
8634,Ashley,Weber,34,230855,MD,2022-04-13
8635,Amber,Castaneda,36,216484,VA,2025-12-02
8636,Shelby,Huff,23,122539,VI,2019-10-09
8637,Jillian,Medina,53,249032,IN,2022-08-19
8638,Kevin,Lee,73,93537,FL,2020-06-18
8639,Alexandria,Espinoza,60,199642,IN,2023-11-13
8640,Pamela,Armstrong,65,83973,IL,2022-12-12
8641,Desiree,Peters,62,50451,MS,2020-09-05
8642,Karen,Hoover,22,159657,NY,2020-08-01
8643,Danielle,Lyons,21,85699,MO,2026-03-05
8644,Kim,French,18,205767,NM,2016-07-01
8645,Amber,Mcpherson,31,152722,MS,2019-07-31
8646,Jim,Richardson,70,130941,DC,2026-02-10
8647,Elizabeth,Jenkins,30,157833,RI,2024-01-03
8648,Steven,Sanders,24,119246,AZ,2025-01-30
8649,Sarah,Simon,31,243384,TN,2016-10-10
8650,Ashley,Washington,55,229649,NE,2017-08-10
8651,Jacob,Hawkins,51,164722,SD,2026-01-19
8652,Philip,Williams,72,112145,NH,2025-03-30
8653,Dawn,Adams,66,111743,LA,2018-05-07
8654,Margaret,Martinez,63,149019,NY,2016-08-20
8655,Paula,Griffith,59,70369,TX,2021-06-01
8656,William,Sanchez,72,162254,MD,2025-08-25
8657,Susan,Gonzales,24,64094,TX,2021-03-24
8658,Kevin,Woods,32,125327,GU,2021-06-16
8659,Curtis,Hernandez,42,148602,NY,2020-12-04
8660,Megan,Taylor,73,192654,OH,2020-03-19
8661,Amber,Hudson,50,83220,SD,2025-10-01
8662,Matthew,Wilson,67,134911,AS,2019-06-23
8663,Sandra,Stout,30,47993,PR,2022-05-13
8664,Maria,Byrd,35,140911,HI,2017-07-31
8665,Roberto,Howard,28,209900,NE,2025-01-01
8666,Jessica,Cobb,37,181320,MN,2018-09-25
8667,John,Luna,59,56755,AS,2017-08-26
8668,Gregory,Baxter,27,150836,OK,2025-04-04
8669,Robert,White,74,58094,OK,2024-12-15
8670,Jacqueline,Miller,65,58888,NC,2025-06-25
8671,Sheila,Mckenzie,33,34348,ME,2022-08-20
8672,Mark,Erickson,75,150808,AL,2025-08-05
8673,Deborah,Martin,29,99928,CT,2019-10-31
8674,Tricia,Pacheco,19,154843,DE,2026-05-12
8675,Ethan,Barnes,60,169168,FM,2022-03-03
8676,Jill,Moore,46,122263,PA,2018-11-02
8677,Cathy,Patel,34,61018,NY,2025-04-22
8678,Carmen,Bailey,77,174258,FL,2018-11-11
8679,Cindy,Kramer,23,122910,ME,2025-02-12
8680,Victor,Frederick,45,85591,NE,2022-11-18
8681,Thomas,Richardson,27,134052,MS,2023-10-21
8682,Anthony,Taylor,50,142944,VI,2025-08-08
8683,Danielle,Garcia,50,117487,AK,2016-11-20
8684,Christine,Brown,21,145694,AR,2024-06-16
8685,Michaela,Castaneda,35,126935,IA,2022-06-09
8686,Jonathan,Oliver,24,42880,SC,2026-03-13
8687,Ivan,Sanchez,59,130275,PA,2021-08-30
8688,Tyler,Lee,64,140779,IL,2025-12-29
8689,Benjamin,Wallace,30,107071,TX,2020-12-26
8690,Emily,Mcgrath,30,135563,NY,2022-07-20
8691,David,Lawson,29,185726,NC,2023-09-23
8692,Darryl,Pena,35,168821,NC,2024-06-05
8693,Melissa,Rivera,56,159398,WY,2020-06-11
8694,Amy,Gonzales,51,143656,MS,2019-04-16
8695,Jeremy,Waters,24,208562,IN,2024-08-06
8696,Timothy,Hughes,21,199435,DE,2019-05-18
8697,Christina,Smith,33,59119,OH,2018-01-07
8698,Daniel,West,32,60195,KY,2016-11-04
8699,Kristy,Jacobs,21,39355,ND,2016-06-20
8700,Richard,Miller,54,99777,AS,2018-07-05
8701,Sandra,Cannon,33,47261,PR,2024-02-03
8702,Kara,Garcia,52,56484,WV,2024-09-12
8703,Oscar,Salazar,35,89366,ND,2020-12-24
8704,Austin,Hicks,74,192587,NE,2018-12-10
8705,Kara,Kennedy,62,217648,AL,2024-10-02
8706,Zachary,Walker,43,132736,MS,2024-12-26
8707,Jessica,Singh,43,56556,FM,2023-09-20
8708,Jeremy,Allen,32,222393,LA,2018-10-15
8709,Cathy,Moss,70,211320,VI,2017-09-05
8710,Randy,Mcdowell,35,159806,CT,2025-08-13
8711,John,Jones,31,74834,MP,2018-07-16
8712,Stephanie,Thompson,68,83366,MN,2019-12-18
8713,Emily,Castro,40,196959,MH,2022-12-24
8714,Jamie,Johnson,36,215035,NC,2025-08-17
8715,Cathy,Hill,56,105491,GU,2022-05-23
8716,Ryan,Ramsey,64,30814,NE,2022-09-08
8717,Jason,Hall,24,78517,IL,2022-05-03
8718,Julie,Vasquez,50,213624,GU,2022-11-01
8719,Stephanie,Evans,57,154979,AR,2020-11-24
8720,Susan,Hobbs,65,110038,PA,2021-09-20
8721,Stephanie,Smith,72,210338,MD,2021-08-02
8722,Jeffery,Nguyen,33,74625,WY,2020-02-13
8723,Brandon,Lin,38,208636,NM,2023-12-20
8724,Robert,Harrison,22,73685,NY,2022-12-23
8725,Dawn,Gilbert,29,117072,IA,2017-10-27
8726,Morgan,Lewis,75,149332,MO,2018-06-20
8727,Monica,Anthony,27,33338,NY,2019-08-08
8728,Jessica,Nguyen,60,154413,NV,2024-05-14
8729,Anne,Henderson,45,117570,KY,2025-03-20
8730,Harold,Perkins,19,76534,MN,2025-09-10
8731,Kaitlin,Hull,80,99162,WY,2018-12-14
8732,Katherine,Moore,74,50179,SC,2025-08-26
8733,Ronald,Bray,28,208048,NH,2023-02-06
8734,Joseph,Garcia,66,32551,DC,2023-05-31
8735,Tyler,Rogers,56,122312,NY,2024-07-16
8736,Jonathan,Klein,80,154211,WV,2019-10-09
8737,Michael,Brown,55,30263,PR,2019-07-15
8738,Steven,Leach,49,94883,MP,2024-06-08
8739,Amanda,Henderson,48,58674,WI,2023-05-10
8740,Kurt,Brown,20,244676,VA,2017-09-28
8741,Lisa,Solomon,19,178705,WI,2021-07-15
8742,Theresa,Boone,61,106194,GA,2024-01-13
8743,Barbara,Jones,71,89844,OK,2020-07-27
8744,Jesse,Patton,51,161896,AZ,2016-09-13
8745,Kevin,Morrison,28,227916,IA,2023-02-05
8746,Jacob,Norris,27,233228,MS,2016-11-23
8747,Breanna,Foley,24,56212,AR,2023-07-10
8748,Stephanie,Fields,37,240735,WI,2020-06-03
8749,Victoria,Nash,65,117995,AK,2019-07-20
8750,Sherry,Wells,46,158624,FM,2021-05-16
8751,Chris,King,65,121955,VT,2016-10-13
8752,Amy,Fry,52,97460,MT,2018-08-26
8753,Ronald,Hill,60,157531,NV,2017-08-17
8754,Dennis,Noble,34,125496,PW,2023-11-02
8755,Allison,Bowen,47,33554,CA,2017-03-24
8756,Samantha,Jenkins,70,122438,NC,2017-11-09
8757,Jaime,Mclaughlin,37,216163,OH,2021-04-20
8758,Derrick,Webb,39,165746,MT,2018-12-06
8759,Joseph,Copeland,67,204047,GU,2023-01-12
8760,Angela,Rollins,72,186170,PA,2024-08-16
8761,Tammy,Nguyen,48,59559,HI,2016-09-11
8762,Eric,Hall,35,209774,TN,2021-02-26
8763,Eric,Wilson,51,220897,WI,2025-06-01
8764,Danielle,Davis,58,35433,CO,2023-06-17
8765,Angel,Gardner,27,137562,ND,2023-02-01
8766,Elizabeth,Simmons,72,87738,MI,2021-08-27
8767,Paul,Cunningham,60,67128,MS,2022-11-09
8768,James,Schwartz,40,160503,OR,2017-12-26
8769,Anna,Montgomery,19,94059,FM,2017-06-03
8770,Emily,Simmons,54,224251,PW,2024-09-06
8771,Cynthia,Adams,62,142910,KS,2023-01-10
8772,Hunter,Perry,41,84082,MN,2017-10-25
8773,Christina,Garner,65,53402,CT,2017-05-19
8774,Larry,Stafford,30,129032,NY,2018-01-11
8775,David,Howard,58,58293,NY,2022-08-02
8776,Michael,Brown,79,101807,ID,2024-12-20
8777,Tiffany,Avila,74,194335,LA,2025-09-06
8778,Brandon,Mills,61,172846,AZ,2024-11-26
8779,Monica,Johnson,75,147773,VI,2020-04-06
8780,Sean,Martin,79,168125,MN,2018-10-25
8781,Tammy,Armstrong,29,99549,CA,2023-11-30
8782,Renee,Douglas,76,208013,ID,2021-01-19
8783,Crystal,Hanna,40,116820,ME,2017-05-18
8784,Manuel,Jackson,43,184441,MD,2023-07-20
8785,Keith,Barnes,44,102416,PA,2020-12-26
8786,Teresa,Gilbert,37,79957,PR,2020-11-12
8787,Anthony,Bennett,20,181916,PR,2018-07-30
8788,Samantha,Cunningham,51,213982,AZ,2022-04-02
8789,Alejandro,Gilbert,39,248673,MA,2025-09-28
8790,Walter,Roberts,57,62233,CO,2020-09-25
8791,Sarah,Conner,45,238491,AL,2022-03-12
8792,Misty,Perez,47,178547,PA,2020-03-20
8793,Elizabeth,Daniels,79,237755,MO,2021-07-06
8794,Barry,Foster,68,120963,NC,2023-09-23
8795,Andrew,Gonzales,36,58885,PW,2022-04-05
8796,Cody,Hart,80,32184,TX,2025-08-07
8797,Deborah,Olson,49,209706,SD,2022-11-11
8798,Crystal,Kelly,27,152242,HI,2025-01-22
8799,Luis,Little,61,69381,RI,2021-02-15
8800,Kerry,Reyes,51,105964,GU,2017-02-25
8801,Rachael,Alexander,57,176313,CA,2024-11-24
8802,Chelsea,Ellis,60,72626,HI,2023-03-08
8803,Shawn,Vasquez,37,157618,OK,2025-06-25
8804,Katelyn,Johnson,36,46938,MS,2023-05-29
8805,Jason,Campbell,69,107260,CT,2020-07-27
8806,Ashley,Black,18,148976,ND,2023-12-05
8807,Denise,Oconnell,20,86970,NM,2023-07-10
8808,Monica,Green,36,246392,IN,2022-09-12
8809,Jennifer,Terrell,55,62357,AR,2016-11-19
8810,Diane,Davis,21,158022,MS,2026-03-25
8811,Jackson,Cox,37,31334,WI,2022-12-20
8812,Melinda,Turner,45,122341,MP,2025-11-19
8813,Tracy,Anderson,60,248656,MI,2019-02-11
8814,Ronald,Grimes,18,43081,CA,2022-12-08
8815,Stephen,Long,34,66102,UT,2022-11-03
8816,Elizabeth,Cook,40,104256,VT,2020-06-01
8817,Jesus,Sherman,68,161594,CO,2023-10-23
8818,Douglas,Yoder,60,231558,CA,2018-10-21
8819,Karen,Henderson,53,70642,MP,2017-09-22
8820,Andrew,Dunn,79,52545,IL,2020-09-10
8821,Courtney,Osborne,63,100954,UT,2026-05-01
8822,Alexis,Romero,27,222165,KS,2025-09-28
8823,Kenneth,Lane,30,143259,ME,2020-01-28
8824,Jessica,Richards,55,51159,MS,2022-12-03
8825,Brooke,Hobbs,36,87372,NJ,2016-10-04
8826,Emily,Kim,20,154040,MI,2019-12-27
8827,Melissa,Weaver,77,122964,TN,2024-03-15
8828,Samuel,Davis,33,242784,DE,2018-07-29
8829,Matthew,White,61,196997,IL,2020-12-15
8830,Steven,Goodman,42,140772,GA,2021-02-11
8831,Susan,Mclean,43,55726,NM,2025-09-13
8832,Kevin,Nelson,75,98487,DC,2025-03-28
8833,Debra,Summers,76,109173,NV,2019-11-16
8834,Alicia,Jackson,56,111457,CA,2019-07-10
8835,Robin,Joseph,29,177824,AK,2025-04-17
8836,Maria,Nichols,45,207975,GA,2018-06-03
8837,Sharon,Miller,74,114536,GA,2025-11-23
8838,Sandra,Logan,69,181563,TN,2018-12-05
8839,Sherri,Barnett,26,209128,AK,2018-03-14
8840,Danielle,Richards,67,82299,KY,2018-02-13
8841,Samantha,Hernandez,34,65570,MS,2021-08-02
8842,Karen,Gomez,44,175302,HI,2017-06-28
8843,Nichole,Harrison,30,108921,PA,2021-08-25
8844,David,Salazar,37,52438,AR,2022-03-07
8845,Hannah,Lozano,37,178547,CO,2017-01-18
8846,Alicia,Powers,77,194710,KS,2017-10-27
8847,William,Chung,47,173086,MD,2025-04-09
8848,Richard,Moran,29,128557,ID,2025-09-30
8849,Michael,Ramsey,68,248589,NV,2017-01-30
8850,Joseph,Gray,45,55176,LA,2025-09-09
8851,William,Hobbs,26,168037,HI,2021-09-09
8852,Travis,Sharp,46,211962,MH,2020-08-07
8853,Amy,Sanders,38,162072,LA,2022-08-14
8854,Lisa,White,77,209611,MI,2023-02-27
8855,James,Lopez,63,123731,PR,2020-10-12
8856,Kathleen,Snyder,47,122849,OR,2018-05-27
8857,Donald,Taylor,45,152303,NC,2022-12-18
8858,James,Smith,44,137546,AL,2019-07-03
8859,Tonya,Robinson,47,37254,KS,2022-04-29
8860,Sandra,Gardner,76,176514,IL,2021-03-16
8861,Crystal,Guzman,19,231004,NV,2019-05-06
8862,Mark,Riddle,44,53181,GU,2017-05-22
8863,Dominic,Simmons,66,66853,PR,2024-12-05
8864,Gregory,Hendrix,57,109269,MI,2022-05-11
8865,Robert,Jones,68,93608,IL,2018-08-12
8866,Kara,Harper,55,164271,IN,2016-12-10
8867,John,Farmer,41,63364,FM,2025-05-26
8868,Jack,Bullock,57,172414,AZ,2024-08-25
8869,Anne,Evans,75,178261,TX,2020-08-12
8870,Sheila,Hicks,74,106898,MT,2026-03-13
8871,Mark,Baker,21,228006,AK,2016-09-14
8872,Carolyn,Parrish,72,132933,IN,2020-01-07
8873,James,Zuniga,26,135628,NE,2020-11-19
8874,Brian,Orr,60,31560,WA,2020-11-04
8875,Lauren,Cooke,47,241676,WA,2019-07-14
8876,Samuel,Martin,66,165792,VT,2019-01-11
8877,Michael,Turner,47,249990,WI,2024-02-07
8878,Nicholas,Moore,21,52192,VT,2026-01-31
8879,Anthony,Thomas,21,100824,RI,2020-06-24
8880,Gregory,Greene,71,200362,VA,2017-02-26
8881,April,Allen,24,117420,GU,2025-04-04
8882,Maria,Hayes,56,55532,PR,2019-03-24
8883,Suzanne,Jackson,70,106172,OR,2025-02-24
8884,Daniel,Wright,54,156213,MH,2022-09-20
8885,Tyler,Gould,62,116850,WV,2020-04-03
8886,April,Rivera,73,45955,NC,2020-02-10
8887,Brittany,Adkins,25,224110,MA,2021-06-09
8888,Meredith,Spencer,55,206793,NM,2022-07-11
8889,Sharon,Watson,50,223819,CO,2021-07-27
8890,Jessica,Burton,63,43898,WA,2025-12-25
8891,Brandon,Johnston,62,83756,NY,2022-08-17
8892,Justin,Arnold,51,67788,VI,2024-06-22
8893,Daniel,Carr,53,224097,ND,2022-08-31
8894,Holly,Jones,79,159841,FM,2023-10-24
8895,Leslie,Price,26,88600,NE,2017-11-26
8896,John,Robinson,75,207125,KY,2022-07-04
8897,Benjamin,Andrews,58,70573,MP,2023-07-28
8898,Taylor,Taylor,37,194689,FM,2022-12-15
8899,Emily,Lang,37,218518,VI,2023-07-03
8900,Tyler,Horne,77,31691,GA,2020-02-05
8901,Jennifer,Thompson,69,157128,KY,2023-05-21
8902,Rachel,Young,57,210296,NH,2021-03-05
8903,Susan,Henderson,30,60070,WY,2017-04-09
8904,Jessica,Lawrence,22,30009,MS,2017-10-24
8905,Jacob,Moran,27,188280,KY,2017-11-04
8906,Anthony,Miller,74,61728,WI,2024-06-01
8907,Michael,Herman,51,55392,MP,2019-05-29
8908,Mitchell,Yang,33,83554,PR,2018-01-11
8909,Robert,Ortega,24,154188,ME,2025-02-12
8910,Amanda,Smith,19,248294,LA,2024-08-07
8911,Jennifer,Smith,50,146343,MA,2024-05-03
8912,Bruce,Taylor,43,44589,GA,2016-08-07
8913,Kelsey,Yates,77,61932,ME,2025-05-31
8914,Kayla,Wilson,37,136052,LA,2020-08-01
8915,Jeffery,Jones,48,78246,NC,2018-01-04
8916,James,Carter,70,91584,PW,2022-06-10
8917,Bruce,Reed,71,173319,MO,2025-10-10
8918,Aaron,Hart,34,245400,NH,2016-09-10
8919,Dennis,Lara,57,208604,CO,2016-11-17
8920,Daniel,Avila,46,202532,PW,2020-08-09
8921,Robert,Duffy,57,62295,MH,2023-08-19
8922,Jeffrey,Nguyen,45,68337,HI,2023-09-08
8923,Dawn,Wells,58,35677,FL,2018-10-22
8924,Theresa,Peck,29,67142,CT,2024-01-05
8925,Bryan,Sellers,70,225192,NY,2026-04-03
8926,Benjamin,Hayes,60,93093,SD,2016-08-04
8927,Gregory,May,28,164090,MD,2018-10-28
8928,Christopher,Mathis,65,213403,NY,2016-08-31
8929,Roy,Dawson,52,82520,ID,2024-07-15
8930,Frank,Woodard,48,155951,HI,2017-05-20
8931,Brian,Newman,36,105877,MH,2022-01-23
8932,Eric,Moore,60,56219,WV,2017-12-09
8933,Richard,Garcia,79,184340,NV,2020-04-23
8934,Jenna,Wilson,49,126295,WY,2020-03-11
8935,Cesar,Johnson,60,102137,NY,2023-11-01
8936,Pedro,Brennan,43,131140,IL,2017-03-30
8937,Ashley,Hines,62,239677,OR,2025-07-21
8938,Tony,Brooks,24,151625,CT,2020-06-01
8939,Christopher,Sims,44,243252,FM,2017-02-01
8940,Barbara,Dixon,45,68840,KS,2025-03-16
8941,Debra,Mcknight,19,104297,NJ,2017-04-08
8942,Jerry,Ramos,47,61490,ND,2017-12-20
8943,John,Mckenzie,54,132086,DC,2021-02-20
8944,Michelle,Contreras,18,182184,NJ,2018-10-28
8945,Amanda,Lee,37,38934,MA,2021-11-26
8946,Sarah,Scott,59,200504,OK,2018-06-11
8947,Jennifer,Downs,75,202278,IN,2024-05-21
8948,Francis,Johnson,57,146517,NC,2024-01-11
8949,Chad,Brown,20,122989,GA,2025-09-20
8950,Chad,Murray,79,66517,WI,2024-07-19
8951,Gabrielle,Jefferson,47,219547,MO,2019-03-10
8952,Danielle,Price,47,102588,PW,2023-06-05
8953,Joanne,King,18,71501,VI,2017-10-13
8954,Amy,Bowen,40,161239,PW,2018-04-03
8955,Janet,Brown,72,161912,NY,2018-10-05
8956,Ashlee,Coleman,31,121444,MI,2023-10-08
8957,Cynthia,Steele,75,215132,MA,2024-11-16
8958,Gina,Burgess,51,132399,MN,2019-05-04
8959,Robert,Perez,50,46453,UT,2021-06-21
8960,Mary,Chandler,29,201945,ME,2022-04-09
8961,Melinda,Osborn,27,122239,NC,2023-10-24
8962,Katie,Smith,59,218536,SD,2017-11-27
8963,Amanda,Watkins,54,118943,NC,2026-02-16
8964,Tracy,Lee,47,217480,NE,2020-02-04
8965,Felicia,Alvarez,72,236227,CO,2023-06-29
8966,Juan,Hurst,26,102965,MI,2025-10-15
8967,Samantha,Garcia,68,229913,MP,2019-08-03
8968,Sally,Everett,60,109411,MO,2020-12-31
8969,Philip,Rodriguez,77,133266,HI,2019-11-30
8970,Dawn,Murphy,22,199118,OR,2023-02-15
8971,Ryan,Delgado,48,128703,SC,2025-07-26
8972,Kathryn,Hughes,79,153667,OR,2018-09-10
8973,David,Randolph,56,202745,MA,2018-08-17
8974,Heidi,Ali,29,181005,MT,2024-08-28
8975,Sarah,Lara,63,162901,OK,2024-07-22
8976,Patrick,Ortiz,67,202728,VT,2019-02-02
8977,Allison,Smith,51,97954,VA,2018-08-30
8978,William,Henry,26,212915,TN,2025-08-25
8979,Debbie,Guzman,38,184364,WV,2024-05-10
8980,Jessica,Duke,79,182233,WY,2017-10-08
8981,Amanda,Weaver,40,183221,GA,2023-10-07
8982,Thomas,Martin,57,247549,MO,2020-09-30
8983,Amy,Bray,43,47713,AK,2017-06-28
8984,David,Alvarez,20,37738,TN,2020-12-01
8985,Kathy,Butler,72,222119,MP,2022-07-01
8986,Patricia,Kirby,28,90739,MO,2026-05-18
8987,Ronald,Thompson,24,204394,PR,2022-03-15
8988,Anthony,Vang,24,160923,MH,2024-06-20
8989,Keith,Romero,77,208080,MA,2019-06-11
8990,Debra,Duncan,48,114845,FM,2018-09-29
8991,Kyle,Campbell,66,90695,FM,2017-06-09
8992,Tracy,Crosby,80,232307,MS,2020-10-15
8993,Angela,Valdez,69,222059,CO,2024-04-15
8994,Christopher,Coffey,68,92027,CA,2016-11-23
8995,Derrick,Hanson,24,75612,MA,2024-11-12
8996,Catherine,Williams,64,130685,ME,2022-09-08
8997,Brittany,Thompson,66,140115,IA,2025-04-15
8998,Eric,Braun,77,46874,WI,2018-09-08
8999,Jessica,Gonzales,21,190406,SD,2019-05-23
9000,Curtis,Riggs,34,60008,NH,2021-10-13
9001,Nathan,Johnson,20,226590,AK,2018-05-02
9002,Melissa,Nelson,22,145744,LA,2019-07-09
9003,Jeffery,Joseph,66,128126,AS,2025-03-30
9004,Cody,Barr,56,195489,FL,2023-12-08
9005,Abigail,Galvan,71,37722,NY,2025-03-29
9006,Jeremiah,Pierce,77,75630,OR,2024-07-09
9007,Katrina,Thompson,38,58222,LA,2022-06-29
9008,Jessica,Chandler,62,147836,NJ,2023-01-18
9009,Jeffrey,Wallace,42,64921,CO,2022-10-05
9010,Paige,Rogers,58,180412,OH,2017-06-06
9011,David,Curry,53,82359,OR,2019-09-25
9012,Susan,Ward,30,96190,DE,2020-01-27
9013,Zachary,Anderson,49,144691,MS,2020-11-13
9014,Christopher,Stevens,61,104996,TX,2019-10-08
9015,Richard,Davis,32,82741,OK,2025-01-22
9016,Angela,Howell,65,72490,WY,2025-08-22
9017,Bryce,Phillips,45,243342,KY,2022-12-13
9018,Dawn,Thomas,51,241988,ME,2019-03-23
9019,Heather,Burton,68,80409,UT,2025-09-01
9020,Kyle,Chan,23,182596,WI,2024-01-18
9021,Nathaniel,Conrad,19,194918,MS,2021-10-13
9022,Cindy,Taylor,79,205284,WI,2018-04-17
9023,Kristen,Nichols,24,83356,MH,2021-06-21
9024,Susan,Martinez,20,242338,WY,2023-10-15
9025,Steve,Carroll,26,31372,VA,2017-03-16
9026,Melissa,Kelley,41,233000,KY,2026-05-11
9027,Matthew,Porter,44,178975,HI,2018-05-21
9028,Regina,Glenn,52,48865,NY,2021-05-09
9029,William,Collins,39,78576,MS,2025-02-04
9030,Vanessa,Thompson,61,221359,WY,2023-06-03
9031,Juan,Reeves,79,220915,FM,2023-05-05
9032,Gordon,Cardenas,59,168452,OR,2020-04-02
9033,Tara,Hoover,49,79843,WA,2021-10-15
9034,Lee,White,71,84388,AL,2023-07-27
9035,Denise,Lewis,54,246944,MP,2017-05-24
9036,Andrew,Hernandez,48,161294,MN,2024-12-13
9037,Keith,Armstrong,40,123450,NV,2021-05-23
9038,David,Singleton,57,176459,NM,2023-05-14
9039,Janice,Osborne,72,66142,LA,2022-04-11
9040,Lindsey,Smith,69,47604,KY,2020-06-17
9041,Scott,Reese,46,142069,OK,2021-05-07
9042,Ashley,Williams,58,128597,OK,2024-05-10
9043,Melanie,Medina,73,48577,MN,2018-07-13
9044,Kelli,Bailey,54,50484,IL,2017-01-09
9045,Steven,Klein,26,235098,ME,2023-02-20
9046,Joy,Smith,51,108178,KY,2026-04-15
9047,Nicholas,Torres,24,60913,IA,2020-08-07
9048,Thomas,Villarreal,49,90443,MN,2021-04-29
9049,Jackie,Mathis,21,187676,CT,2023-11-10
9050,Randy,Miller,52,116748,WA,2026-01-18
9051,Joshua,Johnston,19,88725,MN,2021-04-30
9052,Lauren,Garza,70,105994,MT,2018-07-25
9053,Douglas,Henderson,77,247094,IL,2016-12-02
9054,Madeline,Irwin,34,132347,MT,2016-09-12
9055,Rebecca,Diaz,63,123822,OR,2021-12-19
9056,Carolyn,Hayes,22,71382,IA,2019-04-24
9057,Cynthia,Rios,79,105515,AZ,2023-03-31
9058,Pamela,Brooks,22,170095,ID,2020-02-24
9059,Kenneth,Cole,54,93281,ID,2025-12-20
9060,Robert,Lewis,72,165727,IA,2017-09-25
9061,Shelly,Miranda,77,190234,ND,2020-01-26
9062,Jasmine,Boyd,50,111851,PA,2019-01-24
9063,Megan,Hayes,43,192174,OR,2024-09-26
9064,Laura,Walters,21,173115,HI,2023-07-20
9065,Ricky,Brown,62,59065,SC,2019-02-26
9066,Jaime,Daniel,55,153464,VT,2024-10-18
9067,Dan,Bryant,77,98957,MH,2024-11-23
9068,Carrie,Chan,59,37858,UT,2025-10-14
9069,Hayden,Miller,20,118616,CT,2019-05-07
9070,Shelby,Casey,44,98388,MO,2016-06-26
9071,Colleen,Anderson,30,117697,NH,2020-07-27
9072,Kimberly,Scott,74,230470,VT,2019-05-01
9073,Danny,Murphy,21,66513,VI,2023-03-06
9074,Justin,Rodgers,31,173415,CT,2019-05-16
9075,Bonnie,Gonzales,70,222380,IL,2019-10-23
9076,Kyle,Nguyen,39,228533,MA,2026-05-31
9077,Lori,Johnston,60,46339,WA,2017-07-02
9078,Sara,Williams,33,159382,IL,2017-05-14
9079,Edward,Miller,22,241199,NV,2024-01-02
9080,Ann,Thomas,78,177811,DE,2020-08-26
9081,Taylor,Blackwell,75,189908,IA,2018-03-02
9082,Tyler,Vasquez,62,248891,UT,2016-10-14
9083,Teresa,Terrell,66,241678,MD,2024-07-09
9084,Nicholas,Fields,20,120661,CT,2025-08-19
9085,Tricia,Brown,80,48550,NC,2019-10-09
9086,Albert,Russell,78,139114,ND,2017-04-27
9087,Theresa,Fields,56,223800,OK,2024-03-09
9088,Mark,Howard,57,51127,CA,2017-02-13
9089,William,Watts,74,174552,CT,2021-12-23
9090,Todd,Mercado,48,63938,MI,2017-04-21
9091,Dustin,Vang,35,219616,IL,2019-05-14
9092,Michael,Chaney,20,57279,SD,2016-08-28
9093,Jennifer,Watson,20,160179,WA,2022-10-18
9094,Robert,Howell,50,89046,IN,2022-01-14
9095,Brandon,Stanley,59,121817,ID,2016-07-07
9096,Patrick,Johnson,45,155198,MP,2024-05-21
9097,Joseph,Torres,37,234876,MS,2023-03-30
9098,Ricky,Lynn,72,89704,IN,2025-02-27
9099,Raymond,Foster,19,44511,OH,2025-07-18
9100,Scott,Marks,19,232798,GU,2017-06-18
9101,David,Ferguson,68,242693,TX,2021-06-19
9102,Christina,Evans,30,170033,MT,2026-02-22
9103,Beverly,Ferguson,56,129454,LA,2017-08-23
9104,Sherry,Williams,61,209200,MO,2017-03-21
9105,Jimmy,Barnett,65,34743,PA,2018-03-24
9106,Susan,Acosta,53,156398,CO,2025-11-30
9107,Adam,Nichols,21,131482,ID,2022-05-20
9108,Kathryn,King,67,128888,NE,2018-02-09
9109,Jeffery,Moyer,62,62830,CA,2026-05-08
9110,Kayla,Johnson,45,213851,AL,2021-04-25
9111,Melinda,Sanders,45,174059,MH,2026-05-13
9112,Linda,Rodriguez,26,60299,PA,2018-05-21
9113,Jason,Prince,46,60931,PW,2021-03-05
9114,Valerie,Bautista,75,191389,OK,2018-03-27
9115,Nancy,Allen,80,126392,UT,2018-07-24
9116,Robin,Jones,40,80763,GU,2017-02-14
9117,Amy,Walker,39,144432,OH,2021-10-23
9118,Michael,Hart,76,45184,SD,2023-11-01
9119,Eduardo,Thomas,33,90826,TX,2022-07-07
9120,Ebony,Ramos,23,184302,OR,2022-10-11
9121,Collin,Thompson,18,89539,SD,2018-11-20
9122,Kevin,Powell,44,225946,UT,2019-06-21
9123,Ariel,Baker,66,241742,MO,2024-06-16
9124,George,George,68,170566,NV,2020-07-21
9125,Amanda,Stewart,54,42000,MD,2020-02-27
9126,Jason,Smith,69,33905,ND,2024-10-03
9127,Rhonda,Davis,73,218698,IL,2021-06-12
9128,Jessica,Gomez,33,243023,NC,2022-06-25
9129,Travis,Johnston,21,50083,FM,2021-10-29
9130,Scott,Rosario,21,63217,NY,2020-01-09
9131,Pamela,Calhoun,46,77341,MA,2022-04-29
9132,James,Atkinson,36,41460,OH,2024-12-02
9133,Kimberly,Thompson,38,121663,MT,2019-11-21
9134,John,Spencer,56,201759,DE,2020-09-10
9135,John,Thomas,74,94027,RI,2025-12-22
9136,Thomas,Ruiz,36,64004,GU,2021-07-31
9137,Bryan,Bryant,56,134285,PA,2019-11-14
9138,Daniel,Mcclain,48,202381,KY,2024-05-15
9139,Claire,Wallace,25,202121,DE,2016-10-06
9140,Jessica,Mcfarland,22,50022,GA,2024-08-17
9141,Lauren,Taylor,34,172513,MS,2022-10-24
9142,Drew,Espinoza,31,159742,NM,2026-01-15
9143,Jason,Stewart,63,222733,WV,2024-11-28
9144,Edward,Mcgrath,70,123574,VA,2018-03-31
9145,Christopher,Moreno,75,87746,MA,2025-04-06
9146,James,Riddle,46,216943,LA,2022-03-07
9147,Michael,Jackson,37,126189,ME,2020-06-11
9148,Sydney,Cervantes,67,174547,VT,2018-04-17
9149,Kevin,Elliott,36,201348,ND,2021-10-23
9150,Jeffrey,Murray,33,168109,AK,2024-07-02
9151,Karen,Sanders,75,100132,RI,2021-10-16
9152,Matthew,Clark,38,212916,MI,2019-05-16
9153,Jennifer,Jones,52,161975,GA,2026-01-14
9154,Gregory,Phillips,24,44155,MA,2020-11-06
9155,Karl,Henry,40,137697,WA,2025-02-09
9156,Joe,Downs,63,193019,MT,2017-06-30
9157,Nathaniel,Brooks,49,103343,PA,2019-10-31
9158,Mark,Mueller,23,83360,LA,2020-12-20
9159,Elaine,Hanson,76,65948,KY,2016-07-01
9160,Tiffany,Moody,71,166575,VI,2019-11-08
9161,John,Stevenson,32,109937,OR,2025-02-18
9162,Chad,Le,65,174956,AL,2026-01-11
9163,Adrian,Gutierrez,31,62177,PW,2020-04-20
9164,Hannah,Carpenter,41,220031,NE,2025-11-08
9165,Jenny,Flores,70,236553,ID,2024-07-21
9166,Amy,Tucker,27,39402,CA,2018-07-08
9167,Victoria,Davenport,80,91631,IL,2019-04-01
9168,George,Jones,62,145416,IN,2025-05-03
9169,Kyle,Garcia,59,230328,SD,2018-06-05
9170,Jonathan,Mcgee,47,59946,CO,2023-04-24
9171,Jimmy,Baldwin,19,160785,MN,2023-10-14
9172,Todd,Carrillo,71,38848,MI,2019-01-17
9173,Matthew,Harris,35,102867,WA,2020-08-26
9174,Michelle,Harris,55,130709,NH,2020-04-02
9175,Luke,Young,37,246839,NY,2021-10-07
9176,Cynthia,Schmidt,79,52149,IN,2023-12-31
9177,Jason,Roberts,21,103162,AS,2023-04-13
9178,Grace,Roman,72,189841,NY,2024-05-17
9179,Stephanie,Mitchell,42,159854,MA,2025-09-20
9180,Joseph,Stark,19,130293,NV,2020-01-28
9181,Eric,Garza,42,146397,PA,2017-10-01
9182,Rachel,Brown,20,88837,WV,2025-12-19
9183,Peter,Guerra,31,129438,NJ,2021-04-06
9184,Lisa,Jensen,29,202995,KY,2023-10-07
9185,Lisa,Elliott,45,169589,VI,2022-03-26
9186,Timothy,Johnson,21,203120,WI,2020-12-25
9187,Patrick,Shaffer,37,38206,ID,2023-12-24
9188,Jamie,Lee,52,230014,NC,2021-07-17
9189,Colton,Marsh,40,36813,FM,2019-05-23
9190,Candice,Richardson,76,189577,NY,2021-04-19
9191,Rebecca,Smith,66,118137,MI,2024-05-27
9192,Eddie,Baldwin,77,247096,WI,2022-03-27
9193,Sharon,Clay,76,98821,NE,2024-03-25
9194,Tina,Jenkins,69,227477,MI,2018-07-15
9195,Jeremy,Wright,55,86765,AR,2018-02-20
9196,Benjamin,Miller,66,37168,IA,2019-09-10
9197,April,Nelson,39,220260,MD,2023-12-27
9198,Douglas,Wilson,71,192930,MI,2017-11-09
9199,Gina,Barnes,45,142079,MP,2020-12-31
9200,Donna,Knight,68,221162,WI,2023-08-20
9201,Steven,Wilson,77,222784,AL,2023-02-01
9202,Jacqueline,Leonard,66,44973,FM,2019-12-10
9203,Christopher,Schmitt,69,58628,MI,2021-09-02
9204,Charles,Bennett,53,131740,PR,2022-05-27
9205,Tanya,Robertson,78,219083,MT,2020-12-12
9206,Barbara,Terry,77,207725,HI,2020-03-28
9207,Amber,Carpenter,36,170184,AR,2021-11-27
9208,Matthew,Gardner,47,141105,MD,2025-11-27
9209,Angela,Wells,54,218539,WV,2016-12-21
9210,Lauren,Fisher,54,231591,KS,2017-09-14
9211,Anthony,Lawson,51,98183,IA,2016-07-10
9212,James,Washington,28,129953,GU,2026-01-16
9213,Alexandra,Mcconnell,47,225463,CA,2021-12-28
9214,Maria,Gentry,77,92449,AZ,2019-06-29
9215,Lori,Morton,26,33980,WA,2017-03-15
9216,Elizabeth,Mills,35,239607,VT,2020-02-13
9217,Lori,Duran,61,101930,HI,2019-12-21
9218,Taylor,Diaz,23,95518,NJ,2018-10-17
9219,Melissa,Powers,67,172292,CO,2020-09-10
9220,Jamie,Rubio,36,118482,KY,2020-04-12
9221,Juan,Coleman,54,133442,MP,2022-07-25
9222,Shawn,Moreno,20,191362,ND,2025-07-26
9223,Susan,Gomez,35,124816,PA,2026-03-05
9224,James,Chaney,35,202813,FL,2019-05-20
9225,Timothy,Ball,34,235108,ID,2016-09-05
9226,Arthur,Lopez,59,242404,FM,2022-12-01
9227,Joseph,Hawkins,67,189383,GA,2023-07-03
9228,William,Fitzgerald,18,62586,NV,2022-04-20
9229,Ashley,Schmidt,37,179013,NY,2020-03-05
9230,Lindsay,Haley,60,114145,MH,2024-05-17
9231,Hailey,Hood,71,99341,MS,2016-09-04
9232,Luis,Campbell,72,76867,MI,2025-06-05
9233,John,Hartman,46,151300,WV,2023-07-20
9234,Jennifer,Carlson,19,145319,WA,2026-02-11
9235,Lee,Douglas,18,152274,FL,2019-10-04
9236,Thomas,Smith,20,124037,NE,2022-02-01
9237,Judy,Gibson,48,197180,MD,2023-03-27
9238,Ashley,Perez,72,175911,OR,2022-10-22
9239,Jared,Green,31,137114,NV,2019-01-13
9240,Kyle,Jacobson,21,181930,SC,2019-01-01
9241,Austin,Moreno,78,50852,MH,2019-06-20
9242,James,Mendoza,35,189993,AL,2022-06-01
9243,Carlos,Gordon,53,112320,NC,2016-10-25
9244,Andrea,Boyer,79,46788,DE,2021-06-01
9245,Samuel,Andrews,46,77134,SD,2020-12-08
9246,Donald,Rios,34,230796,LA,2016-07-02
9247,Steven,Dawson,68,102389,VA,2016-11-22
9248,Robert,Medina,34,159742,KY,2025-12-02
9249,Rebecca,Joyce,26,89616,VI,2026-05-26
9250,Darius,Ross,58,75742,NY,2024-11-14
9251,Misty,Fisher,27,191991,NH,2016-06-06
9252,Jacob,Dunn,59,42997,KY,2016-07-20
9253,Latoya,King,32,60001,SC,2017-12-05
9254,Kimberly,Alexander,59,40093,NC,2024-02-21
9255,Austin,Terry,29,209422,RI,2018-08-27
9256,Derek,Craig,50,145424,WA,2018-04-25
9257,Todd,Gray,55,113187,UT,2023-09-29
9258,Robert,Howell,20,175072,RI,2025-05-09
9259,Steven,Hunt,63,89756,DC,2019-02-24
9260,Sherry,Davidson,21,217314,AS,2018-02-03
9261,Wendy,Baker,34,97487,CA,2025-04-17
9262,Amanda,Jimenez,19,207835,UT,2017-02-26
9263,Marvin,Kane,72,122624,MS,2024-03-12
9264,Edward,Murphy,52,218303,OK,2019-01-09
9265,Paula,Clark,20,187438,NH,2022-02-22
9266,Linda,James,33,121679,MD,2023-07-02
9267,James,Cole,24,50310,AR,2023-08-22
9268,Stephen,West,50,146342,GA,2017-08-13
9269,Walter,Waller,25,163964,KY,2019-06-20
9270,Jason,Johnson,22,92122,AL,2024-04-07
9271,Matthew,Newton,31,115403,LA,2026-05-25
9272,Jeff,Strickland,54,127349,FL,2021-03-22
9273,Jason,Cherry,71,245664,FL,2017-02-08
9274,Felicia,Ramirez,61,139043,CA,2019-09-21
9275,Monica,Marquez,22,198266,NM,2023-01-24
9276,Sandra,Doyle,45,104208,GA,2019-03-15
9277,Kylie,Arellano,27,36473,TN,2025-05-20
9278,Robert,Clark,38,189112,NC,2023-12-27
9279,Kara,Mckinney,68,124447,VI,2025-12-07
9280,Jennifer,Clark,39,136990,CT,2023-10-27
9281,Kyle,Simpson,75,200912,MP,2023-12-20
9282,Deanna,Perez,41,153387,KS,2021-07-20
9283,Grace,Hughes,78,107086,MI,2025-06-12
9284,Melissa,Hess,57,38167,AL,2021-10-07
9285,Robert,Johnston,28,126548,AL,2020-04-20
9286,Edward,Bartlett,20,106250,NH,2026-04-03
9287,Bailey,Davis,77,69338,WA,2022-07-29
9288,Rachel,Alexander,76,184986,MH,2022-04-10
9289,Stephanie,Cardenas,19,57848,NV,2025-12-13
9290,Todd,Bell,56,85438,MI,2025-11-13
9291,Amber,Richmond,69,112078,WA,2023-10-19
9292,Sarah,Schmitt,50,217634,DC,2018-07-15
9293,Travis,Fletcher,67,224522,VA,2025-06-21
9294,Jennifer,Powell,50,235381,AS,2024-04-29
9295,Evan,Douglas,55,216866,SD,2019-05-01
9296,Albert,Russell,40,86326,AZ,2017-11-21
9297,Timothy,Johnson,42,247770,KY,2023-07-13
9298,Travis,Peterson,55,38545,MO,2021-01-01
9299,Regina,Hawkins,60,220384,VI,2019-06-24
9300,Jamie,Hill,27,129900,NV,2017-07-06
9301,Brooke,White,66,200187,WI,2025-04-20
9302,Jeremy,Jennings,23,50266,OK,2023-10-29
9303,Alisha,Torres,79,88872,LA,2022-10-03
9304,David,Olson,54,161988,AS,2021-09-21
9305,Danielle,May,54,195235,CO,2022-06-26
9306,Tamara,James,53,222400,MI,2016-08-04
9307,Benjamin,Johnson,44,171287,GU,2025-10-03
9308,John,Owen,64,61782,NH,2025-09-02
9309,Jo,Peterson,72,168348,IL,2023-12-13
9310,Amber,Lyons,69,43482,NV,2018-02-25
9311,Christopher,Ramirez,56,153818,TX,2025-03-09
9312,Lauren,Foster,60,167480,OR,2026-03-01
9313,Leonard,White,51,145610,HI,2019-07-29
9314,Connie,Robinson,38,100564,SC,2023-08-15
9315,Cynthia,Atkinson,30,249154,KY,2023-07-04
9316,Savannah,Martinez,54,106825,MI,2020-02-05
9317,Kristin,Price,76,93970,IA,2019-04-06
9318,Jason,Lawson,39,93720,MI,2019-05-21
9319,Leon,Cohen,69,231233,MI,2025-11-27
9320,Charles,Cummings,80,124886,AS,2019-02-28
9321,Jason,Frank,32,149490,DE,2016-06-17
9322,John,Hernandez,38,226133,KY,2021-12-24
9323,Charles,Jones,80,60255,AK,2017-01-16
9324,Jack,Brown,62,93188,VT,2017-12-31
9325,Isaiah,Jenkins,46,222098,WV,2017-09-07
9326,Joel,Farrell,79,137459,MO,2017-07-12
9327,Seth,Powell,41,50890,NC,2021-02-14
9328,Alyssa,Wright,40,176920,ME,2022-10-02
9329,Mitchell,Reyes,50,50039,TN,2018-07-24
9330,Lauren,Patterson,76,124973,MT,2019-11-23
9331,Lauren,Adams,59,156918,WI,2019-08-14
9332,John,Wilson,56,90384,IN,2022-12-06
9333,Kathryn,Young,46,236124,CT,2026-03-15
9334,Michael,Carr,44,90231,CO,2018-03-20
9335,Robert,Miller,54,247008,WA,2025-11-16
9336,Kyle,Arnold,70,62841,IN,2016-10-02
9337,Jessica,Stewart,77,170932,NH,2020-03-11
9338,Bradley,Kim,33,233541,CO,2017-10-10
9339,James,Gonzalez,76,136854,NY,2021-05-27
9340,Jennifer,Delgado,61,183290,LA,2025-05-25
9341,Michelle,Rodriguez,60,66212,MA,2024-10-06
9342,Sarah,Brown,56,98230,IA,2017-07-12
9343,Kristopher,Davis,68,105205,CO,2019-03-16
9344,Sandra,Wilkins,39,112272,RI,2024-04-29
9345,Jason,King,25,51366,VA,2018-01-28
9346,Gregory,Nash,44,140368,TN,2020-12-08
9347,Joe,Gibson,50,68901,CA,2022-06-17
9348,Gregory,Martinez,54,159551,AR,2023-09-09
9349,Kiara,Burton,58,232544,AZ,2024-09-01
9350,Jennifer,Chapman,30,77163,IN,2024-02-21
9351,Katie,Blankenship,74,149031,OH,2026-03-05
9352,Daniel,Cole,18,73718,MA,2025-04-25
9353,Amy,Pollard,25,139740,PW,2026-04-02
9354,Alicia,Hawkins,34,230673,MS,2016-08-28
9355,Daniel,Obrien,53,216484,GA,2019-11-11
9356,Nicholas,Peck,77,153171,OR,2016-09-04
9357,Matthew,Rivas,65,56475,PW,2017-01-24
9358,Carrie,Pugh,26,38932,OK,2023-05-09
9359,John,Diaz,71,143094,RI,2021-03-11
9360,Amy,Gonzalez,19,210891,HI,2023-04-21
9361,Frances,Rogers,28,49140,MD,2024-08-29
9362,Tina,Wong,26,164977,PA,2023-07-02
9363,Shannon,Colon,73,168755,MA,2018-07-06
9364,Phillip,Pope,76,131741,NE,2018-06-15
9365,Charles,Singleton,75,140718,NY,2023-10-31
9366,Catherine,Bishop,40,63411,RI,2020-06-21
9367,Rachel,Carpenter,43,212695,UT,2018-11-07
9368,Ashley,Freeman,53,93290,NY,2017-08-18
9369,Jessica,Barry,63,106910,OH,2017-12-26
9370,Brandon,White,25,118292,FM,2025-09-17
9371,Jennifer,Young,75,246194,AK,2017-06-09
9372,Megan,Brewer,75,118248,PA,2018-10-20
9373,Elizabeth,Martin,55,189582,SD,2020-07-25
9374,Allison,Day,57,58251,NM,2016-12-01
9375,Jill,Bates,64,41858,VI,2017-12-04
9376,Jason,Choi,22,223658,UT,2023-12-25
9377,Michael,Jenkins,76,123050,PW,2018-07-12
9378,Molly,Edwards,78,147675,MT,2016-09-20
9379,Kathryn,Carney,76,137184,IL,2017-10-31
9380,Danielle,Martin,58,147900,NE,2020-11-27
9381,Russell,Coleman,65,248839,MI,2016-09-17
9382,Carol,Wall,45,105835,WI,2022-10-26
9383,Alicia,Boone,66,155070,PA,2025-02-21
9384,Erin,Mitchell,62,65286,AK,2022-03-11
9385,John,Lucero,64,78090,NE,2025-12-03
9386,Catherine,Calderon,64,230790,RI,2019-11-19
9387,Larry,Green,55,244985,NV,2018-11-04
9388,David,Holmes,77,163529,PA,2023-09-13
9389,Kathryn,Hunter,23,69913,HI,2017-05-19
9390,Jessica,Lopez,75,32040,TX,2017-12-07
9391,John,Harrison,55,185464,KY,2025-03-12
9392,Michael,White,41,206660,VA,2019-12-01
9393,Michele,Larson,59,148889,AK,2016-10-02
9394,Michael,Martin,42,114000,KS,2016-08-23
9395,Anthony,Smith,46,76326,CT,2017-03-24
9396,Jennifer,Jones,50,219407,OR,2023-07-31
9397,Matthew,Obrien,55,103216,NM,2025-06-18
9398,Jessica,Gonzales,78,232638,AR,2020-06-13
9399,Victoria,Morgan,24,90886,SD,2023-01-22
9400,Megan,Blake,37,159313,TX,2023-12-28
9401,Patrick,Clark,39,42658,AS,2023-08-14
9402,Erik,Crane,54,165706,AZ,2020-09-05
9403,Karen,Ward,75,167676,MN,2020-08-21
9404,Laura,Combs,55,163228,NM,2021-03-08
9405,Ann,Haas,72,141854,MA,2021-06-12
9406,Jessica,Garcia,36,114620,GA,2024-12-17
9407,Adam,Jackson,42,113513,WV,2018-01-01
9408,Joseph,Rodriguez,66,76770,GA,2024-06-10
9409,Kevin,Robertson,79,67538,GU,2019-08-12
9410,Frank,Nelson,20,243381,OK,2023-06-20
9411,Angela,Dickson,78,222577,CO,2016-07-04
9412,Robin,Flores,74,221623,RI,2018-06-13
9413,Ryan,Reeves,31,142862,NJ,2018-09-05
9414,Ashley,Smith,51,102943,NJ,2024-07-01
9415,Brittany,Hale,54,191343,DC,2018-01-29
9416,Erica,Harding,38,56074,MP,2021-05-19
9417,Jacob,Adams,40,104656,CA,2023-06-30
9418,Tamara,Mullins,28,61077,IN,2019-06-22
9419,Dawn,Evans,36,101787,MD,2023-05-27
9420,Hannah,Johnson,49,145059,PA,2016-10-16
9421,Christine,Buckley,32,74386,DC,2024-10-09
9422,Jeffery,Ruiz,36,98007,WY,2022-11-18
9423,Todd,Bartlett,56,227517,SD,2024-02-10
9424,Nicholas,Phillips,24,90732,CO,2025-01-04
9425,Bradley,Ortiz,60,103040,NY,2021-12-19
9426,Cory,Murphy,27,55159,MO,2021-04-03
9427,Randall,Watts,31,174746,FM,2023-03-28
9428,Michelle,Roach,71,163352,VA,2023-01-16
9429,Rebecca,Franklin,66,74263,VT,2021-09-09
9430,Michael,Mcintosh,19,186864,OH,2018-03-15
9431,Jeffrey,Hess,75,40418,MH,2025-12-12
9432,Eric,Yates,79,171513,NJ,2019-07-17
9433,Ashley,Woodward,52,239450,WI,2025-02-18
9434,Jeanne,Hernandez,30,31747,AK,2022-12-11
9435,Isaiah,Davis,49,248236,GU,2020-12-10
9436,Nicole,Rivera,70,36757,DC,2024-03-23
9437,Jasmine,Garcia,41,83252,WY,2023-04-30
9438,Ashley,Pierce,36,179727,WI,2018-03-06
9439,Nicole,Berg,45,221912,MT,2023-05-27
9440,Mark,Ortiz,46,166549,LA,2017-06-16
9441,Nancy,Dixon,26,247851,DC,2025-05-15
9442,Richard,Jackson,47,107317,IL,2018-01-29
9443,Andrew,Terrell,76,58734,RI,2019-05-22
9444,Eric,Moore,63,215158,WA,2026-05-31
9445,Ashlee,Bauer,76,61441,KS,2024-08-06
9446,Sarah,Brown,46,143315,ID,2024-10-12
9447,Shelly,Lowe,49,98958,ND,2023-03-21
9448,Brenda,Gray,23,65866,AZ,2016-08-06
9449,Nicole,Bridges,35,221793,MN,2022-02-09
9450,Kristin,Horn,60,60529,ME,2024-05-11
9451,Sarah,Lee,79,122725,WY,2022-02-21
9452,Corey,Waters,69,50726,HI,2023-10-27
9453,Ashley,Coleman,65,237964,MH,2019-03-22
9454,Jennifer,Leonard,32,220673,TN,2018-07-11
9455,Stacie,Mcdonald,22,115751,VI,2017-08-21
9456,Alexis,Vasquez,28,162922,AK,2026-01-09
9457,Bradley,Hayes,39,102380,MP,2016-12-25
9458,Anthony,Stevens,47,195314,NM,2017-05-15
9459,Lauren,Lee,65,164439,ND,2025-02-13
9460,Christopher,Watkins,61,233697,RI,2023-11-01
9461,Nathan,Gardner,22,215285,NY,2022-01-13
9462,Molly,Lopez,62,112525,MN,2018-07-02
9463,Ashley,Jones,75,40055,VA,2025-05-31
9464,Melissa,Johnson,45,56329,MI,2022-12-26
9465,Carrie,Willis,77,214838,IL,2021-03-19
9466,Angela,Nelson,68,166654,HI,2019-07-25
9467,Geoffrey,Rocha,38,79911,CT,2022-05-03
9468,Sarah,Dougherty,71,176320,AZ,2021-12-13
9469,Katie,Morgan,60,249580,AL,2021-12-19
9470,Kathy,Bolton,74,194123,CO,2022-10-16
9471,Gregory,Hill,20,196329,WA,2022-02-12
9472,Richard,Fitzgerald,58,32089,NY,2017-12-20
9473,Lisa,Carroll,33,65880,WI,2018-11-29
9474,Matthew,Blake,55,128620,ND,2016-07-07
9475,John,Mccarthy,73,87726,PW,2019-06-02
9476,Kenneth,Love,61,81295,DC,2020-02-19
9477,Tiffany,Bailey,34,153237,MT,2022-03-22
9478,David,Patterson,27,157010,KY,2025-09-24
9479,Brian,Flores,70,79048,VI,2020-08-23
9480,Matthew,Duffy,64,160213,HI,2024-07-09
9481,Rebecca,Green,36,64548,OR,2022-10-09
9482,Destiny,Abbott,30,196401,PR,2023-01-26
9483,Susan,Edwards,74,53255,MT,2020-02-21
9484,William,Bradford,78,165346,KY,2018-04-16
9485,Robin,Chang,72,219604,MO,2017-01-02
9486,Rebecca,Mathews,65,86148,ND,2017-04-27
9487,Richard,Cross,18,143854,OK,2022-12-07
9488,Linda,Martin,22,158631,KS,2020-11-09
9489,Melissa,Perez,53,190226,VA,2018-09-27
9490,Jason,Nelson,31,216119,MA,2025-07-30
9491,Juan,Martinez,29,40174,AK,2019-12-29
9492,Teresa,Shepard,44,210350,PR,2021-06-18
9493,Judy,Gomez,34,190793,MA,2018-03-20
9494,Mark,Parker,42,195419,MP,2018-05-09
9495,Natalie,Mendoza,55,91529,MH,2016-09-03
9496,Alexander,Roberts,58,121410,DE,2026-06-05
9497,Jonathan,Middleton,48,169057,PW,2024-04-27
9498,Amy,Roberts,60,77202,IA,2025-11-26
9499,Darren,Moody,74,108669,TX,2017-07-20
9500,Jeremy,Barnes,71,90789,NM,2018-02-10
9501,Adam,Chan,74,106576,SD,2021-10-18
9502,Richard,Mcknight,60,157155,IA,2024-02-17
9503,Shelly,Smith,49,238862,SC,2016-09-05
9504,Chloe,Walter,58,132815,TN,2018-08-03
9505,Lisa,Griffin,56,123618,NV,2020-03-14
9506,Kelly,Hunt,52,156080,MO,2025-01-01
9507,Amanda,Espinoza,36,55305,VT,2025-05-12
9508,Briana,Gonzales,32,59456,FL,2019-02-02
9509,Evan,Durham,79,227908,CO,2026-02-24
9510,Charles,White,66,105306,IA,2018-02-24
9511,Matthew,Olsen,44,147223,GA,2018-12-01
9512,Cameron,Wilson,38,94853,PA,2022-08-22
9513,James,Russell,60,141375,IA,2023-03-03
9514,Brandi,Woods,25,76188,FM,2022-02-18
9515,Kevin,Simmons,47,113599,ID,2018-09-13
9516,Nicholas,Anderson,60,59762,IN,2023-03-24
9517,Desiree,Green,40,212706,AS,2017-03-08
9518,Andrew,Rogers,43,214764,IL,2017-03-26
9519,Sara,Aguilar,26,232816,AK,2024-05-06
9520,Austin,Hebert,74,156809,MI,2017-05-18
9521,Laura,Cook,71,240952,SC,2019-07-07
9522,Jesse,Avila,73,158234,OH,2020-07-04
9523,Tina,Clark,56,138004,AR,2016-09-16
9524,Christina,Roman,61,91567,VA,2026-05-05
9525,Steven,Long,19,106265,MO,2019-06-16
9526,Kevin,Phillips,35,163034,GA,2020-09-07
9527,Curtis,Ryan,31,235213,OH,2019-07-24
9528,Karen,Bradley,44,45939,TX,2018-04-20
9529,Crystal,Williamson,53,232322,NM,2018-01-20
9530,Sara,Boyer,38,98578,IN,2018-09-05
9531,Erin,Rios,61,113261,MD,2023-03-27
9532,Katherine,Andrews,44,132597,MO,2023-01-16
9533,John,Foley,69,145854,CT,2018-04-22
9534,Anthony,Pittman,45,134511,MP,2017-06-06
9535,Justin,Caldwell,34,44321,NH,2024-03-25
9536,Spencer,Shaw,35,157272,MI,2024-07-05
9537,Patrick,Stewart,64,87395,KS,2017-11-30
9538,Aaron,Adkins,39,196793,MO,2020-04-26
9539,Denise,Coleman,70,41961,AZ,2016-10-06
9540,Amy,Burton,37,147345,OH,2024-03-18
9541,Matthew,Lane,44,88015,MH,2025-12-28
9542,Christy,Huffman,54,73656,AZ,2019-11-29
9543,David,Michael,52,84054,AZ,2021-06-23
9544,Joseph,Parrish,67,193915,WY,2017-09-02
9545,Deanna,Riley,25,190773,VA,2019-10-14
9546,Darren,Gray,57,116424,MI,2017-05-06
9547,Carol,Neal,26,188586,MD,2020-08-09
9548,Hannah,Johnson,52,35221,CT,2021-05-29
9549,Judith,Richardson,78,219327,FL,2026-02-14
9550,Sydney,Brown,19,240347,CA,2016-06-14
9551,William,Jones,42,53659,FL,2019-12-13
9552,Douglas,Baker,67,214740,PW,2016-12-09
9553,Colleen,Hicks,39,122458,CT,2017-12-21
9554,Melissa,Rivera,67,230805,VI,2019-04-19
9555,Robyn,Santiago,53,46636,LA,2020-05-30
9556,Christopher,Carr,59,42901,MT,2020-08-22
9557,Steven,Gibbs,51,85171,WI,2017-10-29
9558,Elaine,Matthews,41,170370,AS,2026-02-17
9559,John,May,30,71154,TN,2016-08-18
9560,Yolanda,Thomas,71,170430,WV,2022-03-29
9561,Alyssa,Hanson,43,218172,AZ,2025-05-26
9562,Richard,Mills,32,106070,MT,2016-08-16
9563,James,Yoder,69,72311,GA,2021-02-15
9564,Erica,Johnson,76,128010,NE,2022-10-10
9565,Melissa,Harris,39,138369,ME,2020-09-19
9566,Shawn,Salas,31,174952,AZ,2020-06-22
9567,Katie,Davenport,64,95196,MA,2019-06-11
9568,Zachary,Cline,78,33575,VI,2020-09-02
9569,Paul,Nelson,20,35250,NE,2018-02-15
9570,Laurie,Morgan,66,168033,VI,2024-07-26
9571,Misty,Flores,24,161465,MD,2018-09-12
9572,Richard,Martinez,43,237445,SC,2020-03-18
9573,Sharon,Johnson,49,41084,VT,2016-10-08
9574,Calvin,Gomez,28,104210,GA,2022-01-13
9575,Amber,Smith,37,36355,AL,2019-10-24
9576,Lisa,Ho,32,195558,NV,2022-05-21
9577,Kelly,Gallegos,67,210373,MI,2025-03-19
9578,Angela,Berry,33,38854,OK,2017-04-09
9579,Stephen,Chase,35,226585,OR,2021-10-25
9580,Colin,Horton,25,243121,WI,2025-11-06
9581,Chris,Nelson,68,129052,KY,2021-01-09
9582,Kenneth,Castillo,59,135054,WA,2023-02-18
9583,Ryan,Johns,26,244511,IN,2018-07-14
9584,Nathan,Williams,65,100778,IN,2021-09-14
9585,Beverly,Joseph,73,52260,HI,2026-03-20
9586,Brenda,Dean,22,49369,PW,2021-02-05
9587,Christopher,Garza,50,219297,RI,2022-11-22
9588,Caitlin,Moore,63,229854,TN,2021-10-13
9589,Jacob,Richardson,64,138889,NH,2022-11-06
9590,Mason,Moran,19,33864,VT,2026-05-19
9591,Marco,Johnson,65,247645,ND,2022-09-12
9592,Leslie,Alexander,52,188563,MH,2023-12-25
9593,Briana,Williams,76,69805,NE,2024-08-30
9594,Brenda,Wolfe,24,222904,NV,2021-01-02
9595,Bryan,Ortiz,55,237780,NM,2026-03-25
9596,Adam,Wright,43,80930,DC,2022-05-02
9597,Heather,Moody,71,188778,TN,2025-06-21
9598,Jessica,Gaines,72,111838,HI,2020-12-15
9599,Jaime,Scott,68,114863,NC,2019-05-28
9600,Brent,Dudley,45,164310,HI,2016-11-28
9601,Christina,Davidson,65,36142,AR,2021-06-14
9602,Jessica,Taylor,37,101840,VT,2025-02-27
9603,Jennifer,Davis,47,83127,NJ,2024-04-20
9604,Rebecca,Carey,24,99276,MT,2023-06-14
9605,Joshua,Navarro,80,201979,MD,2019-01-20
9606,Austin,Gray,54,153574,WA,2018-03-03
9607,David,Phillips,42,106346,WI,2023-05-21
9608,Kayla,Mcgee,45,54395,WI,2025-07-07
9609,Vanessa,Phillips,32,136517,AZ,2022-12-03
9610,Daniel,Scott,53,103022,OR,2025-11-13
9611,Christina,Chavez,48,104559,FM,2025-01-30
9612,Jennifer,Moore,76,214255,OK,2016-06-22
9613,James,Jenkins,52,162800,TN,2020-04-03
9614,Tammy,Donaldson,33,130246,NE,2024-06-27
9615,Joe,Jones,19,160294,OR,2021-07-31
9616,Alejandro,Burton,64,133191,IL,2024-03-07
9617,Christina,Flores,78,127710,CA,2024-01-30
9618,Mary,Miller,66,173283,WI,2021-12-05
9619,Stacy,Bartlett,63,58391,NH,2023-07-31
9620,Erik,Swanson,46,88736,NV,2021-08-28
9621,Brandy,Foster,54,36525,CO,2024-04-18
9622,Lauren,Mcguire,43,232166,VA,2025-11-02
9623,Michelle,Craig,32,147200,AL,2019-05-28
9624,Heather,Callahan,41,154991,VT,2025-10-17
9625,Deborah,Martinez,54,58560,AS,2019-12-21
9626,Dan,Cole,59,111424,NC,2026-03-04
9627,Bryan,Nichols,39,67688,ND,2025-09-30
9628,Katrina,Mullins,69,195128,OK,2025-02-26
9629,Gary,Duke,80,51924,OR,2024-08-04
9630,Francisco,Anderson,24,177032,MP,2019-04-11
9631,Sabrina,Perkins,28,84442,GU,2019-08-16
9632,Jennifer,Clark,73,158401,HI,2018-04-12
9633,Tiffany,Bridges,55,95527,PR,2020-07-06
9634,Melissa,Taylor,23,67048,GA,2020-06-21
9635,Julie,Johnson,43,191608,CA,2018-02-08
9636,Kristin,Sullivan,71,154129,UT,2018-08-10
9637,John,Frost,51,219538,AL,2019-04-30
9638,Susan,Wright,71,178541,NH,2019-02-08
9639,William,Hale,66,90930,PW,2021-01-20
9640,Sarah,Shaw,21,231171,MO,2018-12-23
9641,Charles,Briggs,49,96066,GU,2024-08-23
9642,Christian,Goodman,44,111646,MD,2019-02-12
9643,Charles,Ortega,65,118570,AL,2019-04-03
9644,Edward,Rich,71,69482,FM,2021-09-13
9645,Gina,Benson,20,114264,DC,2024-02-17
9646,Mark,Diaz,62,178193,IA,2023-12-18
9647,Michelle,Powers,56,136570,TX,2023-09-14
9648,Carol,Johnson,73,31460,VT,2026-05-26
9649,Erin,Mitchell,35,210983,NH,2023-09-05
9650,Andrew,Mann,31,227928,CT,2022-05-27
9651,Tom,Cortez,53,238324,IN,2019-10-04
9652,Sandra,Perry,49,173022,PA,2022-01-27
9653,Damon,Guerrero,49,112055,MT,2020-03-09
9654,Nicolas,Franklin,79,200920,MI,2019-01-30
9655,Margaret,Strickland,33,114367,ID,2019-12-31
9656,Tony,Goodwin,47,215825,NM,2019-10-25
9657,Ashley,Gomez,48,164855,WV,2016-07-23
9658,Timothy,Henderson,53,223903,MP,2017-04-12
9659,Kimberly,Bush,64,51347,PR,2021-07-01
9660,Jennifer,Dalton,76,57536,LA,2025-03-06
9661,Samantha,Pearson,45,213305,KS,2019-08-12
9662,Jordan,Phillips,22,128483,TN,2018-07-17
9663,Matthew,Smith,26,228413,IN,2020-11-22
9664,Melanie,Johnson,18,72491,RI,2022-09-23
9665,Joseph,Singleton,51,226122,CA,2017-06-15
9666,Alex,Fischer,25,73567,MA,2022-08-18
9667,Shawn,Smith,30,144714,AR,2023-11-25
9668,Jennifer,Hernandez,73,59796,CT,2020-01-23
9669,Christina,Parker,20,141196,UT,2017-01-02
9670,Laurie,Stewart,49,74753,MN,2024-10-30
9671,Janice,Carroll,58,240541,HI,2023-07-18
9672,Willie,Phillips,51,157714,WV,2018-08-21
9673,David,Anderson,26,226344,VT,2022-01-03
9674,Lisa,Escobar,73,173415,PA,2020-02-10
9675,Sabrina,Dyer,44,134701,UT,2022-12-17
9676,Michael,Hernandez,18,107791,RI,2024-08-29
9677,Jacob,Hanson,25,144158,MI,2018-10-06
9678,Michelle,Reilly,36,218728,AL,2022-09-30
9679,Richard,Lynn,77,207388,WA,2021-07-09
9680,Thomas,Johnson,35,166965,ID,2024-09-20
9681,Jackie,Franco,38,191244,NJ,2017-09-06
9682,Kayla,Diaz,74,127421,FM,2023-05-03
9683,Alexis,Oconnell,54,200451,FL,2025-04-04
9684,Jack,Smith,28,67097,PW,2022-09-13
9685,Barry,Graham,36,167167,TN,2024-02-16
9686,Chad,Baker,61,83598,GA,2026-03-01
9687,Tracey,Cole,69,190956,PA,2022-03-31
9688,Carol,Rasmussen,78,217295,IN,2026-04-07
9689,Jacqueline,Roberts,41,166152,MO,2017-04-10
9690,Teresa,Hicks,56,95860,MN,2020-12-15
9691,Renee,Collins,48,151341,MP,2016-07-24
9692,Luis,Olson,31,116553,MI,2026-05-24
9693,Eric,Hamilton,77,225759,TX,2017-03-29
9694,Glenn,Johnson,64,65478,AZ,2019-10-20
9695,Amanda,Prince,28,167462,VA,2024-04-05
9696,Cheryl,Smith,63,247424,MA,2023-01-22
9697,Samantha,Hunter,48,32574,FL,2024-01-06
9698,Paul,Wilson,38,139131,IN,2022-05-07
9699,Christine,Clark,29,69413,NV,2019-06-20
9700,Valerie,Hernandez,48,47576,IL,2020-07-08
9701,Theresa,Bowen,80,31468,HI,2020-07-09
9702,Leah,Garcia,37,213884,MN,2018-09-03
9703,Leslie,Lewis,30,82236,OR,2018-11-14
9704,Michael,Peters,62,54601,MI,2016-07-08
9705,Gregory,Williams,52,150217,LA,2024-08-23
9706,Dana,Martin,39,54828,OK,2018-11-16
9707,George,Campbell,21,193832,NM,2025-09-09
9708,Nicole,Murphy,47,185832,AZ,2016-12-30
9709,Joanna,Taylor,28,47503,NE,2022-10-23
9710,Adam,Park,40,196813,MA,2024-04-22
9711,Nicole,Murray,53,89252,NE,2017-09-10
9712,Jesse,Moreno,40,194841,NH,2023-08-08
9713,Joshua,Kline,18,80499,TN,2020-02-16
9714,Brent,Olson,35,104498,AL,2024-03-12
9715,Shawn,Kaiser,70,141716,HI,2023-07-20
9716,Samantha,Shaw,55,221187,FL,2020-11-01
9717,Brad,Joyce,37,126278,OK,2020-08-31
9718,Heather,Hill,57,231061,OH,2023-07-03
9719,Mariah,Rowe,43,96781,WA,2021-05-16
9720,James,Huang,53,171824,CA,2025-06-02
9721,Hannah,Thompson,59,202849,NV,2023-07-12
9722,Shaun,Manning,30,50309,VA,2025-07-26
9723,Rodney,Ramsey,55,69956,RI,2016-07-27
9724,Ryan,Lynn,24,221537,VI,2024-11-22
9725,Crystal,Edwards,31,103396,AZ,2016-11-09
9726,Gabriel,Stevens,29,98927,SD,2019-02-25
9727,Terri,Harrington,54,56823,AL,2022-03-14
9728,Jennifer,Travis,26,238898,DC,2017-05-06
9729,Lisa,Meyer,51,183961,WI,2020-08-11
9730,James,Deleon,59,230816,ME,2016-12-19
9731,Tasha,Graham,42,116549,AR,2025-03-21
9732,Eric,Buckley,54,232369,NE,2017-10-25
9733,Christopher,Conrad,72,185233,RI,2025-10-23
9734,Tracy,Silva,56,102676,HI,2018-05-13
9735,Jason,Thompson,79,241628,NV,2019-03-07
9736,Carolyn,Walters,65,191451,AL,2023-10-31
9737,Amy,Jackson,60,154100,CA,2018-11-13
9738,Tracy,King,31,74066,NH,2021-08-24
9739,Amy,Thomas,18,235354,OH,2020-03-06
9740,Emily,Buchanan,32,86739,NE,2020-09-17
9741,Amy,Delgado,23,240594,CA,2023-10-08
9742,Shannon,Simpson,57,68401,FM,2020-04-23
9743,Richard,Estrada,27,73206,VT,2018-05-28
9744,Anthony,Johnson,48,30064,IA,2016-07-25
9745,John,Howard,38,50391,NV,2023-03-20
9746,Jeffrey,Mullins,75,43681,RI,2021-10-15
9747,Michele,Robinson,26,164140,UT,2021-11-29
9748,Samuel,Gardner,69,145261,DE,2020-10-14
9749,Kaylee,Murray,45,204284,MP,2026-05-18
9750,Karen,Friedman,48,115744,OR,2016-10-26
9751,Taylor,Harrington,37,161170,ID,2021-03-06
9752,Melissa,Lewis,66,60748,SD,2022-08-02
9753,William,Shaw,33,176838,GU,2017-02-17
9754,Timothy,Perry,43,128909,HI,2019-07-29
9755,Alexander,Wilson,67,131064,MI,2019-04-24
9756,Brandy,Sanders,63,154381,NV,2017-10-09
9757,Brian,Jackson,40,111726,VA,2026-03-22
9758,Laura,Kennedy,71,166835,MS,2021-05-14
9759,Anthony,Gonzalez,38,169116,SC,2022-11-06
9760,Craig,Montgomery,23,188696,GA,2018-09-22
9761,Olivia,Vargas,71,86072,MT,2024-08-18
9762,Martin,Grant,79,73546,ND,2020-07-26
9763,Brian,Williams,78,196138,OR,2017-12-04
9764,Joseph,Norris,71,102807,AZ,2020-05-28
9765,Jeffrey,Hogan,63,67456,FL,2021-09-01
9766,Sarah,Harris,71,144620,NC,2025-09-18
9767,Andrew,Smith,53,145775,OK,2017-09-24
9768,Tommy,Perkins,49,212216,DE,2018-01-03
9769,Theresa,Novak,68,95677,OK,2025-07-12
9770,Jennifer,Kennedy,61,61520,FL,2018-05-18
9771,Sharon,Baxter,53,144141,DC,2024-10-21
9772,William,Harrison,59,121273,MP,2020-07-30
9773,Oscar,Lowery,29,36631,AK,2018-07-10
9774,Matthew,Compton,73,125862,NV,2019-04-14
9775,Brooke,Jimenez,72,152178,SC,2024-07-01
9776,Tim,Cardenas,67,205646,RI,2025-11-01
9777,Kristin,Solis,40,220969,NY,2025-08-19
9778,Lisa,Marshall,45,86041,SC,2023-08-11
9779,Emma,Hughes,57,176746,NC,2023-09-26
9780,Cynthia,Neal,74,80065,MT,2026-02-04
9781,Darlene,Bowen,42,128095,WV,2025-02-12
9782,Megan,Mckee,29,225986,NV,2022-07-16
9783,Jerry,Matthews,18,81337,IA,2023-01-02
9784,Erica,Johnson,46,124631,KS,2023-01-01
9785,Kathy,Evans,51,81088,UT,2019-06-15
9786,Jonathan,Peters,18,183665,OK,2023-08-09
9787,Johnny,Gardner,37,116101,SC,2024-06-21
9788,Priscilla,Mccarthy,24,126696,FL,2024-09-29
9789,Michael,Webb,76,96521,AK,2020-12-11
9790,Taylor,Gardner,50,33406,TN,2021-08-24
9791,Daniel,Vincent,56,101572,IN,2019-08-24
9792,Kirsten,Henry,20,199664,CO,2025-07-17
9793,Stephen,Zavala,35,198211,MO,2018-08-31
9794,Jesse,Mosley,48,134410,NM,2024-01-23
9795,Michael,Gordon,20,212320,IN,2019-12-20
9796,Beth,Santiago,63,96332,CO,2016-08-23
9797,Joel,Campbell,35,193910,NC,2026-04-07
9798,Daniel,Donaldson,21,179993,MS,2019-03-22
9799,Samantha,Chan,70,37976,HI,2022-08-22
9800,Carmen,Ferguson,73,218227,KY,2024-10-16
9801,Morgan,Bennett,77,153419,FM,2019-12-02
9802,Darius,King,56,195737,NE,2023-02-04
9803,Kaitlyn,Macias,47,158529,NE,2023-07-30
9804,Samuel,Crawford,29,154111,NC,2020-09-17
9805,Mike,Smith,65,199750,PA,2018-04-01
9806,David,Stokes,66,173022,MN,2019-12-28
9807,Tara,Patel,69,57233,GA,2016-12-27
9808,Anthony,Turner,20,126871,WA,2016-10-07
9809,Rebecca,Chan,19,190673,LA,2017-07-17
9810,Ronald,Ramirez,75,216990,GA,2024-01-14
9811,Benjamin,Norris,27,214979,MA,2016-09-30
9812,Julian,Murphy,65,76375,NJ,2021-07-20
9813,Mark,Vance,73,64510,KS,2021-08-22
9814,Pamela,Adams,23,139988,IL,2026-01-30
9815,Loretta,Kennedy,71,61307,UT,2017-04-28
9816,Darin,Payne,21,146228,PW,2021-01-06
9817,Sean,Phillips,58,216277,ME,2019-01-23
9818,Brian,Kirby,21,112375,MS,2021-03-02
9819,Patricia,King,24,172628,MH,2019-06-06
9820,John,Miller,35,80903,MS,2022-03-19
9821,Michelle,Walker,59,190957,OK,2021-11-17
9822,Michelle,Brown,65,34371,VI,2025-02-04
9823,Kimberly,Cook,39,249486,RI,2021-10-18
9824,Shannon,Lawson,61,112963,ME,2024-09-12
9825,Paul,Ferguson,75,215941,HI,2026-03-01
9826,Heather,White,28,183838,PW,2023-07-12
9827,Bradley,Higgins,64,126011,VT,2022-05-10
9828,Michele,White,51,33714,WV,2017-02-10
9829,Melissa,Ford,78,204193,NJ,2025-05-29
9830,Lisa,Thomas,43,139151,CA,2024-05-28
9831,Melissa,Barnett,71,205039,MS,2026-01-17
9832,Elizabeth,Wilson,60,46117,VT,2023-01-10
9833,Sandra,Johnson,22,80578,MS,2018-01-14
9834,Anthony,Kennedy,70,229568,PR,2016-10-09
9835,William,Chandler,50,68669,OH,2024-12-11
9836,Maria,Ortiz,64,99897,VA,2023-02-23
9837,Timothy,Fowler,23,75242,MD,2022-08-19
9838,Robert,Lambert,46,41667,SC,2018-10-17
9839,Tara,Miranda,35,189522,AL,2022-06-22
9840,Mario,Garcia,30,210542,LA,2023-04-29
9841,Travis,Wilson,50,137282,KY,2025-01-03
9842,Donna,Carrillo,29,196540,NJ,2021-12-24
9843,Daniel,Romero,65,249639,MH,2018-08-21
9844,Amber,Brown,78,30845,MD,2024-06-03
9845,Darrell,Adams,37,101765,MH,2019-03-08
9846,Yolanda,Garcia,53,121929,PA,2026-04-20
9847,Karen,Bryant,25,119509,OH,2019-07-24
9848,Jamie,Stokes,47,178943,VI,2017-05-10
9849,Paul,Vega,71,212528,PR,2018-09-18
9850,Karen,Warren,23,178423,SC,2019-04-12
9851,Andrew,Richardson,77,151374,MD,2023-09-17
9852,William,Hicks,23,60477,KS,2021-08-10
9853,Tiffany,Romero,76,53740,ND,2023-07-24
9854,Jacob,Webb,29,221247,IA,2024-01-01
9855,Amanda,Noble,23,78669,MS,2019-06-01
9856,Robert,Meadows,38,184966,ME,2026-04-22
9857,Matthew,Cook,58,35271,TX,2016-10-01
9858,Jennifer,Schwartz,67,74390,MD,2020-09-20
9859,Timothy,Bridges,68,32736,IN,2016-07-23
9860,Danielle,Horn,31,197233,MD,2026-03-05
9861,Cindy,Robinson,41,150677,AL,2023-08-09
9862,Donna,Moody,23,219864,MD,2023-04-17
9863,James,Wolf,78,94679,MO,2026-03-06
9864,Kevin,Cline,37,249495,AK,2020-11-29
9865,Julia,Rodriguez,61,198379,WA,2022-09-14
9866,Scott,Hunt,78,80092,AK,2024-09-09
9867,Dwayne,Clark,65,228136,HI,2020-05-27
9868,Lauren,Kim,65,64795,ME,2021-08-29
9869,Patricia,Johnson,37,43981,MD,2023-11-02
9870,Jerry,Parks,42,215051,VT,2017-10-27
9871,Kenneth,Lee,36,76662,NE,2024-09-06
9872,Richard,White,35,66811,AK,2016-10-24
9873,Jasmine,Williamson,54,112717,MH,2023-03-29
9874,Julie,Macias,44,89234,SC,2016-07-06
9875,Laura,Nguyen,71,79347,MI,2017-11-05
9876,Mary,Bishop,35,82225,TX,2017-08-06
9877,Charles,Lewis,29,107314,SC,2020-07-29
9878,Jeffery,Sanchez,34,212860,MS,2019-07-10
9879,Douglas,Smith,46,99348,NC,2018-06-03
9880,Joyce,Jones,23,158420,MA,2025-02-23
9881,Christopher,Peters,40,181701,NC,2018-11-28
9882,Richard,Robinson,41,121451,NH,2025-06-06
9883,Daniel,Hall,67,198250,NC,2019-03-18
9884,Vickie,Perkins,51,147879,OK,2018-08-17
9885,Kevin,Davis,71,195419,NJ,2020-04-26
9886,Matthew,Frazier,61,248033,AR,2021-04-16
9887,Ashley,Figueroa,28,39628,VI,2019-06-28
9888,Michael,Joseph,78,248817,FM,2024-11-06
9889,John,Foster,55,131103,MT,2022-04-15
9890,Kayla,Miller,27,171020,TN,2021-01-01
9891,Anthony,Hill,54,85223,KY,2018-02-13
9892,Jermaine,Farley,62,143732,MP,2017-10-03
9893,Christopher,Harrison,40,199347,CA,2020-01-04
9894,Raymond,Logan,69,208786,IL,2022-03-20
9895,Susan,Herrera,68,105678,AL,2019-11-13
9896,Kristen,Adams,31,119700,MP,2017-08-26
9897,Eric,Brown,62,162059,OK,2024-07-07
9898,Eric,Moreno,53,247542,LA,2025-04-14
9899,Jeanne,Williams,65,238219,MH,2022-11-24
9900,Stacey,Martinez,35,53791,PR,2016-09-18
9901,Steven,Glass,50,232744,WV,2019-12-31
9902,Mark,Howell,31,97689,NM,2023-01-25
9903,Sarah,Rogers,31,152601,OR,2020-04-27
9904,Barbara,Romero,34,38243,ND,2022-06-23
9905,John,Simmons,77,60224,TX,2020-07-04
9906,Austin,Mullins,51,202577,OR,2019-02-15
9907,Jason,Tate,58,78870,LA,2025-03-14
9908,Jennifer,Gonzales,48,66651,IA,2023-09-25
9909,Melinda,Bradley,47,183831,NJ,2018-12-06
9910,Julia,Chavez,38,127591,MD,2017-05-09
9911,Mary,Guerrero,54,129066,NE,2018-02-17
9912,Miguel,Arias,60,184243,TX,2026-02-13
9913,Lori,Perkins,75,38873,AS,2017-01-26
9914,Jeffrey,Green,38,213838,VT,2024-10-27
9915,James,Smith,24,195012,TN,2019-07-14
9916,Kevin,Lopez,40,32070,KS,2018-08-26
9917,Danielle,Campbell,28,140469,MO,2020-08-28
9918,Shari,Watson,48,117742,RI,2020-02-07
9919,Jacqueline,Santana,39,199838,PW,2017-03-16
9920,Deborah,Singleton,75,56268,CO,2019-02-25
9921,Joanna,Golden,29,123848,MT,2022-11-02
9922,April,Parker,37,72662,GA,2019-10-12
9923,Cindy,Hughes,47,173334,NJ,2025-06-08
9924,Angela,Harris,29,227144,NJ,2020-04-18
9925,David,Bailey,19,145083,CA,2025-09-11
9926,Renee,Hernandez,69,191641,MH,2026-04-03
9927,Kristin,Terry,47,185602,AS,2025-09-16
9928,Joseph,Martin,54,212058,MN,2017-06-25
9929,William,Fields,45,221615,IA,2022-12-27
9930,Ronald,Garcia,43,154144,ME,2020-12-24
9931,Marissa,Marshall,71,93855,HI,2023-06-22
9932,Amanda,Little,34,219627,WV,2019-05-12
9933,Allen,Roth,41,187533,KS,2022-02-05
9934,Michael,Rose,39,156499,MD,2022-04-03
9935,Matthew,Chambers,61,135159,NH,2025-11-26
9936,Justin,Hawkins,37,40519,CO,2023-09-01
9937,Stephanie,Cruz,80,91421,UT,2018-12-31
9938,Christopher,Singh,66,162896,NH,2020-01-18
9939,Benjamin,Kelly,24,140358,AZ,2024-06-29
9940,Alice,Nguyen,45,232918,UT,2019-09-28
9941,Victoria,Lee,35,181385,DC,2023-01-16
9942,Lisa,Blackburn,43,185471,NV,2025-07-25
9943,Mary,Flynn,19,72998,DE,2020-01-28
9944,Dana,Dixon,50,73616,MT,2024-12-05
9945,Jason,Adams,77,108795,FM,2026-06-04
9946,Patricia,Estrada,74,186460,NM,2025-03-24
9947,Carmen,Hughes,79,212879,AK,2019-12-27
9948,Jeremy,Craig,78,167385,NY,2022-05-09
9949,Brenda,Gilmore,30,178894,PA,2024-04-16
9950,Latoya,Terrell,66,66581,AK,2018-05-05
9951,Michael,Johns,26,203908,GU,2023-06-14
9952,Sandra,Sanchez,39,236718,AZ,2023-04-06
9953,Mark,Diaz,79,44103,AK,2018-09-13
9954,Mary,Kaiser,80,53697,CT,2018-06-18
9955,Darlene,Barrera,37,237844,NV,2024-10-13
9956,Jeffrey,Green,67,67083,GU,2020-12-25
9957,Tiffany,Harmon,69,120728,TX,2026-03-23
9958,Amanda,Rodriguez,47,133807,PA,2019-01-25
9959,James,Duncan,28,150740,GA,2019-04-04
9960,Robert,Norris,18,202650,NC,2017-01-09
9961,Adriana,York,27,82535,MN,2024-11-13
9962,Ronnie,Lopez,74,75106,FM,2017-08-23
9963,Vincent,Allen,37,110616,AR,2017-11-15
9964,Tracy,Roman,23,78390,VI,2016-08-07
9965,Alexander,Patel,33,83299,GA,2021-04-10
9966,Brianna,Thompson,45,53636,MH,2022-11-23
9967,Erika,Russell,64,94155,KS,2025-11-14
9968,Henry,Thompson,27,209493,OH,2020-02-03
9969,Teresa,Moore,53,233321,IN,2017-05-08
9970,Douglas,Parker,41,31296,FM,2025-05-22
9971,Jennifer,Foley,48,71767,NY,2019-06-23
9972,Kevin,Baker,40,56191,WV,2017-06-09
9973,Jason,Evans,48,174134,NV,2023-10-11
9974,Maureen,Cross,61,133297,AZ,2019-04-03
9975,Angela,Lee,62,85703,HI,2020-07-03
9976,Tammy,Cortez,76,153812,OH,2016-07-22
9977,Nathan,Rice,60,128642,VI,2018-07-02
9978,Eric,Carlson,71,151499,IN,2025-08-25
9979,Daniel,Harrington,63,93633,TX,2020-04-10
9980,Jeremy,Curry,66,55119,MS,2024-08-22
9981,Hunter,Russell,42,63686,TN,2019-07-23
9982,David,Smith,38,230027,MS,2023-08-08
9983,Jason,Lee,77,65003,ID,2023-03-11
9984,Jennifer,Wilson,43,232705,MD,2020-06-18
9985,Nicholas,Stewart,38,104237,SC,2024-06-10
9986,Stephanie,Jensen,70,206881,ME,2020-02-20
9987,Ronald,Scott,64,141304,AZ,2022-04-27
9988,Kayla,Barron,56,133245,MS,2016-06-20
9989,Roy,Thompson,52,48784,AK,2018-03-18
9990,Michael,Romero,40,158007,DC,2021-12-05
9991,Dawn,Rodriguez,60,224099,KS,2026-04-05
9992,Alyssa,Lowery,80,183728,NE,2019-04-19
9993,Darren,Thompson,19,88115,SD,2018-06-10
9994,Michael,Hernandez,74,189520,MO,2016-07-27
9995,Steven,Smith,29,231285,ME,2022-04-11
9996,Patricia,Mcgrath,33,126765,PR,2023-04-23
9997,Tiffany,Sutton,41,119089,CO,2023-11-01
9998,Misty,Harrison,50,245806,IN,2024-04-27
9999,Brian,Kemp,18,190056,SD,2017-05-02
10000,Cynthia,Vargas,56,227049,MH,2018-03-20
