customer_id,first_name,last_name,age,income,state,account_open_date
1,Robert,Edwards,58,59184,MA,2016-12-25
2,Lisa,Avila,19,224393,PA,2024-03-22
3,Brian,Watson,35,94196,VI,2020-10-27
4,Leah,Miller,32,66579,AR,2017-03-07
5,Jennifer,Nelson,65,56868,MA,2018-08-06
6,Madeline,Richmond,61,224161,CO,2021-08-22
7,Wendy,Murphy,75,172964,MA,2018-02-03
8,Kathy,Allen,23,184794,RI,2020-10-25
9,Kimberly,Murphy,45,38331,PR,2021-04-04
10,Craig,Sanchez,19,54561,NM,2018-11-16
11,John,Schmidt,31,90990,WV,2016-06-17
12,Brooke,Smith,50,187815,MH,2024-10-23
13,Julie,Fritz,19,177127,NM,2018-06-30
14,Ryan,Davis,30,217700,MS,2017-08-25
15,Gordon,Oliver,59,213848,PR,2024-06-23
16,Kenneth,Baldwin,52,139974,ME,2021-09-07
17,Sally,Brown,32,147757,MI,2025-06-15
18,Natasha,Orozco,55,102926,AL,2024-10-23
19,Clifford,Reynolds,69,31703,OH,2019-08-31
20,Angela,Brooks,66,241240,MS,2021-06-23
21,Samantha,Taylor,28,213013,ND,2024-08-02
22,Sarah,Rodriguez,45,119194,AS,2022-12-22
23,James,Deleon,35,70758,MT,2018-03-14
24,Terrence,Richards,31,230145,AK,2026-05-27
25,Kristen,Barron,39,56793,AL,2017-01-05
26,Jennifer,Wallace,23,129595,WV,2020-07-01
27,Kimberly,Oneal,24,124104,NE,2019-09-06
28,Dakota,Valdez,72,120165,VT,2021-04-12
29,Ashley,Larson,56,99342,CA,2020-11-08
30,Jeffrey,Bond,69,41390,CA,2017-11-27
31,Stephanie,Cortez,64,150435,GU,2018-01-24
32,Alec,Adams,52,62722,FL,2022-10-06
33,Maria,Turner,80,129230,MN,2017-03-14
34,Michael,Cooley,23,174714,MS,2025-01-16
35,Stacy,Mcintyre,36,247423,MH,2026-03-30
36,Aaron,Holland,58,192141,NM,2021-12-30
37,David,Wilcox,74,124800,VI,2022-03-06
38,John,Anderson,54,80407,PR,2017-07-28
39,Jared,Freeman,63,48233,UT,2018-09-04
40,Daniel,Griffith,20,203346,NE,2021-03-18
41,Jodi,Shaffer,32,232655,NV,2017-04-03
42,Joshua,Harrison,36,50916,VI,2023-11-01
43,Bethany,Savage,72,91024,AK,2023-11-16
44,Daniel,Livingston,73,56476,HI,2017-09-14
45,Jeremy,Lopez,42,102869,RI,2019-11-03
46,John,Ross,47,196640,MA,2019-12-08
47,Joshua,Hawkins,71,125638,TN,2023-09-03
48,Alexis,Bennett,28,127040,KS,2022-05-23
49,Daniel,Reed,40,84921,SD,2020-10-01
50,Benjamin,Page,60,99986,MN,2018-07-01
51,Alexis,Huff,62,209187,VI,2022-06-13
52,Karen,Fuentes,59,48717,HI,2016-06-13
53,Michael,Howard,56,196455,GU,2020-09-25
54,Sean,Smith,28,170021,IA,2025-01-31
55,Jessica,Hamilton,64,94175,MA,2020-04-12
56,Claire,Copeland,28,151178,CA,2017-12-14
57,Jade,Long,42,100765,AL,2019-05-19
58,Dorothy,Johnston,77,197772,WA,2020-05-12
59,Michelle,Hall,62,176001,VT,2025-09-25
60,Zachary,Carter,32,209467,VI,2025-03-26
61,Carolyn,Wilson,38,231408,GU,2021-02-18
62,Andrea,Mckay,67,44663,AL,2020-03-06
63,Madison,Bradley,32,245430,MT,2023-06-14
64,Andrew,Lowery,20,241037,MA,2020-04-30
65,Brandi,Sweeney,38,135162,CT,2022-01-31
66,Darrell,Kennedy,35,47350,GU,2023-02-26
67,Clifford,Friedman,31,178682,MT,2019-06-05
68,Lisa,Jenkins,74,218196,NH,2024-02-07
69,Jeffrey,Christian,38,85738,CT,2016-11-05
70,Lisa,Fields,59,160870,AL,2016-07-28
71,Mark,Martinez,43,198519,MI,2019-11-04
72,Christopher,Stewart,47,67452,MP,2017-03-04
73,Daniel,Riley,34,66603,MS,2018-08-31
74,Anthony,Parsons,33,225294,MA,2025-01-25
75,Jocelyn,Shaw,53,171289,IA,2018-01-14
76,Vincent,Garcia,34,225825,MH,2018-12-31
77,Jeremiah,Anthony,55,142311,MO,2021-07-27
78,Savannah,Ballard,75,182969,CA,2022-08-30
79,Nicholas,Klein,43,124895,UT,2024-05-01
80,Desiree,Scott,32,66262,WA,2019-10-01
81,Lucas,Garcia,50,159372,GU,2025-07-29
82,Paul,Davis,23,228123,VI,2022-07-07
83,Andrew,Williams,21,58743,ME,2024-06-27
84,Dana,Garcia,27,194481,GA,2017-03-15
85,Robert,Perez,28,237638,MH,2020-10-12
86,Tiffany,Torres,61,140666,IL,2017-11-30
87,Tammy,Lam,56,46653,CA,2016-10-28
88,Chelsey,Robinson,42,130039,MO,2017-01-20
89,Phillip,Butler,56,152696,VA,2019-12-08
90,Michael,Blankenship,51,95906,WV,2020-03-24
91,Erin,Aguilar,80,175024,SC,2024-03-28
92,Christopher,Morales,73,33009,AR,2021-02-05
93,Lisa,Christian,61,218932,AL,2018-11-13
94,William,Martinez,25,208706,MI,2024-02-16
95,Keith,Hutchinson,74,170763,TX,2025-06-17
96,Nathaniel,Bailey,66,99946,MN,2025-01-11
97,Tina,Clarke,67,198024,SC,2024-07-03
98,Kevin,Sanders,39,59242,MD,2021-10-02
99,Teresa,Evans,36,143971,ID,2019-04-18
100,Christopher,Ward,28,148940,WV,2026-01-02
101,Douglas,Pittman,18,219292,VI,2021-12-13
102,Dennis,Taylor,74,218659,VT,2018-05-07
103,Scott,Snyder,34,161225,HI,2024-04-19
104,Austin,Smith,66,76832,WY,2020-01-20
105,David,Clark,50,57894,MI,2025-02-07
106,Jamie,Jones,73,193918,WA,2025-12-02
107,Sara,Black,37,197496,MH,2021-11-09
108,Sean,Cruz,50,189637,MD,2020-06-26
109,Billy,Gray,30,70065,TX,2016-06-26
110,Shawn,Deleon,41,229887,KS,2019-05-15
111,Andrea,Hunter,28,171394,MN,2022-12-20
112,Andrew,Combs,79,234112,FM,2019-01-14
113,Jessica,Davis,77,169029,WA,2023-02-19
114,Scott,Finley,76,30149,WV,2025-10-21
115,Monica,Diaz,56,114975,MN,2017-04-08
116,Sabrina,Ford,49,35105,WI,2025-04-14
117,David,Booth,25,125153,WI,2016-06-06
118,Melissa,Farmer,74,248016,PA,2017-03-26
119,Joseph,Rogers,69,110612,SC,2019-09-13
120,Michael,Graham,33,45184,AZ,2018-03-04
121,Ryan,Huang,33,178729,MP,2024-09-12
122,James,Jones,78,50645,MO,2022-03-16
123,Tony,Jordan,23,221865,IN,2021-10-27
124,Alexander,Jones,49,243915,TN,2017-05-30
125,Chris,Howell,22,229387,DC,2024-05-03
126,Heather,Stewart,52,230758,RI,2019-10-03
127,Bobby,Warner,26,63657,VT,2018-11-28
128,Michelle,Nguyen,60,154592,PA,2023-10-18
129,Daniel,Reyes,78,174127,TN,2023-01-18
130,George,Garcia,28,99483,KY,2019-06-24
131,Yesenia,Weaver,51,189014,MD,2026-05-24
132,Garrett,Snow,45,85521,NE,2016-11-16
133,Joseph,Mitchell,77,171373,UT,2023-05-11
134,Nichole,White,66,221347,CT,2018-10-08
135,Mercedes,Lopez,62,82730,NH,2019-01-14
136,Juan,Rice,63,111714,PA,2020-03-09
137,Kristen,Wilson,43,206078,IN,2019-04-10
138,Lindsey,Watkins,59,127889,OR,2020-11-03
139,Casey,Medina,46,165679,SC,2019-02-17
140,Robert,Robinson,46,61720,PA,2018-11-29
141,Charles,Palmer,33,88903,DE,2018-08-08
142,Crystal,Nichols,22,118627,MH,2021-08-12
143,Alison,Carter,19,184221,MO,2020-04-22
144,Patrick,Macdonald,53,90323,CT,2023-10-21
145,Derrick,Valenzuela,55,87728,IA,2018-04-23
146,Cristian,Rubio,18,48610,GA,2024-03-21
147,Brittney,Hernandez,63,195439,OR,2022-05-14
148,Shawn,Huerta,21,90015,CO,2017-02-07
149,Michelle,Lucero,22,38234,MO,2018-04-09
150,Stephen,Yang,73,116619,FL,2016-12-06
151,Jennifer,Kelly,22,164782,HI,2023-11-27
152,Kathryn,Mitchell,33,103001,MH,2022-04-18
153,Bonnie,Johnson,60,157248,LA,2022-12-11
154,Carolyn,Johnson,31,171356,HI,2022-01-15
155,Wendy,Cooper,26,219622,PR,2022-07-19
156,Gregory,Green,77,179695,MT,2019-04-25
157,Walter,Watts,54,153907,SC,2024-05-21
158,Charlotte,Taylor,33,235683,WA,2017-07-16
159,Erika,Price,48,241680,CT,2017-06-21
160,Kristin,Novak,44,79914,MI,2018-08-24
161,Daniel,Best,24,55409,LA,2020-02-26
162,Carol,Johnson,60,142997,GU,2019-08-12
163,Madison,Fletcher,40,141038,WI,2023-01-24
164,Bryce,Newton,44,152427,NH,2024-10-17
165,Timothy,Hopkins,73,221122,CO,2018-10-20
166,Karen,Ford,21,206518,OR,2018-06-29
167,Heather,Mitchell,59,199392,MP,2019-12-13
168,Christy,Peterson,24,45889,PA,2018-03-11
169,Brandi,Davis,43,220896,KS,2017-09-21
170,Thomas,Huerta,39,239870,ND,2021-11-22
171,Carl,Hill,73,58644,VA,2026-06-02
172,Jeffrey,Joseph,33,80224,CT,2025-09-05
173,Beth,Daniel,30,170584,WA,2018-03-01
174,Tammy,Smith,46,66747,MH,2025-10-30
175,Nathaniel,Logan,45,78100,WI,2024-03-14
176,Christopher,Jackson,35,151275,NY,2019-01-06
177,Elizabeth,Oliver,33,49761,OK,2023-05-24
178,Kathryn,Vaughn,46,241818,AL,2024-08-27
179,Lisa,Curry,73,174264,WA,2019-11-26
180,Nancy,Morales,24,43261,MD,2018-07-05
181,Michael,Rice,59,171711,PA,2021-04-05
182,Scott,Ramirez,71,33868,DE,2017-02-27
183,Megan,Hartman,80,54448,MD,2023-05-17
184,Tracey,Jacobs,77,227542,VA,2018-03-26
185,Mitchell,Craig,72,91965,WY,2023-12-14
186,Patricia,Davis,28,136539,IL,2020-12-09
187,Patrick,Williams,49,156185,PA,2017-10-18
188,Judith,Schaefer,31,135130,LA,2025-11-12
189,Brianna,Lee,75,45370,MD,2024-06-22
190,Katherine,Wheeler,28,129345,VI,2024-04-14
191,Raymond,Weaver,18,132346,MS,2025-11-07
192,Richard,Flores,34,235539,AL,2023-12-05
193,Larry,Hale,68,149277,IA,2019-07-08
194,Brian,Abbott,36,140888,TX,2020-08-21
195,Jacob,Anderson,62,221497,CT,2019-11-23
196,Elizabeth,Avila,68,175691,SC,2022-06-08
197,Calvin,Estrada,60,218326,FM,2021-07-27
198,Maria,Russo,49,70579,AK,2020-04-17
199,Stacy,Yang,30,107780,MP,2024-12-09
200,Kimberly,Harris,31,45331,WI,2017-04-02
201,Rachel,Fernandez,55,222869,IL,2024-01-23
202,Helen,Morrison,52,45979,SD,2017-10-24
203,Kayla,Mitchell,65,112209,ID,2020-10-20
204,Jeffrey,Stevens,21,43144,DC,2019-09-08
205,Bryce,Sullivan,55,154987,GU,2020-07-18
206,Collin,Keith,50,169231,MD,2024-10-22
207,Courtney,Morales,28,44910,MH,2024-12-07
208,Michaela,Chavez,79,163124,ND,2021-08-13
209,Madison,Potts,23,78712,MS,2022-06-09
210,William,Lopez,22,185984,AR,2024-05-05
211,Adam,Sullivan,22,207002,NC,2017-11-27
212,Dwayne,Franklin,73,91657,MP,2024-07-26
213,Lori,Perez,43,61427,NC,2024-05-02
214,Rachel,Davidson,78,179336,MI,2024-12-08
215,Mark,Wu,33,181760,MI,2022-11-26
216,Dennis,Swanson,56,40418,PA,2025-12-19
217,Krista,Hull,57,51491,WY,2021-08-07
218,Suzanne,Murphy,44,202326,IL,2018-05-13
219,Adam,Jones,55,178170,DE,2024-09-02
220,Eric,Proctor,51,112934,ND,2025-01-09
221,Matthew,Andrade,77,98358,NH,2024-10-05
222,Zachary,Watts,31,205564,NV,2018-12-14
223,Victoria,Berger,63,112361,HI,2016-06-06
224,Elizabeth,Martinez,33,99629,MH,2018-03-15
225,Teresa,Marquez,43,64308,MI,2018-06-29
226,Elizabeth,Hensley,60,199214,NV,2025-05-22
227,Tammie,Hampton,37,149858,CA,2025-09-26
228,William,Torres,38,227096,HI,2017-11-27
229,Rita,Mcgrath,77,49016,MO,2018-11-19
230,Richard,Graham,18,150136,CT,2023-07-26
231,Tracey,Brown,57,177585,MI,2020-01-27
232,Adriana,Goodwin,24,49204,MN,2021-04-29
233,Andrea,Hunt,52,85877,NY,2023-06-23
234,Christine,Kelly,50,99520,CO,2024-04-13
235,Matthew,Lin,26,121490,WI,2019-04-25
236,Shaun,Martinez,74,48033,NM,2022-10-09
237,Jennifer,Harvey,74,94037,AS,2023-12-06
238,Marcus,Gonzalez,41,104707,NV,2016-10-20
239,Felicia,Bolton,28,144867,AR,2017-04-01
240,Ryan,Mcmillan,71,172401,SC,2017-05-26
241,Wanda,Griffith,63,109303,MH,2024-02-23
242,Elizabeth,Armstrong,57,241576,LA,2021-12-22
243,Robert,Chang,59,168658,HI,2019-03-03
244,Christopher,Brock,18,205076,NY,2020-01-06
245,Rachel,Berger,70,175385,NV,2024-11-06
246,Heather,Sutton,37,203903,RI,2021-04-10
247,Sharon,Williams,24,65203,GA,2022-06-21
248,Steven,Ramos,34,60258,WI,2016-12-08
249,Karen,Allen,74,58058,KS,2018-12-06
250,Eric,Scott,65,175024,ME,2017-11-26
251,Tamara,Rowe,27,101394,TN,2025-09-09
252,Devin,Sanders,36,188552,IN,2017-03-28
253,Joseph,Watson,31,218117,DC,2026-01-19
254,Joseph,Gordon,39,83371,TN,2022-07-04
255,Jasmine,Brock,61,196261,TN,2023-04-04
256,Carlos,Kent,72,99201,NJ,2021-11-23
257,Andrew,Adams,50,158065,WY,2025-01-08
258,Jeffrey,Wolfe,34,43316,UT,2022-03-01
259,Jon,Thomas,23,196273,GU,2016-10-23
260,Ana,Roberts,45,247408,WY,2024-10-01
261,Adam,Dawson,35,41557,ND,2016-10-14
262,James,Hall,18,117439,TN,2021-07-14
263,Valerie,Horn,67,64293,DE,2019-03-05
264,Kathryn,Todd,58,98670,IN,2023-10-28
265,Erika,Hale,28,224309,IL,2025-10-07
266,Steven,Smith,46,174619,AK,2024-02-23
267,Michael,Baker,63,142115,VA,2018-11-26
268,Kathryn,Burke,53,32534,AK,2022-09-12
269,Angela,Maldonado,25,49724,UT,2018-09-18
270,Katie,Owens,78,211146,MI,2019-05-02
271,Nicole,Sandoval,75,69073,NH,2017-09-05
272,Angela,Price,52,39444,LA,2026-01-07
273,Daniel,Fernandez,71,126787,AS,2025-09-02
274,Alexander,Edwards,55,174841,GU,2025-08-29
275,Gabriela,Thomas,27,142666,WY,2021-11-26
276,Deborah,Dunn,26,40965,SC,2024-02-03
277,Randy,Shah,37,125591,NV,2017-07-16
278,Jose,Hardin,75,238698,GU,2018-11-08
279,Erica,Green,80,40458,RI,2020-01-29
280,Brian,Washington,75,123797,AS,2022-10-20
281,Brendan,Nelson,31,208799,VA,2024-02-16
282,Michele,King,33,204832,ME,2019-06-28
283,William,Gonzalez,24,122714,AL,2019-09-18
284,Maria,Waller,67,176770,KS,2017-06-08
285,Amanda,Strickland,74,136529,PA,2020-03-29
286,Katherine,Morris,80,192702,VT,2023-12-27
287,David,Cole,65,70515,HI,2019-09-11
288,Hayley,Vincent,77,92059,TN,2023-01-25
289,Robert,Lane,73,72598,MI,2022-05-27
290,Megan,Fields,80,239685,WI,2018-03-13
291,Brian,Marshall,69,76413,PR,2022-11-10
292,Linda,Sanchez,74,138080,MO,2020-04-01
293,Stephanie,Garcia,19,77018,KY,2022-03-08
294,Thomas,Peterson,65,117080,CT,2019-12-08
295,Larry,Powell,68,137928,ID,2018-10-10
296,Megan,Woods,69,205612,NY,2016-08-23
297,Linda,Allen,73,222690,MO,2018-06-16
298,Thomas,Gonzalez,69,95055,MT,2017-05-12
299,Kevin,Terry,35,71732,NJ,2019-08-10
300,Connor,Barron,68,213835,AZ,2022-03-12
301,Elizabeth,Fischer,24,130281,KS,2023-06-28
302,Whitney,Manning,73,40151,MI,2022-11-07
303,Patrick,Lewis,72,153388,MH,2018-11-20
304,Patricia,Smith,32,82316,TX,2025-01-07
305,Angela,Smith,70,150665,NV,2020-02-19
306,Christopher,Newman,40,110003,PW,2017-06-30
307,Stephen,Peterson,70,238495,WV,2025-10-12
308,Joseph,Mclaughlin,73,89662,OK,2018-01-28
309,Brian,Holloway,32,36203,MS,2023-12-30
310,Dawn,Evans,60,80627,TN,2025-05-09
311,Peter,Brown,43,116051,VT,2023-01-27
312,Debbie,Oneill,35,48198,ME,2026-02-19
313,Jacob,Nelson,79,232722,WV,2022-07-28
314,William,Hamilton,35,122050,MD,2018-09-13
315,Bryan,Lutz,59,163537,WI,2022-10-22
316,Jennifer,Pena,43,208131,MH,2026-02-01
317,Rebecca,Coleman,80,170565,PA,2020-02-27
318,Michael,Brooks,39,37235,MN,2026-04-22
319,Michelle,Merritt,25,98475,MT,2022-01-14
320,Mackenzie,White,29,182198,NM,2018-08-07
321,James,Murphy,79,99590,TN,2017-09-25
322,Brad,Johnson,20,58417,NM,2022-06-16
323,Megan,Curry,56,143918,KS,2025-12-02
324,Susan,Walters,40,220983,FL,2020-09-16
325,Alexander,Watson,68,112228,NC,2019-04-08
326,Kristen,Garza,45,188914,KY,2024-09-29
327,Eileen,Huber,80,164066,OK,2022-05-01
328,James,Hart,25,130976,SC,2023-09-25
329,Oscar,Snow,75,181149,HI,2022-11-07
330,Micheal,Lewis,30,96773,LA,2025-09-02
331,Matthew,Oconnor,20,215803,NC,2017-10-08
332,William,Thomas,45,30443,GU,2021-08-16
333,Jasmin,Dixon,51,241421,SD,2020-11-24
334,James,Harrington,52,210055,IA,2024-05-30
335,Bryan,Navarro,64,224497,VT,2016-07-15
336,Edward,Adams,65,205801,VA,2023-09-08
337,Jennifer,Smith,30,125478,AL,2024-02-29
338,Sean,Stanley,45,48343,WA,2018-05-25
339,Anthony,Nguyen,78,204125,GU,2024-04-12
340,Brad,Richards,76,116559,AK,2016-08-14
341,Jacqueline,Moore,57,112291,HI,2025-10-17
342,Franklin,Pennington,60,62669,CO,2018-09-05
343,Linda,Johnson,64,108727,PA,2023-03-28
344,Walter,Jacobson,50,111077,MT,2021-04-07
345,Hannah,Edwards,60,137057,OK,2023-12-01
346,Adam,Nicholson,38,135486,AL,2022-06-04
347,Shelly,Gomez,62,107504,PW,2020-08-27
348,Marissa,Martin,53,63367,MT,2017-12-01
349,Michelle,Macias,30,140217,VT,2020-07-22
350,Melinda,Dixon,60,129390,AR,2026-01-13
351,Ryan,Middleton,61,226118,OH,2024-03-25
352,Brianna,Farrell,75,75620,MO,2023-09-08
353,Pamela,Edwards,57,179187,PA,2026-02-16
354,Eric,Stafford,37,136450,DC,2025-02-14
355,Jonathan,Rhodes,53,248556,AS,2017-05-23
356,Jacob,Hanna,18,109658,MN,2019-01-03
357,Elizabeth,Tucker,36,85098,AR,2021-02-23
358,Nichole,Orozco,45,235981,NH,2020-01-28
359,Mary,Carter,55,189032,NC,2025-01-08
360,Caitlin,Jones,59,114475,HI,2023-05-25
361,James,Jones,47,145811,TX,2019-03-10
362,Daniel,Clark,46,207111,IN,2024-01-28
363,Shelby,Alexander,31,164001,NY,2023-02-05
364,William,Mcgee,48,238072,LA,2024-03-13
365,Scott,Moss,75,238673,TN,2023-09-15
366,Brian,Mcdaniel,65,74483,FM,2017-05-18
367,Carla,Hansen,60,52228,MD,2019-09-15
368,Ashley,Smith,36,165122,SD,2017-07-18
369,Nathan,Espinoza,60,195921,TN,2024-12-27
370,Michael,Turner,57,117867,NH,2018-10-04
371,Amber,Wells,23,244544,MD,2022-04-03
372,Tiffany,Wilkinson,78,226906,MA,2025-10-28
373,Lisa,Wade,33,206369,AL,2021-09-16
374,Donna,Peterson,37,88888,ID,2020-04-30
375,Kimberly,Webster,69,82200,PW,2021-11-16
376,Lori,Hamilton,27,36402,OR,2017-10-14
377,Gary,Moore,20,94184,KS,2019-11-26
378,Ashley,Peters,80,154554,MA,2021-06-01
379,Austin,Paul,57,231454,MI,2025-02-25
380,Beth,Ferguson,22,149384,AZ,2023-11-09
381,Vincent,Gray,44,195089,VI,2025-06-27
382,Tamara,Wheeler,54,80970,NV,2020-02-05
383,Vickie,Riley,63,212545,ME,2021-01-20
384,Denise,Norman,42,159598,NM,2020-05-12
385,Christopher,Bridges,43,93959,NE,2018-12-14
386,Allison,Miranda,27,201981,MH,2020-04-10
387,Wayne,Fuller,62,31453,PW,2025-10-01
388,Jennifer,Cooper,75,226860,UT,2020-02-14
389,Tracy,Perry,73,231862,HI,2023-12-13
390,Jeremy,Sanford,74,57941,DE,2017-02-06
391,Francisco,Murphy,67,141449,AZ,2022-03-26
392,Jeffery,Barnes,32,76107,AR,2020-08-18
393,Linda,Carr,69,212429,FM,2024-04-12
394,Benjamin,Tran,51,151778,HI,2025-10-01
395,Nicholas,Ryan,21,176120,MO,2022-09-04
396,Alyssa,Martinez,33,61813,MA,2016-10-20
397,Albert,Rivera,47,64954,IA,2018-01-22
398,Stacy,Robbins,69,151803,WV,2024-05-05
399,Richard,Williams,60,169233,NJ,2021-09-20
400,Jason,Black,53,186094,OK,2021-03-24
401,Ryan,Davis,38,227984,AZ,2022-05-16
402,Jose,David,75,146017,OR,2018-05-22
403,Don,Fox,57,243649,NM,2018-06-10
404,Mark,Velez,64,162324,AS,2017-06-21
405,Julie,Shields,45,247728,FL,2024-01-02
406,Travis,Franco,76,173621,NC,2020-05-09
407,Nancy,Mullen,46,71722,FL,2023-01-16
408,Wendy,Steele,65,154433,GU,2025-01-04
409,Martin,Price,46,97945,ID,2019-06-26
410,Curtis,Phillips,66,94812,OK,2017-06-27
411,Ashley,Pennington,71,197159,FM,2024-08-22
412,Paula,Rodriguez,35,230753,NC,2016-07-05
413,Rodney,Spencer,67,166655,CO,2019-06-28
414,Michael,Austin,49,194298,MI,2025-06-25
415,Gregory,Chen,33,101984,DE,2017-09-10
416,Marie,Mendoza,46,50311,MH,2020-02-15
417,Amanda,Johnson,63,104901,GA,2020-10-19
418,Courtney,Vaughn,33,101228,NJ,2025-02-23
419,Robert,Morris,39,113809,WI,2019-05-15
420,Adam,Ramsey,75,171597,ME,2023-11-04
421,Melody,Jimenez,23,66273,SC,2021-12-21
422,Mandy,Gonzalez,27,90623,MT,2019-01-13
423,Patricia,Anderson,42,211914,HI,2023-04-30
424,Stephanie,Marks,27,215183,VI,2022-09-16
425,Joshua,Blackwell,31,46837,AS,2024-10-03
426,Anna,Avila,44,136849,DE,2019-11-22
427,Richard,Garcia,39,172242,SD,2023-04-20
428,Emily,Valentine,47,138992,NC,2020-03-20
429,John,Holland,21,84220,MH,2026-02-25
430,Dorothy,Stuart,71,140138,NE,2026-04-18
431,Erica,Mann,42,231797,AK,2019-03-29
432,Nicole,Myers,55,212327,AR,2026-02-23
433,Courtney,Barnett,19,230696,CT,2023-03-09
434,Veronica,Mckenzie,54,129714,SD,2016-07-18
435,Jade,Miller,48,31545,OR,2025-12-29
436,Donald,Fitzpatrick,78,122211,CO,2025-12-05
437,Erica,Davidson,37,227518,CT,2022-08-14
438,Karl,King,42,249081,FL,2023-07-14
439,William,Henry,44,171091,OH,2019-05-22
440,Michelle,Rodgers,65,222579,HI,2017-03-05
441,Johnathan,Lopez,52,239680,WI,2023-06-02
442,Mary,French,56,87812,AS,2023-01-23
443,Heather,Gray,49,87520,NV,2024-10-13
444,Christina,Lewis,35,144251,KY,2016-12-30
445,Rebecca,Chavez,49,37608,MS,2022-06-30
446,Belinda,Dunlap,42,118114,GU,2017-09-12
447,Robert,Schmitt,60,208032,MA,2018-01-28
448,Lindsay,Hill,69,135989,MI,2017-06-23
449,Holly,Johnson,64,73265,OH,2022-04-25
450,Joshua,Barnett,71,152523,MS,2024-10-02
451,Richard,Kirk,76,63456,FL,2019-01-13
452,Virginia,Henry,80,193120,OR,2019-06-25
453,Curtis,Henderson,52,37069,IA,2017-08-22
454,Jimmy,Evans,76,133290,CA,2025-04-12
455,Heidi,Taylor,55,177951,MI,2017-07-17
456,Emily,Gomez,60,37104,NV,2019-06-11
457,Lisa,Johnson,23,198492,ID,2019-08-10
458,Tammy,Rice,45,65572,CT,2026-02-15
459,Blake,Blevins,73,151031,AK,2022-10-05
460,Brian,Ware,29,43181,MT,2022-05-16
461,Leslie,Thompson,34,129379,NC,2024-10-23
462,Jennifer,Price,38,85485,FM,2023-06-09
463,Wendy,King,47,115680,KS,2024-03-21
464,Leon,Miller,39,229551,AK,2017-07-08
465,John,Kline,74,129385,NM,2018-06-11
466,Christopher,Thomas,35,227134,CO,2022-03-08
467,John,Keller,78,248083,AR,2017-02-04
468,Paula,Molina,44,96131,MT,2019-03-21
469,Alan,Williams,71,51471,OR,2021-01-30
470,Christopher,Jones,48,35081,MO,2026-01-30
471,Maria,Miller,65,171405,OR,2025-10-16
472,Erin,Ramirez,21,121740,WA,2024-04-24
473,Drew,Rogers,32,200431,NE,2016-07-01
474,Jason,Patterson,22,234795,NJ,2017-08-18
475,William,Vaughan,79,200853,FM,2021-10-02
476,Charles,Wolf,20,227717,OH,2023-05-20
477,William,Wright,19,94823,MH,2025-11-12
478,Tammy,Jordan,30,249998,VI,2016-09-24
479,Gordon,Pacheco,19,192879,MH,2023-03-24
480,James,Blackburn,27,92533,MI,2020-04-23
481,Aaron,Franklin,26,154141,LA,2020-09-29
482,Shawn,Martin,60,59986,MN,2026-02-01
483,Kenneth,Solis,54,87138,AZ,2018-09-26
484,Jennifer,Clark,47,213360,PW,2025-10-12
485,Michael,Lopez,34,231037,KY,2019-02-10
486,Cindy,Miller,41,73984,MI,2023-11-30
487,Michael,Malone,56,189186,DE,2018-09-13
488,Elizabeth,Wall,79,226064,NY,2023-09-17
489,Joshua,Garcia,63,60024,MA,2020-11-28
490,Joseph,Turner,67,244774,NM,2021-08-06
491,Tabitha,Owens,28,111536,MA,2019-09-06
492,Beth,Simmons,24,181698,ND,2022-08-14
493,Roger,Kelly,19,111777,DC,2017-04-21
494,Sara,Fischer,54,207562,AS,2017-06-11
495,Jeremy,Zimmerman,76,128384,VI,2025-09-05
496,Lisa,Jensen,43,217436,PR,2024-05-27
497,Jodi,Miller,30,49922,AK,2017-01-17
498,Gabrielle,Baker,55,211040,WA,2021-04-11
499,Jeremy,Hill,71,194427,NY,2025-05-10
500,Heather,Bautista,33,56712,IA,2018-10-21
501,Bradley,Mclaughlin,62,232501,IL,2024-08-14
502,Nicholas,Johnson,37,209374,IN,2023-10-03
503,Courtney,Mcdonald,56,241164,OH,2024-01-21
504,Gary,Alvarado,25,238726,AL,2025-04-14
505,Elizabeth,Dickerson,80,178355,MH,2023-03-14
506,Jane,Kelley,68,40766,AR,2021-03-06
507,Glenn,Henry,40,169655,NH,2025-05-31
508,Jacqueline,Murphy,45,203413,PR,2024-07-12
509,Jamie,Montoya,41,48076,GU,2022-08-13
510,Kenneth,Williams,50,199749,SC,2020-10-07
511,Denise,Thompson,39,33316,MS,2017-10-21
512,Douglas,Baker,72,140115,OR,2023-04-09
513,Mary,Anderson,70,158503,ID,2020-06-15
514,Brian,Gomez,24,143645,GA,2021-01-13
515,William,Roth,79,124945,MD,2024-02-05
516,Jennifer,Stevenson,58,247240,UT,2018-01-25
517,Douglas,Mendoza,47,215416,MD,2018-10-15
518,Michael,Lane,27,144160,TX,2024-02-29
519,Jessica,Decker,29,222360,GU,2020-08-05
520,Jill,Hardin,51,200513,MT,2023-10-15
521,Jennifer,Smith,35,191457,GU,2024-04-19
522,Nancy,Dean,69,171078,MI,2025-12-03
523,Ashley,Wilson,67,156745,NY,2026-02-09
524,Logan,Huang,47,144183,OH,2018-09-15
525,Ashley,Jones,70,221634,AK,2021-06-11
526,Paul,Fox,55,100358,MN,2017-05-11
527,Sean,Hill,38,94355,AL,2025-04-26
528,Alexander,Todd,71,52718,IA,2017-05-01
529,Brandon,Ross,35,148175,NH,2016-09-10
530,Cynthia,Lewis,33,226732,MO,2024-03-23
531,Pamela,Bernard,47,179382,MH,2019-12-11
532,Ryan,Gardner,57,205161,PR,2017-08-29
533,Maria,Thomas,42,118184,WV,2021-09-09
534,Cameron,Savage,19,159579,NV,2019-07-21
535,Tammy,Carter,72,115200,TX,2026-04-27
536,Michelle,Smith,29,157808,OR,2026-03-08
537,Tracy,Zamora,31,123015,AL,2019-04-28
538,Victoria,Alexander,69,97725,ND,2021-08-29
539,Daniel,Miller,39,103310,OH,2016-11-14
540,Gary,Johnson,74,186278,VT,2023-05-01
541,Wesley,Torres,62,102422,PW,2016-10-01
542,Connie,Graves,53,32661,OK,2024-03-07
543,April,Brandt,51,80084,AR,2018-05-31
544,Benjamin,Lynch,23,93270,GU,2017-07-29
545,Katherine,Rodriguez,64,136542,MS,2019-03-09
546,Samantha,Miller,49,175536,NM,2025-10-08
547,Crystal,Graham,66,92999,NM,2024-03-05
548,Heather,Lopez,62,154804,NH,2026-01-19
549,Taylor,Rivera,59,216605,DE,2018-06-01
550,Alexander,Lewis,49,147486,SC,2018-11-29
551,Katelyn,Johnson,68,34520,AK,2017-02-27
552,Heidi,Anderson,23,107132,MI,2023-03-09
553,Paul,Smith,32,136011,OK,2018-12-20
554,Rose,Mcintosh,62,93780,NE,2023-04-18
555,Alex,Nelson,37,204053,MD,2023-08-08
556,Rebecca,Parks,55,126736,IL,2024-08-15
557,Kyle,Thomas,48,175089,AL,2018-06-23
558,Brittany,Taylor,51,120113,LA,2018-11-26
559,Thomas,Lopez,45,225542,NC,2019-11-02
560,Carl,Holland,53,116714,WA,2026-02-25
561,Jeffrey,Morris,40,214249,NH,2025-08-04
562,Jasmine,Walker,47,101019,MP,2025-12-22
563,Tommy,Meadows,37,95903,ID,2022-12-20
564,Rodney,Thomas,32,61629,NV,2023-03-24
565,Pamela,Fisher,64,80484,WI,2018-09-11
566,Jacqueline,Gregory,38,61340,KY,2018-04-30
567,Crystal,Williams,65,170473,KS,2022-01-10
568,Christine,Fowler,78,229803,WA,2019-09-22
569,Nicole,Cortez,62,78535,CO,2021-07-17
570,Christopher,Cole,30,86723,VA,2019-08-18
571,Billy,Stafford,65,156929,VI,2021-09-28
572,Nicholas,Clark,35,219945,NM,2024-11-20
573,Lisa,Ware,55,229283,MO,2018-11-11
574,Jesse,Madden,51,186445,GA,2017-08-17
575,Vincent,Duarte,36,56352,MN,2018-11-06
576,Gregory,Rivera,71,80886,SD,2024-07-14
577,Peter,Jones,36,89633,WI,2016-06-29
578,Tammy,Hansen,41,77039,DC,2019-01-25
579,Jessica,Hughes,37,33708,AZ,2017-03-05
580,Mark,Reyes,63,170020,KS,2025-07-10
581,Jacqueline,Caldwell,26,101909,FL,2016-10-01
582,Marilyn,Shannon,20,44293,IA,2018-02-16
583,Taylor,Avery,53,106581,PW,2022-04-20
584,Cassandra,Smith,62,63103,MT,2021-03-25
585,Ronnie,Walker,58,227339,PW,2016-10-02
586,Robin,Butler,49,56892,IL,2021-06-21
587,Jennifer,Taylor,73,33215,NH,2024-05-03
588,John,Reynolds,54,104537,CO,2019-10-09
589,Cynthia,White,48,155492,AR,2017-04-05
590,Dennis,Hahn,46,119314,DE,2024-06-24
591,Lori,Owens,29,43468,MP,2024-10-27
592,Shane,Sanchez,34,155233,VT,2024-04-12
593,Jason,Thomas,25,245512,NJ,2019-02-22
594,Alexa,Collins,22,135043,TX,2017-12-22
595,Beth,Kim,49,49420,VA,2025-01-02
596,Adam,Brewer,54,195005,DC,2020-08-23
597,Bryan,Howard,61,44053,NH,2016-07-13
598,Reginald,Jordan,27,69111,WA,2017-05-13
599,Marcus,Norman,69,177545,NC,2022-12-16
600,Molly,Williams,78,109648,VI,2024-11-08
601,Patrick,Gentry,23,95061,OR,2021-08-03
602,John,Murphy,25,176295,AZ,2017-09-13
603,Pamela,Thomas,66,139097,VT,2022-08-05
604,Mallory,Ward,56,186271,NJ,2023-11-25
605,Kristi,Wright,68,192114,LA,2024-12-07
606,Rita,Parker,32,233343,ID,2017-01-20
607,Jose,Fisher,51,129713,TN,2022-11-08
608,Harold,Ruiz,46,146056,CA,2019-08-15
609,Olivia,Pierce,37,184278,NC,2024-08-01
610,Cristian,Johnson,45,110053,FL,2016-06-23
611,Tina,Hooper,54,192798,MA,2020-08-21
612,Joanne,Ramos,21,189811,MO,2022-05-20
613,Kathryn,Cross,79,224009,MH,2020-04-07
614,Kyle,Phillips,24,229946,SD,2019-05-16
615,Dawn,Mckee,31,193975,MD,2026-04-24
616,Jon,Summers,31,99375,AR,2024-10-05
617,Rebecca,Ramsey,60,51282,WV,2016-08-05
618,Marc,Robinson,28,92879,OK,2017-03-17
619,Joel,Ibarra,29,174701,CO,2022-06-08
620,Randy,Fitzgerald,22,71034,VT,2024-05-13
621,Carrie,Watkins,18,137090,OK,2025-02-26
622,Kelly,Wood,46,210714,NY,2024-12-06
623,David,Woods,56,153184,NE,2018-12-18
624,Spencer,Gaines,36,38556,MI,2021-03-17
625,Betty,Brown,32,105524,ND,2020-04-08
626,Kendra,Davis,63,104112,OR,2017-11-03
627,Robin,Edwards,62,149021,OK,2017-04-21
628,Karen,Small,22,210193,WY,2021-03-20
629,Matthew,Thomas,32,99351,NV,2018-02-15
630,Bryan,Martin,68,237420,TN,2017-07-23
631,Brandon,Wilson,58,184609,AL,2023-04-26
632,Kevin,Kidd,60,240739,KS,2017-06-13
633,Mackenzie,Blair,77,81857,WV,2021-03-07
634,Alyssa,Peters,45,60087,VA,2024-10-28
635,Daniel,Bell,52,88932,WI,2020-09-05
636,Alicia,Smith,59,69056,UT,2020-02-05
637,Betty,Davis,76,99633,HI,2022-07-22
638,Sandra,Lee,70,67286,OH,2022-06-25
639,Andrea,White,22,45633,VT,2020-01-22
640,Patrick,Villegas,28,237782,MT,2018-10-31
641,Ashley,Miller,37,185987,ND,2020-04-10
642,Scott,Christian,65,246069,GU,2017-02-10
643,Donna,Fletcher,54,105657,VA,2021-09-04
644,William,Castillo,46,62598,UT,2018-11-07
645,Tracey,Harper,47,210532,FM,2025-02-06
646,Maria,Morrison,37,213430,GU,2019-09-22
647,Debbie,Morrow,43,101367,OR,2024-04-28
648,Makayla,Garcia,50,171552,TN,2025-02-14
649,Mark,Schaefer,49,144755,AS,2018-12-02
650,Rhonda,Byrd,23,186771,WI,2022-05-16
651,Theresa,Pope,20,143253,FL,2021-01-05
652,Melissa,Brooks,65,114494,LA,2022-07-10
653,Jonathan,Moss,56,95632,NJ,2025-09-24
654,Brandi,Patrick,19,53940,IA,2018-12-12
655,Jimmy,Smith,32,206763,MO,2025-02-28
656,William,Reed,71,180784,WA,2021-11-27
657,Bradley,Snow,55,35438,AR,2021-05-16
658,Brittany,Walton,66,206234,AK,2018-10-10
659,Carrie,Pierce,70,100650,WI,2017-06-19
660,Donna,Murphy,54,40546,AZ,2026-02-05
661,Jennifer,Travis,66,228251,TX,2018-07-02
662,Philip,Parker,29,153338,CO,2025-06-09
663,Marcus,Walker,51,200789,KY,2022-06-18
664,Timothy,Williamson,46,102917,MS,2020-08-12
665,Steven,Black,29,183440,TX,2021-04-17
666,Matthew,Hernandez,45,196405,DC,2023-10-06
667,Andrew,Wilson,70,158902,DE,2022-03-13
668,Susan,Murphy,80,53918,AL,2018-06-17
669,Ariana,Ward,48,121215,CO,2026-02-17
670,Robert,Anderson,44,117374,VA,2018-03-29
671,Amber,Moore,38,205671,ND,2018-06-30
672,Michael,Powell,24,72159,NM,2020-02-22
673,Michael,Tran,39,137910,PR,2025-12-26
674,Kimberly,Drake,62,159884,FM,2025-12-02
675,Tracy,Ford,36,203692,AS,2022-07-01
676,Joshua,Clayton,78,134976,KY,2017-02-19
677,Phillip,Young,70,229360,MT,2018-07-20
678,Danielle,Wilson,53,39619,UT,2020-10-11
679,Charles,Kaufman,47,53084,AS,2025-06-03
680,Erica,Michael,38,96164,NM,2022-10-18
681,Angela,Smith,38,60388,NE,2021-08-14
682,Lawrence,Jones,80,232518,NV,2025-09-09
683,Megan,Hernandez,43,164898,MD,2024-03-22
684,Kevin,Mason,70,30301,VA,2023-12-03
685,Adam,Jacobson,60,172237,AL,2024-06-04
686,Emily,Avila,47,138330,PW,2023-03-23
687,Ashley,Kennedy,21,79173,TN,2017-03-28
688,Angela,Guzman,51,124838,ME,2017-11-28
689,Courtney,Cruz,57,228297,AK,2023-01-10
690,Mary,Nguyen,49,193947,MD,2022-12-25
691,Troy,Marshall,46,229226,AS,2023-08-13
692,Mary,Evans,21,83361,CT,2016-09-23
693,Debra,Hickman,35,173974,PR,2025-08-08
694,Charles,Arroyo,26,105505,FL,2017-12-18
695,Kendra,Hendricks,46,213042,NY,2024-04-28
696,Robert,Arias,49,61831,TX,2020-02-15
697,Nicholas,Guerra,19,195156,NY,2018-02-10
698,Darlene,Barnett,56,239535,OK,2018-10-18
699,Emily,Johnson,33,216065,NJ,2020-08-08
700,Heather,Moore,28,111461,UT,2024-02-14
701,Morgan,Hall,53,33584,MT,2021-07-13
702,Ryan,Walls,53,136952,FL,2018-12-01
703,Bryan,Craig,23,88903,CO,2020-10-23
704,Lucas,Villanueva,71,59743,ND,2020-09-23
705,Steven,Cunningham,47,60793,NJ,2020-02-05
706,Margaret,Rocha,59,248141,DE,2019-03-31
707,Katie,Ford,27,160646,TN,2022-03-15
708,Marco,Klein,77,217853,VT,2023-11-16
709,Erin,Lozano,36,163397,AK,2024-09-11
710,Kaitlyn,Maxwell,63,101676,ME,2016-10-03
711,Timothy,Coffey,44,248817,NJ,2025-08-21
712,Melissa,Mcgee,48,153789,MH,2020-08-16
713,Christopher,Mullen,33,149743,ND,2025-04-26
714,Louis,Smith,53,67917,CT,2017-03-30
715,Ryan,Wilkerson,42,79967,RI,2016-10-13
716,Melissa,Dixon,76,187123,WI,2026-01-07
717,Traci,Salazar,50,225636,MO,2025-06-06
718,Alec,Hawkins,74,65784,NH,2017-07-29
719,Laurie,Jackson,73,48300,OH,2019-09-29
720,Tony,Huang,35,232552,FM,2026-01-21
721,Alexander,Thomas,68,138774,AL,2021-12-13
722,Tyler,Johnson,39,236495,IA,2023-07-10
723,Erika,Ali,50,100037,FL,2018-01-30
724,Lindsey,Ellis,70,30672,PA,2022-03-29
725,Nicole,Miller,36,220329,KS,2016-07-10
726,Robert,Jackson,37,249539,OK,2021-11-18
727,Charles,Jordan,55,182023,NE,2025-05-15
728,Julie,Sims,60,158356,TN,2026-05-27
729,Denise,Stanley,73,68953,WV,2025-03-01
730,Stephen,Moreno,46,171185,OK,2020-06-28
731,Denise,Nelson,48,120472,PR,2017-03-12
732,Adriana,Berry,39,174681,AS,2019-08-14
733,Elizabeth,Williams,66,172456,LA,2021-04-01
734,Mikayla,Franklin,42,149365,NE,2021-08-23
735,Christopher,Ramos,77,114352,NE,2024-09-30
736,Andrew,Moore,73,79454,VI,2024-08-30
737,Lindsey,Jones,80,212845,AK,2022-08-04
738,Jon,Williams,33,179893,FM,2017-09-15
739,Julie,Campbell,42,91226,SC,2017-03-21
740,Nancy,Chandler,72,233304,KS,2020-10-28
741,Melanie,Mendoza,44,41441,OK,2022-01-17
742,Brent,Macdonald,38,225219,MH,2024-07-04
743,Rebecca,Brown,48,214871,NH,2025-11-07
744,Mary,Acosta,76,242705,MT,2016-10-31
745,Sarah,Robinson,42,131208,SD,2018-11-29
746,John,Moyer,60,237721,GA,2024-04-25
747,Jasmine,Gordon,70,200922,IA,2018-03-12
748,Karen,Stewart,80,69873,CA,2022-03-29
749,Ann,Anderson,49,39704,NJ,2020-07-12
750,Tracey,Larsen,26,161672,UT,2018-02-17
751,Henry,Jones,79,184712,CO,2019-06-15
752,Bethany,Hernandez,39,56309,HI,2017-11-07
753,Lisa,Carpenter,73,145423,MH,2025-03-12
754,James,Washington,24,167874,MP,2020-04-20
755,John,Smith,76,149780,LA,2017-08-08
756,David,Harris,18,219384,TX,2021-01-09
757,Maria,Jenkins,27,137473,WA,2022-10-23
758,Jenny,Barker,73,201646,DC,2017-10-20
759,James,Washington,80,70464,OK,2021-11-19
760,Monica,Young,22,153074,MT,2017-01-19
761,Timothy,Hernandez,68,99474,SC,2024-03-21
762,Mikayla,Dunn,39,193383,OK,2023-10-30
763,Kimberly,Robbins,62,134197,NM,2020-11-17
764,Kayla,Edwards,59,51054,VT,2026-01-25
765,Brian,Crawford,72,116131,NV,2026-05-05
766,Monique,Pollard,72,206778,PA,2019-05-05
767,Nicholas,Russell,72,169885,NJ,2026-01-15
768,Brandon,Cameron,42,113010,IA,2019-06-11
769,Timothy,Logan,58,218407,MD,2020-04-06
770,Rebecca,Price,74,229072,NM,2024-11-28
771,Hannah,Scott,49,171824,MP,2024-05-31
772,Russell,Scott,20,191863,NM,2026-05-06
773,John,Jackson,22,91543,MH,2023-03-05
774,Frank,Gordon,58,209411,NY,2025-11-03
775,Luis,Brock,76,105334,MT,2018-05-24
776,Shannon,Martinez,32,225760,NV,2018-04-02
777,Sean,Manning,23,143763,GA,2024-09-29
778,Sean,Macdonald,80,55806,WV,2024-04-22
779,Margaret,Monroe,66,196133,ME,2018-11-24
780,Melissa,Murray,63,56347,MH,2024-08-17
781,Brad,Nelson,46,73611,NC,2019-09-09
782,Jeffrey,Graves,62,108503,LA,2026-01-29
783,Ryan,Riley,75,37588,RI,2020-11-20
784,Rodney,Mullen,20,115032,DC,2024-02-11
785,Tammy,Osborne,68,44711,IL,2018-12-29
786,Anna,Booker,36,123969,WY,2022-09-06
787,Harold,Burton,41,142901,WA,2021-06-15
788,John,Brewer,27,94014,OK,2016-12-10
789,Stephen,Patel,51,138016,WY,2023-07-30
790,Oscar,Olson,54,208729,ME,2022-12-06
791,Matthew,Mccarthy,68,77200,HI,2018-04-10
792,Brian,Shannon,28,75893,FM,2024-07-28
793,Alexis,Brown,23,189774,CT,2025-03-11
794,Renee,Washington,73,130281,MH,2022-04-12
795,Drew,Bridges,57,209079,NH,2026-03-08
796,Christina,Snow,33,160460,NE,2026-02-27
797,Tina,Valentine,76,182871,DE,2017-01-08
798,Annette,Smith,27,90866,OK,2026-05-05
799,Richard,Diaz,47,197222,SD,2021-03-31
800,Paul,Morales,34,150473,GU,2020-11-02
801,Michelle,Nelson,34,204808,NE,2018-08-19
802,Jeffrey,Clayton,18,240929,UT,2020-09-27
803,Tricia,Moses,47,105400,ID,2025-06-17
804,Robert,Fitzgerald,61,173287,OR,2025-04-13
805,Stephen,Wilkerson,28,49362,DE,2023-08-22
806,Richard,Bass,46,120587,NJ,2022-08-27
807,Amanda,Woodard,55,108421,RI,2024-05-17
808,Amanda,Snyder,58,141230,SD,2022-03-08
809,Luke,Reid,62,95561,WY,2023-03-28
810,Jasmine,Vaughn,47,109199,NM,2024-05-26
811,Jennifer,Robinson,30,130845,NM,2021-09-09
812,David,Jackson,72,156670,MO,2026-03-21
813,Jordan,Woods,24,92182,IA,2019-12-14
814,Kristopher,Morris,42,179926,WA,2024-02-09
815,Michael,Hopkins,40,180683,ME,2020-04-19
816,Yvonne,Jackson,36,213311,AZ,2017-08-03
817,Patricia,Holland,36,35751,VA,2017-10-18
818,William,Washington,80,247589,TX,2022-02-27
819,Joyce,Chandler,60,133758,OH,2024-12-10
820,Joseph,Baker,35,32122,NJ,2018-12-29
821,Julie,Smith,54,209778,NC,2019-03-24
822,Jesse,Fischer,67,225210,TN,2026-01-01
823,Anthony,Morris,80,42856,NJ,2022-07-30
824,Brandon,Browning,76,188965,AS,2017-12-18
825,Joshua,Maddox,65,160214,CO,2018-09-15
826,Gregory,Moss,71,105024,SC,2020-02-16
827,Theodore,Smith,67,239416,CO,2017-09-11
828,Lisa,Mueller,32,189138,OK,2026-03-04
829,Jacob,Kelly,69,122358,MP,2020-04-26
830,Cassandra,Wright,32,196885,SC,2021-05-14
831,Scott,Jones,30,192762,WV,2020-11-03
832,April,Brown,34,207671,WY,2018-06-06
833,Kathryn,Park,66,218987,KS,2016-07-24
834,Jennifer,Cobb,67,202800,OH,2024-07-13
835,Danny,Hester,61,249765,RI,2021-08-20
836,Aaron,Werner,26,194691,GU,2016-09-10
837,Marie,Miller,24,194484,MH,2024-08-26
838,Nicolas,Andrade,59,40334,FM,2024-01-15
839,John,Abbott,37,236729,VA,2023-10-24
840,Patricia,Davis,46,38746,NY,2019-12-03
841,Rose,Rose,55,125646,ID,2020-12-20
842,Daniel,Scott,64,64448,NE,2023-12-17
843,Robin,Jones,23,107361,NE,2025-03-29
844,Courtney,Reese,38,225947,MI,2019-07-29
845,Christopher,Reeves,44,76042,TN,2025-01-11
846,Cheryl,Johnson,30,64644,CA,2021-03-21
847,Stephanie,Vance,68,171402,CA,2022-12-15
848,Michelle,Hodge,74,125907,RI,2025-02-25
849,Heather,Tapia,51,161542,AK,2017-04-07
850,Wendy,Costa,76,101441,AK,2025-02-09
851,Shannon,Murphy,71,73134,IL,2017-06-27
852,Michelle,Young,34,246187,AS,2019-04-11
853,Jason,Alvarado,78,156313,FM,2016-12-18
854,Joseph,Harris,79,241416,UT,2022-08-29
855,Jeffrey,Vasquez,36,225706,DE,2026-04-17
856,Stephanie,Salazar,73,118792,ND,2020-01-25
857,Victoria,Peters,69,60191,MA,2023-04-13
858,Jason,Brown,47,49739,FM,2018-01-01
859,Mary,Young,27,227696,ME,2022-06-27
860,Sara,Fischer,79,89143,CT,2016-10-21
861,David,Lee,73,207294,CA,2018-03-12
862,Robert,Orozco,64,206791,CO,2019-02-27
863,Karen,Davis,80,134179,FL,2019-07-18
864,Amy,Garrett,79,240917,SC,2024-03-23
865,Brittany,Ibarra,53,125885,NM,2026-02-03
866,Joseph,Romero,23,237272,AS,2023-07-28
867,Emily,Anderson,43,33648,ID,2022-02-22
868,Helen,Trevino,34,170659,MI,2025-04-17
869,Anthony,Wall,25,149219,DC,2023-02-19
870,Brendan,Case,41,206377,TX,2017-12-03
871,Rebecca,Franklin,65,206250,FL,2024-11-30
872,Mario,Lindsey,34,183238,ME,2024-03-26
873,David,Morales,42,245591,WV,2023-12-29
874,Sean,Mcguire,58,127379,IA,2021-04-25
875,Mark,Roberts,24,206904,TX,2022-10-08
876,Troy,Chandler,32,153594,SD,2020-06-02
877,Elizabeth,Romero,19,192410,WY,2016-08-28
878,Natalie,Le,74,177169,PW,2026-05-14
879,Evan,Hunter,38,189929,OK,2022-09-24
880,Kathy,Sanders,32,199778,WY,2022-05-20
881,Louis,Wood,22,196567,ND,2022-02-22
882,Kathryn,Murphy,70,151704,VI,2022-11-02
883,Cynthia,Rose,76,213783,CA,2024-08-15
884,Hailey,Morse,37,200194,OH,2021-08-09
885,Stephanie,Munoz,44,60585,IA,2018-12-11
886,Jonathan,Kerr,26,41887,PR,2022-08-26
887,Rachel,Silva,78,39754,SD,2026-04-29
888,Jared,Woods,37,159138,WY,2024-05-31
889,Gina,Underwood,25,55478,ND,2019-01-27
890,Mark,Payne,33,170914,MD,2021-07-17
891,Candice,Stevens,26,131881,AR,2016-11-05
892,Donna,Guzman,47,127258,RI,2019-06-22
893,Angela,Beltran,60,224809,VA,2017-12-23
894,Jeffrey,Parker,62,171608,IA,2017-05-10
895,Robert,White,44,183967,FM,2017-02-23
896,Melissa,Jackson,65,220473,IL,2023-10-23
897,Christopher,Cole,27,138759,SD,2017-12-09
898,Andrea,Sandoval,59,55957,GA,2023-09-18
899,Teresa,Walker,71,158279,IA,2021-04-21
900,Michelle,Williams,57,136985,AL,2019-12-09
901,Margaret,Foster,78,103332,SD,2018-05-31
902,Lisa,Farmer,20,210952,IL,2016-11-20
903,Richard,Wolfe,41,86955,SC,2024-05-30
904,Rebecca,Bennett,46,146574,FM,2023-07-02
905,Edward,Melendez,78,91895,WA,2023-09-21
906,Jeremy,Smith,72,125075,MO,2021-06-08
907,Heather,Reynolds,24,209746,AZ,2018-06-24
908,Sean,Avila,41,172728,AR,2024-12-10
909,Brianna,Lynch,75,199037,WA,2024-06-28
910,William,Johnson,40,45872,NH,2023-11-14
911,Derrick,Elliott,43,102320,CO,2018-09-15
912,Michelle,Scott,30,62023,DE,2019-05-03
913,Martha,Hinton,78,246056,MI,2024-02-06
914,Blake,Long,47,54031,DC,2024-03-02
915,Kelly,Gibson,60,85602,NM,2026-03-19
916,Luke,Cortez,59,197639,NV,2023-07-21
917,Jonathan,Thompson,56,35598,AK,2018-07-15
918,Danny,Gonzalez,21,236253,WY,2020-08-14
919,Pamela,Bonilla,39,93850,DC,2024-04-06
920,Cameron,Drake,26,236301,AR,2022-05-11
921,Carrie,Mcdowell,54,83793,MS,2023-04-08
922,Kayla,Matthews,22,247531,AS,2023-08-16
923,Christopher,Lopez,66,175282,CA,2023-09-17
924,Michael,Cervantes,31,183716,MO,2016-10-16
925,Joshua,Leonard,31,243136,ID,2017-11-23
926,Haley,Stanley,73,91079,WV,2019-10-25
927,Melissa,Dominguez,39,232996,CO,2017-07-17
928,Heather,Alexander,27,236738,WI,2025-10-20
929,Benjamin,Stephens,75,186233,PR,2020-08-30
930,Jill,Gomez,18,102685,PR,2025-04-08
931,Devin,Sweeney,72,67929,MD,2020-02-28
932,David,Edwards,26,171614,AS,2022-01-07
933,Amy,Smith,34,239325,PA,2021-03-14
934,Margaret,Smith,29,58816,PW,2017-06-13
935,Kathleen,Wilson,60,36758,NH,2024-01-05
936,Valerie,Ross,26,33895,PR,2021-04-01
937,Mark,Martinez,40,237089,NH,2022-05-28
938,Jennifer,Thomas,68,92372,IA,2022-01-11
939,Matthew,Cruz,55,114874,HI,2022-12-24
940,Nicole,Gallegos,19,75677,WI,2016-10-31
941,Thomas,Ortega,34,43736,UT,2018-01-14
942,Tracy,Carr,26,224436,AL,2022-06-24
943,Dale,Ball,44,167910,SD,2020-11-19
944,James,Martinez,25,225471,RI,2020-12-03
945,Katherine,Taylor,22,154845,ME,2024-01-03
946,Melissa,Allen,46,233952,PW,2016-09-01
947,David,Campbell,41,164542,OH,2022-11-11
948,John,Mclean,55,58587,WA,2022-09-03
949,David,Baker,46,162078,AR,2023-11-17
950,George,Simmons,32,191246,LA,2026-01-24
951,Adam,Williams,20,220642,PR,2020-02-23
952,Elizabeth,Jones,68,202727,PW,2017-12-14
953,Suzanne,Lawson,51,109070,ND,2024-11-24
954,James,George,47,198647,MO,2023-04-11
955,Mercedes,Howard,79,38165,OR,2022-01-06
956,Raymond,Newton,21,155562,OR,2017-10-04
957,Michelle,Higgins,72,135281,IL,2019-06-28
958,Blake,Moore,45,209856,VT,2025-10-04
959,Timothy,Perkins,24,158521,WV,2018-07-01
960,Mark,Mitchell,63,146277,TN,2023-07-10
961,Vincent,Lawson,22,51178,CO,2024-11-11
962,Christopher,Rhodes,38,189461,LA,2017-08-28
963,Christina,Owens,27,47218,AK,2017-06-10
964,Stacey,Rivera,26,102093,PA,2025-04-16
965,Curtis,Moore,57,195957,WY,2023-08-12
966,Margaret,Jensen,55,173748,TX,2023-04-07
967,Austin,Sanchez,63,115245,CA,2023-11-15
968,Nicholas,Morris,42,186602,FL,2025-04-12
969,Austin,Morales,51,107305,MN,2018-02-10
970,Melissa,Strong,47,162527,SC,2018-04-12
971,Troy,Walker,56,142774,DE,2025-08-16
972,Larry,Walker,24,237905,NV,2023-06-19
973,Chelsea,Cantu,62,59992,GA,2020-12-07
974,Clayton,Rodriguez,72,201629,SD,2023-05-01
975,Jenny,Warner,59,231578,HI,2025-08-04
976,Joseph,Crawford,53,218963,IN,2019-07-06
977,Laurie,Rodriguez,73,86367,CT,2022-05-20
978,Kristen,Wu,45,148372,NJ,2019-02-01
979,Heather,Lyons,74,89898,NY,2018-01-19
980,Tyler,Ryan,44,118848,MT,2017-01-10
981,Caleb,Brooks,70,148882,TX,2021-12-24
982,Johnny,Lane,43,139049,MH,2025-08-21
983,Pamela,Bennett,64,54926,MA,2018-05-25
984,Christopher,Bates,38,141873,DE,2023-05-10
985,Jennifer,Crawford,38,204354,AS,2023-05-20
986,Joshua,Powell,34,128120,FL,2016-06-19
987,Tommy,White,79,70013,GU,2024-12-24
988,Taylor,Cross,61,154326,RI,2022-11-06
989,David,Johnson,22,53914,NE,2017-04-01
990,Jeffery,Swanson,71,52377,RI,2020-05-14
991,Wayne,Burton,23,143213,NV,2023-05-13
992,Donald,Wood,24,225189,GA,2021-11-06
993,Katherine,Miller,65,127687,GU,2025-08-17
994,Angela,Thomas,69,64108,MI,2022-06-18
995,Gabrielle,Weber,53,45723,MA,2024-04-09
996,Benjamin,Brooks,55,177216,GA,2024-12-25
997,Rachael,Gordon,53,116414,CA,2020-08-31
998,Krista,Kim,60,62042,OH,2023-04-25
999,Kenneth,Rivera,44,122693,UT,2022-07-07
1000,Christopher,Valdez,73,204415,MT,2020-04-15
1001,Kimberly,Lawrence,78,226682,GA,2023-07-21
1002,George,Kim,45,219021,GA,2023-01-25
1003,Jessica,Green,21,105400,NV,2016-07-11
1004,John,Spencer,56,111906,NC,2019-05-25
1005,Jennifer,Lowe,40,57158,KS,2022-12-13
1006,Dale,Cole,54,163015,OH,2017-04-10
1007,Timothy,Todd,31,70561,OH,2021-12-01
1008,Douglas,Sanchez,60,156403,ME,2016-09-13
1009,Richard,Welch,32,58368,ME,2017-07-07
1010,Willie,Vazquez,40,175821,CA,2018-05-28
1011,Amber,King,41,60116,WI,2020-03-17
1012,Lauren,Stewart,66,103024,MI,2021-07-08
1013,Becky,Madden,54,89286,NM,2020-04-21
1014,Gina,Thomas,69,142489,MA,2022-06-27
1015,James,Thomas,72,177053,DC,2019-05-07
1016,Ashley,Thomas,80,231177,RI,2021-12-22
1017,Kimberly,Johnson,70,192981,VT,2018-11-11
1018,Patricia,Bridges,57,206941,HI,2017-07-05
1019,Loretta,Ruiz,59,175945,RI,2019-03-19
1020,David,Macdonald,19,189644,AZ,2024-11-13
1021,James,Henderson,77,202446,NC,2023-11-28
1022,Sherry,Tyler,71,211789,AK,2022-11-09
1023,Carmen,Sullivan,35,37589,ME,2017-09-18
1024,Kyle,Hudson,29,101636,HI,2017-01-14
1025,Andrew,Leonard,62,229861,TN,2026-01-07
1026,Bryan,Harris,37,119082,FL,2022-05-23
1027,Jesus,Craig,40,31600,PA,2017-07-06
1028,Kevin,Bailey,29,67552,MI,2025-05-12
1029,Henry,Frank,54,202318,UT,2020-02-28
1030,Suzanne,Robbins,43,48241,ME,2024-05-15
1031,Erin,Rush,27,224240,DC,2026-02-18
1032,Heather,Morgan,58,38036,NY,2019-12-22
1033,Bryan,Olson,23,225588,MN,2020-04-08
1034,Jodi,Williams,51,86395,MH,2026-02-17
1035,Robert,Wilcox,42,140056,PA,2022-12-21
1036,Virginia,Nielsen,47,119363,IA,2021-12-17
1037,Brandon,Smith,28,127007,WV,2021-03-11
1038,Daniel,Cooper,37,219162,NE,2018-05-04
1039,Karen,Mccoy,38,233642,DE,2020-05-08
1040,Rebecca,Smith,78,178791,KS,2021-11-04
1041,Angela,Anderson,56,52270,PR,2020-02-11
1042,Ashley,Holloway,74,43791,MP,2023-12-08
1043,Michelle,James,27,71264,ME,2020-02-22
1044,Eugene,Robbins,66,191962,MD,2019-05-29
1045,Kristen,Rodriguez,21,206676,MH,2024-03-22
1046,Katherine,Rodriguez,23,101330,VI,2021-09-09
1047,Michele,Horton,46,203523,RI,2017-10-08
1048,Sandra,Gonzalez,45,157313,ID,2016-08-11
1049,Jeffrey,Meyer,56,145879,GU,2020-02-01
1050,Angela,Fields,44,101609,UT,2020-05-15
1051,Corey,Green,31,227903,VI,2021-10-04
1052,Steven,Golden,50,59836,OH,2024-03-30
1053,Steven,Anderson,40,142699,VI,2020-11-28
1054,Christopher,Hayden,25,104251,HI,2022-01-26
1055,George,Cunningham,61,207861,AZ,2023-10-25
1056,Megan,Baldwin,55,157567,IN,2018-03-12
1057,Paul,Turner,51,204884,VA,2017-07-31
1058,Danielle,Madden,37,41905,OK,2022-06-23
1059,Eric,Williams,32,133615,FL,2017-10-20
1060,Patricia,Munoz,56,44360,HI,2019-09-26
1061,Henry,Brock,18,83588,MP,2024-06-07
1062,Nicole,Romero,37,85373,NE,2023-08-26
1063,Tiffany,Garcia,67,65975,IN,2022-09-30
1064,Raymond,Mayer,66,96982,IN,2019-09-23
1065,Elaine,Johnson,36,116015,ND,2020-06-20
1066,Laura,Harper,25,32026,OH,2025-09-06
1067,Tina,Hill,49,225825,AR,2023-12-19
1068,Rachel,Harris,45,76057,DC,2022-01-12
1069,Gabriel,Davenport,26,129669,IL,2026-02-03
1070,Angel,Gross,52,214463,AR,2021-03-01
1071,Jeremiah,Washington,32,161140,WI,2022-09-07
1072,Jeff,Osborn,53,248458,MO,2026-04-11
1073,Scott,Lawrence,60,241340,KS,2025-08-29
1074,Veronica,Gardner,40,48894,WV,2020-09-24
1075,Amanda,Sullivan,43,224521,HI,2023-11-17
1076,Kristina,Brown,20,144352,OR,2017-09-22
1077,Logan,Fields,19,150521,PR,2017-12-04
1078,Jamie,Johnson,76,50411,WV,2020-10-12
1079,John,Williams,73,112066,MH,2020-02-24
1080,Marvin,Meyer,54,142534,KY,2020-09-02
1081,Angela,Chambers,54,136017,IA,2017-01-25
1082,Claudia,Macdonald,63,197809,LA,2017-01-13
1083,Thomas,Meza,44,105894,RI,2022-07-08
1084,Cory,Price,25,136176,SD,2018-04-09
1085,William,Morrison,19,115136,GU,2021-06-10
1086,Jennifer,Riley,28,240061,OR,2021-11-07
1087,April,Casey,78,192037,ND,2023-12-24
1088,Jacob,Scott,47,248110,CT,2026-05-15
1089,Fred,Watkins,62,124857,WI,2020-02-13
1090,Michael,Chavez,23,144481,ME,2019-06-02
1091,Todd,Lucero,72,57751,WI,2022-02-04
1092,Melissa,Cantu,33,144209,DC,2024-02-03
1093,Christina,Brown,55,134975,MA,2019-07-02
1094,Danielle,Cardenas,51,50616,NM,2019-02-25
1095,Alexandra,Hernandez,43,111336,KY,2018-09-30
1096,Anna,Gardner,65,119001,ND,2020-09-27
1097,Howard,Haley,32,117311,AS,2017-07-13
1098,Laura,Osborn,67,74074,RI,2024-07-16
1099,Nicholas,Adams,22,163820,NY,2018-12-25
1100,Patricia,Taylor,58,59891,DC,2023-10-04
1101,Kimberly,Harris,51,163680,NV,2023-07-29
1102,Kimberly,Gentry,30,233483,WV,2021-01-18
1103,Walter,Rivera,40,122038,UT,2023-04-02
1104,Randall,Baker,64,244682,WA,2023-10-22
1105,Carlos,Morgan,59,243657,GA,2017-06-04
1106,Vanessa,Adams,27,91936,AS,2025-07-26
1107,Tara,Hardin,24,68389,LA,2023-11-05
1108,Joshua,Johnson,34,81713,RI,2017-12-10
1109,Tyler,Perez,29,187915,NH,2018-06-13
1110,Eric,Peters,27,229285,FL,2019-01-05
1111,Anthony,Wright,66,201837,FM,2024-05-06
1112,David,Brown,22,76437,FL,2021-05-10
1113,Holly,Chandler,78,232597,CO,2020-07-04
1114,Meagan,Marks,58,159529,MS,2025-10-31
1115,Mary,Shepherd,47,227773,CT,2018-11-08
1116,Timothy,Hensley,54,229197,LA,2016-11-30
1117,Scott,Hayes,55,147677,FM,2024-10-07
1118,Corey,Nunez,61,177978,MD,2023-08-05
1119,Devon,Greene,59,196539,TN,2017-05-23
1120,Anne,Chen,57,114727,MT,2023-08-03
1121,Ryan,Obrien,73,194421,VT,2016-06-20
1122,Sandra,King,38,69572,DC,2017-09-23
1123,Carrie,Mckee,46,47900,OR,2016-12-28
1124,Brenda,Reed,48,145922,RI,2021-12-15
1125,Christopher,Mccullough,58,109382,NE,2026-03-19
1126,Taylor,Reyes,68,102004,AS,2025-04-16
1127,Samantha,Rivers,55,44725,AZ,2025-09-06
1128,Daniel,White,40,162995,AS,2017-02-07
1129,Michael,Martin,22,111371,FM,2023-12-18
1130,Kathleen,Santiago,47,148466,IL,2020-08-31
1131,Stacie,Perez,20,44913,OH,2023-10-03
1132,Shelby,Fleming,41,248024,AK,2018-04-16
1133,Joseph,Gordon,36,50114,WI,2023-12-31
1134,Teresa,Collins,59,53670,ID,2022-12-14
1135,Amanda,Velez,57,185734,AL,2018-10-11
1136,Michael,Peters,50,130789,MS,2019-08-10
1137,Veronica,Mathis,47,182129,MO,2022-03-14
1138,Autumn,Hall,53,237570,UT,2026-01-27
1139,Joshua,Aguilar,65,40753,WY,2023-11-15
1140,Alicia,Shepard,46,242288,PA,2020-12-01
1141,Kathryn,Cabrera,54,200875,SD,2022-07-25
1142,Jeffrey,Wilson,30,114286,NJ,2026-05-26
1143,Madison,Sherman,56,154683,NC,2018-06-28
1144,Jay,Martin,50,69547,CA,2022-08-25
1145,David,Cooper,79,46219,NY,2025-08-27
1146,Erica,Parker,46,57132,DE,2023-01-31
1147,Tina,Mullins,69,249513,WV,2018-04-06
1148,Alexandria,Gamble,39,217253,PR,2017-07-04
1149,Emily,Smith,23,162264,CA,2023-05-14
1150,Kelly,Rice,59,75235,OH,2016-12-22
1151,Jon,Smith,20,94944,MP,2017-04-14
1152,Steven,Leon,63,144755,KY,2026-04-15
1153,Tanya,Turner,46,167381,AK,2016-08-21
1154,Julie,Floyd,51,189856,NV,2016-09-04
1155,Amber,Rodriguez,28,125393,WV,2020-01-05
1156,Edwin,Maldonado,41,104158,AK,2025-11-04
1157,Cesar,Alexander,42,137156,AZ,2017-01-20
1158,Richard,Camacho,67,118700,MP,2022-11-29
1159,David,Leonard,61,186732,AS,2026-04-12
1160,Kimberly,Mason,21,236891,MH,2024-10-17
1161,Brittany,Hill,58,199687,IN,2018-02-04
1162,Holly,Adams,39,47278,KY,2018-01-21
1163,Amber,Stewart,39,54774,WY,2019-04-15
1164,Ryan,Osborne,53,207833,CO,2025-06-14
1165,Jessica,Rowe,42,104487,MA,2017-02-21
1166,Barry,Reyes,34,219722,OK,2022-01-19
1167,Lisa,Tate,72,202114,ND,2024-08-09
1168,Michael,Smith,79,187994,NC,2023-05-03
1169,Melissa,Peterson,73,69419,AS,2016-07-15
1170,James,Macias,39,51365,AR,2024-02-12
1171,Jennifer,Anderson,55,203961,VT,2024-01-13
1172,Joel,Flores,27,121703,MP,2017-08-06
1173,Veronica,Rodriguez,37,201980,AR,2019-03-02
1174,Julie,House,62,203574,MA,2019-11-29
1175,Tyler,Campbell,43,63803,MI,2023-12-21
1176,Amanda,Anderson,56,215816,WY,2020-09-08
1177,David,Freeman,78,52208,LA,2020-01-07
1178,Donald,Baker,37,176518,NC,2024-02-08
1179,Michael,Owen,42,198687,VT,2021-12-17
1180,Tamara,Gould,68,116108,AK,2023-05-12
1181,Renee,Malone,70,63500,MT,2026-01-26
1182,Julie,Nelson,60,214242,TX,2020-03-20
1183,Miranda,Delgado,71,223665,NM,2017-08-30
1184,Brett,Jackson,61,167990,NY,2017-02-15
1185,Richard,White,23,199351,AS,2020-11-21
1186,Michelle,Moran,60,140993,ND,2022-09-08
1187,Peter,Morrison,50,124851,CA,2021-01-02
1188,Amy,Graham,19,125052,MH,2017-07-13
1189,Justin,Ellis,37,77254,VT,2020-06-01
1190,Charles,Thompson,78,86149,NE,2019-07-20
1191,Aaron,Williams,39,230843,AR,2017-05-29
1192,Anita,Johnson,49,80333,KY,2016-10-30
1193,Duane,Miller,32,66061,MD,2021-11-21
1194,Shirley,Martinez,27,50228,TN,2018-07-11
1195,Cathy,Johnston,36,236600,NV,2025-08-19
1196,Carl,Lynch,24,163087,VT,2025-08-16
1197,Lisa,Howard,67,171497,NE,2022-03-11
1198,Robert,Solomon,71,223631,NY,2025-01-10
1199,Brenda,Landry,74,168027,MI,2017-05-12
1200,Cesar,Ramos,20,203520,IA,2025-04-22
1201,Hailey,Abbott,39,230882,GA,2017-06-11
1202,Tony,Larsen,57,64353,VA,2019-09-02
1203,Jennifer,Price,56,128754,IN,2018-01-27
1204,Tim,Davis,27,72532,MN,2022-03-30
1205,Stephanie,Roberts,29,247932,DC,2019-07-10
1206,Brandon,Alvarez,62,232138,AR,2019-10-08
1207,Kathryn,Mckee,57,242085,VA,2020-05-03
1208,Andrew,Anderson,75,73395,DE,2026-05-25
1209,Shannon,Wheeler,64,144733,CO,2018-05-23
1210,Jonathan,Wilcox,20,137704,OH,2017-04-20
1211,Richard,Hernandez,41,207304,CO,2020-03-27
1212,Amanda,Elliott,64,92267,WA,2022-07-01
1213,Kirk,Webb,80,146444,WY,2022-12-10
1214,Amber,Howe,57,104692,NY,2017-04-21
1215,Paul,Bishop,66,226224,OR,2018-07-10
1216,Marilyn,Reed,68,147683,NE,2017-02-07
1217,Devin,Davis,32,169987,PW,2017-11-11
1218,Julie,Brown,33,111125,SD,2018-09-27
1219,David,Ruiz,79,241975,PA,2017-08-07
1220,Gary,Armstrong,68,152949,NY,2023-11-27
1221,Joshua,Mcmahon,75,248919,KS,2019-01-26
1222,Jennifer,Howe,30,126427,NE,2020-10-19
1223,William,Hoover,61,179532,NV,2018-09-27
1224,Judy,Davila,46,151026,TN,2022-03-29
1225,Matthew,Thomas,67,103864,NM,2018-08-26
1226,Kristen,Odom,67,130105,AR,2020-03-13
1227,Justin,Daniels,50,168270,AL,2016-11-15
1228,Brittany,Hodge,44,72482,RI,2023-05-06
1229,Joshua,Reyes,70,82349,SC,2025-12-25
1230,Debra,Rodriguez,69,188508,VT,2021-05-05
1231,David,Mahoney,26,95536,NE,2024-08-23
1232,Mary,Moore,21,198081,LA,2017-10-04
1233,Jeffrey,Hoover,48,127311,MT,2021-02-07
1234,Sherri,Willis,53,56893,TX,2019-10-24
1235,Andrew,Delgado,63,165242,NY,2017-02-05
1236,Robert,Galloway,72,62683,AZ,2025-10-08
1237,Johnny,Sherman,36,51987,PA,2017-06-29
1238,Joseph,Howard,66,72024,ME,2018-09-24
1239,Ann,Green,35,147786,DE,2017-06-08
1240,Steven,Maldonado,75,164572,MS,2021-10-19
1241,Charles,Morris,27,247853,IN,2022-03-07
1242,Paul,Olson,45,54042,FM,2022-08-29
1243,Zachary,Horton,78,88205,RI,2021-12-21
1244,Joshua,Madden,70,148260,MP,2024-07-05
1245,Andrea,Soto,74,121641,MN,2025-11-11
1246,William,Juarez,77,36991,CT,2019-07-14
1247,Ashley,Santana,44,43960,NH,2022-06-18
1248,Deanna,Brown,43,161598,VA,2020-03-03
1249,Lisa,Crawford,41,91807,ND,2020-07-22
1250,Jacob,Atkinson,42,51392,AK,2017-04-30
1251,Trevor,Hancock,41,88861,VT,2020-01-14
1252,Joshua,Farley,19,113541,PA,2019-07-13
1253,Amy,Henry,77,55974,RI,2024-01-16
1254,Debra,Gordon,71,217355,MP,2019-02-27
1255,Jared,Gamble,59,117894,IN,2019-09-12
1256,Robert,Cook,68,68285,MH,2020-08-08
1257,Travis,Miller,26,40040,PA,2017-01-22
1258,Angela,Hayden,36,247517,VA,2023-04-16
1259,Daniel,Chapman,48,212471,AS,2025-05-19
1260,Madeline,Bryant,71,66383,TX,2025-10-16
1261,Brian,Gomez,66,214952,NE,2022-03-16
1262,Connie,Ball,48,147598,PA,2022-02-09
1263,Travis,Jones,57,31376,KS,2023-02-11
1264,Michael,Reese,75,50768,OH,2025-04-25
1265,Victoria,Juarez,19,97088,GA,2022-04-03
1266,Nicholas,Martin,31,248880,ND,2017-08-08
1267,Bradley,Stewart,27,173865,TN,2019-09-26
1268,Christopher,Lynn,78,220640,ME,2020-07-28
1269,Samantha,Davidson,56,168352,ND,2021-01-25
1270,Shannon,Garcia,45,59146,IN,2020-01-19
1271,Amy,Hinton,67,105524,MT,2020-08-26
1272,Jaime,Powell,33,108944,AK,2024-02-06
1273,Christine,Obrien,25,42517,ID,2022-10-24
1274,Brian,Anderson,33,140054,OR,2019-02-28
1275,William,Perez,58,238115,FL,2024-01-30
1276,Jonathan,Nichols,57,149829,IN,2023-06-25
1277,Jason,Johnson,22,59060,NJ,2024-10-01
1278,Dustin,Trujillo,71,161027,TN,2025-09-23
1279,Brian,Pacheco,56,170523,GA,2020-08-28
1280,Frederick,Nguyen,19,195663,AS,2017-06-16
1281,Lisa,Richmond,50,180745,DE,2025-12-11
1282,Sarah,Avila,33,218362,NE,2025-07-21
1283,Barbara,Alexander,27,106355,WV,2018-07-02
1284,Terri,Weaver,45,30410,AS,2023-10-12
1285,Bruce,Guerrero,57,122488,AL,2025-03-18
1286,Beth,Smith,33,179596,NH,2024-09-27
1287,Lynn,Sanchez,44,79103,CO,2018-05-12
1288,Desiree,Pineda,60,205168,VT,2020-11-28
1289,Nicole,Evans,23,167228,AS,2026-03-29
1290,Regina,Williamson,80,124530,SC,2021-07-13
1291,Loretta,Johnson,22,167903,SD,2023-09-06
1292,Susan,Burke,52,162992,TN,2022-12-05
1293,Corey,Black,68,163070,WI,2020-01-24
1294,Rachel,Wall,53,35330,MN,2021-06-29
1295,Dawn,Matthews,42,153243,ND,2022-11-29
1296,Michelle,Young,20,196637,MP,2024-03-25
1297,Julie,Meyer,42,127858,WI,2024-11-16
1298,Amy,Morgan,34,225904,NC,2025-09-20
1299,David,Stanton,19,123610,WA,2017-08-09
1300,John,Cox,68,47710,NC,2018-07-03
1301,Pamela,Larson,40,93209,IL,2019-06-22
1302,Michael,Greer,64,202255,CT,2024-10-31
1303,Michael,Webb,58,57174,MP,2018-02-07
1304,Karen,Palmer,67,182542,AR,2020-02-20
1305,Monica,Estrada,65,228358,UT,2025-11-20
1306,Chris,Benjamin,39,64972,DE,2019-12-16
1307,Briana,Nichols,20,122353,PA,2026-04-07
1308,Linda,Gay,52,118748,MN,2023-05-11
1309,Jennifer,Medina,70,198505,FM,2019-07-27
1310,Leslie,Rodriguez,29,247680,OR,2018-09-16
1311,David,Johnson,67,209485,UT,2023-02-20
1312,Andrew,Smith,47,212292,DC,2017-02-26
1313,Andrew,Baker,48,195605,ID,2021-02-07
1314,Shawn,Perry,29,242729,FL,2016-10-25
1315,Tim,Richmond,26,46541,PA,2017-08-23
1316,Brian,Johnson,63,233473,ME,2025-04-08
1317,Julie,Hall,78,149977,IN,2020-01-10
1318,Tammy,Mcfarland,20,106924,CO,2022-02-24
1319,Chris,Andrews,30,41483,MH,2025-01-31
1320,Paula,Gibson,68,82289,KS,2025-12-15
1321,Heather,Dixon,74,40985,LA,2020-01-11
1322,Sara,Schultz,38,111284,HI,2022-10-17
1323,Melanie,Simmons,50,134392,MS,2020-04-26
1324,Victoria,Cox,70,172352,CT,2018-09-22
1325,Christopher,Baker,48,96404,VI,2025-11-29
1326,Micheal,Pitts,20,227470,NV,2016-10-16
1327,Robin,Walker,59,80096,NV,2023-08-24
1328,Ralph,Watts,36,123578,ME,2017-01-17
1329,Emma,White,73,234692,AK,2024-07-21
1330,Anita,Baker,21,201896,VA,2024-06-04
1331,Austin,Scott,39,101622,SC,2020-07-05
1332,Scott,Cantu,25,239542,CT,2023-05-15
1333,Kristina,Lee,41,144544,NH,2020-04-17
1334,Diane,Miller,74,134863,OR,2020-03-23
1335,Beth,Harris,65,145274,AL,2017-05-20
1336,Danielle,Powell,75,131356,WA,2021-07-21
1337,Aaron,White,39,78973,CA,2020-09-21
1338,Michael,Hunt,49,211421,VT,2025-06-02
1339,Kimberly,Meyers,49,126297,LA,2017-11-23
1340,Abigail,Dennis,77,239005,NE,2017-02-03
1341,Noah,Guerrero,51,99919,NC,2018-06-28
1342,Debra,Robinson,69,51656,ME,2021-12-07
1343,Anthony,Reyes,64,141280,LA,2017-07-03
1344,Raymond,Keith,23,142881,MH,2024-09-23
1345,Amber,Norton,56,245571,OK,2017-05-15
1346,Emma,Daniels,29,172992,CO,2025-11-11
1347,Ronald,Hester,36,114203,AK,2025-09-17
1348,Matthew,Ward,24,50989,IA,2024-09-12
1349,Deborah,Sanders,38,203256,CO,2021-05-13
1350,Nicole,Mitchell,36,110346,OR,2017-02-26
1351,Patricia,Flowers,46,187973,ND,2019-12-24
1352,Sean,Flores,63,141703,IA,2023-02-23
1353,William,Jones,28,210817,SD,2025-12-25
1354,Alexandra,Jimenez,46,122155,AS,2021-11-20
1355,Andrea,Evans,46,41103,MT,2022-03-09
1356,David,Cole,64,122421,ND,2023-05-01
1357,Joann,Cunningham,57,144017,SC,2023-01-20
1358,Nicole,Brown,35,197633,VT,2026-02-24
1359,Sarah,Ramos,80,237481,TN,2024-10-29
1360,Michael,Howard,78,45036,CO,2025-02-14
1361,Olivia,Barr,22,205946,RI,2022-06-06
1362,Amanda,Franco,58,136485,VI,2026-05-01
1363,Melody,Jacobson,41,164502,GU,2023-10-07
1364,Isaiah,Miller,69,226581,NE,2020-05-16
1365,Matthew,Harris,61,71939,AK,2019-03-11
1366,Lucas,Mccoy,78,38163,PA,2017-08-29
1367,Linda,Gonzalez,27,189271,RI,2019-03-03
1368,John,Mckee,61,234816,MT,2020-01-15
1369,Lori,Perez,46,39122,IA,2026-05-31
1370,Melissa,Wilson,26,47624,TN,2020-11-22
1371,Michael,Klein,33,234083,UT,2023-05-23
1372,Jorge,Valdez,59,126030,VI,2021-01-16
1373,Michael,Hudson,41,130362,UT,2019-08-08
1374,Toni,Kirk,78,178699,MI,2020-07-02
1375,Joseph,Martinez,20,188621,OR,2022-03-11
1376,Julie,Stewart,27,208012,MO,2016-11-19
1377,Heather,Thompson,46,127246,NH,2022-08-05
1378,William,Davis,41,146376,IA,2019-08-11
1379,Jennifer,Rowe,66,50155,VA,2025-05-05
1380,Denise,Valenzuela,54,66095,ME,2023-05-16
1381,Steven,Martinez,51,126193,UT,2025-05-29
1382,Robert,Robbins,43,112414,AK,2020-04-12
1383,Hannah,Harrison,59,103056,NC,2026-03-22
1384,Timothy,Good,33,59739,KY,2022-01-30
1385,Michael,Diaz,19,222852,NJ,2023-09-23
1386,Kathleen,Melton,29,160821,OK,2022-01-28
1387,Ashley,Miller,51,131446,CT,2022-01-15
1388,Allison,Burgess,76,177239,KS,2017-05-06
1389,Ian,Pierce,25,98623,TN,2026-03-14
1390,Michelle,Duran,67,98233,PR,2021-02-26
1391,Glenda,Jackson,63,146987,MI,2017-05-16
1392,Anne,Grimes,31,190399,MH,2018-06-17
1393,Justin,Moss,36,211922,WV,2020-04-15
1394,Robyn,Alexander,76,158765,WV,2018-01-22
1395,Sharon,Butler,30,62148,WV,2017-02-14
1396,Jason,Buchanan,26,49412,AR,2025-03-21
1397,Daniel,Mendoza,46,75260,GU,2021-08-22
1398,Peter,Morgan,75,217005,KS,2023-03-15
1399,Joshua,Clark,46,53013,CO,2024-05-03
1400,Jessica,Stewart,69,208763,NC,2018-09-12
1401,Paul,Williams,79,113778,KY,2023-12-03
1402,Garrett,Ortiz,60,121075,VT,2016-11-11
1403,Carla,Arroyo,63,47023,AL,2022-10-19
1404,Bonnie,Wang,53,172126,KY,2025-08-13
1405,Kelli,Sampson,36,108631,CA,2025-08-10
1406,Tyler,Hicks,72,71289,VI,2016-09-01
1407,Jessica,Heath,63,216007,AK,2023-10-24
1408,Brett,Butler,77,213558,KY,2017-11-24
1409,Kenneth,Poole,58,75636,WA,2019-07-17
1410,John,Little,68,124763,OK,2022-11-14
1411,Michael,Webb,50,88783,MT,2021-04-12
1412,Mark,Johnston,25,82685,IN,2017-05-30
1413,Jonathan,Adams,68,66405,WA,2022-03-11
1414,Stephanie,Thomas,33,237191,SD,2021-02-18
1415,Sean,Griffin,49,36890,WA,2017-06-17
1416,Megan,Shannon,41,175233,KS,2024-01-14
1417,Anthony,Blair,54,126707,RI,2021-07-04
1418,Kimberly,Munoz,47,240675,ID,2016-10-04
1419,Tracey,Chen,80,174610,CO,2021-12-19
1420,Harry,Clark,26,190418,KY,2026-03-15
1421,Paula,Hill,74,52600,PW,2021-02-24
1422,Patricia,Alvarez,22,111078,GU,2019-01-04
1423,Jonathan,King,43,217939,PA,2017-09-15
1424,Melissa,Koch,64,155479,MI,2019-04-14
1425,Rachel,Martin,51,137687,OK,2021-03-12
1426,Patricia,Paul,67,137330,MN,2022-12-26
1427,Dakota,Johnson,70,180706,FL,2024-12-12
1428,David,Browning,22,62853,NE,2024-12-26
1429,Penny,Farrell,80,113106,VI,2016-11-01
1430,Julia,Wright,59,49441,AZ,2017-04-15
1431,Brandi,Carroll,46,152115,NE,2020-01-29
1432,John,Ingram,61,165622,SC,2022-04-03
1433,Scott,Elliott,40,63642,AR,2021-02-25
1434,Jeffrey,Weeks,74,247331,CA,2018-10-30
1435,Jose,Baker,67,174520,WI,2021-02-20
1436,Sean,Simon,58,184084,NH,2024-03-08
1437,Charles,Adkins,29,231269,FL,2024-05-29
1438,Jill,Pace,79,63825,TX,2016-09-14
1439,Brandon,Adams,45,161822,OK,2026-03-06
1440,Andrew,Perez,76,44526,DC,2019-12-09
1441,Sarah,Lee,71,62548,AK,2017-04-01
1442,Amber,Brown,51,70112,MP,2018-02-27
1443,Victoria,Moore,37,73163,PA,2018-09-21
1444,Teresa,Juarez,28,114583,IA,2024-06-14
1445,Ryan,Davis,77,215947,NE,2018-05-13
1446,Laura,Zamora,32,120707,NM,2017-07-19
1447,Olivia,Morgan,78,166025,MO,2016-12-14
1448,Mary,Phillips,75,104461,AZ,2016-09-08
1449,Victoria,Ward,72,50672,ND,2023-09-24
1450,Vincent,Hart,34,81459,IN,2018-01-20
1451,Christina,Boyd,58,174399,VT,2020-09-12
1452,Dana,Schneider,35,62812,FM,2023-11-13
1453,Kimberly,Nelson,58,109383,PR,2017-10-21
1454,William,Frazier,57,169848,RI,2017-09-16
1455,Joshua,Johnson,23,161746,MO,2022-10-22
1456,Linda,Gibson,59,74206,WV,2026-03-19
1457,Jeremy,Willis,55,182212,ME,2018-09-30
1458,Christopher,Johnson,27,74879,AK,2020-09-17
1459,Zachary,Crawford,60,193703,NM,2023-10-01
1460,Kenneth,Phillips,64,188633,RI,2022-08-11
1461,Kristina,Avery,39,177749,GU,2021-01-14
1462,Meredith,Jones,20,246330,NE,2024-05-10
1463,Charles,Gross,73,37437,VA,2020-05-07
1464,Andrew,Aguilar,23,41917,TX,2017-08-25
1465,Christopher,Ramsey,78,198153,WI,2025-02-23
1466,Elizabeth,Gonzales,67,181197,MP,2019-05-19
1467,Christopher,Taylor,34,200689,DE,2023-08-20
1468,David,Serrano,31,231053,SD,2023-06-10
1469,Jennifer,Butler,54,139205,NE,2025-08-12
1470,Erin,Gross,57,197507,KY,2022-04-08
1471,Walter,Sparks,19,160557,LA,2016-11-16
1472,Brittany,Espinoza,74,194407,TN,2017-06-25
1473,Alex,Hall,52,105935,NJ,2016-10-02
1474,Megan,Mata,59,109192,ID,2016-06-18
1475,Lauren,Hancock,48,94193,IL,2023-08-13
1476,Kayla,Gonzalez,69,241641,VA,2020-06-26
1477,Madison,Mcfarland,61,136454,KY,2025-03-09
1478,Mark,Lane,37,148893,NC,2016-12-12
1479,Valerie,Wood,22,210515,NV,2018-09-22
1480,Dennis,Powers,21,71439,GU,2021-07-04
1481,Caitlyn,Sanchez,46,138952,ID,2016-11-22
1482,Ryan,Wyatt,48,151750,AZ,2018-11-08
1483,Angela,Reed,31,119179,AK,2023-12-29
1484,Cynthia,Pierce,56,67661,AK,2018-01-20
1485,Ronald,Lee,38,218314,NH,2018-06-15
1486,Anthony,Harrell,38,222466,IL,2020-02-24
1487,Leslie,Rhodes,73,120536,WY,2022-04-10
1488,Wendy,Patel,80,134521,KS,2016-08-16
1489,John,Harmon,26,229403,CO,2017-03-23
1490,Sarah,Perez,41,164998,MI,2018-03-03
1491,Jade,Shepherd,53,57835,WI,2020-12-25
1492,Amber,Jackson,38,93370,ME,2023-12-11
1493,Travis,Logan,47,62118,IL,2016-10-04
1494,Matthew,Turner,35,147858,TN,2023-08-03
1495,Joshua,Wilson,33,66930,MI,2018-11-23
1496,Max,Garner,24,43265,NC,2022-03-12
1497,Michael,Brown,36,130702,MS,2019-08-17
1498,Leah,Davis,73,191317,MS,2025-12-03
1499,Joshua,Crawford,44,95082,MS,2021-07-12
1500,John,Hill,79,71864,NJ,2025-10-20
1501,Rachel,Wright,70,115835,MA,2021-10-27
1502,Kayla,Paul,77,181437,VI,2018-09-04
1503,Stacie,Wells,64,111976,AL,2017-12-29
1504,Leslie,Campbell,30,230047,PW,2025-01-30
1505,Jared,Herring,28,160617,MD,2023-12-02
1506,Anthony,Spencer,50,152372,KS,2026-03-03
1507,Thomas,Clark,49,110882,PA,2018-01-11
1508,Adrienne,Taylor,49,36075,AK,2017-03-24
1509,Alexis,Houston,23,133086,NY,2026-05-29
1510,Jeremy,Hancock,50,149860,PA,2025-03-14
1511,Olivia,Gentry,79,93105,NY,2019-11-29
1512,Joseph,Lester,31,182920,PW,2017-08-26
1513,Melinda,Ramirez,40,42755,CA,2024-02-29
1514,Jody,Gibson,21,103755,IN,2020-06-21
1515,Mark,Avila,49,186635,MI,2020-07-04
1516,Jonathan,Diaz,74,201510,NV,2017-08-06
1517,Penny,Bennett,61,153361,OK,2018-09-14
1518,Debra,Smith,36,170690,MP,2022-01-22
1519,Charles,Carter,18,58179,CA,2016-10-14
1520,Matthew,Schmitt,45,65110,ND,2018-12-15
1521,Sheri,Rocha,74,99329,GU,2016-11-27
1522,Paul,Ross,64,125886,IA,2019-05-17
1523,Amber,Marks,66,135710,KS,2022-07-22
1524,Christopher,Carroll,41,41860,GU,2020-07-03
1525,Sarah,Williams,43,43410,MT,2021-06-04
1526,Deborah,Gordon,54,177276,VA,2018-12-31
1527,Angela,Camacho,30,125033,OR,2025-05-17
1528,Debra,Gonzalez,53,105655,SD,2019-02-11
1529,Amanda,Burns,22,131279,UT,2024-08-21
1530,Derrick,Hall,50,148057,LA,2025-06-18
1531,Michael,Morales,66,174141,MO,2020-10-23
1532,Daisy,Poole,35,246350,SC,2019-04-09
1533,Kristine,Calderon,57,208362,HI,2017-11-06
1534,Suzanne,Davis,57,61145,SC,2018-03-03
1535,William,Medina,26,55344,WY,2016-12-08
1536,Paul,Morales,43,127831,PW,2022-05-03
1537,Daniel,Ward,68,118889,HI,2022-11-14
1538,Donald,Decker,53,125841,KY,2026-05-10
1539,Kim,Leonard,66,67818,OK,2016-06-09
1540,Judy,Coffey,30,187932,MT,2018-12-25
1541,Todd,Floyd,50,135221,SC,2024-08-05
1542,Barry,Barrett,50,40552,MO,2019-02-19
1543,Kenneth,Vasquez,20,40201,AS,2023-10-29
1544,Antonio,Ball,26,217063,TX,2023-07-09
1545,Sara,Hudson,39,240754,WI,2016-10-12
1546,Kathy,Cook,48,166139,RI,2016-06-13
1547,Kim,King,47,69043,CT,2023-09-13
1548,Kaylee,Webb,56,165136,VI,2021-04-23
1549,Catherine,Nguyen,26,115974,NV,2020-07-22
1550,Danielle,Collins,77,190712,MN,2021-05-15
1551,Tiffany,Smith,38,72598,FM,2025-06-14
1552,Edward,Wilson,43,191611,GU,2022-02-08
1553,Antonio,Watson,65,108442,MH,2017-08-25
1554,Craig,Jackson,55,118178,WI,2022-03-26
1555,Melanie,Harris,50,247131,FL,2023-09-24
1556,Sandra,Bennett,50,169549,VI,2017-12-02
1557,William,Jensen,49,215791,TN,2023-11-03
1558,Corey,Chavez,54,108588,ID,2023-11-26
1559,Michael,White,48,243843,AK,2018-12-18
1560,Garrett,Pierce,19,126562,OH,2022-01-05
1561,Nicole,Duncan,39,206634,MA,2024-12-14
1562,Jason,Mcneil,25,139193,VI,2019-03-21
1563,Randall,Nicholson,55,110655,OK,2023-09-19
1564,Andrew,Ford,68,220139,IL,2023-08-27
1565,Daniel,Avila,73,210366,FM,2021-09-04
1566,Frank,Reeves,58,36985,OK,2020-06-05
1567,Joseph,Patterson,56,154410,HI,2022-12-30
1568,Marcus,Mendoza,34,201859,SD,2025-03-09
1569,David,Craig,68,233466,GA,2017-07-30
1570,Denise,Williams,55,181423,CT,2023-04-05
1571,Jennifer,Lee,32,219110,PR,2024-03-24
1572,Kara,Austin,21,182967,UT,2021-11-11
1573,Ronald,Martinez,48,74698,KY,2016-09-08
1574,Joan,Smith,51,194895,AS,2020-01-03
1575,Stefanie,Young,64,192460,MP,2019-08-23
1576,Ashley,Reyes,67,129664,FM,2025-04-18
1577,Gregory,Perez,27,245393,CO,2021-11-30
1578,Rachel,Marquez,61,93490,RI,2019-06-18
1579,Sara,Snyder,20,180095,CA,2023-09-16
1580,Carlos,Farley,78,213637,WI,2020-10-05
1581,Crystal,Estes,25,80012,WA,2021-06-24
1582,Charles,Chapman,19,145615,NH,2026-06-04
1583,Brendan,Clark,38,139780,AL,2017-08-07
1584,Judith,Gonzales,27,138255,DE,2022-08-17
1585,Alexis,Morales,62,83448,OH,2019-10-06
1586,Anthony,Mcintosh,44,161548,WA,2017-06-16
1587,Jennifer,Ellis,67,190295,IL,2021-11-26
1588,Brenda,Deleon,76,153628,AK,2024-03-13
1589,Raymond,Owens,73,222895,NH,2026-01-20
1590,Stephanie,Pierce,64,46326,VA,2018-05-11
1591,Jared,Roberts,63,66197,PA,2019-09-29
1592,Kimberly,Ingram,51,84353,PA,2022-09-21
1593,Brandon,Flores,53,115209,NM,2017-09-17
1594,Brittney,Schmidt,60,155402,UT,2019-03-24
1595,Darryl,Kramer,51,128782,WI,2024-12-28
1596,Nicholas,Tucker,38,75398,TX,2022-05-02
1597,Elizabeth,Tran,47,169756,PR,2020-05-13
1598,Valerie,Lee,39,173202,PA,2024-07-18
1599,Kevin,Nelson,40,207174,WY,2024-04-09
1600,Rebecca,Bishop,67,218986,SD,2025-04-22
1601,Shelly,Rios,61,198639,KY,2018-04-24
1602,Priscilla,Ferguson,69,211747,MP,2023-06-16
1603,Jerry,Phillips,34,189927,NV,2019-08-25
1604,Monique,Holder,48,80400,OR,2024-06-19
1605,Gloria,Baker,79,94623,TN,2019-02-20
1606,Amber,Conner,35,176299,MO,2017-08-07
1607,Terry,Swanson,37,88947,NJ,2025-08-03
1608,Nancy,Ochoa,78,108017,NE,2021-12-06
1609,Samantha,Williams,67,105760,NE,2020-11-10
1610,Ann,Thomas,63,84336,ND,2024-09-21
1611,Kathryn,Gardner,62,214808,TN,2021-12-09
1612,Jacob,Manning,49,113110,FL,2024-04-25
1613,Kaylee,Richardson,48,121436,WA,2021-03-15
1614,Adam,Fitzgerald,53,238510,RI,2023-11-23
1615,Robert,Cortez,64,101685,ND,2025-06-06
1616,David,Rojas,36,61948,OK,2022-08-04
1617,Gregory,Rice,54,207372,WY,2022-08-23
1618,Barbara,Chavez,52,129534,WV,2024-07-17
1619,Sarah,Williams,75,133424,WI,2017-07-29
1620,Donna,Santiago,70,120474,IL,2018-06-14
1621,Tiffany,Lewis,79,232654,AS,2017-10-18
1622,Seth,Williams,69,68397,MP,2019-02-05
1623,Collin,Mccormick,36,41027,DC,2025-12-12
1624,Julie,Holland,36,217207,NC,2016-10-04
1625,Kyle,Ferguson,23,120797,AZ,2017-10-08
1626,Brandon,Murphy,77,145966,MS,2017-01-12
1627,Cheryl,Davis,59,97225,MA,2017-11-04
1628,Maria,Lewis,65,155587,AS,2017-10-23
1629,April,Long,31,82970,CA,2022-03-17
1630,Brett,Hendrix,70,171184,LA,2024-06-03
1631,Suzanne,Tyler,35,177329,MT,2021-09-20
1632,Kimberly,Allison,62,101203,CT,2026-01-02
1633,Sherri,Freeman,26,58633,GA,2017-08-31
1634,Ronald,Middleton,57,224220,TN,2020-09-20
1635,Ashley,Hooper,55,92726,FL,2025-03-04
1636,Mary,Young,33,43307,PA,2021-01-07
1637,Michael,Smith,60,169209,MH,2020-04-23
1638,Laura,Hayes,32,197233,FL,2025-07-19
1639,Todd,Mcbride,32,43760,SC,2022-02-28
1640,William,Harris,24,138344,DC,2017-05-15
1641,Jennifer,Jordan,39,218051,SD,2023-03-31
1642,Evelyn,Beltran,48,56357,DC,2016-10-02
1643,Shannon,Sweeney,61,232051,VA,2021-03-03
1644,Angelica,Walls,26,31358,CA,2024-02-13
1645,Timothy,Terry,79,174271,VT,2022-09-29
1646,Sean,Cardenas,80,71403,TN,2017-03-22
1647,Kaylee,Pearson,44,201151,CO,2020-12-26
1648,Rebecca,Wilson,77,154701,MA,2017-08-10
1649,Carolyn,Mitchell,48,200534,LA,2022-02-18
1650,Jeffrey,Harrington,30,228157,NM,2016-12-09
1651,Steven,Young,79,105299,MH,2016-09-01
1652,Nathan,Fox,38,104819,WI,2018-07-22
1653,Steven,Whitaker,59,45509,NH,2020-12-19
1654,David,White,76,231516,KS,2024-03-31
1655,Craig,Kent,23,200996,ME,2016-11-03
1656,Sharon,Snyder,54,90875,SC,2026-05-05
1657,Kathryn,Peterson,52,223642,PA,2019-09-05
1658,Judy,Hill,64,39777,DE,2020-11-09
1659,Jesse,Jordan,76,75892,MT,2024-04-17
1660,Jeffrey,Luna,44,249573,MD,2025-10-23
1661,Kelly,Pacheco,29,39526,PA,2023-12-01
1662,Jonathan,Herring,71,134069,WI,2022-03-28
1663,Andrew,Lane,68,159861,AZ,2023-08-10
1664,John,Kirk,29,226346,NE,2024-10-01
1665,Jeffrey,Green,79,105882,SC,2018-10-01
1666,Timothy,Ramirez,74,39821,WI,2025-02-28
1667,Jerry,Herrera,18,108221,CA,2018-06-06
1668,Brandy,Sanchez,54,188015,WA,2022-04-10
1669,Daniel,Cook,24,117829,ID,2020-06-17
1670,Vanessa,Rodriguez,36,149104,HI,2022-12-24
1671,Richard,Robinson,59,172422,MO,2023-11-18
1672,Richard,Lewis,51,159476,TX,2020-11-21
1673,Christina,Johnson,74,65179,NM,2022-01-19
1674,Gabrielle,Campbell,72,162176,OH,2025-01-20
1675,Crystal,Thompson,47,101522,NM,2026-05-03
1676,Cheryl,Kelley,30,242025,NJ,2020-10-06
1677,Brenda,Hernandez,25,116686,CT,2017-12-16
1678,Cynthia,Mcdaniel,28,221658,CO,2026-05-08
1679,Amanda,Moore,47,199944,IA,2019-04-24
1680,Kathleen,Gross,34,218376,VT,2026-05-16
1681,Andrew,Fisher,29,33692,MP,2025-09-05
1682,Michele,Holmes,65,118371,MT,2026-04-04
1683,Kevin,Williams,68,107338,OH,2019-10-24
1684,David,Francis,54,206790,MT,2020-04-04
1685,Alexandra,Randolph,66,80636,MA,2018-12-28
1686,Lisa,Shepherd,29,190158,WI,2019-05-14
1687,David,Fox,72,197438,NE,2024-04-01
1688,Amy,Cardenas,75,136296,OK,2026-01-24
1689,James,Jackson,70,142119,FL,2023-10-28
1690,Timothy,Garcia,50,115964,NM,2024-04-23
1691,Daniel,Jones,23,135076,OK,2025-10-30
1692,Lydia,Terry,60,55004,NM,2025-11-13
1693,Aaron,Reilly,29,66860,VT,2016-11-28
1694,Amy,Brown,48,114830,NM,2019-03-14
1695,Michael,Adams,77,95024,NV,2019-04-13
1696,Guy,Villegas,18,98363,VA,2017-10-13
1697,Alexander,Miller,42,91740,MP,2024-06-23
1698,Lori,Marsh,46,227592,MT,2026-06-02
1699,James,Mcdowell,35,116409,GA,2025-06-03
1700,Nancy,Waller,37,182688,MO,2020-11-01
1701,Christine,Green,64,180176,HI,2021-03-31
1702,Julie,Green,18,98564,PR,2025-05-19
1703,Katherine,Jones,59,124254,KS,2025-10-06
1704,Thomas,Romero,62,91945,VT,2021-08-28
1705,Jessica,Williams,21,205056,DC,2018-07-05
1706,Jennifer,Matthews,25,152000,MI,2025-12-17
1707,Bradley,Hayes,37,71868,FM,2024-05-17
1708,Robert,Bell,43,209850,MN,2020-08-05
1709,Jane,Beard,50,214433,PR,2025-11-21
1710,Shannon,Martin,67,111521,SC,2024-10-28
1711,Phillip,Cox,62,60779,HI,2025-01-26
1712,Rodney,Dawson,58,107342,GU,2025-03-22
1713,Kathryn,Mcintyre,41,191120,AR,2019-01-08
1714,Carol,Daniels,32,87443,RI,2021-03-17
1715,Jennifer,Newman,79,65014,VA,2024-11-30
1716,Brandy,Ryan,48,70156,IL,2022-07-30
1717,Cristian,Johnson,47,226014,WI,2023-10-13
1718,Todd,Landry,56,127943,VT,2023-07-02
1719,Mark,Haynes,44,214009,MT,2017-09-22
1720,Curtis,Arellano,53,153424,MS,2020-01-25
1721,Thomas,Palmer,66,170907,OK,2018-04-24
1722,Todd,Contreras,69,204088,FL,2020-12-04
1723,Dennis,Flowers,70,87255,IL,2019-09-18
1724,Alexis,King,66,94871,OK,2025-08-02
1725,Clayton,Villarreal,61,227850,DE,2021-06-21
1726,Troy,Taylor,56,236404,NY,2018-10-16
1727,Christina,Ashley,23,167758,OH,2019-09-03
1728,Jeffrey,Collins,46,168457,SC,2024-04-20
1729,Kyle,Hernandez,63,124839,AR,2019-02-17
1730,Jennifer,Nunez,22,177893,NY,2025-03-26
1731,Amanda,Nelson,25,46189,TX,2019-11-04
1732,Carly,Martin,71,173562,FL,2019-11-07
1733,Stacey,Holland,75,162510,OR,2023-03-06
1734,Megan,Ford,30,180130,NJ,2018-10-13
1735,Alex,Bailey,52,69282,OK,2021-04-08
1736,Lisa,Reed,28,116014,OK,2017-07-30
1737,Joel,Richardson,72,166404,OK,2021-10-31
1738,Samantha,Carrillo,46,60471,WV,2021-10-18
1739,Courtney,Taylor,61,83844,ID,2018-01-30
1740,Brandon,Smith,63,182868,AL,2020-06-22
1741,Donna,Sanders,49,53839,AK,2021-02-18
1742,David,Wells,75,163791,ID,2018-04-10
1743,Traci,Mejia,46,241993,ND,2016-11-04
1744,Robert,Klein,21,148864,OK,2021-01-11
1745,Katrina,Robinson,26,164544,SD,2020-07-12
1746,Mia,Lara,44,149746,PR,2017-07-08
1747,Katherine,Lewis,54,45135,MD,2022-04-21
1748,Pamela,Rodriguez,53,151209,VT,2026-01-25
1749,Lisa,Allison,61,241528,IA,2019-02-21
1750,Brian,Massey,37,219603,AK,2026-05-09
1751,Jeremy,Hatfield,19,133795,MO,2021-02-12
1752,Brittany,Meyers,34,244028,PR,2023-07-26
1753,Billy,Smith,18,225508,AR,2019-09-20
1754,Amy,Gomez,31,181600,DE,2019-07-20
1755,Casey,Johnson,22,41872,GU,2022-04-11
1756,Stephanie,Morrow,45,120316,DC,2026-01-11
1757,Andrea,Taylor,62,46714,MI,2019-05-02
1758,Emma,Chapman,52,45795,MP,2023-07-05
1759,Brittany,Sandoval,77,48092,TN,2017-02-21
1760,Kimberly,Johnson,77,153750,OK,2018-02-28
1761,James,Pruitt,20,105259,DE,2026-04-29
1762,Eric,Wang,44,77181,MP,2024-07-30
1763,Mark,Velasquez,67,65501,MI,2023-11-13
1764,Katelyn,Smith,67,198171,TN,2019-05-05
1765,Jose,Mendoza,80,221178,WA,2022-09-11
1766,Donald,Pierce,59,140195,OK,2020-07-02
1767,Andrew,Chapman,41,130264,VA,2021-10-24
1768,Daisy,Smith,46,128958,WA,2026-04-02
1769,John,Foster,42,51037,VT,2020-10-08
1770,John,English,61,203484,PR,2018-06-17
1771,Logan,Beard,73,171374,MT,2022-01-16
1772,Matthew,Daniel,26,201320,MI,2025-11-11
1773,Diane,Price,73,121165,PA,2019-08-29
1774,Laura,Mullen,25,76785,ID,2025-11-03
1775,Michelle,Williams,52,133037,MT,2018-04-15
1776,Richard,Kelley,51,63383,AS,2022-11-12
1777,Jerry,Dorsey,64,88376,LA,2019-07-26
1778,Kayla,Cardenas,71,30910,MH,2025-09-28
1779,Theresa,Schaefer,66,35959,CA,2024-12-17
1780,Shannon,Ferguson,80,108214,LA,2019-12-08
1781,Jennifer,Pierce,47,206553,HI,2018-08-21
1782,Susan,Powers,64,172723,AL,2026-05-17
1783,Amanda,Miller,45,169443,MH,2017-11-14
1784,Angela,Adams,42,245838,NE,2025-10-22
1785,James,Perry,32,94883,NC,2019-04-19
1786,Kenneth,Hamilton,47,120743,NM,2017-07-07
1787,Emily,Norris,27,102259,UT,2019-12-28
1788,Hannah,Garza,30,220060,GU,2018-05-24
1789,Christian,Suarez,66,59581,AS,2025-05-31
1790,Kim,Walker,20,242199,OH,2022-11-05
1791,Jessica,Collins,60,139901,DE,2016-10-21
1792,Benjamin,Hines,57,230816,CO,2023-04-05
1793,Adam,Dominguez,77,34101,KS,2025-03-26
1794,Matthew,Hansen,33,84023,MD,2023-11-20
1795,Lucas,Howe,22,56449,HI,2024-02-06
1796,Taylor,Johnson,56,38801,DC,2021-01-30
1797,Karina,Cochran,46,186705,WV,2021-01-05
1798,Robert,White,61,214362,WV,2020-08-28
1799,Jason,Torres,73,42760,MS,2016-12-22
1800,Antonio,Reynolds,33,224128,WI,2024-10-02
1801,Linda,White,20,135451,TN,2022-05-31
1802,Richard,Ware,46,91430,MN,2017-09-19
1803,Erika,Santos,52,86955,MP,2024-11-26
1804,Tonya,Johnston,66,233440,MI,2024-04-12
1805,Shelby,Sellers,21,66735,DE,2016-06-07
1806,Ashley,Sutton,50,105828,IL,2023-08-31
1807,John,Fry,32,243853,NC,2022-12-02
1808,Amy,Ramirez,76,221762,MI,2024-09-09
1809,Melanie,Howard,54,113598,VT,2024-10-22
1810,Aaron,Kelly,54,186740,MS,2017-02-10
1811,Amy,Hill,67,206300,GU,2020-01-27
1812,Amanda,Hoffman,70,114060,AR,2016-12-25
1813,Jared,Potter,33,109105,AR,2023-05-01
1814,Glenn,Mclean,74,67554,PA,2023-06-27
1815,Lisa,Carson,60,166642,TN,2020-11-07
1816,Shannon,Roman,32,138412,FM,2023-12-07
1817,Justin,Howard,37,102129,OR,2025-09-27
1818,Heidi,Cline,21,175940,CO,2022-09-27
1819,Ian,Lopez,78,185101,TX,2025-02-16
1820,Alexander,Mack,74,222731,GA,2019-06-25
1821,Erik,Jones,76,75910,WY,2024-01-22
1822,Andrew,Rodriguez,58,207930,PW,2023-11-30
1823,Steven,Long,45,175712,CO,2017-05-23
1824,Jacob,Chambers,49,42290,AK,2019-07-29
1825,Caroline,Morales,80,120286,PW,2019-10-20
1826,April,Lambert,78,198641,MA,2017-07-02
1827,Joseph,Pennington,60,129917,MP,2022-04-19
1828,Gabriella,Barnes,68,167484,MD,2018-02-08
1829,Adam,Snyder,38,212533,WY,2021-10-12
1830,John,Kelly,44,137022,MT,2020-10-14
1831,Micheal,Nicholson,27,108613,MI,2016-11-28
1832,Andrea,Paul,42,78202,WI,2021-02-09
1833,Raymond,Daniels,66,171014,MS,2018-08-07
1834,Carol,Campos,48,93168,IA,2018-03-08
1835,Jennifer,Fleming,72,89072,WY,2016-06-21
1836,Lisa,Cox,37,215487,HI,2024-02-21
1837,Marissa,Jordan,27,241229,OR,2020-03-23
1838,Maria,Boone,47,45105,PW,2024-03-15
1839,David,Clark,53,138180,MS,2020-09-18
1840,Brent,Andrews,79,139185,MA,2020-06-10
1841,Amy,Graves,53,168934,ME,2024-12-22
1842,Frank,Sandoval,26,131821,MP,2024-11-30
1843,Austin,Lopez,33,96845,ME,2018-06-11
1844,Linda,Reyes,31,116576,PW,2023-12-13
1845,Betty,Robinson,59,50727,AS,2023-09-17
1846,Richard,Garcia,77,147908,KY,2025-03-01
1847,Benjamin,Waters,72,127275,WI,2019-06-30
1848,Denise,Ramirez,23,170413,WA,2021-09-30
1849,Eric,Walker,64,247423,AR,2024-07-24
1850,Kenneth,Hunt,30,43510,MN,2020-04-15
1851,David,Baker,35,128872,OR,2021-06-06
1852,Kara,Williams,61,188589,MD,2017-11-13
1853,Susan,Marsh,56,40367,VT,2017-11-14
1854,Carolyn,Golden,73,49079,CO,2026-04-28
1855,Danny,Brown,30,240934,WA,2020-10-01
1856,Carl,Clay,66,184031,ND,2017-05-21
1857,Austin,Perez,64,206016,GA,2022-09-09
1858,Elizabeth,Jensen,53,86889,VT,2024-07-28
1859,Nathan,Garner,48,84759,MT,2018-02-07
1860,Barbara,Stewart,73,117284,SD,2025-03-19
1861,Lauren,Coleman,37,34019,NE,2021-02-07
1862,Troy,Myers,31,79813,WA,2016-07-11
1863,Albert,Martin,79,224373,GU,2018-05-07
1864,Aaron,Lewis,25,225789,VA,2018-08-19
1865,Ebony,Juarez,66,155546,SD,2026-04-24
1866,Jeremy,Leonard,76,93594,NV,2018-05-09
1867,Jack,Grimes,62,188440,MI,2024-06-02
1868,Justin,Macdonald,63,83611,FL,2022-11-12
1869,Pamela,Simpson,43,92739,WV,2018-06-30
1870,Zachary,Flores,53,114309,AS,2019-10-26
1871,Allison,Perez,67,104202,CA,2023-10-24
1872,Denise,Coleman,42,152224,PR,2018-09-26
1873,Raymond,Long,52,200058,VT,2020-11-13
1874,Mark,Blackburn,40,110851,NM,2019-06-02
1875,Nathan,Mitchell,34,124278,MA,2016-08-05
1876,Brandon,Welch,50,160358,IA,2025-01-08
1877,Ashley,Martin,47,55849,HI,2026-05-27
1878,Matthew,Harris,69,219376,DE,2019-03-13
1879,Danielle,Collins,48,229656,NC,2020-08-03
1880,Tracy,Young,71,113947,GU,2020-04-25
1881,Robert,Acosta,76,83248,SC,2023-08-20
1882,Duane,Thomas,41,112030,NE,2023-02-09
1883,Diana,Smith,44,41984,MI,2022-11-27
1884,Latoya,Martin,54,88005,IA,2019-07-01
1885,Jessica,Wheeler,65,68252,OH,2022-01-20
1886,Tina,Gilmore,19,98360,AR,2025-11-06
1887,Christine,Bowers,53,183100,NC,2026-04-14
1888,Martha,Williamson,55,218746,SC,2018-04-08
1889,Jose,King,44,107382,PA,2022-03-27
1890,Kristen,Huff,27,81430,MO,2019-09-28
1891,Dawn,Wong,39,90298,AZ,2023-02-16
1892,Logan,Gibson,42,179366,IA,2017-08-07
1893,Brandon,Rose,71,94416,CA,2023-11-24
1894,Jamie,Davidson,49,174347,TX,2021-02-03
1895,Kevin,Hill,59,209528,CT,2016-09-06
1896,Brittany,Williams,39,97456,MI,2024-08-03
1897,Eric,Taylor,66,245375,OK,2021-12-05
1898,Jeffrey,Cooper,49,219676,LA,2023-09-18
1899,Phillip,Ruiz,59,223880,TX,2025-07-26
1900,Jessica,Silva,49,150803,GA,2018-11-25
1901,Gwendolyn,Best,28,222091,MS,2022-12-31
1902,Mary,Payne,68,122320,SC,2018-10-13
1903,Nathan,Farley,28,66689,HI,2016-12-17
1904,Robert,Osborn,64,173273,NE,2018-12-21
1905,Linda,Chambers,49,78247,WV,2024-06-03
1906,Tamara,Davenport,76,172117,MS,2018-11-08
1907,John,Medina,59,45396,NY,2018-11-05
1908,Sara,Evans,51,38866,FL,2025-09-13
1909,Brian,Casey,71,49485,MO,2023-01-01
1910,Paul,Jones,78,244432,AS,2020-12-10
1911,Leonard,Castillo,60,42717,WY,2025-02-14
1912,Shawn,Thomas,66,31673,NM,2025-05-12
1913,Lindsey,Walker,44,66042,IN,2025-10-03
1914,Eileen,Johnson,71,195334,MT,2025-04-09
1915,Katherine,Miller,32,47817,MD,2026-02-13
1916,Devin,Dillon,63,69591,RI,2024-12-08
1917,Betty,Juarez,18,87336,CT,2018-11-05
1918,Jeff,Kelley,50,149540,WY,2023-02-04
1919,Natalie,Golden,41,45846,FM,2020-06-09
1920,Janet,Russo,57,197176,RI,2020-08-01
1921,Monica,Liu,60,191616,SD,2016-11-26
1922,Mercedes,Sutton,76,156669,IA,2016-06-11
1923,Kristina,Wallace,60,157888,IA,2022-05-14
1924,Joshua,Cox,19,31733,MD,2020-11-12
1925,Amanda,Houston,52,174610,NC,2024-03-10
1926,Craig,Caldwell,44,33106,NH,2024-12-02
1927,Jessica,Deleon,19,168783,MO,2021-05-19
1928,Charles,Moore,64,102021,AR,2022-11-03
1929,Edward,Bailey,52,105153,VA,2018-06-21
1930,Jennifer,Turner,19,161652,AS,2017-09-24
1931,Charles,Carr,70,212939,MN,2017-07-08
1932,John,Gardner,61,142872,NM,2021-09-18
1933,Eric,Johnson,69,76993,MS,2025-02-09
1934,James,Spencer,24,55248,FL,2022-02-12
1935,Timothy,Cooley,51,69032,WA,2023-12-07
1936,Hailey,Davis,33,80313,CT,2021-02-14
1937,Andrew,Norris,57,168007,MT,2020-02-22
1938,Michael,Smith,34,243703,MD,2017-07-20
1939,Andrea,Silva,40,100077,WV,2019-10-29
1940,Michael,Thompson,68,134044,IA,2018-03-18
1941,David,Schmidt,23,127793,LA,2020-01-30
1942,Eric,Kennedy,79,136437,VA,2017-11-15
1943,Pamela,Solis,47,178111,FM,2025-06-17
1944,Karen,Robertson,33,212776,SD,2024-01-19
1945,Ryan,Lawrence,32,108636,NV,2018-01-11
1946,Allison,Perez,61,247071,MN,2016-10-06
1947,Mary,Butler,72,51133,PW,2024-08-04
1948,Michael,Rodriguez,59,200365,NV,2021-10-14
1949,Sherry,Watts,66,38305,MA,2025-03-18
1950,Roger,Miller,23,136241,IL,2020-06-02
1951,Julie,Lewis,42,128872,MI,2025-06-02
1952,Marc,Santiago,53,154781,NY,2024-06-27
1953,Matthew,Foster,21,196919,RI,2017-11-25
1954,David,Hebert,18,214246,MO,2019-10-17
1955,Sandra,Bush,28,51675,MT,2024-12-13
1956,Emily,Monroe,49,143746,OR,2018-07-19
1957,Laura,Miller,59,235619,OR,2025-03-02
1958,Larry,Foster,39,178335,NC,2020-05-25
1959,Kyle,Clay,80,54998,NC,2022-01-07
1960,Eric,Kelly,75,168453,ID,2025-11-28
1961,Melissa,Brown,76,41154,AR,2022-04-16
1962,Justin,Stewart,32,85421,CT,2016-06-24
1963,Sarah,Cox,75,211479,NY,2016-10-02
1964,Scott,Ramsey,74,178579,ID,2016-08-18
1965,Brian,Jarvis,48,101065,MT,2021-06-05
1966,Samantha,Martin,20,49489,VI,2021-01-11
1967,Sabrina,Bowman,61,103498,RI,2017-08-07
1968,Carmen,Mcmillan,75,172352,AZ,2017-08-05
1969,Donna,Mccarthy,54,202519,WV,2023-11-27
1970,Jennifer,Rivera,20,77016,MS,2023-10-11
1971,Kristin,Washington,77,112440,KS,2016-07-02
1972,Troy,Willis,19,84305,NV,2025-06-24
1973,James,Ellison,55,67798,LA,2022-10-29
1974,Amber,Owens,66,245139,IN,2025-06-20
1975,Carlos,Hall,63,245194,CO,2024-09-12
1976,Carolyn,Rogers,43,50168,WI,2025-03-02
1977,Megan,Mosley,37,72585,MD,2022-01-13
1978,Jimmy,Tucker,54,93038,TN,2016-09-03
1979,Jeff,Norris,54,248798,CT,2020-11-20
1980,Patricia,Anderson,72,132015,KY,2020-08-04
1981,Carrie,Herman,61,171705,CO,2022-06-07
1982,Crystal,Rojas,39,130622,LA,2020-02-12
1983,Jacob,Mitchell,66,223919,PA,2016-08-02
1984,David,Lee,26,237224,MI,2024-10-27
1985,Michelle,Pena,62,219835,MT,2021-05-17
1986,John,Tran,23,161279,SC,2019-01-22
1987,Richard,Hardy,65,120664,NH,2025-06-08
1988,Kelly,Brock,21,55607,AL,2022-06-09
1989,Lindsay,Velasquez,45,90855,WY,2022-06-01
1990,April,Graves,71,49927,NE,2025-10-31
1991,James,Wilcox,39,188641,CA,2022-11-10
1992,Heather,Flores,67,190921,KY,2019-07-12
1993,Kevin,White,79,186135,AL,2020-10-03
1994,Charles,Thomas,43,232782,GU,2021-06-30
1995,Cristina,Smith,38,37766,SC,2018-12-21
1996,Hayley,Juarez,58,101651,LA,2017-08-11
1997,Nicholas,Compton,68,148109,DE,2017-12-14
1998,James,Wiley,49,89805,AS,2023-09-02
1999,Lisa,Conrad,40,174975,WY,2022-10-04
2000,Maria,Wilkinson,78,128415,TN,2022-10-19
2001,Kimberly,Santiago,45,78690,MI,2026-03-21
2002,Tanya,Smith,61,183583,WA,2017-12-27
2003,Mary,Tanner,60,129633,AL,2021-12-30
2004,Travis,Joseph,23,232419,SC,2021-07-26
2005,Ruth,King,57,107431,CO,2022-12-10
2006,Heidi,Cooper,69,94605,KY,2025-02-03
2007,Lisa,Hogan,63,49269,MI,2022-09-14
2008,Karen,Duncan,23,100247,NY,2016-09-12
2009,Douglas,Dominguez,27,129614,DE,2024-12-29
2010,Kevin,Terry,63,235492,VT,2020-01-20
2011,Steve,Harding,58,70442,OK,2024-02-13
2012,Rhonda,Vance,65,132137,UT,2016-11-12
2013,Erika,Cruz,38,124555,HI,2020-11-27
2014,Jennifer,Wilson,24,53991,SC,2019-08-17
2015,Jill,Morris,18,110810,OR,2017-08-17
2016,Linda,Johnson,46,124350,GA,2026-05-01
2017,William,Chung,66,100717,WA,2025-10-15
2018,Jeremy,Miller,24,64735,WI,2022-10-18
2019,Jennifer,Bailey,23,79123,NJ,2022-06-16
2020,Nicole,Blake,45,147661,RI,2025-03-03
2021,Ruth,Silva,53,175421,VT,2022-05-31
2022,Tina,Dodson,50,136966,WV,2022-08-03
2023,Laura,Daniel,24,36884,NM,2017-08-21
2024,Jennifer,Scott,23,122776,MS,2021-05-28
2025,Brenda,Brown,53,54396,NM,2019-09-23
2026,Kevin,Nunez,56,186773,GA,2019-04-04
2027,Gabriel,Smith,68,115047,TX,2019-04-28
2028,Joseph,Holmes,73,130987,NH,2025-05-05
2029,Levi,Clark,18,106506,TX,2022-02-22
2030,Stephen,Taylor,44,131659,NJ,2017-03-10
2031,Nicole,Villegas,67,52203,OK,2018-05-01
2032,Dean,Morris,64,176679,PR,2025-08-16
2033,Joseph,Figueroa,75,93633,PW,2023-10-06
2034,Elizabeth,Braun,54,166604,GA,2022-07-25
2035,Melissa,Montgomery,28,209651,ME,2018-04-30
2036,Beverly,Castro,42,74433,MO,2022-08-13
2037,Jeffrey,Davis,26,100495,GU,2024-12-14
2038,Jeffrey,Davis,37,100361,WA,2024-06-06
2039,Steven,Edwards,49,68255,GU,2023-08-27
2040,Nathaniel,Richardson,22,73832,DE,2018-07-29
2041,Tyler,Payne,45,102341,VI,2024-09-04
2042,Lance,Ellison,44,108578,KY,2016-09-29
2043,Sarah,Werner,48,235171,MO,2020-11-04
2044,Francisco,Roberson,22,124666,AS,2017-06-17
2045,Carlos,Snow,34,94642,CA,2021-02-20
2046,Daniel,Vance,64,193848,AR,2022-12-10
2047,Michelle,Stevens,49,185662,NM,2022-08-20
2048,Travis,Garcia,57,81261,IN,2025-10-26
2049,Ronald,Taylor,47,58042,WI,2024-10-17
2050,Mike,Russell,26,109864,VI,2018-11-26
2051,Katherine,Barber,18,133728,ND,2024-07-10
2052,Angela,Wright,39,192579,MI,2021-09-11
2053,Daniel,Hale,42,240783,AL,2019-08-15
2054,Erica,Lee,73,116387,KS,2020-03-21
2055,John,Shelton,46,117749,WA,2018-03-08
2056,Lisa,Hampton,45,243772,AR,2022-02-18
2057,Brianna,Trujillo,70,200665,OH,2022-01-26
2058,Lori,Burton,80,185816,PW,2018-12-21
2059,Richard,Evans,26,108757,AZ,2018-09-28
2060,Nicole,Simpson,38,188128,WY,2017-02-04
2061,Elizabeth,Burch,78,212266,MN,2024-07-25
2062,Sarah,Martin,30,155569,AK,2024-09-14
2063,Cynthia,Hickman,38,76566,SD,2016-08-30
2064,Erin,Robinson,79,134396,AK,2026-04-03
2065,Brianna,Knight,79,113660,NV,2019-04-20
2066,Anthony,Brown,36,222642,PW,2023-03-21
2067,Justin,Whitney,62,195911,DE,2023-02-03
2068,Carrie,Burke,49,180963,WY,2024-07-05
2069,Ronald,Turner,68,93550,DE,2022-04-29
2070,Melissa,Hendricks,38,128580,NE,2025-06-03
2071,Crystal,Ortiz,35,244039,CT,2022-03-23
2072,Jeffrey,Brown,68,133005,AL,2022-06-27
2073,Steven,Long,41,59855,IL,2025-12-10
2074,Stephen,Ray,77,177810,AR,2023-02-26
2075,Matthew,Obrien,30,185248,SC,2020-08-27
2076,Joshua,Watson,52,77166,MH,2024-04-14
2077,Kelly,Villegas,61,231226,CA,2022-04-12
2078,Melissa,Garcia,53,37055,IN,2019-07-24
2079,Mary,Wu,78,220634,NM,2023-02-05
2080,Stacy,Rivera,47,215694,IL,2019-08-07
2081,James,May,31,144938,MA,2024-06-02
2082,Stephanie,Chambers,69,106370,CO,2022-09-15
2083,Caroline,Boyd,71,211622,PR,2019-09-04
2084,James,Jones,22,244686,MD,2025-09-07
2085,Crystal,James,72,238576,NM,2021-11-03
2086,Brenda,Tanner,68,137254,NV,2023-10-31
2087,Michael,Bonilla,61,160889,AR,2022-03-24
2088,Larry,Farrell,26,196025,KY,2018-07-04
2089,Jenny,Moore,37,93444,HI,2024-09-21
2090,Andrea,Hall,34,202664,MO,2017-06-06
2091,Paige,Schmidt,27,217494,VA,2019-12-21
2092,Amy,Dougherty,45,236851,WV,2021-11-20
2093,Alexandra,Davis,42,49389,MI,2025-05-31
2094,Cheryl,Williams,46,186744,NM,2024-01-12
2095,Angela,Caldwell,48,182631,VA,2020-01-17
2096,Tiffany,Jones,43,170081,NH,2022-06-29
2097,Paula,Mcdonald,50,211327,LA,2019-10-04
2098,Sheila,Malone,44,172513,PR,2024-11-07
2099,Daniel,Gibson,20,237282,MP,2025-04-26
2100,Chelsea,Hill,79,124248,TN,2017-07-05
2101,Ryan,Lloyd,62,242938,AR,2025-11-03
2102,Brittney,Keith,52,185666,TN,2021-01-26
2103,Janet,Farrell,58,52277,NJ,2016-10-04
2104,Tracy,Gordon,24,231576,CA,2016-10-31
2105,William,Fitzgerald,33,202386,MT,2025-05-14
2106,Phillip,Owen,60,123063,UT,2023-08-03
2107,Stacey,Brown,28,199607,UT,2024-04-02
2108,Michelle,Sanders,57,41612,HI,2017-01-29
2109,Brian,Smith,54,199091,FL,2020-07-08
2110,Shelia,Nguyen,61,199539,IL,2022-04-04
2111,Kevin,Fernandez,43,227311,ID,2020-09-23
2112,David,Williams,39,238727,WA,2017-01-17
2113,Colleen,Bates,45,57772,WA,2018-09-13
2114,David,Wilson,18,55849,FM,2020-02-24
2115,Jeffery,Miller,34,88196,MS,2026-04-23
2116,Allen,Harmon,50,225783,MA,2024-08-20
2117,Julie,Perez,51,176274,PW,2018-01-09
2118,Robert,Watson,55,210267,GU,2017-05-30
2119,Madeline,Blevins,54,87942,NM,2025-01-03
2120,Allison,Griffin,46,128073,NY,2017-03-11
2121,Albert,Wright,43,151389,MA,2023-11-23
2122,Billy,Reed,67,208141,NJ,2021-01-22
2123,Chelsea,Romero,55,210993,WA,2020-09-23
2124,Heidi,Ingram,50,69516,PA,2019-04-08
2125,Christopher,Davis,40,36438,WI,2022-03-29
2126,Elizabeth,Carpenter,48,57406,FL,2017-06-16
2127,Michael,Ayala,36,139045,NV,2022-10-04
2128,Joseph,Garcia,76,52506,AK,2024-02-15
2129,Danielle,Campbell,25,247924,SD,2021-02-08
2130,Annette,Wright,78,221404,MI,2018-03-02
2131,James,Fernandez,27,121312,WV,2026-05-12
2132,John,Rice,37,119932,KY,2016-08-20
2133,Tristan,Dougherty,47,235591,LA,2022-12-12
2134,Michael,Thomas,31,166607,NY,2021-11-04
2135,Raymond,Smith,48,121304,MA,2018-06-11
2136,Steven,Lewis,48,55591,IN,2023-06-03
2137,Tiffany,Escobar,46,219266,AR,2024-10-01
2138,Angela,Haynes,62,148606,CO,2020-11-15
2139,Holly,Meyer,38,47609,MO,2020-04-20
2140,Jessica,Lam,37,41713,DE,2024-04-09
2141,Allen,Morgan,69,216326,MH,2022-09-20
2142,Robert,White,25,35920,GU,2023-04-29
2143,Kimberly,Wilson,72,119935,SD,2017-12-20
2144,Cassandra,Johnson,59,58668,PA,2022-06-12
2145,Cesar,Lee,61,239728,LA,2026-05-16
2146,Phillip,Ryan,28,224114,MA,2017-01-24
2147,Alan,Beck,33,165264,VI,2018-08-09
2148,Sarah,Chambers,29,174679,IL,2021-05-02
2149,Ashley,Weber,28,116766,KS,2023-08-23
2150,Diana,Hayes,53,141770,GA,2018-09-11
2151,Tina,Taylor,79,151124,GU,2017-10-29
2152,Jeffrey,Flores,32,239126,SC,2017-09-28
2153,Colton,Carey,43,195087,DC,2020-12-05
2154,Corey,Koch,29,78860,IN,2020-07-04
2155,Amber,Acevedo,58,202309,MS,2018-11-23
2156,Tracey,Horn,45,133699,MA,2019-08-22
2157,James,Wilson,19,223301,IL,2017-02-06
2158,Mary,Walls,57,81727,AZ,2023-08-16
2159,Tyler,Anderson,46,185242,VI,2025-07-25
2160,Kathleen,Hernandez,45,131930,MI,2026-04-10
2161,Jacob,Hawkins,18,214742,IA,2022-10-23
2162,Lisa,Lee,31,83945,MO,2023-12-03
2163,Michael,Li,35,227217,SD,2016-12-30
2164,Albert,Garner,63,242003,PW,2022-09-27
2165,James,Oconnell,68,46400,GU,2022-07-31
2166,Greg,Smith,54,56673,CT,2022-11-19
2167,David,Fletcher,69,170742,MS,2022-10-07
2168,David,Everett,29,125890,NH,2026-04-22
2169,Jon,Barnes,38,81661,PW,2021-08-27
2170,James,Floyd,47,59872,IA,2023-03-11
2171,Jenna,Turner,34,205820,OK,2021-12-20
2172,Allison,Taylor,73,158315,GU,2023-05-16
2173,Kevin,Cruz,51,197538,SD,2021-08-06
2174,Austin,Davis,38,186492,FM,2018-04-28
2175,Rodney,Kennedy,42,190250,TN,2018-11-28
2176,Mike,Harrison,43,183879,HI,2017-05-10
2177,Nancy,Jefferson,25,121206,PW,2022-01-04
2178,Ashley,David,40,150025,KY,2017-06-20
2179,Dennis,Sullivan,57,75227,DE,2026-04-27
2180,Jason,Evans,70,206577,MI,2022-09-07
2181,David,Bradley,63,239875,NE,2019-07-08
2182,John,Sanders,37,191083,IA,2022-08-20
2183,Victoria,Mullins,55,52217,TX,2021-07-01
2184,Jennifer,Williams,61,65113,DE,2019-12-09
2185,Ian,Henderson,38,60896,VA,2019-03-30
2186,Kevin,Rush,33,110053,MN,2019-02-17
2187,Jose,Cook,25,77984,SD,2018-05-14
2188,Alexis,Fleming,41,211780,SD,2019-06-19
2189,Brian,Johnson,27,163909,NM,2025-04-17
2190,Steven,Davidson,42,139638,PW,2022-02-05
2191,Christina,Snyder,56,66141,OK,2017-03-05
2192,Jared,Cook,54,130587,MD,2024-10-16
2193,Kenneth,Butler,45,78694,NC,2022-11-12
2194,Matthew,Murray,49,196592,MA,2020-10-19
2195,Amanda,Green,52,211779,SC,2019-01-31
2196,Amy,Blackburn,76,199151,AK,2024-11-08
2197,Benjamin,Campbell,77,75412,IN,2024-06-19
2198,John,Gomez,53,73742,OH,2019-02-20
2199,Lauren,Williams,49,105716,GA,2026-02-09
2200,Felicia,Mays,26,79046,RI,2022-11-16
2201,Carlos,Rodriguez,38,148227,GU,2026-01-22
2202,Maureen,Mcintyre,57,44053,WY,2021-12-21
2203,Laura,Carter,73,124119,CT,2022-11-13
2204,Lauren,Price,78,32512,NH,2022-04-16
2205,Lynn,Tucker,49,65791,CA,2018-02-25
2206,James,Hubbard,30,243703,NC,2016-09-11
2207,Jeremy,Kirby,42,177215,AK,2018-03-24
2208,Katherine,Davidson,50,201198,KY,2022-11-21
2209,Alexis,Moore,49,137252,MT,2021-12-24
2210,Monique,Henderson,61,158902,IA,2019-01-24
2211,Luke,Mccarty,44,216159,CA,2025-02-08
2212,Ronald,Cox,71,146353,AS,2026-04-28
2213,Roy,Williams,49,73844,ID,2018-07-18
2214,Mike,Simpson,23,178215,SC,2018-10-06
2215,Amber,Jackson,19,238635,AK,2024-10-07
2216,Brenda,Fritz,66,87810,WA,2022-11-07
2217,Brian,Ballard,36,38570,AZ,2018-01-08
2218,Justin,Gentry,35,88941,CT,2018-05-19
2219,Nicole,Lowery,52,105673,NY,2023-04-29
2220,Karen,Clayton,28,234666,MI,2024-07-25
2221,Lance,Henderson,47,178281,SD,2016-11-18
2222,Taylor,Reed,65,232518,NC,2020-05-06
2223,Eileen,Carlson,67,159843,CO,2022-01-20
2224,Nicholas,Bruce,53,163904,SD,2017-03-27
2225,Tyler,Johnson,25,180133,VI,2026-04-21
2226,Kayla,Morgan,25,100225,OK,2022-03-13
2227,Amanda,Taylor,67,172372,DE,2024-04-22
2228,Julia,Hall,70,126170,FL,2020-06-27
2229,Kevin,Potter,52,245642,GU,2023-12-22
2230,Caitlin,Gonzalez,66,40907,SD,2017-09-05
2231,Amber,Leonard,66,218476,AK,2024-09-21
2232,John,Arnold,46,173223,SD,2024-12-02
2233,Sandra,Lewis,31,141451,ID,2023-12-02
2234,Amber,Price,24,222935,MT,2022-02-05
2235,Courtney,Rios,71,201356,NJ,2017-02-06
2236,Kathryn,Brown,66,94888,NH,2026-03-07
2237,Laura,Clark,37,38449,MS,2023-10-16
2238,Sean,Vega,46,98895,HI,2025-06-19
2239,Teresa,Carr,40,244100,LA,2022-06-20
2240,Gregory,Lee,23,145099,KY,2019-08-31
2241,Gary,Gomez,73,60772,TN,2025-10-19
2242,Kathryn,Jackson,67,242831,WV,2020-09-16
2243,Brian,Garcia,33,85018,KS,2021-03-28
2244,Angela,Johnson,69,223360,AL,2017-11-29
2245,Samantha,Dyer,55,210652,NC,2024-03-14
2246,Regina,Cantrell,40,216319,MA,2019-09-11
2247,Robert,Ward,57,195877,MP,2021-01-29
2248,Matthew,Murphy,45,73511,MT,2020-03-31
2249,Christine,Coleman,57,66499,MA,2019-10-12
2250,Nancy,Brown,68,84164,SC,2023-04-20
2251,Anne,Gomez,70,84248,TN,2019-04-12
2252,Brian,Callahan,69,45560,CO,2018-09-01
2253,Mark,Wong,54,121964,MH,2021-08-28
2254,Zachary,Holt,52,103684,MO,2017-06-01
2255,Paula,Stephens,56,171234,SC,2018-09-30
2256,Andrea,Cannon,28,114843,OK,2018-06-30
2257,Mackenzie,Winters,80,214563,ID,2022-01-26
2258,Monica,Lawson,36,105846,MI,2018-12-05
2259,Tracy,Sparks,54,100082,WA,2021-08-18
2260,Joshua,Thomas,78,164850,NV,2018-08-22
2261,Christopher,Mitchell,75,208074,AZ,2022-04-17
2262,Lisa,Hall,70,54962,FM,2016-06-16
2263,David,Perez,26,226632,RI,2024-02-25
2264,Gerald,Ayala,68,137897,VI,2019-01-15
2265,Mary,Harrison,76,45541,WV,2019-04-03
2266,Michelle,White,35,201939,SD,2024-11-17
2267,Richard,Harmon,26,213874,PR,2021-12-07
2268,Aaron,Roberts,73,64784,IA,2022-04-04
2269,Lindsey,Johnson,33,68336,MI,2025-06-05
2270,Philip,Mccoy,63,114435,WY,2018-12-16
2271,Jessica,Mullins,71,94894,IA,2019-03-27
2272,Tamara,Tapia,66,207270,NC,2026-04-17
2273,Benjamin,Marshall,43,158308,PW,2026-01-09
2274,David,Smith,27,181368,NM,2023-02-06
2275,Jennifer,King,58,100442,VT,2018-10-01
2276,Kenneth,George,58,138586,NV,2024-05-04
2277,Tammy,Friedman,42,148486,OR,2020-06-25
2278,Katherine,Johnson,22,196101,AK,2025-09-11
2279,Reginald,Turner,68,231558,RI,2017-02-14
2280,James,Collins,23,135604,WA,2017-01-03
2281,Lisa,Barron,50,226556,VT,2021-11-01
2282,Stephanie,Houston,35,212112,NH,2024-06-13
2283,Brian,Archer,77,126749,NJ,2023-03-31
2284,Christy,Hernandez,47,157937,AR,2022-01-27
2285,Nicolas,Rose,38,182556,NV,2016-06-23
2286,Joel,Jenkins,18,232934,IL,2021-05-01
2287,Kathleen,Deleon,72,222079,IA,2019-06-06
2288,Nicholas,Aguilar,23,221609,CA,2021-08-11
2289,Jeffrey,Long,80,150179,HI,2023-11-30
2290,Elizabeth,Gutierrez,58,204101,CO,2016-12-16
2291,Matthew,Moore,62,123905,TN,2017-03-08
2292,Lisa,Greene,72,46601,AK,2020-11-08
2293,Kelly,Stone,68,170096,AZ,2022-04-24
2294,Elizabeth,Evans,43,87102,MP,2022-08-09
2295,Dennis,Mayer,79,142628,ME,2024-06-15
2296,Raymond,Alvarez,70,85535,AS,2025-12-28
2297,Patricia,Dennis,49,100395,RI,2017-02-06
2298,Laurie,Smith,38,247145,AK,2016-11-26
2299,Jenny,Carney,36,118540,PW,2018-06-05
2300,Edward,Arias,53,181501,GU,2018-05-12
2301,Tyler,Jones,26,178410,AR,2019-06-06
2302,Jacob,Whitehead,72,157228,MO,2017-05-03
2303,Brittany,Ramirez,68,120109,NE,2022-03-25
2304,Veronica,Bradley,75,208926,UT,2020-03-11
2305,Charles,Greene,66,42690,NV,2017-05-14
2306,Timothy,Cobb,20,56102,NM,2026-04-30
2307,Ivan,Baldwin,58,235491,VA,2019-02-06
2308,Sara,Payne,71,150476,MH,2018-07-13
2309,Kathleen,Fletcher,19,62568,LA,2019-02-27
2310,Mason,Jacobson,77,71414,WI,2025-08-26
2311,Joshua,Lee,46,149673,OH,2017-05-24
2312,Christopher,Kaufman,18,142145,ME,2020-06-22
2313,Andrea,Blackburn,30,210510,OK,2018-02-13
2314,Patricia,Sanchez,76,64580,PR,2021-05-01
2315,Juan,Stevenson,74,200392,KS,2023-07-14
2316,Jessica,Moore,37,71674,MD,2022-10-25
2317,Charles,Jones,73,101832,OH,2019-05-04
2318,April,Phillips,23,201596,PR,2020-06-01
2319,Douglas,Rivera,41,95638,NM,2020-04-18
2320,Calvin,Horton,23,127476,FL,2022-10-05
2321,Keith,Shepard,60,200108,NM,2023-01-06
2322,Matthew,Smith,28,43575,NV,2018-09-27
2323,Brittany,Powers,43,193998,NM,2021-12-18
2324,Samantha,James,37,220313,GA,2019-06-29
2325,Dylan,Black,62,227979,LA,2023-09-30
2326,Holly,Skinner,32,142520,WA,2020-12-17
2327,Steven,Reyes,59,53907,HI,2022-08-19
2328,Juan,Golden,63,54951,FM,2020-03-12
2329,Jennifer,Wright,18,85947,WV,2017-10-30
2330,Robert,Stevens,48,50431,DC,2025-04-05
2331,Nathan,Patel,26,185629,TX,2016-10-04
2332,Tammy,Bennett,32,166169,NC,2016-10-04
2333,Daniel,Mckay,61,146671,WA,2018-12-18
2334,Leah,Chen,18,32113,SC,2017-09-09
2335,Megan,Velez,62,120065,MH,2023-12-03
2336,Richard,Williams,70,61612,MP,2025-10-31
2337,Elizabeth,Whitehead,73,140707,MS,2018-05-08
2338,Christina,Kennedy,62,64648,KS,2019-12-27
2339,Jeremy,Phelps,48,48567,NV,2020-06-05
2340,Austin,Ruiz,32,130419,OH,2022-07-29
2341,Andrea,Lawson,23,221565,VI,2025-01-03
2342,Kristina,Hart,69,56850,HI,2017-11-06
2343,Kiara,Evans,24,112143,VA,2018-05-26
2344,Katrina,Schroeder,41,108447,CO,2017-03-01
2345,Carla,Stewart,26,130328,RI,2024-06-26
2346,Joshua,Green,67,243219,ID,2016-07-15
2347,Christine,Macias,66,64903,RI,2024-12-20
2348,William,Palmer,59,207507,WV,2019-05-05
2349,Carolyn,Townsend,27,47933,SD,2021-08-19
2350,Aaron,Taylor,51,177663,CA,2016-10-17
2351,Douglas,Johnson,18,189991,AL,2025-09-28
2352,Joshua,Scott,59,73022,AS,2024-12-16
2353,Stephanie,Walker,46,122061,MD,2020-01-29
2354,Gregory,Jones,64,85851,NV,2022-10-25
2355,Megan,Mason,58,226154,NH,2024-05-09
2356,Adam,Garcia,27,137927,NC,2022-06-16
2357,Amanda,Lamb,57,209979,NE,2017-04-11
2358,Keith,Sanders,46,86949,GU,2019-06-26
2359,Carrie,Rodriguez,23,56336,AS,2017-04-03
2360,Matthew,Diaz,26,227249,VI,2016-08-22
2361,Dawn,Shaw,25,184553,NE,2021-05-17
2362,Charles,Miller,64,130671,PA,2023-07-20
2363,Daniel,Wong,40,142561,PW,2016-11-10
2364,Kyle,Thompson,38,237376,IA,2026-04-06
2365,Judith,Robles,26,94955,CA,2017-08-01
2366,Johnny,Davis,35,198983,NH,2022-04-24
2367,Timothy,Guerra,23,95055,MI,2018-12-08
2368,Emily,Mitchell,53,187548,VT,2019-08-16
2369,Michelle,Flynn,56,219052,DE,2021-09-01
2370,Julie,Crawford,56,104690,NJ,2017-04-08
2371,Kelly,Burns,67,211004,AZ,2017-05-25
2372,Matthew,Rodriguez,19,202597,VT,2023-02-27
2373,April,Hayes,74,109075,MO,2025-11-11
2374,Charles,Raymond,31,165724,MI,2023-08-01
2375,Vickie,Johnson,56,163568,WI,2023-12-07
2376,Roberta,Barnes,30,226042,WY,2021-08-30
2377,Christopher,Ortiz,43,107474,TX,2025-03-29
2378,Daniel,Thompson,59,44304,DC,2025-11-13
2379,Veronica,Miller,68,238084,WA,2024-05-06
2380,Cheyenne,Jordan,79,92741,ID,2024-02-26
2381,Nathan,White,49,131157,CA,2021-09-20
2382,Danielle,Graham,25,93198,AL,2025-05-06
2383,Larry,Clark,49,197269,NJ,2019-07-19
2384,Dominique,Copeland,56,48615,ID,2018-04-10
2385,Eddie,Mathews,51,33163,LA,2025-04-07
2386,George,Levine,41,112961,AR,2018-05-04
2387,Michael,Roberson,26,131407,NJ,2019-07-01
2388,Anthony,Jones,73,249931,KS,2020-08-02
2389,David,Hall,54,140326,WV,2020-12-01
2390,Jennifer,Dodson,41,173224,FL,2017-05-08
2391,Robert,Bates,61,75290,GA,2025-05-08
2392,Robert,Hayes,66,153473,OK,2019-07-08
2393,Christina,Rodriguez,79,231947,LA,2020-04-14
2394,Ryan,Long,22,34375,PR,2019-05-27
2395,Nichole,Moore,55,47703,OK,2020-10-05
2396,Kari,Thompson,18,98730,OK,2025-09-01
2397,Derek,Snyder,31,40440,SC,2016-12-18
2398,Zachary,Smith,77,45851,SD,2023-08-15
2399,Megan,Harrison,78,236907,ME,2021-09-22
2400,Scott,Davis,43,162804,ID,2016-06-14
2401,David,Wilson,36,194776,ID,2024-08-11
2402,Megan,Stevenson,63,161346,ND,2018-08-22
2403,Sarah,Morgan,67,138903,VI,2026-05-14
2404,Kelly,Reynolds,45,213975,CT,2026-02-03
2405,Noah,Ballard,43,51607,GU,2020-02-26
2406,Grace,Hubbard,58,170657,WV,2020-09-22
2407,Emily,Johnson,52,191493,WV,2017-01-29
2408,Amy,Ramos,27,102736,PW,2019-05-13
2409,James,Scott,23,111240,KY,2021-01-18
2410,Donna,Torres,23,164035,NY,2021-08-09
2411,Melinda,Robinson,76,83267,OR,2017-03-05
2412,Maureen,Jordan,80,241828,ND,2016-09-17
2413,Kevin,Dickerson,27,170611,TN,2018-02-01
2414,Nathan,Banks,38,132427,MN,2019-12-16
2415,David,Holt,55,196276,KY,2018-06-27
2416,Kristin,Clark,66,248766,GA,2018-07-03
2417,Brenda,Williams,59,208534,MP,2016-08-17
2418,Bethany,Lee,59,47331,VI,2018-07-31
2419,Gabriel,Benjamin,37,213153,SC,2025-02-27
2420,Benjamin,Keller,45,221354,ID,2019-08-15
2421,Vincent,Thompson,79,92557,KY,2025-02-15
2422,Jennifer,Smith,21,94088,VT,2018-08-17
2423,Elizabeth,Ruiz,23,143897,IA,2020-03-14
2424,Joseph,Whitehead,25,148848,SD,2017-03-18
2425,Randall,Moody,57,189601,ID,2016-08-06
2426,Valerie,Williams,21,111078,NC,2019-06-12
2427,Raymond,Gomez,60,224430,KY,2018-07-07
2428,Dawn,Gomez,60,224159,NH,2020-09-23
2429,Mark,Gallegos,29,61311,RI,2021-01-27
2430,Melissa,Howard,18,215571,KS,2019-06-25
2431,Devin,Shields,26,213893,DC,2026-02-22
2432,Eric,Lawson,18,72947,OH,2020-08-28
2433,Brandon,Hicks,49,120886,FM,2018-10-23
2434,Kimberly,Dean,51,165586,ME,2021-11-20
2435,Paul,Peterson,68,245615,MN,2020-09-11
2436,Dakota,Thomas,64,97960,CA,2023-09-22
2437,Brian,Miller,28,127483,FL,2023-07-23
2438,Samantha,Romero,26,226549,PR,2017-06-23
2439,Joseph,Rodriguez,67,100454,WY,2018-01-16
2440,Daniel,Guerrero,64,60947,UT,2019-11-11
2441,John,Padilla,67,37695,FL,2018-02-10
2442,John,Morgan,39,241578,ID,2026-04-16
2443,Danielle,Beltran,45,101298,NH,2022-05-27
2444,James,Kelly,51,46743,OH,2025-10-12
2445,Nancy,Gardner,34,216731,KY,2023-06-01
2446,Amanda,Macias,80,181165,MD,2023-09-27
2447,Jennifer,Martin,58,50203,PR,2023-01-07
2448,John,Ramos,49,149327,MH,2017-01-27
2449,Mark,Roman,50,124404,ID,2017-07-08
2450,Donna,Chang,21,160969,ID,2017-05-23
2451,Cynthia,Patterson,72,178605,FM,2018-06-26
2452,Anthony,Howard,28,126387,CA,2024-01-26
2453,Alexis,Boone,28,96877,NC,2017-02-10
2454,Caleb,Cox,67,56975,PR,2022-01-26
2455,Michelle,Garcia,75,180447,WA,2017-06-15
2456,Christian,Matthews,61,219472,MD,2016-11-23
2457,Jessica,Kerr,25,89874,OK,2019-05-18
2458,Scott,Patel,65,163385,AS,2022-10-06
2459,Theresa,Cameron,18,41544,MA,2026-02-04
2460,Brittany,Johnson,72,33221,FL,2023-06-18
2461,Alyssa,Lozano,33,42053,TN,2018-05-19
2462,Rebecca,Bishop,48,125414,NE,2017-04-17
2463,Sandra,Martin,42,69343,IL,2020-08-04
2464,John,Wheeler,29,39270,PW,2022-05-08
2465,Robert,Davis,53,240531,OH,2019-08-20
2466,Eric,Collins,76,217176,MP,2021-11-06
2467,Debra,Wright,65,201888,DE,2024-10-05
2468,Patty,Roth,44,88855,AR,2021-08-10
2469,Michael,Avery,38,95080,ID,2016-07-17
2470,Desiree,Dean,44,218819,WV,2019-10-03
2471,Susan,Combs,38,101108,MO,2021-04-03
2472,Hector,Keller,70,50417,LA,2023-12-23
2473,Destiny,Peterson,54,127729,SC,2022-11-09
2474,Christopher,Cooley,25,161607,NY,2026-02-13
2475,Jason,Owens,61,43807,MN,2019-08-21
2476,Philip,Alexander,29,88506,MO,2025-03-18
2477,Latasha,Beltran,69,165207,OK,2022-06-15
2478,Kirk,Mason,80,42039,ID,2026-03-07
2479,William,Jones,79,135100,WI,2023-12-27
2480,David,Fisher,22,151921,IL,2026-01-30
2481,Jennifer,Bell,73,104005,NE,2021-08-13
2482,Heidi,Lee,67,111447,CO,2016-11-12
2483,Jacob,Graves,38,52645,AZ,2018-12-20
2484,Barry,Wade,53,149733,MT,2024-10-09
2485,Jill,Mcneil,18,126709,GA,2018-04-04
2486,Aaron,Watts,30,106439,MN,2022-08-28
2487,Christy,Dixon,54,235653,MP,2025-01-10
2488,Joseph,Frank,37,223875,WI,2022-09-17
2489,Thomas,Harris,57,93591,AL,2025-04-22
2490,Ashley,Rivera,47,126540,NV,2024-09-14
2491,Joyce,Rodriguez,55,159331,ID,2024-09-13
2492,Bryan,Cain,67,233393,PW,2025-03-05
2493,Carrie,Robertson,30,222010,CA,2019-11-09
2494,Caitlin,Simon,75,173277,HI,2017-05-03
2495,Stephanie,Carlson,66,238659,IL,2019-03-18
2496,Robert,Thompson,33,69470,WI,2019-05-08
2497,Lauren,Huber,18,137488,NJ,2018-09-23
2498,Mary,Barry,19,91078,PR,2017-11-26
2499,Nancy,Edwards,52,120812,AK,2018-06-16
2500,Kevin,Jones,58,211786,WA,2022-12-16
2501,Mitchell,Pope,74,32515,NE,2020-12-30
2502,Samuel,King,78,117822,PW,2025-02-10
2503,Austin,Lynn,18,228948,CT,2024-03-20
2504,Eugene,Perez,60,128638,FL,2025-02-08
2505,John,Ward,72,223483,WY,2021-11-27
2506,Donald,Taylor,64,110612,FL,2019-09-07
2507,Kimberly,Gonzales,24,83790,NY,2024-12-24
2508,Kathleen,West,51,92434,VA,2018-12-18
2509,James,Vaughn,44,158982,TX,2021-07-13
2510,Melissa,Donaldson,79,45701,NV,2021-07-06
2511,Robert,Allen,80,67322,NM,2022-11-23
2512,John,Shelton,63,103354,MD,2025-02-14
2513,Angela,Nguyen,23,41508,CA,2026-03-30
2514,Kelsey,Villa,76,90679,NC,2020-03-14
2515,Erin,Smith,75,166251,ID,2017-11-12
2516,Brandon,Hansen,44,213722,CO,2016-10-26
2517,Casey,Miller,75,127646,DC,2016-10-02
2518,Jamie,Ochoa,47,226057,OH,2021-10-10
2519,Curtis,Fisher,23,182245,IA,2016-12-20
2520,Kristen,Roth,24,162494,AS,2017-05-19
2521,Alison,Hopkins,26,197042,PW,2025-07-08
2522,John,Le,70,133376,HI,2022-09-14
2523,David,Rubio,22,185161,CA,2026-05-18
2524,Randy,Gutierrez,54,46327,MD,2026-05-14
2525,Haley,Harris,45,203655,WV,2018-03-17
2526,Theresa,Daniel,79,64264,GU,2017-10-24
2527,Desiree,Jones,33,106461,WV,2026-04-08
2528,Jasmine,Webb,34,112577,KS,2025-08-20
2529,Melinda,Williams,77,239929,GU,2024-01-15
2530,Richard,Hill,43,213691,MP,2019-10-31
2531,Richard,Stewart,71,222768,VT,2026-03-02
2532,Gloria,Ramos,38,113376,DC,2017-11-05
2533,Bryan,Curtis,46,101291,AZ,2021-05-09
2534,Laura,Mueller,32,49578,CT,2020-05-17
2535,Jack,Estrada,78,83139,OH,2019-09-04
2536,Michael,Nguyen,26,234455,WV,2020-10-16
2537,Christine,Arroyo,67,183277,GU,2022-07-23
2538,Michael,Jenkins,24,70739,WI,2020-09-03
2539,Brenda,Swanson,24,73089,DE,2019-02-27
2540,Teresa,Mcintosh,46,152173,AL,2016-07-31
2541,Becky,Gardner,38,136564,VI,2024-02-26
2542,Donald,Nguyen,25,170489,IN,2016-09-03
2543,Brian,Tran,40,231939,NJ,2026-01-18
2544,Teresa,Gaines,31,148467,MN,2020-03-07
2545,Angel,Torres,37,151463,TN,2021-06-02
2546,Desiree,Roberts,34,61434,RI,2025-09-10
2547,David,Oneill,23,71317,WA,2017-02-17
2548,Sydney,Love,69,209845,MN,2020-10-02
2549,Melissa,Henry,37,246632,DC,2024-01-02
2550,Elizabeth,Miles,63,212682,VI,2017-05-17
2551,Mitchell,White,56,40572,MN,2020-05-06
2552,Jeffery,Phillips,31,249132,MH,2021-08-14
2553,David,Flores,72,115929,SC,2018-04-14
2554,Darren,Griffin,27,53910,TN,2023-11-20
2555,Danielle,Nelson,63,95069,KY,2020-09-01
2556,Abigail,Morgan,79,123255,DC,2019-09-01
2557,Meredith,Duke,43,164600,MP,2023-02-18
2558,Leon,Andrews,21,207519,CO,2021-06-22
2559,Andrew,Perez,37,98201,NY,2024-03-17
2560,Stephen,Santiago,70,75578,RI,2020-01-22
2561,Heather,Smith,19,136008,OR,2024-12-23
2562,Julie,Williams,72,148541,MT,2023-01-23
2563,Johnny,Miller,53,226104,NJ,2019-01-22
2564,Elizabeth,Johnson,53,95497,FM,2020-11-25
2565,Timothy,Davidson,24,151121,AZ,2021-06-07
2566,Brian,Ayala,24,240736,TX,2026-05-09
2567,Keith,Villanueva,68,66645,GA,2025-01-05
2568,Leonard,Hunter,25,33134,NV,2016-11-13
2569,James,Bradford,21,247677,OK,2022-02-17
2570,Amber,Malone,67,88271,CT,2016-11-16
2571,Douglas,Flores,26,81939,MD,2020-10-18
2572,David,Carroll,70,135010,AL,2016-06-23
2573,Kristi,Rios,41,209905,AL,2017-10-05
2574,John,Fleming,58,199000,AL,2018-02-18
2575,Rachel,Sosa,23,182652,AZ,2018-02-14
2576,Christian,Neal,55,97848,AS,2017-03-26
2577,Danny,Day,76,243056,WA,2017-07-05
2578,Kristina,Harris,22,35714,AK,2022-07-12
2579,Shelby,Herrera,22,81839,WI,2016-09-15
2580,Matthew,Wright,75,199341,AL,2020-03-30
2581,Jeffrey,Smith,46,242152,ID,2025-04-14
2582,Manuel,Watson,26,54111,FM,2021-12-26
2583,Elizabeth,Mcmahon,75,247410,IL,2023-10-29
2584,Heather,Silva,69,116913,IA,2021-12-30
2585,Karen,Wood,25,41192,AL,2022-05-18
2586,Carolyn,Lee,78,150847,WY,2019-06-14
2587,Juan,Jensen,21,74037,WV,2019-08-01
2588,Brandon,Washington,77,180440,LA,2024-10-08
2589,Megan,Allison,45,245399,MH,2019-05-05
2590,Michael,Cain,64,133546,NM,2024-05-01
2591,Kyle,Barnes,49,37728,TN,2023-07-05
2592,Randy,Lucas,42,209100,GA,2019-04-02
2593,Brian,Calhoun,45,75300,CT,2022-09-07
2594,Mark,Gallagher,40,86286,ME,2019-06-07
2595,Ricky,Garcia,76,79060,ID,2025-03-23
2596,Michael,Huff,35,103362,IN,2023-04-16
2597,Mario,Mullins,46,68962,NC,2025-06-18
2598,Madison,Greer,20,190984,LA,2021-01-02
2599,Meghan,Roman,57,191736,IL,2018-01-04
2600,Desiree,Russell,33,199680,MH,2026-05-22
2601,Mary,Torres,36,160781,TX,2017-12-03
2602,Katie,Buck,44,174359,VI,2017-08-13
2603,Luke,Herring,48,45985,CT,2018-08-19
2604,Spencer,Lee,23,103341,NJ,2023-07-16
2605,Patricia,Smith,42,65975,HI,2016-11-02
2606,Angela,Johnson,44,82286,IL,2025-09-16
2607,Elizabeth,Zimmerman,59,238980,OH,2025-01-12
2608,Joe,Gillespie,51,95312,LA,2017-08-10
2609,Christina,Williams,58,240283,KS,2018-11-27
2610,Gail,Smith,52,238364,UT,2016-09-04
2611,Kaitlin,Spencer,19,130269,HI,2023-07-13
2612,James,Jones,68,217005,NC,2025-07-15
2613,Michael,Mcgee,40,155746,PW,2025-10-05
2614,April,Ward,52,234848,NC,2024-01-24
2615,John,Harris,49,120186,NH,2021-08-07
2616,Evan,Barnes,76,178282,AK,2022-07-12
2617,Judy,Elliott,50,114306,OR,2021-03-14
2618,Andrew,Lucas,42,100893,LA,2017-07-31
2619,Taylor,Villanueva,29,36832,CT,2019-01-15
2620,Kristy,West,38,186530,NE,2024-09-24
2621,James,Moore,32,37681,AL,2018-04-30
2622,Amy,Hayes,75,242517,OK,2022-10-05
2623,Michael,Acosta,67,103644,NY,2021-04-10
2624,Tonya,Dunlap,21,241983,CO,2017-12-16
2625,Donna,Benson,48,168787,SC,2023-07-29
2626,Laura,Underwood,40,231023,FL,2023-08-06
2627,Todd,Hicks,55,91017,NC,2018-12-19
2628,Henry,Garcia,80,71844,CA,2024-10-20
2629,Charles,Gutierrez,24,94974,AS,2021-02-11
2630,Jeff,Lee,60,93216,MD,2019-05-25
2631,Diane,Leonard,35,169903,LA,2018-05-21
2632,Maxwell,Ramirez,70,237418,VA,2025-04-17
2633,Veronica,Keith,76,223215,IL,2019-08-16
2634,Reginald,Rodriguez,21,230291,NH,2022-10-25
2635,Natalie,Williams,78,87517,NM,2016-06-30
2636,Phillip,Smith,54,239031,TN,2023-04-21
2637,Katherine,Robinson,42,123009,MN,2019-09-29
2638,Jared,Phillips,77,249997,WY,2022-09-27
2639,Ashley,Reynolds,72,75537,WI,2024-09-15
2640,Brandon,Wood,29,92010,NE,2021-10-01
2641,Mary,Smith,55,113362,PA,2026-02-23
2642,Adam,Smith,69,223489,WY,2018-02-25
2643,Alexander,Moore,62,124052,RI,2019-01-17
2644,Jonathan,Long,76,185074,DC,2024-10-21
2645,Natalie,Bowers,19,214405,KS,2022-08-08
2646,Monica,Smith,62,122191,MS,2022-01-19
2647,Jamie,Wagner,78,178806,MI,2019-07-03
2648,Andrew,Browning,54,67251,UT,2017-01-20
2649,Yvonne,Mcbride,54,79344,PW,2019-10-11
2650,Kelly,Campbell,71,242441,IL,2024-11-24
2651,William,Norris,74,159034,MO,2019-11-05
2652,Gloria,Shah,52,111016,AZ,2026-04-20
2653,Roberto,King,29,158564,SD,2024-07-04
2654,Jennifer,Johnson,20,53660,NY,2026-04-16
2655,Krystal,Hernandez,21,90980,RI,2019-01-30
2656,Jonathan,Meyer,56,87359,NH,2021-07-03
2657,Lauren,Richmond,19,168005,ID,2025-07-01
2658,Rachel,Payne,48,30179,PA,2018-06-18
2659,Kara,Leonard,39,190991,DC,2026-05-03
2660,Joseph,Salas,30,241404,CO,2023-08-07
2661,Garrett,Rogers,26,119327,OR,2018-08-10
2662,Gabriel,Bates,63,76520,MS,2022-01-31
2663,Brandon,Carter,76,240350,MT,2017-01-22
2664,Jenny,Davis,72,114826,AS,2017-08-17
2665,William,Diaz,21,35744,GU,2023-07-08
2666,Michael,Yu,27,183776,CO,2023-06-12
2667,Leon,Jones,63,67133,OK,2016-09-03
2668,Kathryn,Knapp,67,59077,PR,2021-09-14
2669,Thomas,Perry,72,167965,VA,2016-10-26
2670,Kayla,Hernandez,73,125653,NC,2021-08-17
2671,Courtney,Aguilar,79,49013,PW,2018-02-08
2672,Brooke,Morris,41,214690,MI,2019-01-20
2673,Cynthia,Lowe,78,203575,DC,2023-11-19
2674,Cameron,Day,43,183620,WV,2021-10-21
2675,Samuel,Hardy,24,118227,IL,2023-06-26
2676,Donna,Jimenez,37,114568,MA,2023-03-08
2677,Tamara,Carpenter,26,71288,CT,2020-10-25
2678,Ronald,Barnett,64,144522,IA,2016-09-15
2679,Derek,White,68,197579,MT,2023-05-06
2680,David,Fry,79,157716,WI,2018-04-16
2681,Monique,Wilson,59,113173,ID,2016-09-23
2682,Kayla,Scott,29,215383,AS,2020-09-01
2683,Kayla,Stone,79,177318,OH,2019-11-24
2684,Kelly,Jones,62,190880,MS,2022-02-23
2685,Holly,Marquez,68,123539,LA,2024-11-04
2686,Brooke,Carrillo,32,204465,DE,2018-12-13
2687,John,Barnes,55,243504,FL,2017-01-19
2688,Kristy,Hall,29,129191,DE,2025-04-11
2689,Amy,Henry,37,222412,IL,2017-12-24
2690,Cindy,Kent,62,107205,PW,2016-11-13
2691,Melissa,Cooper,26,76585,IN,2018-01-16
2692,Michael,Anderson,64,30471,IA,2024-02-11
2693,Edward,Miller,78,214027,MI,2019-03-31
2694,Nathan,Cardenas,78,180165,NE,2017-07-14
2695,Zachary,Williams,43,232068,AK,2016-07-01
2696,Jonathan,Velez,79,178762,AR,2025-06-28
2697,Mackenzie,Morgan,20,77731,GU,2025-03-15
2698,Katherine,Hodge,56,113418,NH,2021-08-22
2699,Luis,Villegas,76,242023,FM,2023-06-27
2700,Kelly,Ortega,79,190269,TX,2021-07-05
2701,Richard,Bridges,32,197679,WY,2023-05-22
2702,Kathy,Olson,54,57291,CA,2026-05-19
2703,Taylor,Herring,77,160071,NJ,2021-01-25
2704,Sarah,Johnson,27,116813,NJ,2022-10-01
2705,Emily,Adkins,65,50396,FM,2025-06-19
2706,Kimberly,Sloan,33,120914,VT,2022-03-10
2707,Ryan,Pearson,80,113759,WA,2020-11-22
2708,Madison,Chambers,28,196772,PA,2021-06-25
2709,Stephanie,Jefferson,74,53258,CT,2023-03-10
2710,Roy,Martinez,70,215851,MD,2016-12-15
2711,Brandon,Wiley,60,197536,KY,2020-03-18
2712,Amy,Martin,64,118014,WY,2023-09-18
2713,Virginia,Huff,46,32987,MN,2017-05-02
2714,James,Stout,34,84967,VA,2017-02-26
2715,Stephanie,Myers,33,211711,VA,2022-08-03
2716,David,Burgess,22,121876,OH,2023-07-28
2717,Alexandra,Clark,34,236312,AR,2025-07-22
2718,Ruth,Camacho,24,218852,DC,2024-07-18
2719,Tanya,Horn,18,42621,CO,2016-09-10
2720,Joseph,Morgan,42,144876,KY,2024-06-25
2721,Carl,Chan,64,140009,NM,2017-02-05
2722,Kelly,Lambert,80,73604,WA,2016-06-09
2723,Denise,Russell,74,138532,AL,2017-12-29
2724,Ryan,Nelson,49,129277,AL,2018-09-26
2725,Tracy,Woodward,40,173136,OR,2016-10-20
2726,Ryan,Newman,42,56588,AR,2021-09-22
2727,Daniel,Willis,71,155695,WV,2020-04-11
2728,Chelsea,Cruz,68,181533,CT,2023-06-14
2729,Linda,Dawson,59,228768,UT,2018-11-24
2730,Jane,Reese,61,89135,UT,2018-08-15
2731,Anthony,Espinoza,28,148302,ND,2020-01-21
2732,Sierra,Martinez,22,239504,ME,2021-01-16
2733,Mary,Adkins,72,38758,WY,2024-04-27
2734,Edward,Oneal,36,35263,CT,2018-05-02
2735,Lee,Hanson,38,98453,OR,2019-03-12
2736,Olivia,Perry,78,57453,TX,2026-05-17
2737,Brittney,Santiago,22,119602,CO,2023-08-20
2738,Randall,Benson,28,128424,ME,2021-02-23
2739,Andrew,Harper,28,221885,GA,2026-03-25
2740,Alicia,Kerr,22,173404,IA,2017-01-07
2741,Carrie,Garcia,78,54406,DE,2022-08-15
2742,Christina,Powell,39,185721,IL,2025-08-03
2743,Stephanie,Garcia,57,156546,AS,2025-11-30
2744,Corey,Burns,63,38124,PA,2019-09-05
2745,Taylor,Santos,45,201346,PW,2022-08-30
2746,Pamela,Tran,28,189204,HI,2025-07-04
2747,Jerry,Hernandez,74,143823,MI,2022-09-11
2748,Melissa,Wilson,28,44039,ID,2017-01-13
2749,Jeffrey,Grant,24,116794,PA,2019-05-08
2750,Christopher,Williams,31,79803,ND,2025-03-11
2751,Amanda,Harris,44,212765,SC,2022-02-19
2752,Jennifer,Stewart,53,219277,AZ,2022-06-09
2753,Joseph,Lopez,77,221358,CA,2021-06-16
2754,Jacob,Hill,52,99537,RI,2019-11-29
2755,Jennifer,Day,60,103799,MH,2021-05-13
2756,Veronica,Lewis,37,92271,UT,2024-09-18
2757,Leslie,Morales,24,43011,OR,2025-10-26
2758,Emily,Beard,43,179886,MI,2016-07-23
2759,Daniel,Freeman,53,158699,AS,2021-11-12
2760,Johnny,Mann,27,44288,SD,2023-09-23
2761,Christina,Rhodes,41,31000,FL,2020-05-28
2762,Lisa,Santana,45,52971,MI,2023-07-16
2763,Amy,Anderson,36,245979,IA,2023-04-30
2764,John,Higgins,60,193863,CA,2022-07-06
2765,Richard,Fowler,56,155915,MP,2023-11-22
2766,Derrick,Padilla,30,55424,MA,2025-06-23
2767,Lisa,Price,19,84251,CT,2022-04-06
2768,Douglas,Weiss,28,197297,FL,2019-01-20
2769,Christopher,Walker,36,51479,ND,2026-03-21
2770,Maria,Reyes,48,60279,WI,2020-07-06
2771,Nathan,Sanchez,37,235750,CA,2021-10-25
2772,Sherri,Ford,43,153455,LA,2018-09-12
2773,Rodney,Morris,49,203287,MA,2017-06-26
2774,Tyler,Griffin,34,53890,CA,2017-10-25
2775,Emily,Riddle,59,172639,MD,2022-01-17
2776,Henry,Dorsey,42,78465,OK,2022-03-19
2777,Christopher,English,41,129993,AL,2020-08-31
2778,Lisa,Vance,41,78911,OH,2018-03-18
2779,Mary,Cooper,46,41696,OH,2020-05-20
2780,Bradley,Keller,34,145275,NE,2019-09-18
2781,Alison,Klein,47,99048,MN,2017-07-02
2782,Susan,Stewart,32,249435,OR,2018-01-27
2783,Joshua,Benjamin,35,177913,ID,2018-11-13
2784,Jessica,Newton,21,69617,KY,2022-02-09
2785,Keith,Anderson,66,212575,MN,2018-04-18
2786,Sharon,Brown,60,55350,CA,2018-10-18
2787,Barbara,Reynolds,23,205149,ND,2021-09-07
2788,Anna,Shaw,40,241859,AS,2025-11-30
2789,Melanie,Wood,52,138524,VT,2020-10-16
2790,Julie,Hernandez,80,228300,DE,2021-03-04
2791,Renee,Gibson,55,89641,FL,2018-07-02
2792,Elizabeth,Bradley,53,45986,SD,2016-08-24
2793,Rita,Johnson,71,131477,NC,2017-11-26
2794,Taylor,Hawkins,70,166991,MI,2023-10-27
2795,Robert,Le,44,170381,NV,2021-02-06
2796,Jacob,Cruz,61,154472,UT,2019-12-24
2797,Julian,Garcia,54,91772,VI,2021-03-31
2798,Cody,Mcgee,48,108342,CA,2017-10-01
2799,Tina,Mcgee,23,133495,AZ,2021-01-28
2800,Michael,Camacho,75,217250,OK,2024-07-20
2801,Lisa,Jacobs,20,161622,NV,2017-03-01
2802,Brittany,Andersen,54,165480,VA,2022-08-26
2803,Carl,Johnson,69,179811,NM,2022-06-04
2804,Isaiah,Vasquez,61,192600,WV,2021-06-08
2805,Nicole,Baker,27,61531,NC,2024-04-07
2806,Christopher,Brown,78,228492,TN,2018-08-31
2807,Peter,Hartman,46,75319,WI,2019-04-24
2808,Shaun,White,78,73821,OH,2020-07-15
2809,Steven,Martin,80,85545,NE,2024-01-02
2810,Eric,English,69,80521,NJ,2021-10-26
2811,Mitchell,Sloan,26,41187,VT,2020-09-26
2812,Jose,Hensley,45,50543,ND,2018-03-29
2813,Amy,Adams,61,144135,IL,2022-12-06
2814,Alexandra,Gonzalez,30,245630,FM,2017-04-10
2815,Michael,Barr,58,68765,ID,2024-10-06
2816,Robert,Arellano,71,185988,OR,2022-12-04
2817,Eric,Dean,34,113820,OK,2023-02-05
2818,William,Hall,76,220605,NM,2026-01-18
2819,Dana,Hess,76,241640,UT,2019-02-02
2820,Michael,Davis,22,52813,KS,2024-10-20
2821,Erica,Davis,42,175847,MN,2024-03-16
2822,Taylor,Vaughn,43,174717,FL,2017-06-18
2823,Wayne,Sanchez,38,102404,NM,2021-07-31
2824,Marcus,Rogers,51,150103,GU,2023-08-26
2825,Rachael,Mills,76,33241,TX,2025-11-01
2826,Melissa,Jackson,68,213608,MS,2020-11-20
2827,Christina,Thomas,57,184029,CO,2019-09-18
2828,John,Lara,51,234914,KS,2017-05-02
2829,Elizabeth,Martin,44,59496,KS,2024-06-08
2830,James,Adams,44,69227,SD,2018-09-05
2831,Heather,Mcclure,27,178529,WI,2016-12-15
2832,Brian,Singleton,55,182745,PR,2023-07-14
2833,Kevin,Wilkins,66,56267,OH,2016-09-26
2834,Nancy,Stokes,77,57691,PA,2018-08-30
2835,John,Meyers,54,234352,HI,2025-06-01
2836,David,Allen,24,235978,NV,2024-04-23
2837,Timothy,Russell,36,170413,PR,2019-10-10
2838,Debra,Parsons,74,120143,CO,2023-09-25
2839,Christopher,Hall,74,137712,ID,2022-06-13
2840,Jessica,Bryant,34,130412,DC,2023-01-09
2841,Christian,Harrington,59,157293,PW,2024-02-15
2842,Anthony,Black,54,189635,GA,2023-10-15
2843,Kristin,Larson,48,39821,AS,2023-08-17
2844,Kenneth,Lane,29,102198,GU,2018-10-11
2845,John,Jackson,43,67710,FL,2023-10-20
2846,Jessica,Davis,57,189555,NM,2020-03-05
2847,Lynn,Reynolds,61,211839,TX,2018-02-22
2848,Barbara,Hernandez,43,40166,IL,2018-11-15
2849,Kathryn,Travis,43,116899,MI,2023-05-26
2850,Erin,Scott,62,92279,CT,2022-01-10
2851,Brooke,Powell,21,225493,ME,2020-08-26
2852,Ellen,Edwards,48,100407,MT,2024-02-24
2853,Wendy,Sanders,75,127633,SC,2021-07-29
2854,Daniel,Henderson,19,118569,CA,2018-09-26
2855,Madeline,Saunders,70,238051,TN,2021-08-23
2856,Laura,Smith,37,111513,DE,2020-11-29
2857,Sean,Gonzalez,35,158875,HI,2018-07-14
2858,Cory,Hahn,72,212500,FL,2019-04-23
2859,Laura,Valdez,61,55747,ID,2017-09-10
2860,Matthew,Mosley,80,89757,NJ,2024-01-09
2861,Anthony,Figueroa,26,108769,PR,2018-12-03
2862,Julie,Bishop,80,224962,MI,2024-03-31
2863,Jeremiah,Cox,46,232907,CO,2022-12-30
2864,John,Ritter,70,114113,HI,2020-10-01
2865,Beth,Fernandez,35,221050,VA,2022-12-05
2866,Jeremy,Booth,44,188591,AR,2019-01-18
2867,Jocelyn,Wilkerson,59,53406,NC,2019-10-24
2868,Valerie,Hendricks,30,145793,IN,2019-05-25
2869,Anna,Smith,31,245998,TX,2025-11-12
2870,Tammy,Nelson,44,224234,MT,2021-06-24
2871,Jamie,Cross,49,229096,MP,2021-05-07
2872,Kyle,Carter,51,128018,LA,2023-06-06
2873,Jose,Stevens,70,44734,VT,2018-03-06
2874,Joseph,Graham,50,237484,OR,2023-12-24
2875,Hannah,Gamble,28,47201,NE,2022-02-05
2876,Christina,Williams,37,216009,AR,2022-10-09
2877,Paul,Ryan,50,135744,KY,2016-11-14
2878,Timothy,Pugh,26,234607,SC,2024-12-15
2879,Laurie,Santiago,72,167438,GA,2018-05-06
2880,James,Villegas,74,179074,WI,2026-03-07
2881,Audrey,Phillips,19,75544,GU,2017-08-23
2882,Stacy,Rhodes,30,248347,MN,2024-08-10
2883,Charles,Arroyo,30,249408,VA,2026-05-01
2884,Mary,Santiago,21,95402,OR,2024-08-10
2885,Erin,Bell,20,149655,MP,2020-03-08
2886,Martin,Sharp,21,124470,NC,2026-01-05
2887,Suzanne,White,63,82195,OH,2018-02-21
2888,Kevin,Davis,35,126561,NV,2018-05-27
2889,Phyllis,Evans,70,151692,GU,2026-04-01
2890,Erin,Collins,50,134056,NE,2021-02-16
2891,Christopher,Cole,58,62472,MA,2017-03-18
2892,Michael,Kane,61,38011,GA,2020-01-25
2893,Sharon,Simmons,33,127639,ME,2018-10-24
2894,Leah,Gallagher,49,185724,AZ,2026-06-03
2895,Amber,Cox,46,76552,ME,2019-06-14
2896,Cameron,Chen,79,154408,WY,2025-10-14
2897,Patricia,James,55,174528,WV,2021-06-18
2898,Shirley,Lowe,40,120242,MP,2016-06-06
2899,Tracy,Huffman,28,249585,MI,2021-12-16
2900,Michael,Underwood,75,97806,PR,2017-08-27
2901,Shelby,Jimenez,65,247807,SD,2017-01-29
2902,Christine,Petty,62,53695,PR,2019-03-02
2903,Mark,Moore,36,37195,MA,2020-05-15
2904,Matthew,Whitaker,42,43015,MA,2025-10-13
2905,Kayla,Green,28,180014,ID,2022-11-03
2906,Nicholas,Williams,67,86182,AR,2023-02-28
2907,Jennifer,Cannon,72,88025,AR,2023-08-22
2908,Michael,Whitaker,59,89011,WA,2021-03-01
2909,Mike,Williams,61,84193,UT,2018-01-10
2910,Amy,Barnes,35,200809,HI,2024-01-09
2911,Jillian,Sanchez,44,164553,NV,2024-10-12
2912,Sarah,Tate,19,234551,WY,2026-05-09
2913,Lisa,Mendoza,79,231214,NH,2021-08-09
2914,Alexander,Thompson,61,32332,OR,2019-10-25
2915,Debbie,Smith,48,64685,FM,2021-04-26
2916,Joshua,Peterson,59,75403,KY,2025-08-24
2917,Edward,Pineda,56,239941,FL,2016-08-19
2918,Kathryn,Morris,18,88659,CT,2017-12-20
2919,Nicole,Diaz,34,189473,SC,2021-09-18
2920,Alyssa,Hayes,69,110074,SC,2024-02-19
2921,Christopher,Watson,63,215956,KS,2023-04-13
2922,Meghan,Reilly,59,102188,VI,2016-09-16
2923,Anita,Kent,45,128690,VT,2018-06-29
2924,Jason,Griffin,72,121412,MN,2020-04-22
2925,Mario,Carroll,47,96059,SC,2020-08-08
2926,Lacey,Perez,31,152342,MI,2025-09-13
2927,Lisa,Gordon,37,207522,AK,2021-02-02
2928,Amy,Davis,51,246088,FM,2026-01-20
2929,Leslie,Garza,57,134111,WA,2018-07-19
2930,Brenda,Davis,55,56820,FL,2018-08-30
2931,Brandy,Le,18,164090,NV,2024-03-13
2932,Angela,Smith,60,128102,CA,2023-08-15
2933,Sandra,King,53,199696,GU,2026-02-18
2934,Brett,Robinson,56,189658,MI,2026-03-02
2935,John,Cooke,36,108243,GA,2020-09-17
2936,Patricia,Case,61,58338,OH,2017-08-12
2937,Michael,Leon,48,46734,NY,2022-01-16
2938,Michael,Davis,39,102478,IN,2017-01-06
2939,Christopher,Taylor,58,115232,VI,2023-08-24
2940,Michael,Cooper,73,102583,TN,2018-10-03
2941,Kevin,Miller,34,201997,VA,2020-11-27
2942,David,Stanley,63,200778,MI,2016-12-31
2943,Ryan,Porter,37,79377,CA,2017-01-09
2944,Stephanie,Banks,27,165605,MA,2024-02-18
2945,David,Hunter,66,92993,WI,2019-11-26
2946,Laura,Rojas,75,44883,LA,2016-07-04
2947,Andrew,Moore,69,240334,UT,2017-07-25
2948,Jesus,Nelson,69,187295,FM,2017-10-02
2949,Brandon,Davila,43,203154,AS,2023-03-05
2950,Emily,Torres,38,208456,MS,2018-12-09
2951,Kelly,Reeves,26,219080,CA,2021-12-23
2952,Thomas,Callahan,19,201809,KY,2022-11-29
2953,Philip,Lewis,49,107490,LA,2016-10-05
2954,Jacqueline,Gonzales,34,139724,MA,2016-11-01
2955,Alan,Buchanan,43,131783,NE,2018-01-14
2956,Derrick,Dixon,65,39258,GU,2016-09-03
2957,David,Ruiz,55,215616,SD,2019-06-02
2958,Jacqueline,Carter,54,243913,SD,2018-05-21
2959,Jacob,Webb,30,119959,WA,2020-08-23
2960,Tiffany,Potts,64,217005,WY,2025-11-18
2961,Christina,Fuentes,32,209914,OH,2026-05-21
2962,Kimberly,Abbott,52,197330,SD,2023-12-10
2963,James,Gonzalez,68,154711,CA,2017-08-12
2964,Alexander,Martin,76,206126,AK,2022-04-10
2965,Richard,White,40,162989,VA,2023-03-16
2966,James,Black,37,74560,TX,2025-11-28
2967,Elizabeth,Collins,71,202389,WI,2025-04-20
2968,Jaclyn,Roberson,74,176341,NH,2020-06-14
2969,John,Robinson,29,107013,PA,2025-10-04
2970,Matthew,Aguilar,24,153412,GU,2019-06-05
2971,Kelsey,Lewis,26,224227,SC,2019-06-07
2972,Edwin,Davis,34,220103,MO,2023-02-09
2973,Tiffany,Anderson,69,176546,SD,2021-07-17
2974,Gregory,Gates,66,77990,VA,2026-02-27
2975,Ronald,Jenkins,78,208182,VA,2023-04-06
2976,Wesley,Leon,75,117984,MT,2020-08-18
2977,Rebekah,Rodriguez,59,53409,AR,2025-09-07
2978,Stephanie,Garcia,32,123135,VI,2022-03-24
2979,Martha,Powell,32,225090,MI,2023-10-01
2980,Mallory,Johnson,73,110500,MT,2021-03-14
2981,Jay,Wilkins,44,236593,RI,2017-07-17
2982,Eugene,Mckinney,74,116852,DE,2025-04-22
2983,Shelly,Taylor,41,98304,WI,2020-01-19
2984,Mario,Sullivan,55,107083,GA,2024-03-19
2985,Karen,Cruz,47,60875,IL,2020-04-15
2986,Katrina,Park,48,44071,NY,2018-10-19
2987,Tyrone,Cook,73,196303,AS,2020-09-26
2988,Riley,Blevins,55,182125,IL,2023-03-18
2989,Cody,Lozano,78,192700,OH,2023-04-12
2990,Jenna,Collins,22,153789,IA,2019-04-11
2991,Michael,Lewis,74,80998,RI,2020-04-27
2992,Summer,Nunez,50,61409,TX,2024-03-25
2993,Erin,Mclean,73,208440,OK,2019-03-11
2994,Angela,Campbell,42,168893,MP,2017-12-02
2995,Richard,Evans,37,138293,NC,2021-12-25
2996,Jennifer,Valdez,21,69525,WA,2021-05-03
2997,Kristen,Freeman,26,82506,FM,2026-02-10
2998,Ryan,Fuller,39,137267,AL,2024-11-26
2999,Colleen,Jones,54,149949,GU,2026-01-20
3000,Matthew,Thomas,27,112938,ID,2024-07-08
3001,Katie,Harris,73,217608,FL,2021-05-18
3002,Angela,Zuniga,29,234194,WI,2018-07-19
3003,Belinda,Stuart,23,157816,CA,2022-05-19
3004,Cynthia,Berg,39,195421,KS,2026-02-16
3005,Shelby,Welch,29,112159,AK,2025-09-15
3006,Daniel,Copeland,58,45207,AL,2024-01-03
3007,Michael,Collins,18,148503,OK,2017-09-14
3008,Brianna,Tapia,35,84888,TX,2021-01-27
3009,Brian,Kelly,66,232779,ID,2022-11-28
3010,James,Powell,28,181068,OH,2020-12-10
3011,Bryce,Williams,66,71532,NH,2026-02-13
3012,Ashley,Bradley,49,235838,DC,2018-11-17
3013,Anna,Ashley,66,234407,CO,2026-06-01
3014,Joseph,Norman,23,63922,OR,2021-12-12
3015,Donna,Murillo,57,143694,UT,2020-02-18
3016,Julie,Khan,58,142567,OH,2021-08-15
3017,Timothy,Arnold,43,142466,VT,2021-07-27
3018,Jennifer,Camacho,79,155147,ND,2019-10-25
3019,Olivia,Smith,42,31223,FL,2018-09-03
3020,Gabriella,Foster,20,169927,WY,2023-03-28
3021,Brooke,Rojas,30,221537,OR,2022-11-20
3022,Nancy,Schwartz,41,33690,DC,2019-05-04
3023,Misty,Erickson,75,114466,ME,2019-07-21
3024,John,Cain,66,248425,GA,2019-05-28
3025,Holly,Johnson,51,79958,NC,2025-07-27
3026,Jennifer,Porter,19,207405,NH,2023-01-04
3027,Sandra,Gutierrez,18,194282,GA,2025-08-30
3028,Caitlin,Mejia,64,95227,VI,2023-06-30
3029,Sydney,Wells,32,211803,AK,2023-07-31
3030,Austin,Griffin,74,120269,NV,2024-01-02
3031,Richard,Green,37,63798,NE,2023-05-22
3032,Robin,Kaufman,24,130545,GU,2019-03-19
3033,Jeffrey,Garcia,50,184316,MT,2016-12-05
3034,Monica,Johnson,37,73783,WV,2017-01-15
3035,Dennis,Gomez,22,245965,MS,2019-11-07
3036,Robert,Brown,20,108171,KY,2020-11-12
3037,Daniel,Torres,78,106238,GA,2024-12-01
3038,Carrie,Armstrong,47,220796,WI,2023-10-12
3039,Rodney,Castillo,51,186334,KY,2023-12-27
3040,David,Bradshaw,51,118561,KY,2024-09-26
3041,Lisa,Johnson,45,210035,MT,2022-03-09
3042,Susan,Cortez,26,119845,AZ,2016-07-01
3043,Latoya,Murphy,75,158497,ID,2017-04-22
3044,Karen,Williamson,40,226638,CT,2018-07-11
3045,Eric,Jones,30,73223,FM,2022-08-03
3046,Ethan,Floyd,78,242863,AS,2017-06-17
3047,Amanda,Moore,43,35013,DE,2022-06-18
3048,James,Johnston,32,88804,MO,2017-03-13
3049,Dalton,Gibbs,64,64394,MP,2024-10-15
3050,Tara,Banks,31,222433,MO,2025-07-18
3051,Charles,Cunningham,19,184584,DE,2020-09-30
3052,Randy,Potter,50,74298,NV,2023-10-04
3053,Michael,Mitchell,25,126099,GA,2023-02-04
3054,Judy,Ross,63,200535,MD,2022-05-25
3055,Christopher,Cooley,68,39794,VI,2024-11-12
3056,Kevin,Leon,42,197856,NH,2025-03-04
3057,Tracy,Harris,34,232178,NY,2025-06-02
3058,Rebecca,Carey,52,193351,OH,2020-06-05
3059,Amy,Alvarez,21,185693,NC,2023-01-01
3060,Joseph,Dean,21,203531,NY,2022-02-26
3061,Cassandra,Stephens,24,201328,GU,2025-09-12
3062,Charles,Bender,71,35175,AK,2018-07-25
3063,Sarah,Brown,21,210813,NE,2017-03-04
3064,Elizabeth,Conner,25,139255,UT,2017-08-22
3065,Lori,Grimes,46,129681,IL,2020-07-19
3066,Joel,Wilson,25,173466,OR,2018-10-03
3067,Dustin,Smith,34,154360,VI,2018-09-08
3068,Caleb,Duran,62,70141,SD,2019-01-26
3069,Kevin,Wells,31,212240,AZ,2021-03-03
3070,Jessica,Bryant,61,195232,HI,2019-07-25
3071,David,Alexander,18,108935,FM,2022-10-06
3072,Matthew,Walker,44,203451,NJ,2017-04-15
3073,Mitchell,Summers,24,203665,SD,2018-10-27
3074,Michael,Vasquez,51,100772,KS,2019-10-22
3075,Jenny,Brown,57,188763,WA,2022-04-19
3076,Emily,Terry,62,65956,IL,2022-01-08
3077,Ethan,James,44,247750,MS,2023-05-15
3078,Kristy,Valdez,75,57502,LA,2021-08-18
3079,Hannah,Bowman,50,218420,FL,2022-02-15
3080,Jason,Murphy,57,60863,TX,2021-10-07
3081,Tim,Thomas,36,59887,AK,2025-07-31
3082,Victor,Lozano,68,57856,CT,2021-07-09
3083,Stacy,Smith,49,82074,AS,2023-05-18
3084,Benjamin,Shelton,56,82363,LA,2021-06-10
3085,Stacie,Larsen,67,98942,FM,2016-10-19
3086,Sarah,Frank,71,167139,AR,2017-12-12
3087,Krystal,Hughes,80,82867,UT,2024-03-22
3088,Samuel,Horne,40,214401,MD,2019-07-03
3089,Sheena,Farmer,44,107424,GA,2021-02-04
3090,Willie,Simpson,28,40329,KY,2017-08-30
3091,Edward,Martinez,53,160116,KS,2026-02-03
3092,Rebecca,Smith,76,84445,WI,2023-07-24
3093,Anthony,Moore,62,156003,ME,2017-10-15
3094,Mark,Holloway,39,91474,TN,2017-06-08
3095,Christopher,Wilson,18,33342,MD,2016-08-21
3096,Diana,Wiggins,60,53331,GU,2017-11-22
3097,Steven,Roman,76,58948,CO,2020-10-01
3098,Ryan,Perez,71,180510,PR,2018-09-03
3099,Deanna,Lozano,60,159526,PW,2022-06-29
3100,George,Davis,27,53614,VT,2022-12-22
3101,Lauren,Morris,67,164140,DC,2016-07-29
3102,Madison,Howell,22,219677,NE,2016-10-25
3103,Shawn,Kelley,64,56552,CT,2021-07-27
3104,Brianna,Martinez,75,97080,PW,2023-05-04
3105,David,Cross,59,90597,MP,2018-06-25
3106,Benjamin,Johnson,47,107600,MO,2017-02-27
3107,Jeffrey,Tucker,34,151707,SC,2024-06-27
3108,Gavin,Rios,21,56164,ID,2019-10-27
3109,Brandi,Peters,70,75797,LA,2025-03-03
3110,Brett,Sullivan,73,40340,MI,2019-08-23
3111,Joyce,Pruitt,72,106170,PW,2023-08-28
3112,Sara,Thompson,41,240133,TN,2016-07-30
3113,Brian,Bailey,61,111974,IA,2018-01-11
3114,Mary,Hensley,45,223603,VA,2016-09-06
3115,Shelly,Baker,25,54903,AS,2019-12-28
3116,Jo,Marshall,72,228758,LA,2021-12-10
3117,Joseph,Smith,74,42029,MD,2021-07-12
3118,Rachel,Mathis,18,66279,NM,2021-03-05
3119,Daniel,Baker,60,199659,VI,2017-10-21
3120,Ronald,Lopez,28,116156,MD,2022-04-18
3121,Patricia,Rodriguez,40,144744,NY,2026-01-04
3122,Dustin,Dawson,79,193002,WY,2020-05-18
3123,Roy,Thomas,35,222169,MP,2023-05-29
3124,Andrew,Chandler,23,127680,WY,2016-07-03
3125,James,Little,70,119842,MI,2022-01-07
3126,Paula,Juarez,29,59840,TN,2023-12-25
3127,Rebecca,Reid,43,134923,NM,2021-02-21
3128,Travis,Wilson,79,149678,MA,2023-01-26
3129,Joshua,Campbell,35,249075,SD,2018-01-05
3130,Samuel,Harrison,42,210853,AR,2025-12-10
3131,Debra,Torres,72,155369,KS,2021-01-07
3132,Brian,Knight,69,140556,ND,2022-02-10
3133,Ashley,Garrison,59,238905,VA,2017-10-13
3134,Jack,Trujillo,28,59637,KY,2020-12-22
3135,Joseph,Gilbert,26,212496,VT,2023-09-02
3136,Edward,Turner,64,45373,PW,2017-11-02
3137,Louis,Cox,80,71784,OH,2020-06-14
3138,Dennis,Davis,24,139059,NH,2020-01-15
3139,Jacob,Jones,76,184861,MT,2020-01-13
3140,Sarah,Mullins,48,240308,VA,2026-05-18
3141,Jane,Thomas,54,207836,OK,2025-12-03
3142,Marcus,Lawson,46,77516,NJ,2020-08-27
3143,Mike,Johnson,57,129549,KY,2016-10-08
3144,Robert,Phillips,67,124004,MD,2020-06-29
3145,Travis,Jimenez,57,37554,IL,2020-09-01
3146,Samantha,Gomez,73,209428,ND,2021-09-29
3147,Charles,Aguirre,74,249817,MA,2020-03-03
3148,Jessica,Costa,64,64250,FM,2019-03-24
3149,Patrick,Campos,48,157958,MO,2020-09-25
3150,Jared,Fritz,25,137815,CT,2020-10-14
3151,Julie,Wilkerson,46,42051,SD,2022-06-19
3152,Henry,Gonzalez,22,98580,AK,2023-08-13
3153,Linda,Miller,59,112375,NH,2022-02-05
3154,Ashley,Richmond,18,214698,OR,2023-08-31
3155,Evan,Mitchell,73,207714,MH,2017-03-17
3156,Micheal,Mayo,51,231203,AZ,2019-10-23
3157,Lisa,Adams,65,181165,KY,2024-07-11
3158,Julie,Meza,64,178114,MS,2019-02-09
3159,Brent,Bailey,32,205595,PW,2020-04-06
3160,Kimberly,Bowen,73,118683,PR,2018-03-20
3161,Brittany,Gregory,51,167128,CT,2021-09-17
3162,Leah,Roman,62,213652,PA,2025-08-09
3163,Roberta,Gomez,57,54967,SC,2016-11-05
3164,Carol,Middleton,45,203464,VI,2024-01-03
3165,Jessica,Scott,64,95162,NJ,2020-02-04
3166,Dakota,Hall,48,120636,MT,2018-08-01
3167,Jacob,Vargas,60,207286,UT,2018-09-11
3168,Abigail,Reynolds,59,130893,AZ,2018-11-07
3169,Mark,Cabrera,27,249947,MH,2020-02-20
3170,Luis,Nash,70,176366,NM,2021-11-28
3171,Krystal,Sosa,75,190671,TN,2022-03-17
3172,Lori,Cooper,21,33052,OH,2025-11-17
3173,Calvin,Wright,59,71137,WV,2018-06-20
3174,Robert,Chapman,50,153021,MD,2023-08-22
3175,Joseph,Wade,72,159980,CO,2021-11-15
3176,Sherry,Douglas,73,73359,OK,2025-08-27
3177,Heather,Mendez,22,226982,MT,2020-10-08
3178,Robert,Cunningham,49,114052,MS,2017-12-28
3179,James,Jones,33,116742,ID,2016-07-13
3180,Jessica,Morgan,80,102917,AZ,2019-04-15
3181,Joseph,Horton,21,162888,NC,2022-10-16
3182,David,Schwartz,32,174309,IN,2017-11-23
3183,Susan,Murphy,59,129257,VI,2023-10-07
3184,Travis,Williams,43,244198,OH,2017-09-10
3185,Aaron,Duncan,33,50664,HI,2025-02-28
3186,Adrian,Russell,47,146441,CO,2019-11-27
3187,David,Brown,69,180217,GU,2020-07-16
3188,Shirley,Green,46,53073,MS,2021-12-26
3189,Joe,Duncan,72,160667,IL,2020-10-14
3190,Kristen,Fischer,46,112853,MN,2021-01-30
3191,Jesse,Anderson,25,160383,GA,2020-04-15
3192,Regina,Cuevas,65,201277,AL,2017-12-01
3193,Thomas,Watkins,19,56907,KY,2016-12-12
3194,Nancy,Bush,43,138092,SC,2024-05-30
3195,Stephanie,Lucas,20,176048,WI,2019-02-13
3196,Bonnie,Williams,53,30044,NM,2018-12-07
3197,Todd,Byrd,70,53827,NC,2019-04-06
3198,Matthew,Lewis,68,188388,MO,2025-12-11
3199,Carlos,Yang,79,192284,AZ,2024-12-13
3200,Stacey,Moore,58,109848,CO,2023-02-10
3201,John,Miller,74,163257,GA,2020-12-26
3202,Steven,Roach,53,84224,AL,2025-05-13
3203,Melissa,Blanchard,59,206022,IN,2018-08-10
3204,Gary,Sanders,47,119352,GA,2025-12-22
3205,Edwin,Coleman,41,246350,TX,2022-02-26
3206,Karen,Stephens,21,244063,AZ,2016-08-06
3207,Karen,Adams,32,149133,MH,2023-12-07
3208,Randy,Martinez,39,176840,PA,2022-01-13
3209,Louis,Knight,67,192465,MH,2018-12-03
3210,Zachary,Stevens,56,154029,IA,2025-05-22
3211,Amy,Elliott,63,202272,DE,2022-09-23
3212,Keith,Walter,41,217672,CT,2025-01-19
3213,Michael,Mccormick,46,59890,NJ,2019-02-06
3214,Bradley,Perez,24,229051,AK,2019-09-24
3215,Willie,Chambers,60,88129,MT,2017-04-18
3216,Isaiah,Mccarthy,18,119484,AZ,2024-06-06
3217,Jessica,Williams,40,247549,FM,2023-04-10
3218,Amber,Manning,58,239692,AL,2023-10-18
3219,Matthew,Harris,36,173573,KY,2019-12-19
3220,Tanya,Wood,51,128013,ME,2021-04-05
3221,Melissa,Mullins,62,57871,FL,2017-02-23
3222,Amanda,Webb,20,73032,AS,2025-12-23
3223,Dan,Walker,49,66817,OK,2020-12-31
3224,Michael,Ray,70,217919,PW,2024-11-18
3225,Christopher,Morgan,65,219152,NH,2018-07-29
3226,Natasha,Green,44,58039,CA,2020-09-03
3227,Christopher,Reed,34,190131,NY,2017-11-14
3228,Nathan,James,30,79163,CT,2018-05-09
3229,Molly,Munoz,25,132995,LA,2021-10-21
3230,Laura,Hill,31,149811,NV,2022-05-25
3231,Allison,Mayer,70,234844,VI,2020-03-29
3232,Jacob,Ford,30,217901,MO,2024-08-27
3233,Michael,Floyd,39,58250,PA,2017-04-19
3234,John,Vang,66,138650,NH,2024-09-09
3235,Hannah,Ryan,20,196000,PA,2024-06-05
3236,Tonya,Espinoza,71,206197,WV,2023-12-31
3237,Mark,Marquez,55,62301,MN,2025-11-16
3238,David,Gordon,67,148097,MI,2020-05-21
3239,Michele,Park,47,202610,IL,2020-12-13
3240,John,Baker,55,162172,CT,2021-03-14
3241,Amanda,Medina,26,160764,WY,2017-07-10
3242,Mary,Grant,18,169031,NY,2016-08-09
3243,Stephanie,Johnson,65,42732,ND,2022-01-31
3244,Travis,Robertson,53,143458,PW,2018-01-26
3245,Nancy,Henson,71,183385,TX,2025-02-12
3246,Jeffrey,Anderson,48,163256,ID,2019-02-04
3247,James,Lowe,67,76452,KY,2026-03-11
3248,Christine,Howell,62,181664,IL,2018-10-23
3249,William,Hawkins,29,221494,NV,2021-07-05
3250,Jim,Morris,70,63654,WV,2022-08-22
3251,William,Gutierrez,24,131556,TX,2019-07-22
3252,Megan,Martin,60,187429,PA,2019-03-02
3253,Brandi,Jones,56,114369,NJ,2020-04-24
3254,Meagan,Wiley,50,130837,MA,2023-03-30
3255,Bobby,Hughes,44,189644,PW,2024-05-30
3256,Bailey,Deleon,76,211538,KY,2021-09-10
3257,Jose,Roberts,66,95074,FM,2018-08-08
3258,Timothy,Martinez,35,134299,DE,2017-04-10
3259,David,Willis,79,119878,MS,2018-06-28
3260,Brandi,Roberts,80,107115,TN,2019-01-27
3261,Joshua,Johnson,46,240972,AL,2017-01-17
3262,Kelly,Contreras,26,66223,FL,2020-10-18
3263,Frank,Alvarez,44,187948,LA,2018-01-13
3264,David,Houston,62,226195,PW,2018-10-31
3265,Ryan,Harris,50,108358,MA,2019-02-21
3266,Ray,Moore,71,213892,TN,2017-09-19
3267,Deborah,Hayes,53,112289,MH,2022-06-27
3268,Mary,Martinez,63,223152,MA,2022-04-16
3269,Jeffrey,Schultz,77,175118,NC,2016-10-09
3270,Angelica,Harris,58,86975,MA,2023-02-17
3271,Lisa,Hunt,30,84974,MN,2020-09-03
3272,Vanessa,Jensen,57,217271,ID,2025-02-10
3273,Michelle,Griffith,36,209991,VI,2026-03-10
3274,Alexandra,Chen,40,206258,MP,2017-05-06
3275,Megan,Foster,26,216226,PW,2025-01-05
3276,Joseph,Walker,59,76612,RI,2019-01-11
3277,Nicole,Thornton,50,172210,NC,2026-02-27
3278,Daniel,Ross,62,196953,KS,2025-10-16
3279,Carrie,Mitchell,38,216214,DE,2025-12-20
3280,Richard,Townsend,25,229432,MI,2018-03-30
3281,Michael,Vaughan,40,177398,MD,2016-09-23
3282,Bryan,Salazar,48,182779,SC,2017-06-24
3283,Tony,Howard,54,204891,MN,2019-09-12
3284,Mary,White,63,139439,TN,2023-08-30
3285,Matthew,Ortega,61,226049,WA,2020-09-11
3286,Jeremy,Weiss,75,169959,NY,2021-09-26
3287,Olivia,Collins,36,140726,FM,2025-12-21
3288,Andrew,Kirk,69,33347,AS,2018-10-08
3289,Mary,Mcfarland,51,57910,VA,2024-03-16
3290,Christine,Smith,19,129842,NH,2019-08-19
3291,Laurie,Ellis,27,43910,LA,2020-07-04
3292,Mary,Mack,60,44838,MD,2018-11-29
3293,Johnny,Wilson,30,99986,ID,2021-07-06
3294,Kimberly,Mata,66,235922,NC,2025-09-14
3295,Scott,Dickson,28,105134,MN,2018-10-25
3296,Cheryl,Aguilar,61,95683,AS,2021-06-19
3297,Bradley,Walls,27,46261,MO,2022-02-23
3298,Deborah,Newman,62,235614,NM,2023-04-12
3299,Evan,Bauer,36,83477,ND,2022-07-22
3300,Derrick,Howard,66,171865,KY,2018-06-05
3301,Kelly,Hanson,20,124026,OH,2025-01-11
3302,Luke,Hart,70,148644,IN,2021-01-22
3303,John,Jones,24,191509,WY,2016-09-06
3304,Caitlin,Hall,73,207085,MD,2019-07-04
3305,Daniel,Lambert,65,177294,IN,2022-06-17
3306,Joshua,Long,73,88800,RI,2024-09-11
3307,Lauren,Sanchez,65,199638,ND,2019-02-26
3308,Alexander,Green,53,131944,DC,2024-05-27
3309,Jessica,Golden,33,163935,MI,2021-12-13
3310,Dakota,Conner,68,238885,NM,2024-11-14
3311,Jason,Taylor,69,212485,MP,2019-06-06
3312,Aaron,Mcclure,36,211649,MS,2020-06-01
3313,Kristina,Liu,60,42315,PA,2026-01-21
3314,Bryan,Pope,77,130029,KY,2019-05-18
3315,Austin,Fisher,42,139200,CT,2017-03-30
3316,Alvin,Garcia,79,236598,DE,2019-11-14
3317,Larry,Thompson,80,209607,GA,2023-09-29
3318,Joseph,Harris,38,174736,CT,2022-10-23
3319,Jennifer,Long,21,33398,VT,2020-02-01
3320,Andre,Price,65,95887,IA,2026-03-20
3321,Katelyn,Thompson,30,192676,IL,2024-03-15
3322,Katherine,Flores,73,234714,AL,2025-06-22
3323,Roger,Gay,73,146146,GU,2020-06-21
3324,Daniel,Gonzalez,71,89126,WI,2020-08-19
3325,Tammy,Moody,76,196143,CT,2020-03-27
3326,Brandon,Wheeler,63,216003,NH,2018-11-08
3327,Christine,Alexander,59,126401,WI,2021-01-23
3328,Daniel,Guzman,66,184241,TN,2020-11-27
3329,Laura,Smith,52,223580,NV,2021-08-18
3330,Dale,Wilson,56,81503,WY,2019-07-02
3331,Gina,Thomas,67,220031,OR,2018-07-27
3332,Rachael,Taylor,79,80724,ND,2020-06-11
3333,Christopher,Solis,36,147654,CO,2024-11-18
3334,Katherine,Scott,29,208954,KY,2024-07-31
3335,Robert,Clayton,22,79014,MH,2021-02-21
3336,Elizabeth,Johnson,79,75559,CT,2019-09-22
3337,Katelyn,Vasquez,65,164701,HI,2019-03-20
3338,Dylan,Cannon,25,128880,OK,2022-04-26
3339,Zachary,Dixon,20,142330,OK,2022-09-07
3340,Jeffrey,Kane,35,175908,WI,2017-04-06
3341,James,Jones,34,64096,ND,2025-05-15
3342,Christina,Harrison,28,183088,CO,2018-05-05
3343,Taylor,Cummings,72,96850,ND,2018-09-17
3344,Amber,Mcknight,18,116655,IN,2022-08-09
3345,Elizabeth,Sellers,47,216040,MA,2021-01-20
3346,Breanna,Morgan,77,70581,NY,2020-10-23
3347,Michael,Morrow,20,70292,MI,2022-07-31
3348,Brian,Kline,77,114575,WI,2018-05-13
3349,Adrian,Young,56,43331,OK,2023-09-09
3350,Bonnie,Williams,67,193936,AS,2020-08-04
3351,Monica,Parker,57,203510,ID,2023-11-03
3352,Joan,Smith,37,158594,ID,2018-06-02
3353,Michelle,Smith,68,180123,VI,2019-09-03
3354,Darren,Cameron,53,123869,WI,2025-12-04
3355,Gabriel,Hill,22,235529,VI,2020-03-09
3356,Kathryn,Baker,63,113324,NY,2024-05-17
3357,Adam,Baldwin,51,87661,CO,2022-12-29
3358,Natasha,Smith,79,78200,FL,2025-01-21
3359,Richard,Wiley,51,47872,VA,2018-08-13
3360,Kenneth,Hernandez,68,162419,GU,2019-02-21
3361,Ronald,Garcia,28,139033,TN,2019-06-18
3362,Melissa,Skinner,52,170780,GA,2020-06-12
3363,Amanda,Jackson,43,54102,FL,2020-08-29
3364,Megan,Rodriguez,40,87985,CA,2020-08-31
3365,John,Nunez,74,85929,AR,2020-12-22
3366,Lisa,Barker,60,117001,WY,2023-01-04
3367,Kristin,Nelson,39,124580,MA,2022-01-11
3368,Suzanne,Jones,36,87264,AZ,2025-05-27
3369,Michael,Miller,78,227304,SC,2019-11-07
3370,Donald,Todd,57,169067,IN,2022-05-01
3371,Julian,Horton,48,177150,ND,2016-12-02
3372,Marie,Bell,70,227167,PA,2024-10-30
3373,Steven,Olson,80,200210,NH,2025-01-30
3374,Lori,Bryant,18,60073,NJ,2020-08-26
3375,Danielle,Casey,60,120703,AS,2018-02-22
3376,Michelle,Black,46,93005,TN,2022-08-19
3377,Mary,Gonzalez,75,198365,ME,2020-03-26
3378,Katelyn,Greene,57,192825,FM,2025-03-02
3379,Dustin,Arnold,33,40453,FL,2020-01-30
3380,Paula,Rodriguez,61,114131,SD,2023-08-18
3381,Elizabeth,Evans,42,238720,GA,2023-08-30
3382,Joshua,Walters,78,59720,AS,2018-08-26
3383,Austin,Ruiz,42,97263,MT,2017-08-14
3384,Benjamin,White,52,219785,DE,2025-01-28
3385,Jon,Parker,36,36476,AR,2023-10-23
3386,James,Johnson,76,165493,VA,2019-06-13
3387,Sandra,Elliott,70,231980,ND,2022-08-22
3388,Jeffrey,Kennedy,41,164823,MO,2021-10-07
3389,Savannah,Flores,69,163361,TX,2026-02-06
3390,Eduardo,Stanley,46,157612,MP,2025-09-25
3391,Christopher,Andrade,20,107708,IA,2025-05-31
3392,Amanda,Warner,75,200794,PA,2020-03-04
3393,Mario,Robertson,30,113968,IL,2023-07-10
3394,Jose,Reynolds,50,51586,TX,2019-05-19
3395,Christopher,Galvan,78,55154,CT,2022-01-19
3396,Chelsea,Velez,28,232720,FM,2021-05-05
3397,John,Thomas,52,169776,OK,2017-07-20
3398,Scott,Edwards,18,194346,AS,2021-06-18
3399,Tammy,Reyes,22,85255,DC,2019-12-05
3400,Chase,Joseph,60,195023,MA,2020-11-12
3401,Jacqueline,Davidson,67,85882,MN,2023-11-23
3402,April,Hoover,73,209674,HI,2023-08-26
3403,Lisa,Gamble,45,249064,IL,2018-03-09
3404,Andrea,Rose,24,83891,LA,2024-05-07
3405,Elizabeth,Young,52,247251,MN,2020-04-07
3406,William,Terrell,62,224347,VA,2025-07-23
3407,Sandra,Williams,67,144094,GU,2018-09-04
3408,Christopher,Lewis,59,244107,CO,2024-06-27
3409,Sarah,Rodriguez,78,48905,ND,2019-07-06
3410,Sue,Moran,65,209842,GU,2023-10-06
3411,Alicia,Parks,27,36226,OR,2020-04-03
3412,Thomas,Montgomery,47,217922,OK,2025-12-19
3413,Ebony,Patterson,39,39931,PW,2018-08-27
3414,Richard,Bentley,23,49201,HI,2017-08-26
3415,Veronica,Wilcox,21,76659,WI,2022-08-28
3416,Kurt,Smith,68,96036,TX,2019-03-06
3417,Harry,Wong,53,48465,NJ,2023-09-13
3418,Laura,Knight,54,245382,CA,2021-02-19
3419,Richard,Suarez,32,97803,ID,2018-06-29
3420,William,Ramirez,44,131720,GA,2017-06-19
3421,Carla,Lozano,46,195207,SC,2017-10-25
3422,Caitlin,Green,43,143514,TX,2018-05-04
3423,Rebecca,Jackson,38,34427,PW,2019-08-07
3424,Joshua,Fernandez,42,206501,OH,2018-09-08
3425,Jeff,Griffin,25,170203,NH,2023-02-01
3426,Jose,Turner,18,198145,MN,2025-08-30
3427,Henry,Wood,64,192096,MI,2023-12-18
3428,Hannah,Cox,22,228170,VA,2024-06-14
3429,Jimmy,Johnson,65,183513,GU,2024-09-25
3430,Jessica,Dyer,20,213732,MP,2026-01-20
3431,Jeffrey,Mcdonald,72,49028,MH,2019-06-04
3432,Dale,Gutierrez,40,161815,ME,2022-03-20
3433,Brian,Knight,24,105978,MN,2020-09-09
3434,Carly,Schneider,68,209798,AL,2016-10-31
3435,Julie,Anderson,37,189007,WA,2025-02-05
3436,Dennis,Hopkins,23,103798,RI,2017-06-12
3437,George,Owens,66,144734,NE,2020-11-14
3438,Anthony,Nicholson,42,133576,MA,2020-05-18
3439,Leslie,Nelson,70,203204,AK,2023-09-13
3440,Jennifer,Rubio,19,154253,SD,2021-02-22
3441,Samuel,Anderson,28,169845,WA,2018-09-28
3442,Jennifer,Garner,32,65751,MO,2019-10-15
3443,Chad,Petersen,65,132496,IN,2019-07-28
3444,Danielle,Wright,68,239055,ND,2023-05-12
3445,Erin,Martinez,72,173058,NJ,2021-05-30
3446,Pamela,Stewart,36,196211,FM,2022-08-21
3447,Angela,Jones,27,108133,ND,2019-10-29
3448,Kaitlyn,Lopez,61,238408,SD,2024-03-12
3449,Michele,Gonzalez,73,221188,FM,2026-04-10
3450,Sheila,Meyer,59,127813,ID,2020-10-21
3451,Veronica,Butler,79,32922,CT,2018-01-18
3452,Joseph,Mcmahon,53,175508,CO,2019-06-08
3453,Steve,Soto,27,62305,NM,2017-05-14
3454,Robert,Becker,20,31318,VA,2025-12-14
3455,Christy,Kelly,54,186409,AL,2025-10-21
3456,Levi,Castro,43,170811,AZ,2020-11-08
3457,Jennifer,Edwards,53,52315,IA,2026-02-06
3458,Logan,Mcclain,37,85064,NH,2018-04-25
3459,James,Campbell,65,224361,NC,2024-10-22
3460,Tammy,Daugherty,75,220300,MO,2023-07-07
3461,Charles,Martin,40,85505,VI,2020-11-09
3462,Jack,Beasley,44,199327,NE,2024-10-11
3463,Helen,Hicks,72,164362,MS,2022-12-13
3464,Jeanne,Davis,27,72193,KY,2024-01-28
3465,Samantha,Miller,29,87878,WI,2021-02-01
3466,Zachary,Jordan,57,248824,NY,2022-12-12
3467,Ann,Mclaughlin,34,80941,DE,2025-07-07
3468,Cameron,Roberts,25,77541,MS,2019-01-09
3469,Louis,Roach,60,239626,AR,2022-05-10
3470,James,Boyle,54,44257,NV,2025-01-12
3471,April,Kim,72,226881,NH,2022-01-06
3472,Lisa,Roberts,77,173878,VI,2022-05-14
3473,William,Salas,47,198997,OR,2025-02-15
3474,Brenda,Nelson,53,49174,VA,2019-02-06
3475,Rebecca,Glover,36,206078,MH,2017-10-21
3476,Abigail,Cole,22,95716,NC,2025-02-22
3477,Brittany,Colon,24,81751,HI,2018-10-15
3478,Carol,Wilson,64,182199,GA,2021-05-28
3479,Michelle,Houston,49,116730,CT,2019-12-26
3480,Jocelyn,Fisher,40,63610,TN,2023-01-17
3481,Joel,Brooks,60,201828,GA,2023-03-23
3482,Joshua,Meyer,33,56226,HI,2026-03-17
3483,James,Brown,36,192402,ID,2017-07-03
3484,Rebecca,Cohen,22,80724,KS,2021-05-13
3485,Michael,Anderson,38,157365,TN,2024-01-11
3486,Michael,Rodriguez,46,116073,WV,2021-01-25
3487,Jennifer,Gibbs,57,202863,CT,2022-12-27
3488,Carlos,Martinez,37,211785,KS,2021-10-19
3489,Danielle,Krause,55,69949,TX,2025-06-17
3490,Anne,Sutton,54,178599,GU,2021-05-31
3491,Stephanie,Smith,41,241733,AS,2023-08-25
3492,Tracie,Moore,38,142278,AK,2019-03-28
3493,Katherine,Curry,28,31266,IA,2017-01-04
3494,John,Davis,38,94533,TN,2019-01-27
3495,Corey,Farrell,68,88071,NV,2022-12-27
3496,Kathy,Clark,63,223938,VA,2025-01-29
3497,Edwin,Richardson,59,144327,MH,2016-11-03
3498,Tiffany,Taylor,35,124237,ID,2018-06-05
3499,Jeffrey,Rose,26,208147,KS,2022-11-21
3500,Michael,Hill,64,116917,MH,2021-02-08
3501,William,Moore,74,155817,NH,2024-06-16
3502,Anne,Hall,47,146747,KY,2021-01-18
3503,Brittany,Rice,40,233100,CO,2019-08-30
3504,Richard,Woods,37,157656,DE,2017-09-13
3505,Michael,Shepherd,53,58529,MA,2017-09-13
3506,Daniel,Fuentes,29,199227,GU,2021-01-20
3507,Juan,Patel,56,51488,FL,2018-05-11
3508,Karen,Collins,71,103561,DC,2020-09-26
3509,Aaron,Scott,72,246647,GA,2022-12-24
3510,Nancy,Robinson,26,171195,DC,2019-08-05
3511,Andrew,Smith,30,99005,LA,2021-06-10
3512,Brooke,Lee,64,194264,UT,2020-09-04
3513,Isabel,Deleon,22,220690,OK,2016-12-12
3514,John,Edwards,22,34883,LA,2024-09-21
3515,Christina,Jones,72,162953,DC,2025-05-02
3516,Ashley,Williams,58,38177,CT,2025-05-13
3517,Rodney,Duran,70,182539,MP,2025-10-03
3518,Beth,Porter,55,136203,WV,2017-12-26
3519,Brittney,Hinton,67,184674,WV,2019-09-07
3520,Gary,Pacheco,31,39609,MO,2018-02-21
3521,Wendy,Jackson,53,98319,MS,2021-05-06
3522,Michelle,Jones,52,171473,VI,2024-10-02
3523,Christine,Roy,48,201418,AS,2025-03-26
3524,Matthew,Lopez,67,68963,FM,2017-04-28
3525,Melissa,Brown,41,132891,WI,2025-09-05
3526,Zachary,Allen,32,232413,LA,2021-04-17
3527,Matthew,Francis,55,222211,KS,2026-03-20
3528,Ethan,Barnes,72,106283,OK,2016-11-19
3529,Seth,Carrillo,26,151818,RI,2025-02-18
3530,Marcia,Gray,50,163801,MD,2019-10-04
3531,Stephanie,Turner,23,134014,LA,2023-01-21
3532,William,Garcia,41,161640,AL,2020-02-18
3533,Christina,Hall,18,203717,ID,2023-11-18
3534,Curtis,Barker,33,241429,MI,2024-02-08
3535,Eric,Kennedy,80,190965,NY,2017-05-07
3536,Kathryn,Adams,61,73474,FL,2018-12-11
3537,Laura,Schneider,66,164777,FM,2019-04-18
3538,James,Davis,26,146974,TX,2021-08-07
3539,Michael,Miller,28,76961,MT,2021-12-20
3540,Wesley,Collins,54,178324,UT,2020-09-09
3541,Amanda,Davis,60,68325,UT,2024-10-04
3542,Steven,Smith,65,221890,IL,2022-02-10
3543,Katie,Martinez,48,124056,AS,2025-02-26
3544,Allison,Carpenter,20,87362,AL,2026-03-20
3545,Samuel,Martinez,66,157832,AZ,2022-12-01
3546,Breanna,Matthews,32,46478,NE,2019-04-18
3547,Paul,Brown,34,126845,GU,2024-04-01
3548,Julia,Small,32,41221,VI,2019-05-01
3549,Christina,Green,60,84204,PW,2024-12-11
3550,Michael,Mckay,51,237476,OR,2019-07-04
3551,Seth,Herring,41,131736,GA,2021-02-10
3552,Henry,Garcia,48,149182,AL,2019-02-25
3553,Brandon,Young,74,42173,OK,2018-06-08
3554,Michael,Page,20,200006,NY,2021-10-31
3555,Caitlin,Potter,38,57059,OH,2017-01-09
3556,Julie,Cuevas,63,166674,UT,2025-11-27
3557,Michelle,Colon,58,247487,NV,2026-04-07
3558,Christopher,Charles,35,248856,UT,2022-11-01
3559,Miranda,Davis,65,99026,MN,2024-12-13
3560,Tiffany,Mcdonald,55,172698,CT,2021-05-20
3561,Scott,Hill,54,75573,SC,2019-03-31
3562,Timothy,Keller,42,201357,VT,2017-09-14
3563,Alexander,Webster,42,125760,MI,2018-07-27
3564,Cassidy,Pierce,55,201268,ND,2019-11-06
3565,Christina,Hancock,75,249013,NM,2024-06-14
3566,Jamie,Mclaughlin,22,165440,MT,2022-03-17
3567,Donald,Ali,34,128652,TX,2022-10-11
3568,Colin,Wheeler,80,88431,MO,2021-01-15
3569,Cody,Guzman,51,136389,NJ,2023-05-29
3570,Michael,Wood,40,244233,SC,2020-08-22
3571,Lauren,Rogers,73,120448,WY,2019-07-17
3572,Joseph,Evans,49,237790,PW,2024-10-26
3573,Emily,Allen,48,188390,OH,2022-04-05
3574,David,King,18,161553,ND,2026-04-13
3575,Amber,Ford,74,66429,KS,2025-01-13
3576,Alicia,Hunt,46,73412,TX,2018-06-08
3577,Brian,White,32,50208,AR,2023-03-23
3578,William,Shaw,50,198683,GA,2024-06-24
3579,Cynthia,Stewart,35,85447,MS,2022-10-19
3580,Bryan,Long,27,78996,FL,2017-10-13
3581,Crystal,Suarez,28,124954,WI,2025-03-08
3582,Sarah,Huff,56,218036,NE,2022-04-05
3583,Justin,Rose,70,61019,MO,2023-12-17
3584,Kathryn,Curtis,60,90383,AR,2021-07-12
3585,Michael,Howard,44,242644,AL,2024-11-20
3586,Mariah,Weiss,39,218810,TN,2024-06-07
3587,Karen,Sandoval,25,156226,NJ,2022-03-06
3588,David,Barton,61,155518,IL,2024-04-23
3589,Christian,Cabrera,48,85234,PR,2017-08-13
3590,Carrie,Butler,55,72269,VI,2018-12-16
3591,Donald,Chavez,59,248461,NM,2019-12-18
3592,Taylor,Harris,44,35884,KY,2016-12-09
3593,Barbara,Clark,33,41310,ND,2019-11-11
3594,Jason,Howard,26,180336,SC,2023-07-15
3595,Jacqueline,Nguyen,55,72239,NY,2023-04-13
3596,Michael,Craig,26,195030,ID,2022-08-26
3597,Wyatt,Sanchez,50,40273,OH,2020-04-24
3598,Jerry,Jones,75,180016,VT,2023-03-15
3599,Samantha,Hill,27,44656,VA,2020-11-11
3600,Caroline,Benjamin,28,97701,ME,2023-05-12
3601,Bethany,Costa,77,77195,HI,2021-09-25
3602,Pamela,Smith,51,136287,FM,2017-07-27
3603,Daniel,Gonzalez,56,177745,NC,2017-04-24
3604,Tonya,Ellis,58,34881,TN,2021-02-21
3605,Roy,Mckee,74,218625,LA,2021-03-31
3606,Gregory,Davis,64,203472,NJ,2021-08-17
3607,Brandon,Griffin,70,104305,SD,2024-09-14
3608,Christopher,Williams,78,52478,PR,2019-04-14
3609,Joyce,Moss,31,147755,CT,2018-06-26
3610,Keith,Olson,56,153578,DE,2020-01-17
3611,Jane,Baird,73,156266,ND,2024-06-19
3612,Amanda,Norton,28,87504,RI,2022-05-21
3613,Debbie,Wilkinson,71,137680,WV,2024-08-19
3614,Andrea,Adams,56,67411,NV,2026-06-05
3615,David,Garza,68,182737,MH,2021-03-05
3616,Samantha,Williams,70,231192,ME,2017-12-25
3617,Adam,Stevens,29,193371,NY,2025-08-17
3618,Steven,Crosby,60,163904,MO,2018-11-20
3619,David,Bender,34,73967,NH,2020-05-19
3620,Richard,Ellison,64,209723,ME,2019-05-17
3621,Colleen,Maldonado,39,148874,PW,2017-07-15
3622,Brendan,Gilbert,56,184821,ME,2023-10-31
3623,Adam,Turner,22,90244,AK,2023-01-24
3624,Amy,Thompson,42,131046,AZ,2025-12-31
3625,Lisa,Sullivan,26,58461,WY,2018-10-30
3626,Samantha,Adams,19,83044,OK,2024-09-17
3627,Amanda,Booth,51,162214,WI,2021-12-01
3628,Cindy,Mccoy,61,140046,VA,2019-03-08
3629,Luis,Gray,70,69206,OK,2017-07-24
3630,Antonio,Bryant,56,55244,MA,2016-07-03
3631,Derrick,Wilson,29,154746,SC,2017-11-23
3632,Terri,Valentine,75,191152,HI,2019-04-19
3633,Pamela,Sparks,56,40233,NC,2024-10-19
3634,Jessica,Carey,74,235486,DE,2021-09-05
3635,Andrew,Turner,52,161944,GA,2024-03-03
3636,Ian,Alvarez,66,60806,MH,2016-09-13
3637,Ann,Martin,23,156416,MP,2019-07-25
3638,Maria,Swanson,60,64164,CO,2022-11-03
3639,Rachael,Powell,75,188197,MA,2023-12-25
3640,Kristin,Jackson,52,246929,CA,2023-11-01
3641,Charles,Miller,18,233127,AS,2024-06-17
3642,Stephen,Edwards,61,200192,LA,2025-09-02
3643,David,Ross,45,166850,DE,2018-02-27
3644,Kevin,Mccormick,44,127092,HI,2018-09-23
3645,Kelsey,Navarro,73,41387,WI,2024-03-08
3646,Carolyn,Smith,62,168888,PR,2018-06-30
3647,Barbara,Williams,45,90158,MH,2018-11-01
3648,Jimmy,Porter,78,240318,MP,2024-07-16
3649,Perry,Smith,48,236977,PR,2017-04-21
3650,John,Burns,67,129938,KY,2018-04-15
3651,Charles,Matthews,40,184415,AZ,2018-03-15
3652,Amanda,Ward,69,224351,IL,2023-03-19
3653,Logan,Santos,76,229632,AR,2020-04-05
3654,Sara,Ford,71,212637,FL,2023-07-16
3655,David,Williams,54,55615,SC,2018-08-02
3656,Christina,Taylor,45,65096,NY,2023-12-14
3657,Danielle,Daniels,34,155079,SD,2019-05-06
3658,Timothy,Morgan,67,90951,FM,2020-08-23
3659,Veronica,Sanders,76,51972,ID,2026-03-02
3660,Allen,Phillips,36,186838,VI,2019-12-06
3661,Charles,Krause,74,172535,SD,2020-03-04
3662,Jennifer,Jones,44,97582,GU,2021-10-11
3663,Lisa,Pham,30,31433,RI,2023-10-12
3664,Bianca,Johnson,63,224942,HI,2020-12-12
3665,James,Finley,68,31864,LA,2017-08-31
3666,Marcus,Russell,54,166980,MT,2023-10-14
3667,Robert,Hunter,25,166252,WY,2025-04-21
3668,Brady,Humphrey,18,128311,NH,2020-12-22
3669,Anne,Smith,59,83849,VA,2020-08-04
3670,Adam,Flores,62,240839,MN,2019-04-15
3671,Stephen,Howard,38,137176,TN,2017-03-23
3672,Monica,Jones,41,57940,ID,2018-02-05
3673,Victoria,Tucker,27,141692,CO,2024-07-07
3674,George,Medina,59,183451,CT,2022-10-05
3675,James,Barnes,34,98498,VA,2024-04-18
3676,Danielle,Reynolds,72,170536,VT,2016-12-23
3677,Michael,Johnson,45,178024,ME,2022-07-13
3678,Nicholas,Parsons,41,190400,MT,2024-02-22
3679,Andrew,Williams,35,208416,MD,2018-06-26
3680,Andrew,Drake,43,227911,IL,2020-01-21
3681,Maria,Fernandez,31,138325,MO,2022-01-10
3682,Jody,Powell,53,235465,MH,2023-11-15
3683,Jacqueline,Sanchez,53,156476,ID,2022-12-21
3684,Charles,Vega,29,127049,MI,2019-08-25
3685,Melissa,Howard,53,175466,ND,2021-01-23
3686,Amy,Bauer,48,96526,KS,2022-10-21
3687,Katherine,Hill,37,181427,HI,2023-01-14
3688,Lori,Martinez,40,232950,HI,2024-03-09
3689,Dawn,Owens,63,134367,UT,2017-11-19
3690,Victoria,Mckinney,65,66193,MA,2025-10-26
3691,Stacy,Bowers,72,202827,NJ,2026-04-13
3692,Kimberly,Livingston,25,226035,KY,2018-09-03
3693,Nancy,Conley,32,147072,WY,2022-11-30
3694,John,Stokes,68,213320,IL,2021-12-24
3695,Brian,Mcmillan,78,72413,DC,2019-06-07
3696,Jack,Hart,24,86218,ME,2022-03-31
3697,Martin,Lewis,50,135004,SD,2025-09-13
3698,Michael,Luna,68,118719,IA,2018-03-11
3699,John,Decker,69,174330,PA,2021-10-23
3700,Anthony,Le,57,212729,SD,2024-02-23
3701,Alexandra,Butler,61,215280,WA,2019-01-13
3702,Jocelyn,Henderson,21,72136,WV,2016-11-01
3703,Mark,Henry,42,196691,DC,2023-12-05
3704,George,Clarke,18,240860,FM,2021-08-12
3705,Meghan,Brown,23,245811,MO,2022-09-15
3706,Jessica,Frost,27,153645,NJ,2023-12-20
3707,Zachary,Parrish,77,187350,GU,2023-10-25
3708,Christina,Zhang,45,53105,AR,2023-09-28
3709,Jenna,Smith,22,98967,GA,2023-08-03
3710,Joyce,Barnett,32,127212,DC,2023-01-25
3711,Zachary,Erickson,23,189653,UT,2018-11-29
3712,Jaclyn,Martin,20,219921,PR,2025-08-31
3713,Joshua,Schwartz,42,135026,NY,2017-05-04
3714,Douglas,Anderson,57,202012,RI,2018-07-20
3715,Pamela,Carrillo,51,105096,MD,2022-08-22
3716,Allison,Davis,63,186623,ME,2018-02-24
3717,Thomas,Harper,21,232796,MO,2023-07-29
3718,Christian,Fleming,70,75946,MI,2024-03-03
3719,John,Miller,58,159595,FL,2020-06-16
3720,Troy,Hawkins,46,32807,GA,2022-06-02
3721,Christian,Costa,30,202198,DC,2018-12-14
3722,Nicholas,Cooper,77,240740,VT,2020-09-23
3723,Kelly,Landry,51,104974,FL,2016-09-08
3724,Tommy,Benson,30,38810,WA,2021-04-18
3725,Shannon,Wilson,68,187159,NV,2019-05-04
3726,Kelly,Ortiz,50,165217,FL,2025-06-18
3727,Daniel,Harrington,62,90731,NC,2024-03-19
3728,Shawn,Roman,57,74428,MT,2025-11-21
3729,Katrina,Daniels,61,39453,NE,2024-03-28
3730,Katrina,Singleton,41,92719,AK,2023-12-24
3731,Tyler,Carter,59,30075,PW,2022-03-22
3732,Catherine,Jones,80,71273,IL,2023-12-27
3733,Jeffrey,Buchanan,23,102335,AL,2024-12-21
3734,Christine,Davis,67,134709,MD,2023-08-31
3735,Sean,Martin,40,205547,KS,2019-04-12
3736,Glenda,Meyer,43,136286,FL,2019-04-09
3737,James,Knapp,55,82510,CT,2023-11-16
3738,Jose,Martinez,51,34028,ID,2017-06-29
3739,Troy,Burns,65,214450,SC,2026-03-31
3740,Elizabeth,Rodriguez,22,53636,DE,2025-07-26
3741,Mark,Murphy,53,104578,KY,2018-04-27
3742,Chad,Wilcox,64,247517,CA,2016-06-12
3743,Ricky,Strong,53,182812,WY,2018-07-20
3744,Timothy,Brock,40,121088,DC,2023-11-14
3745,Katherine,Garcia,79,243782,IN,2019-05-05
3746,Amy,Fernandez,35,89322,WV,2022-01-30
3747,Brittany,Knight,56,80993,IL,2020-08-20
3748,Margaret,Norton,47,135894,WY,2016-08-20
3749,Theresa,Campbell,54,31219,MT,2023-07-15
3750,Rebecca,Martinez,34,75884,NY,2023-04-14
3751,Emily,Hutchinson,44,162707,KY,2024-09-20
3752,John,Fernandez,24,176441,NV,2017-11-11
3753,Brian,Wilson,22,161902,SD,2019-10-23
3754,Cindy,Todd,36,119120,NE,2020-06-08
3755,Melissa,Jackson,78,60673,MH,2019-11-03
3756,Joseph,Stevens,69,164555,CA,2020-09-21
3757,Julie,Collins,79,97552,FL,2024-07-15
3758,Scott,Hubbard,74,171008,AK,2024-10-29
3759,Donald,Fuller,70,237982,CA,2021-06-03
3760,Mary,Floyd,54,95573,MS,2021-08-25
3761,Lisa,Burns,62,146069,MO,2017-09-12
3762,Wendy,Stone,79,128849,MP,2016-12-25
3763,William,Moreno,54,156780,NY,2023-08-17
3764,Javier,Ramirez,67,93772,CT,2024-08-02
3765,Brianna,Jackson,66,119040,CT,2025-05-28
3766,Thomas,Crane,79,233318,WI,2026-04-25
3767,Susan,Harper,47,208675,OH,2021-07-02
3768,Suzanne,Williams,47,183833,WI,2024-11-18
3769,Samantha,Smith,73,37169,FL,2024-10-07
3770,Carrie,Shepard,48,60479,NY,2021-06-26
3771,Brandy,Miller,34,47708,AS,2018-08-08
3772,Brenda,Cross,42,196110,FM,2021-10-31
3773,David,Miller,68,87771,VI,2024-01-14
3774,Marcus,Morrison,61,213809,IN,2023-08-18
3775,Anna,Salazar,32,239757,PA,2022-03-12
3776,Karen,Olson,38,138114,GA,2018-12-10
3777,Gerald,Bryant,79,122562,GA,2025-11-10
3778,Emily,Carpenter,51,170417,ID,2019-03-14
3779,Craig,Alvarez,18,213715,TN,2024-09-30
3780,Carrie,Diaz,71,99035,MS,2020-05-11
3781,Erica,Garcia,33,105311,MO,2021-04-20
3782,Andrea,Carlson,23,134577,ND,2017-01-02
3783,Tyler,Gomez,61,226290,MI,2017-02-04
3784,Lauren,Jones,70,119651,CT,2017-06-26
3785,Melanie,Davis,22,175372,CO,2022-04-16
3786,Andrea,Peterson,77,76788,CA,2023-12-28
3787,Sean,Morales,48,112279,NE,2025-10-11
3788,Rita,James,40,87295,VA,2020-04-02
3789,Sarah,Hernandez,75,180395,IN,2026-05-25
3790,Maria,Ramos,35,77915,IL,2020-03-28
3791,Benjamin,Reynolds,78,225600,VT,2023-10-31
3792,Jeffrey,Jordan,61,79851,FL,2020-08-21
3793,Jennifer,Lucas,49,223229,SD,2023-06-11
3794,Danielle,Turner,30,91567,GA,2018-02-12
3795,Joshua,George,65,93453,OH,2022-01-08
3796,Jessica,Davis,73,99574,WV,2022-02-26
3797,Kristen,Espinoza,31,90085,NE,2025-01-03
3798,David,Ross,30,248874,SD,2024-04-16
3799,Keith,Kline,33,249240,NE,2018-05-06
3800,Kevin,Sanchez,57,123330,HI,2024-10-17
3801,Cameron,Gonzalez,27,234194,AS,2016-07-24
3802,Edwin,Oneal,24,61425,MD,2016-07-30
3803,Pamela,Randolph,76,50575,AK,2018-05-25
3804,Nicholas,Jensen,61,203912,HI,2024-11-16
3805,Ashley,Adams,49,190911,ND,2021-02-13
3806,Tanya,Frederick,18,230342,IL,2017-12-05
3807,Susan,Smith,72,171944,AZ,2021-10-03
3808,Steven,Spears,79,41079,CT,2024-05-20
3809,Jesse,Vargas,72,156429,OR,2023-01-15
3810,Kevin,Hoffman,41,192704,OK,2025-11-27
3811,Robert,Thompson,38,159064,AK,2018-04-04
3812,Heather,Sanchez,75,180606,CT,2016-07-27
3813,Mary,Hughes,73,102019,PR,2017-09-24
3814,Christopher,Beltran,49,77938,PR,2020-10-25
3815,Eric,Silva,66,163990,WV,2024-08-14
3816,David,Michael,35,134301,NM,2024-02-04
3817,Edward,Tucker,32,226652,AL,2018-10-25
3818,Christina,Ferguson,54,63618,AL,2024-04-21
3819,Stephanie,Nelson,21,167818,CO,2019-07-17
3820,David,Welch,69,140933,MO,2025-07-15
3821,Natasha,Vaughn,48,171759,TN,2024-11-17
3822,Brian,Bishop,20,161720,WA,2019-10-24
3823,Peggy,Decker,40,133210,TX,2018-06-18
3824,Karen,Stephens,73,209919,MT,2024-06-01
3825,Bryce,Cross,67,75822,CA,2016-11-18
3826,Adam,Collins,47,61553,MD,2019-01-07
3827,Elizabeth,Wilson,62,165844,TX,2023-10-01
3828,Christy,Ball,47,112746,VT,2021-08-13
3829,Tara,Bauer,62,32206,IL,2016-09-30
3830,Zachary,Cummings,18,206712,MN,2017-09-10
3831,Dana,Flores,31,129464,TN,2020-06-11
3832,Jennifer,Olson,55,56410,AR,2024-08-08
3833,Christopher,Byrd,38,124791,MP,2025-12-05
3834,John,Frazier,57,98078,WV,2016-06-11
3835,Michael,Jones,29,173802,MI,2022-06-19
3836,Susan,Jensen,34,92164,AK,2018-05-11
3837,Angela,Reid,35,153560,IN,2018-09-04
3838,Savannah,Hall,79,190716,NH,2020-04-29
3839,Patricia,Meyer,39,125924,WI,2020-12-21
3840,Dawn,Mendoza,29,160749,FM,2017-10-26
3841,Brian,Phillips,45,85189,MA,2018-09-29
3842,Michael,Collins,44,213687,LA,2020-02-25
3843,Carla,Schroeder,66,127598,ID,2021-02-17
3844,Melanie,King,41,135012,MA,2020-06-11
3845,Mary,Munoz,35,148155,ID,2019-08-20
3846,Jamie,Wise,29,179791,OR,2022-04-18
3847,Erin,Rich,26,180966,CA,2024-06-22
3848,Erin,Freeman,61,89917,PW,2023-06-05
3849,Christopher,Smith,70,56180,VT,2021-02-10
3850,Edwin,Peck,64,100765,HI,2024-01-14
3851,Kristine,Lee,69,91814,AL,2021-07-22
3852,Shelia,Clark,53,143303,PA,2021-07-02
3853,Samantha,Villanueva,72,129846,WA,2024-07-13
3854,Warren,Sellers,30,68232,KY,2019-02-15
3855,Alison,Anderson,69,223604,NV,2017-03-10
3856,Dana,Turner,27,153990,WI,2020-02-12
3857,Rachel,Robinson,69,32553,IL,2024-02-25
3858,Gabrielle,Short,29,140499,MP,2024-07-28
3859,Paul,Wilson,49,65250,IL,2021-09-17
3860,Jeffrey,Arnold,75,195321,NC,2017-06-01
3861,Andre,Owens,51,169980,NC,2018-04-25
3862,Samuel,Whitney,64,112766,VI,2025-04-15
3863,Leah,Davis,68,157564,MT,2025-03-09
3864,John,Peterson,37,95791,PW,2025-01-18
3865,James,Mccullough,53,178854,GU,2025-08-11
3866,Kimberly,Garcia,21,134438,MS,2017-03-22
3867,Kenneth,Jones,24,211021,MT,2018-05-15
3868,James,Smith,28,45738,UT,2019-05-02
3869,Krystal,Zimmerman,31,243337,MP,2021-09-14
3870,Michael,Perez,34,154921,AK,2023-05-30
3871,Nathan,Cole,71,195114,KS,2018-11-15
3872,Richard,Sparks,24,147926,WI,2017-06-01
3873,Daniel,Austin,65,117728,AR,2021-06-29
3874,Katherine,Bass,34,124624,NV,2017-01-08
3875,Caroline,Knight,41,176892,RI,2024-07-28
3876,Brandon,Blackwell,53,242340,IL,2016-11-22
3877,Aaron,Perry,34,120214,MI,2023-12-05
3878,Sarah,Gray,19,137940,NY,2022-06-03
3879,Matthew,Butler,25,122036,KY,2019-07-21
3880,Erica,Lewis,73,208149,ID,2024-06-23
3881,John,Williams,79,188748,AS,2023-08-28
3882,Cynthia,Moody,30,181218,AR,2020-09-22
3883,Amy,Clark,54,200358,NY,2016-09-14
3884,Jennifer,Riley,59,171148,OH,2018-03-24
3885,Taylor,Moore,29,234553,FL,2022-02-09
3886,John,Brown,36,123089,NC,2017-02-08
3887,Stephanie,Herrera,38,206473,CT,2016-12-05
3888,Amanda,Barnes,50,157793,NM,2020-01-15
3889,Wendy,Brewer,67,223075,MN,2020-04-23
3890,Veronica,Pierce,46,50554,NE,2024-06-30
3891,Brandon,Wallace,42,190868,MN,2021-06-25
3892,Michael,Torres,36,151569,NV,2016-09-20
3893,Vickie,Castro,58,67971,MI,2025-11-17
3894,Kyle,Jordan,73,73928,LA,2019-06-19
3895,Kerry,Carlson,58,241738,OH,2016-12-30
3896,Jamie,Clark,77,118444,NJ,2018-08-03
3897,Anthony,Lambert,44,195484,NC,2018-10-31
3898,Andrew,Robinson,57,179851,NC,2026-03-17
3899,David,Gordon,43,48702,KS,2016-08-07
3900,Arthur,Taylor,23,72467,NM,2019-06-24
3901,Laura,Jenkins,39,89825,MO,2016-09-07
3902,Rachel,Gomez,38,113067,CT,2016-06-10
3903,Lauren,Andrews,59,106377,OH,2020-05-26
3904,Charles,Campbell,63,100116,WY,2017-06-28
3905,Jasmine,Wilson,56,198989,KS,2023-05-07
3906,Hannah,Mooney,43,101106,AK,2023-03-23
3907,Michael,King,74,146627,FL,2024-12-03
3908,Johnny,Patel,67,125201,TX,2022-03-18
3909,Kevin,Delacruz,65,183857,TX,2024-08-14
3910,James,Lowery,51,148040,MS,2018-07-01
3911,Andrea,Moore,44,73861,AR,2016-06-11
3912,Evan,Hooper,29,36055,ID,2023-11-29
3913,Robert,Nguyen,26,220781,KY,2020-01-15
3914,Tracy,Chavez,33,203545,DE,2017-12-28
3915,John,Powell,34,225002,NY,2022-02-24
3916,Alyssa,Martinez,62,226539,CO,2017-10-23
3917,Alex,Wilson,23,85200,TN,2025-08-30
3918,Rachel,Hunt,28,134083,MI,2024-05-14
3919,Christy,Avila,24,55048,PW,2022-07-04
3920,Jason,Porter,22,154042,GA,2018-07-30
3921,Oscar,Gonzales,53,44110,NE,2022-12-25
3922,Patricia,Thomas,19,232095,NV,2023-08-24
3923,Shannon,Maldonado,43,167358,CT,2018-04-10
3924,Robert,Morales,66,51823,AK,2024-03-17
3925,Jeremy,Golden,24,98800,OH,2024-05-18
3926,Dawn,Faulkner,57,70704,DE,2018-11-25
3927,William,Mcclain,23,201660,NV,2019-09-14
3928,Joel,Yates,77,132195,VT,2023-06-17
3929,Cody,Perez,37,90124,OH,2024-06-18
3930,Deborah,Miller,33,223355,ID,2020-03-02
3931,Thomas,Payne,36,146171,AZ,2023-06-09
3932,Samuel,Walter,58,63138,NJ,2016-07-10
3933,Lori,Green,26,168082,VA,2022-04-23
3934,Jenna,Bryant,71,74723,MA,2017-01-04
3935,David,Huerta,19,39215,IL,2022-08-27
3936,Parker,Young,60,123543,MS,2024-01-14
3937,Rebecca,Figueroa,73,115249,MT,2017-09-28
3938,Mary,Davis,73,154821,HI,2016-11-29
3939,Sally,Brown,47,171710,NC,2022-01-29
3940,Scott,Marquez,77,101411,DE,2026-01-23
3941,Allison,Hawkins,53,146613,MT,2020-10-18
3942,Cynthia,Saunders,26,212877,OK,2019-01-22
3943,Jason,Bell,52,76409,MN,2022-10-26
3944,Paul,Brown,55,186653,WV,2022-03-29
3945,Christine,Flowers,47,195425,DE,2022-07-01
3946,Robert,Martinez,65,196684,NH,2020-08-30
3947,Daisy,Parks,74,177845,TN,2018-12-18
3948,Karen,Lyons,45,167221,LA,2023-07-21
3949,David,Williams,58,197648,MH,2025-10-28
3950,Gregory,Combs,52,111175,CO,2024-02-20
3951,Pedro,Carpenter,76,121008,MH,2022-04-19
3952,Rebecca,Johnson,48,171470,OH,2025-03-05
3953,Matthew,Hicks,32,240949,MD,2022-11-16
3954,Arthur,Butler,23,145831,MN,2022-11-24
3955,Jon,Bailey,37,125887,WY,2026-05-05
3956,Lisa,Erickson,44,98106,VI,2022-05-25
3957,Troy,Li,27,109579,NM,2018-12-18
3958,Martha,Huber,18,30024,RI,2017-11-28
3959,Bradley,Black,51,243746,IN,2018-10-06
3960,Pamela,Holt,66,65730,DC,2021-08-27
3961,Megan,Sweeney,40,105173,KY,2017-01-03
3962,Kevin,Taylor,48,170272,WI,2024-12-08
3963,Jonathan,Smith,18,210294,VI,2019-07-16
3964,Matthew,Downs,77,158956,MS,2021-10-03
3965,Sarah,Ruiz,78,228042,WV,2024-09-15
3966,Ronald,Wheeler,48,108541,IA,2025-08-08
3967,Edward,Williams,18,230768,IL,2022-10-29
3968,James,Osborn,45,239181,TN,2017-08-30
3969,Emily,Alexander,36,186500,NC,2018-11-22
3970,Victoria,White,32,238867,KY,2021-06-26
3971,Rachel,Brown,18,173710,AS,2025-03-06
3972,Hunter,Brown,41,79432,MD,2021-02-13
3973,Angela,Knight,44,176945,LA,2026-03-18
3974,Roger,Smith,45,133481,TN,2023-08-08
3975,Eric,Wilson,33,72800,KY,2017-03-08
3976,Jeremy,Costa,63,223231,RI,2022-04-06
3977,Deborah,Love,59,132163,MT,2021-06-10
3978,Charles,Castro,71,129184,MN,2023-10-29
3979,Megan,Norman,32,98938,GU,2026-03-26
3980,Lori,Robles,23,140687,DE,2024-12-24
3981,Billy,Bullock,58,92799,NE,2021-08-20
3982,Danielle,Rice,51,230419,WY,2025-11-28
3983,Robin,Webb,69,190750,KS,2021-11-29
3984,Gary,Phillips,69,211908,MI,2018-09-14
3985,Annette,Mcdonald,61,101267,WI,2024-09-11
3986,Derek,Jones,36,199989,TX,2016-12-25
3987,Robert,Lopez,65,169445,VI,2019-09-22
3988,David,Allen,69,100470,AR,2022-07-26
3989,Bryan,Castaneda,44,79283,DC,2020-03-09
3990,Thomas,Thomas,72,47947,TN,2018-01-28
3991,Abigail,Lynch,29,65815,IA,2023-09-09
3992,Joshua,Campos,36,58929,KY,2021-06-05
3993,Jason,Myers,58,149365,HI,2017-07-10
3994,Jeffery,Erickson,57,148690,IA,2016-07-05
3995,Melissa,Wheeler,35,213624,HI,2023-10-27
3996,William,Richardson,57,158973,CO,2020-08-18
3997,Kent,Mcclain,30,114054,KS,2018-02-15
3998,Ana,Jones,19,69885,MI,2022-06-20
3999,Sue,Wilson,21,170239,SD,2017-11-15
4000,Stephanie,Johnson,19,78742,MO,2020-09-13
4001,Diana,Mason,80,56810,NC,2019-04-14
4002,Francis,Thompson,36,100567,WA,2019-07-28
4003,Gina,Morris,26,217484,NC,2026-01-15
4004,Tony,Hays,46,220606,NY,2020-10-18
4005,Stephen,Stanton,18,91029,AZ,2017-01-29
4006,Deborah,Peterson,23,69500,KY,2019-09-07
4007,Jennifer,Williamson,18,159388,CO,2017-08-21
4008,Linda,Ho,31,119630,VT,2019-08-03
4009,Brian,Chambers,44,111677,TN,2024-09-17
4010,Jessica,Robles,68,239574,NV,2016-10-23
4011,Amanda,Stone,49,127359,NC,2018-07-09
4012,Daniel,Skinner,47,212697,IN,2020-02-16
4013,Chelsea,Fisher,68,38319,VT,2025-09-12
4014,Jeffrey,Martin,39,51030,LA,2019-01-30
4015,Jennifer,Hernandez,71,226757,KS,2017-01-16
4016,Crystal,Macias,78,68296,IN,2020-09-21
4017,Scott,Ward,21,99862,TX,2017-08-21
4018,Victoria,Morrison,67,132871,CA,2020-02-19
4019,Megan,Miller,22,172394,SD,2016-08-07
4020,Ricky,Clayton,48,77606,UT,2025-10-11
4021,Traci,Smith,30,95556,NH,2016-12-10
4022,Thomas,Anderson,70,130028,NY,2018-02-14
4023,Chad,Mullins,71,33307,OH,2023-08-19
4024,Crystal,Johnson,25,231364,LA,2022-08-17
4025,Joseph,Townsend,63,95263,NC,2020-01-19
4026,Michael,Reed,42,232172,TN,2019-03-22
4027,Heather,Weeks,80,146119,MT,2023-10-02
4028,Meredith,Morales,33,223362,WY,2024-11-01
4029,Erin,Roberts,20,82213,WA,2018-12-17
4030,Christopher,Harrington,47,222760,CA,2025-02-14
4031,Melanie,Walker,67,54631,NY,2017-03-02
4032,Luis,Kelly,51,204589,ID,2021-01-28
4033,Susan,Garrett,80,84643,AS,2016-12-02
4034,Heather,Morrison,48,132006,FM,2024-06-15
4035,Nathan,Alexander,61,111817,MN,2020-06-28
4036,Misty,Harris,77,114689,AL,2026-05-04
4037,Heidi,Wong,28,194931,OR,2025-01-31
4038,Susan,Atkins,64,41058,TX,2018-02-14
4039,Bryan,Proctor,65,174069,FM,2020-03-10
4040,Paul,Butler,51,62018,MN,2025-08-30
4041,Alyssa,Smith,34,156151,NJ,2020-06-05
4042,Pamela,Parker,58,108332,AK,2026-01-13
4043,Elizabeth,Wells,30,124483,MP,2019-08-30
4044,Anthony,Stanley,74,43654,ME,2020-02-02
4045,James,Wilson,73,204770,PW,2022-07-31
4046,Michael,Gallegos,31,59603,OH,2021-12-07
4047,Wesley,Walsh,33,195913,IL,2017-01-08
4048,William,Parker,45,115069,NC,2026-05-09
4049,Jonathan,Davis,18,73872,TN,2025-08-29
4050,Samantha,Bell,68,102377,TX,2019-12-05
4051,Stephen,Murphy,55,61365,KS,2018-10-07
4052,Jeremy,Harris,43,236869,SD,2017-02-02
4053,Steve,Johnson,33,32340,CT,2024-06-16
4054,Allen,Sanchez,80,41008,AS,2024-01-31
4055,Mary,Miller,55,235383,AK,2023-06-26
4056,Melinda,Williams,62,154589,ND,2025-09-24
4057,Dana,Hernandez,62,186293,OH,2017-06-05
4058,Troy,Lindsey,27,127359,DE,2025-05-26
4059,Andrew,Riley,67,53456,WI,2019-04-30
4060,Bruce,Watson,33,71339,DC,2023-01-23
4061,Dennis,Fisher,49,53960,WI,2020-06-15
4062,Tara,Harper,61,192174,WI,2019-01-30
4063,Andrew,Palmer,39,229114,ND,2019-05-28
4064,Valerie,Carson,58,45742,MA,2017-01-04
4065,Sarah,Rodriguez,21,123196,GU,2021-04-17
4066,Erica,Oliver,59,70348,TN,2023-02-14
4067,Joseph,Hatfield,62,170601,VA,2018-01-07
4068,Victor,Wells,68,58152,OK,2021-04-11
4069,Brian,Larsen,26,157885,SD,2020-04-20
4070,Christopher,Dalton,32,113031,GU,2024-02-20
4071,Peter,Anderson,80,176368,OK,2024-04-22
4072,Mark,Moss,68,198990,LA,2023-11-15
4073,Crystal,Patterson,66,121047,MI,2023-06-04
4074,Jacob,Garcia,69,145007,WA,2021-10-05
4075,Corey,Alvarado,64,80584,VA,2018-05-07
4076,Robert,Simpson,19,210682,ME,2017-11-14
4077,James,Gibbs,42,123891,MH,2020-06-09
4078,James,Lee,64,65319,IN,2025-06-06
4079,Shelly,Hill,34,40351,WA,2025-01-30
4080,Bailey,Taylor,49,215237,GU,2021-12-28
4081,Christopher,Patrick,46,176544,KY,2020-05-12
4082,Michael,Parker,36,172274,NM,2021-12-26
4083,Tiffany,Williams,62,158474,NV,2017-04-21
4084,Howard,Braun,30,178557,NC,2021-01-08
4085,Jessica,Sanford,29,172506,OK,2018-08-29
4086,Marissa,Evans,40,114850,SC,2023-08-24
4087,Alyssa,Johnson,64,152786,ID,2022-01-26
4088,Christopher,Ellis,35,247933,NM,2025-04-26
4089,Robert,Johnson,56,175364,IL,2024-08-31
4090,Ashley,Martinez,28,48055,CA,2020-12-27
4091,Christy,Harrington,51,70638,MN,2018-04-17
4092,Amanda,Moody,46,107508,VI,2023-02-09
4093,Jason,Mcfarland,70,99035,NM,2019-11-27
4094,Stephen,Roth,52,126236,ME,2019-02-18
4095,Tina,Moore,47,30188,WI,2023-04-25
4096,Corey,Day,67,197254,AZ,2016-06-21
4097,Miguel,Suarez,50,129363,ND,2026-01-02
4098,David,Anderson,64,78636,HI,2018-02-28
4099,Jill,Edwards,74,34907,NE,2024-04-01
4100,James,Jones,57,125440,RI,2021-05-31
4101,Jorge,Hart,67,192581,MP,2018-07-23
4102,Lauren,Davis,33,114068,PR,2020-08-29
4103,Phillip,Jackson,64,46604,KY,2017-02-10
4104,Lisa,Hanson,60,171284,MP,2022-08-31
4105,Elizabeth,Cline,70,131578,NJ,2026-02-14
4106,Emily,Gonzalez,30,167381,IL,2025-02-25
4107,Jesse,Taylor,61,160429,NC,2026-01-02
4108,Christopher,Shepard,67,174563,TX,2021-10-07
4109,Justin,Rodriguez,27,190704,SD,2022-10-01
4110,Angela,Salazar,36,114567,WV,2019-07-25
4111,Rachel,Pierce,44,198009,SD,2023-05-09
4112,Todd,Thompson,38,58957,SC,2025-07-10
4113,Jacqueline,Calhoun,24,167153,NH,2025-12-29
4114,Brian,Carter,60,47479,ND,2023-07-08
4115,Edward,Gonzalez,20,248940,DC,2022-11-18
4116,Blake,Glenn,78,64019,MP,2023-06-06
4117,Charles,Wood,29,38198,MH,2020-06-09
4118,Amy,Poole,30,58063,NJ,2021-10-28
4119,Phillip,Pearson,49,80231,CA,2023-05-04
4120,Alexandra,Webster,24,38340,ID,2023-05-01
4121,Daniel,Higgins,54,198231,LA,2022-02-08
4122,Jacob,Mclaughlin,71,131868,LA,2016-09-04
4123,Jessica,Jackson,60,158426,FM,2018-11-09
4124,Luis,Bennett,51,193570,MN,2021-03-18
4125,Victoria,Curry,62,184743,NH,2024-03-28
4126,Sara,Matthews,34,42867,DE,2018-02-05
4127,Kevin,Cantrell,41,87861,MN,2018-02-23
4128,Dennis,Contreras,56,218178,PW,2018-11-04
4129,Patricia,Rice,22,33430,NE,2023-07-13
4130,Jennifer,Mitchell,77,84719,VT,2019-02-15
4131,Alexa,Price,59,158819,VT,2023-12-02
4132,Sarah,Fleming,77,248124,DC,2023-02-15
4133,Jessica,Patterson,23,152698,RI,2018-05-01
4134,Deborah,Bradley,69,197488,MN,2018-05-09
4135,Katrina,Nguyen,21,124614,NM,2020-01-15
4136,Allison,Davis,53,224898,MI,2023-04-03
4137,Kenneth,Herman,78,139039,DC,2025-07-06
4138,Martha,Wallace,70,126749,PR,2018-12-01
4139,Julian,Coleman,68,215711,WA,2021-01-18
4140,Barbara,Shea,21,245913,PA,2019-01-12
4141,Francisco,Cantrell,57,99681,FL,2019-10-08
4142,Emily,Vasquez,51,40656,SC,2016-07-04
4143,James,Brown,64,48451,FL,2026-01-30
4144,Jessica,King,71,109666,SC,2018-05-22
4145,Jessica,Palmer,22,86596,MD,2020-11-29
4146,Christian,Clark,79,166179,CO,2023-02-19
4147,Meagan,Vincent,24,56535,MS,2024-06-03
4148,Kimberly,Lamb,64,90559,MD,2018-12-07
4149,Philip,Foley,52,131012,MD,2017-11-11
4150,Kristen,Horton,30,80625,PW,2022-12-14
4151,Daniel,Espinoza,51,202196,MN,2022-11-18
4152,April,Woodard,33,179429,IN,2020-05-01
4153,Jennifer,Hensley,58,76897,ND,2023-05-19
4154,Matthew,Lee,53,226396,NC,2017-01-14
4155,Sheila,Irwin,53,138838,IA,2018-01-16
4156,Leslie,Johnson,65,57659,NV,2020-02-01
4157,Steven,Anderson,67,197411,MN,2022-12-09
4158,Catherine,Reed,54,123837,WV,2017-11-27
4159,Robert,Brown,61,150250,MD,2021-02-08
4160,Alexandra,Hill,62,204389,LA,2024-02-29
4161,Cynthia,Novak,45,57289,LA,2025-05-16
4162,Jesse,Bennett,28,237739,KY,2023-06-13
4163,Jennifer,Tucker,29,174170,FM,2017-06-02
4164,Mary,Hughes,43,162302,NV,2017-05-05
4165,Sandra,Willis,39,202368,NH,2019-07-31
4166,Michael,Price,28,169958,MO,2025-11-20
4167,Kimberly,Barrett,56,146132,TX,2024-01-09
4168,Chad,Johnson,77,122359,MA,2025-12-25
4169,Eric,West,75,112615,ME,2025-06-19
4170,Kelli,Mills,53,115106,WI,2025-10-17
4171,Roger,Hill,72,127444,AS,2021-12-01
4172,Carol,Williams,44,230326,TX,2017-11-05
4173,Amanda,Arellano,58,142876,NC,2019-12-12
4174,Richard,Morrow,70,220281,HI,2021-03-19
4175,Travis,Carter,38,189491,CT,2020-11-08
4176,Derek,Willis,33,177625,TX,2018-06-08
4177,Daniel,Howard,52,86079,WY,2019-10-20
4178,Lauren,Hammond,42,230725,UT,2016-11-13
4179,Denise,Brown,53,225186,OR,2020-09-08
4180,Derrick,Holland,34,124374,OK,2017-07-24
4181,Taylor,Garcia,79,148594,MT,2020-03-15
4182,Hannah,Cuevas,46,134094,ME,2025-10-01
4183,Curtis,Taylor,18,220398,TN,2022-06-17
4184,Cynthia,Brooks,20,104575,VA,2020-05-26
4185,Luis,Parker,56,34273,PA,2020-02-22
4186,Matthew,Terry,51,65411,MP,2020-07-15
4187,Kelly,Pearson,74,109125,MN,2021-12-20
4188,Jacob,Santana,18,108730,SC,2025-03-04
4189,Jasmine,Johnson,32,86314,OH,2025-04-21
4190,Pamela,Nelson,72,112550,CA,2026-03-24
4191,Joseph,Reed,19,232250,MH,2017-09-30
4192,Kevin,Murray,70,210805,MP,2021-06-08
4193,Melinda,Bell,70,102340,OH,2019-07-30
4194,Mary,Johnson,76,175139,SC,2024-01-17
4195,Michael,Steele,50,175836,KY,2023-03-25
4196,Kristen,Gregory,54,179844,UT,2019-05-06
4197,Kevin,Brown,27,54716,ME,2017-07-29
4198,Gary,Williams,20,150683,AR,2021-09-14
4199,Jonathan,Hatfield,40,70922,PW,2024-11-04
4200,Guy,Hill,26,99465,MN,2016-12-23
4201,Anthony,Morales,41,182608,TX,2016-11-02
4202,Jacob,Wilson,33,91078,MP,2019-06-08
4203,Mariah,Garner,34,242618,WV,2024-08-24
4204,Todd,Moss,37,54092,MO,2020-07-10
4205,Gabriel,Hall,54,134804,WI,2018-01-12
4206,Bryan,Gutierrez,54,86999,IA,2025-02-26
4207,Erica,Trujillo,64,50237,CO,2025-10-31
4208,Rachael,Mills,64,115116,PR,2017-05-06
4209,Gerald,Bennett,68,156493,MS,2025-05-18
4210,Sara,Mitchell,29,157998,ME,2025-04-25
4211,Robert,Costa,70,210773,NE,2024-11-04
4212,Thomas,Murphy,62,181055,IA,2025-07-08
4213,Tyler,Wong,70,54999,SC,2024-12-20
4214,Ashley,Ward,56,198363,MS,2021-12-01
4215,Chloe,Miller,37,39796,OR,2019-11-11
4216,Ryan,King,64,241901,VA,2022-09-26
4217,Tamara,Kemp,54,130020,NH,2024-02-04
4218,Jacob,Moon,23,234504,KS,2021-11-15
4219,Katherine,Mitchell,21,232087,CT,2016-12-22
4220,Jessica,Smith,39,121207,SD,2020-11-14
4221,Mark,Stephens,74,244208,DE,2024-06-10
4222,Angela,Johnson,45,139188,RI,2022-03-20
4223,Wendy,Matthews,77,61598,AR,2018-01-18
4224,Megan,Williams,73,231953,AS,2025-07-01
4225,Alex,Sutton,32,225999,WI,2020-07-23
4226,Michael,White,59,187889,SC,2021-10-31
4227,Luke,Smith,77,32997,WI,2025-06-12
4228,Vincent,Alexander,58,233795,KS,2019-02-24
4229,Richard,Owen,58,130266,NE,2019-03-21
4230,Victoria,Lopez,21,109897,MN,2020-02-24
4231,Robert,Harrison,51,40795,LA,2019-04-10
4232,Todd,Dickerson,38,171539,MP,2022-01-31
4233,Alicia,Diaz,54,69211,IL,2026-03-06
4234,Ricardo,Holt,38,161701,AL,2019-01-01
4235,Johnathan,Morton,62,87880,MO,2018-01-10
4236,Natalie,Reese,27,43243,NV,2017-02-09
4237,Stacey,Cole,61,221778,AL,2025-12-08
4238,Jason,Berg,43,146815,DE,2020-12-08
4239,Brian,Johnson,66,186010,MA,2021-07-06
4240,Jessica,Walker,54,162311,MT,2020-05-08
4241,Andrea,Moody,23,88218,IL,2021-10-11
4242,Kenneth,Cruz,45,105964,NH,2022-09-12
4243,Valerie,Thompson,68,133369,GU,2021-12-08
4244,James,Ward,27,64652,OR,2025-06-12
4245,Hailey,Myers,39,51638,GA,2017-11-28
4246,Jessica,Ross,48,179799,DE,2017-03-28
4247,Jennifer,Mitchell,65,42926,MI,2018-08-08
4248,Richard,Smith,53,134645,HI,2023-01-30
4249,Jeff,Pham,34,52302,LA,2019-10-02
4250,Kelly,Mason,43,161549,WI,2024-05-05
4251,Latasha,Sosa,45,232853,KY,2020-01-05
4252,Jennifer,Adams,62,64177,IA,2020-11-10
4253,Steven,Carter,66,65355,DC,2024-07-19
4254,Rhonda,Woodard,48,176616,MD,2018-11-04
4255,Todd,Lee,30,157889,GA,2021-12-12
4256,Patrick,Smith,43,200983,IL,2022-10-08
4257,Kendra,Willis,54,81406,MS,2020-06-15
4258,Jonathan,Raymond,53,191479,ND,2017-06-13
4259,Vernon,Johnson,65,167428,SC,2019-11-20
4260,Karen,Taylor,33,93521,FM,2018-12-08
4261,Shelia,Robbins,22,99797,CO,2019-02-12
4262,William,Adams,67,142739,WA,2024-02-03
4263,Mitchell,Contreras,38,209499,OR,2017-07-31
4264,Molly,Knight,77,180999,CT,2023-01-24
4265,Barbara,Brown,23,59499,WA,2025-04-21
4266,Deborah,Vargas,60,138418,CO,2017-05-07
4267,Stephanie,Wells,45,125752,TN,2020-03-24
4268,David,Williams,40,79935,MD,2017-12-03
4269,Amber,Vang,38,120315,AS,2020-04-25
4270,Donna,Jones,56,201811,RI,2022-12-13
4271,Olivia,Burton,19,231767,ME,2019-01-05
4272,Tammy,Green,37,74369,SC,2018-06-11
4273,Jeffrey,Kennedy,40,191538,WA,2022-11-30
4274,Angela,Gray,70,240448,VA,2021-08-10
4275,James,Miller,46,193363,VI,2023-09-30
4276,James,Mccoy,27,145464,TX,2024-04-05
4277,Vincent,Carroll,20,244478,MH,2022-02-02
4278,Dustin,Horton,32,82346,PR,2019-02-15
4279,Maria,Browning,61,127994,VA,2024-05-16
4280,Eric,Jefferson,27,228635,CA,2019-05-13
4281,Scott,Phillips,64,52495,WA,2017-11-02
4282,Maria,Cox,25,223876,WV,2025-01-09
4283,Michele,Howard,21,93713,SC,2021-06-22
4284,Nicholas,Shields,78,192792,WA,2017-05-20
4285,Alicia,Smith,77,68712,OK,2026-04-11
4286,Logan,Fisher,73,248220,KY,2022-01-05
4287,Bernard,Baker,70,105414,MN,2019-09-10
4288,Crystal,Morales,18,119986,LA,2021-02-15
4289,Nicole,Caldwell,62,240837,TN,2018-12-19
4290,Jessica,Smith,25,109984,NJ,2020-11-13
4291,Erin,Phillips,46,153519,HI,2017-12-08
4292,Joanna,Stewart,19,116999,MH,2017-09-16
4293,Sarah,Russell,31,223989,GU,2025-03-01
4294,Sandra,Stewart,52,85541,PR,2020-05-15
4295,Amanda,West,31,173241,TX,2017-10-24
4296,Shelby,Martin,51,226701,GU,2025-09-12
4297,Eric,Rivas,34,173864,PR,2019-09-05
4298,Michael,Rodriguez,48,193326,WV,2021-11-08
4299,Debra,Jensen,64,67053,ID,2024-02-27
4300,Keith,Evans,62,213174,OK,2018-06-25
4301,Jeremiah,Krause,60,34820,CT,2025-09-19
4302,Frank,Wells,42,182831,GU,2019-10-12
4303,Terri,Patel,75,203939,TX,2018-06-05
4304,Adrian,Campbell,51,41398,ND,2024-04-07
4305,Debra,Smith,34,74648,CO,2016-11-15
4306,Molly,Hoffman,21,104452,OH,2018-09-28
4307,Tracy,Erickson,30,236881,MO,2017-03-17
4308,Donna,Ward,62,191995,FM,2025-08-12
4309,Brian,Powell,35,43915,OH,2019-11-17
4310,Jeffrey,James,47,201640,WA,2019-08-30
4311,Kevin,Brown,78,32184,LA,2021-09-26
4312,Jennifer,Lynn,22,131880,IA,2022-05-26
4313,Abigail,Anderson,60,101122,MA,2017-06-29
4314,Lisa,Savage,60,203041,CO,2017-11-12
4315,Tiffany,White,41,58283,AK,2024-04-01
4316,Joanna,Simmons,19,106675,LA,2019-02-20
4317,Jeffrey,Williams,73,200239,AZ,2016-11-19
4318,Amber,Everett,42,90599,IN,2023-02-15
4319,Stacy,Nelson,80,129798,AK,2024-02-25
4320,Melissa,Sullivan,50,216040,MA,2023-12-01
4321,Jerry,Rivera,24,112694,CA,2019-09-30
4322,Nathan,Torres,49,186527,OK,2021-09-12
4323,Kimberly,Stewart,52,53074,SC,2026-01-19
4324,Juan,Mullins,29,82133,DC,2020-07-16
4325,Claire,Norton,50,150058,ME,2018-03-30
4326,Mary,Dixon,53,216769,WI,2023-01-30
4327,Tabitha,Wheeler,19,40420,NM,2024-10-28
4328,Kevin,Pollard,33,168783,MN,2023-04-20
4329,Jerry,Young,37,117443,FL,2022-11-30
4330,Sandra,Aguilar,49,133127,MO,2024-01-26
4331,Shawn,Jenkins,65,71157,ND,2019-02-21
4332,Joshua,Davenport,19,120906,NM,2021-03-10
4333,Tyler,Ware,61,122251,AR,2019-10-15
4334,Caleb,Stevens,40,193900,PW,2023-02-28
4335,Tommy,Gonzalez,37,91919,SC,2018-04-15
4336,Logan,Kirk,80,161400,VA,2025-12-05
4337,Michelle,Lindsey,35,242832,ND,2024-12-25
4338,Michelle,Terry,21,194047,CT,2022-12-17
4339,Melissa,Davis,34,131494,WV,2022-10-24
4340,Patricia,Harris,74,243610,TX,2021-09-16
4341,John,Goodwin,19,175474,NH,2022-11-02
4342,Courtney,Bailey,78,103451,SD,2020-06-16
4343,Eric,Powers,32,69769,CT,2022-01-24
4344,Perry,Castro,39,132982,OK,2024-01-19
4345,David,Smith,60,65982,MI,2024-07-15
4346,Emily,Mosley,23,221336,PR,2024-12-16
4347,Samuel,Gibson,42,166503,NY,2018-07-15
4348,Ethan,Miller,79,207732,IL,2025-02-22
4349,Eric,Johnson,57,193977,WI,2026-01-11
4350,John,Hester,61,89618,WA,2022-11-06
4351,Amanda,Huber,44,93009,NY,2024-04-13
4352,Jason,Thomas,54,70042,KY,2024-01-02
4353,Hannah,Curtis,45,111889,ND,2021-01-23
4354,Brianna,Hill,76,188693,NH,2018-05-04
4355,Dana,Lozano,39,147747,RI,2017-12-28
4356,Michael,Barker,52,64543,AZ,2018-12-06
4357,Michele,Zimmerman,31,201041,NC,2023-01-29
4358,Wendy,Smith,26,182313,FL,2020-10-02
4359,Brittany,Kline,52,209319,OK,2020-05-28
4360,Paul,Ramirez,69,83034,KS,2026-03-11
4361,Danielle,Rivera,73,66204,ID,2022-11-15
4362,Barbara,Perry,37,210494,PA,2024-03-18
4363,Mary,Davis,63,167312,PA,2019-01-04
4364,Darren,Krause,76,65455,CO,2020-01-14
4365,Patricia,Hill,45,231863,KS,2022-03-21
4366,David,Reyes,27,202027,MH,2024-09-24
4367,Denise,Hampton,77,178070,FL,2022-06-03
4368,David,Carrillo,76,71431,TN,2025-06-24
4369,Jeremy,Lewis,38,47777,DC,2026-05-26
4370,Kimberly,Lowe,53,169712,NE,2026-02-01
4371,Scott,Walls,78,218597,UT,2017-10-09
4372,Benjamin,Russo,25,78269,MH,2018-04-01
4373,Eric,Tran,38,68147,IL,2024-09-27
4374,Kelly,Mata,64,37728,MN,2020-09-23
4375,Justin,Carter,66,113542,SC,2024-09-01
4376,Bradley,Johnson,74,138538,NC,2024-09-14
4377,Nicole,Lee,79,137807,MN,2020-10-04
4378,Daryl,Griffin,37,146130,AR,2022-04-17
4379,Haley,Ortiz,65,245403,AK,2022-02-16
4380,John,Cantrell,75,196945,KY,2018-12-29
4381,Ronald,Anthony,77,223551,CT,2018-05-20
4382,Amy,Hayes,35,69834,KS,2023-06-25
4383,Nancy,Mcdonald,67,79265,AK,2021-01-09
4384,April,Frederick,24,64483,AZ,2021-04-05
4385,Becky,Clark,29,36867,MA,2022-03-05
4386,Cassandra,Lee,66,190427,IL,2022-01-26
4387,Thomas,Miller,57,99956,OK,2018-09-29
4388,Selena,Spencer,56,178646,NH,2021-02-17
4389,John,Berg,57,90532,SC,2016-08-05
4390,Thomas,Wright,56,90865,IL,2021-11-15
4391,James,Lewis,32,210191,AK,2017-07-18
4392,Marcus,Hudson,19,124178,OH,2019-09-21
4393,Nicole,Gray,23,210392,DE,2022-05-01
4394,Daniel,Barnett,67,154938,ME,2023-06-09
4395,Nathan,Chase,26,161681,PR,2020-06-10
4396,Tommy,Thomas,72,188521,CO,2025-03-18
4397,Kimberly,Henderson,48,216651,AL,2021-03-12
4398,Paul,Figueroa,59,128031,NV,2016-06-23
4399,Brian,Mack,29,131570,NM,2022-07-14
4400,Stephanie,Lowe,49,154216,NJ,2025-01-19
4401,Larry,Torres,26,72935,SC,2017-02-15
4402,Logan,Webster,30,89316,WY,2024-11-13
4403,Anne,Ortiz,20,137109,MT,2021-05-17
4404,Danielle,Allen,66,33935,CA,2025-08-13
4405,Juan,Wilkins,77,100741,MT,2016-11-13
4406,Vernon,Johnston,78,138277,MN,2017-02-21
4407,Kelly,Taylor,32,224606,OH,2023-05-06
4408,Levi,Allen,60,83171,CA,2025-03-27
4409,Natasha,Ryan,66,83624,MO,2022-12-29
4410,Victoria,Martinez,22,76419,VT,2024-04-01
4411,Gary,Dunn,77,145155,WI,2023-12-16
4412,Elizabeth,Webb,73,191758,NY,2017-09-09
4413,Jennifer,Crane,49,210319,MS,2025-02-08
4414,Brandi,Davis,38,149942,AZ,2023-06-03
4415,Daniel,Miller,74,94692,NC,2019-09-06
4416,Kimberly,Alexander,45,136133,MH,2024-08-16
4417,Paula,Parrish,67,40964,TX,2017-10-29
4418,Nathan,Marsh,56,222762,PA,2025-12-19
4419,Mark,Fuller,70,129712,GU,2023-10-30
4420,Steven,Ramsey,64,112024,WV,2026-04-22
4421,Jennifer,Marks,43,190302,MH,2017-03-09
4422,Rhonda,Hernandez,78,224633,NJ,2022-06-24
4423,Michelle,Williams,54,185662,OR,2018-10-13
4424,Lisa,Casey,52,167686,TN,2018-01-04
4425,Anita,Delgado,59,214578,KS,2022-05-08
4426,Jason,Johnson,68,40095,FM,2016-12-04
4427,Jennifer,Johnson,51,58656,VT,2025-11-02
4428,Nathaniel,Lee,46,149773,MI,2019-07-15
4429,Kathleen,Williams,70,41119,MT,2016-12-06
4430,Courtney,Dixon,74,94414,MI,2023-06-15
4431,Joshua,Campbell,51,170999,IN,2020-02-07
4432,Matthew,Parker,43,222720,WV,2018-08-16
4433,Charles,Newman,20,176197,MN,2022-01-11
4434,Frank,Campbell,42,165299,MS,2021-06-25
4435,Eric,Anderson,66,195320,NM,2022-08-20
4436,Tami,Patel,79,42922,GA,2020-11-21
4437,Cassandra,Silva,30,106330,AL,2016-12-21
4438,Kenneth,Ashley,46,134343,MH,2021-10-22
4439,Brittany,Williams,74,109837,SC,2016-06-07
4440,Brooke,Jones,67,246955,RI,2016-06-09
4441,Bryce,Watson,36,150939,UT,2017-11-29
4442,Michael,Johns,28,140745,WV,2019-04-18
4443,Deborah,Pitts,36,190729,AS,2020-03-15
4444,Toni,Swanson,76,44299,MA,2017-06-01
4445,Patricia,Conner,62,165520,WI,2025-04-07
4446,James,Mills,75,67287,AK,2017-02-17
4447,Cory,Kelly,47,247551,MA,2022-02-28
4448,Jason,Morris,59,148409,NH,2020-02-18
4449,Billy,Perkins,23,219437,MN,2019-04-19
4450,Carrie,Davis,50,59667,MH,2023-11-26
4451,Sarah,Tapia,29,234139,SD,2026-06-04
4452,Kathleen,Holt,55,212482,PA,2018-09-01
4453,Allison,Browning,52,65469,GA,2016-12-22
4454,Amanda,Briggs,43,138412,NH,2024-01-17
4455,Melissa,Eaton,38,148197,VI,2019-01-25
4456,Jeff,Alexander,19,76891,AK,2023-12-08
4457,Joshua,Owens,47,184747,MD,2020-12-06
4458,David,Stuart,75,216812,NJ,2016-09-05
4459,Holly,Hall,75,82935,MH,2018-06-06
4460,Steven,Miller,74,149192,NJ,2020-03-11
4461,Rachel,Elliott,23,95557,AR,2024-09-07
4462,Courtney,Howell,38,211329,NM,2023-04-29
4463,Gabriel,Washington,59,216507,MT,2023-01-22
4464,Emily,Chung,68,72990,WI,2017-12-18
4465,Angel,Henson,63,222220,MT,2018-04-24
4466,Rebecca,Watkins,25,53905,VI,2021-04-20
4467,Michael,Taylor,25,215133,VI,2025-01-27
4468,Crystal,Walker,46,196218,PA,2016-12-12
4469,Thomas,Mclaughlin,41,52362,KY,2018-02-04
4470,Wendy,Matthews,51,215408,DE,2022-07-31
4471,Nicole,Perez,42,220545,PR,2021-05-27
4472,Elizabeth,Green,68,164130,ME,2021-03-11
4473,Todd,Mendez,57,71916,NV,2023-10-31
4474,Isaac,Collins,42,174269,KY,2019-06-28
4475,Melissa,Reyes,42,41509,AS,2021-09-20
4476,Charlene,Hall,67,74796,CO,2021-04-09
4477,Taylor,Martinez,76,117868,OK,2021-07-20
4478,Trevor,Kerr,54,202891,OR,2019-04-29
4479,Jacqueline,Davenport,73,69345,MO,2021-10-26
4480,Amanda,Johnson,28,67907,IL,2023-10-26
4481,Rachel,Bradshaw,29,231629,MD,2024-05-13
4482,Jonathon,Matthews,63,43450,ME,2025-03-07
4483,Mariah,Johnson,44,110756,FM,2019-06-18
4484,Sara,Farrell,37,221407,AZ,2018-12-01
4485,Brittany,Powell,67,146983,MO,2022-01-31
4486,Alexander,Li,36,194220,ME,2025-08-09
4487,Haley,Williams,29,60816,MH,2023-02-14
4488,Gail,Cooper,75,64490,UT,2018-09-02
4489,David,Hart,79,83176,AK,2020-08-06
4490,Timothy,Campbell,18,193200,OK,2022-07-26
4491,Loretta,Guzman,66,96351,DE,2020-07-02
4492,Elizabeth,Harper,18,150230,TN,2017-02-05
4493,Mark,Mckay,49,160716,OR,2016-11-07
4494,Lisa,Matthews,52,241669,GU,2025-12-15
4495,Ashley,Walton,18,189379,GA,2024-02-20
4496,Travis,Hodges,74,159359,DE,2020-04-12
4497,Anthony,Smith,33,86852,CA,2020-10-30
4498,Sara,Harrison,55,202876,GU,2020-12-31
4499,Diana,Gomez,48,148944,MI,2020-10-23
4500,Benjamin,Thomas,44,145834,MI,2025-10-18
4501,Scott,Fernandez,23,187605,OK,2024-04-27
4502,Amy,Powell,56,31723,NE,2025-01-15
4503,Debra,Johnson,33,173482,WI,2017-12-24
4504,Shelly,Shelton,35,192467,ND,2021-11-03
4505,Jack,Graham,58,176158,AS,2018-06-22
4506,Todd,Bird,70,246334,CA,2024-09-13
4507,Shawn,Hernandez,31,42823,CT,2026-01-26
4508,Amber,Smith,29,68864,DE,2023-12-22
4509,Randall,Molina,21,201252,WV,2016-08-23
4510,Paul,Randall,40,39626,HI,2018-07-14
4511,Randy,Richardson,27,38501,WV,2026-01-13
4512,Anthony,Johnston,60,181543,FM,2024-08-11
4513,Heather,Bailey,71,188147,MI,2018-07-13
4514,Duane,Ruiz,37,116798,NH,2022-12-04
4515,Kari,Gonzalez,76,52990,WI,2019-07-10
4516,Michael,Barnes,21,58544,IN,2018-02-05
4517,Timothy,Ramirez,44,76726,NE,2021-12-05
4518,Nancy,Sanders,28,206184,SC,2022-12-01
4519,Kevin,Reed,36,190193,DC,2025-10-31
4520,Justin,Nielsen,60,211276,MO,2018-10-16
4521,Tracey,Cordova,62,185967,AR,2022-01-26
4522,Cory,Callahan,54,236387,PW,2021-06-18
4523,Linda,Carlson,53,76509,AK,2017-01-13
4524,James,Buchanan,79,149364,PR,2024-04-11
4525,Steven,Estrada,65,181772,OK,2026-05-20
4526,Francisco,Patterson,41,39395,MS,2018-01-09
4527,Erin,Martin,23,231460,NE,2018-08-27
4528,Angela,Rosales,37,114625,VT,2020-10-08
4529,Brandon,Price,41,129336,KS,2023-04-26
4530,Trevor,Pollard,70,47738,OK,2017-08-14
4531,Carla,Nguyen,66,142020,NV,2026-02-06
4532,Jean,Roberson,71,174302,OR,2022-08-02
4533,Nicole,Williams,22,106764,LA,2022-03-16
4534,Christine,Sharp,48,65270,TN,2019-03-19
4535,Edward,Hart,25,212090,HI,2024-05-05
4536,Jason,Morales,73,101937,TX,2023-07-27
4537,Samuel,Guzman,39,168163,WI,2017-07-19
4538,Angela,Scott,44,167532,RI,2023-10-14
4539,Samuel,Bryant,31,212407,VI,2024-03-29
4540,Megan,Harvey,31,190446,MP,2019-07-26
4541,Darryl,Cunningham,21,58652,NH,2024-03-03
4542,Jesus,Brooks,54,221293,MP,2020-12-29
4543,Taylor,Smith,80,194882,SC,2023-07-26
4544,Holly,Smith,51,52982,KS,2024-02-25
4545,Lindsay,Black,48,219811,WY,2022-10-26
4546,David,Lewis,62,188538,ND,2020-07-24
4547,Jessica,Huang,77,236617,AK,2017-07-22
4548,Jennifer,Washington,63,105284,CO,2022-05-11
4549,Hannah,Walters,45,189604,KY,2021-11-14
4550,Robert,Shea,72,112965,DE,2023-04-02
4551,Christian,Franklin,34,167728,SC,2020-01-10
4552,Kimberly,Salas,54,193379,DE,2016-10-04
4553,George,Simpson,40,64003,NM,2020-08-25
4554,Joseph,Koch,57,177491,TX,2018-10-04
4555,Jennifer,Jones,49,166237,UT,2016-06-26
4556,Robin,Gonzales,64,195637,PW,2024-10-11
4557,Claudia,Werner,49,159107,MN,2024-01-22
4558,Mark,Palmer,69,77161,GA,2020-04-01
4559,Margaret,Fitzpatrick,74,189752,NJ,2021-12-22
4560,Jasmine,Patterson,32,215751,WI,2022-02-24
4561,Stephanie,Brown,36,80739,OK,2017-07-01
4562,Glenn,Moore,18,60987,NC,2020-05-22
4563,Jessica,Sims,19,151866,VA,2019-01-14
4564,Oscar,Nguyen,58,238858,CO,2019-08-09
4565,Robin,Simon,25,223322,MD,2016-11-13
4566,Robin,Ellison,72,84350,MO,2021-11-28
4567,Kevin,Cox,69,191299,DC,2024-06-04
4568,Greg,Ross,44,138538,PR,2022-08-08
4569,Patricia,Wilkins,20,117501,MI,2016-10-01
4570,Robert,Hamilton,40,176909,IL,2018-11-14
4571,Jennifer,Jackson,69,197117,IN,2017-04-25
4572,Peter,Mercer,31,32961,WI,2018-06-16
4573,Judith,Lambert,58,82740,ME,2026-05-27
4574,Edward,Jacobs,62,103826,DE,2021-11-02
4575,Jason,Kaiser,34,237145,KY,2026-01-04
4576,Douglas,Lopez,22,110680,LA,2016-12-31
4577,Brandy,Pierce,37,162825,TN,2026-02-10
4578,David,Hayes,53,114914,CO,2022-03-04
4579,Jennifer,Compton,67,31607,MI,2021-04-05
4580,Wayne,Allen,25,209787,ID,2019-10-13
4581,Brian,Goodman,39,119485,CA,2024-01-07
4582,Joseph,Craig,43,219896,MT,2020-06-30
4583,Hector,Glenn,54,191478,HI,2020-04-19
4584,Cindy,Stewart,79,37632,ME,2021-05-04
4585,Carl,Castro,71,76040,NH,2023-04-24
4586,Anthony,Bradford,30,116642,AS,2024-06-03
4587,Rebecca,Gonzalez,71,118588,MH,2019-03-08
4588,Lauren,Hess,77,206284,WY,2017-04-26
4589,Cory,Boyle,48,154387,IA,2026-04-04
4590,Ashley,Jones,69,39321,DC,2016-06-14
4591,Lori,Jones,59,65587,WY,2024-03-09
4592,Becky,Young,48,70733,NM,2024-04-10
4593,John,Martin,58,150748,MP,2019-09-27
4594,Alicia,Adams,75,170762,NH,2019-06-02
4595,Kimberly,Moore,75,117846,VI,2022-11-08
4596,Carla,Simpson,47,235518,WY,2016-07-31
4597,Donald,Mcmahon,70,138515,NH,2022-08-09
4598,Mark,Chambers,77,224664,SD,2017-03-13
4599,Frank,Chaney,21,248917,NC,2025-04-07
4600,Keith,Garrett,51,108471,LA,2022-09-04
4601,Daniel,Odom,54,220045,SD,2024-05-11
4602,Christina,Weber,61,112707,KY,2016-12-19
4603,Jerry,Drake,53,170479,MS,2023-08-03
4604,Jennifer,Davis,19,84594,KS,2021-02-11
4605,Tonya,Cruz,54,209697,NV,2022-07-15
4606,John,Neal,39,239593,NV,2022-08-07
4607,Stacey,Gordon,76,238609,TN,2023-02-13
4608,Dennis,Lewis,40,47357,MN,2019-04-28
4609,Joan,Lopez,80,69139,CO,2022-04-17
4610,Angela,Roberson,35,38171,AZ,2017-12-02
4611,Richard,Santos,39,128367,MD,2020-11-02
4612,Susan,Gallegos,58,170056,WY,2025-08-07
4613,Phyllis,Davis,71,73507,VT,2020-09-09
4614,Shirley,Harvey,54,188777,NY,2023-10-17
4615,Mark,Barnes,42,79120,MH,2022-02-04
4616,Joshua,Crane,56,60630,AS,2023-08-03
4617,Barbara,Lozano,73,235086,AZ,2023-08-09
4618,Michael,Taylor,66,110814,LA,2025-03-26
4619,Sarah,Anderson,63,112444,NH,2025-03-25
4620,Gary,Clements,63,38291,NV,2018-06-09
4621,Ricky,Rodriguez,35,138493,NE,2025-06-21
4622,Christina,Hudson,23,160299,ND,2026-05-22
4623,Phillip,Williams,74,92296,FL,2024-12-24
4624,David,Atkinson,41,148464,ME,2019-01-29
4625,Courtney,Conner,71,109332,MP,2016-07-19
4626,Thomas,Howard,31,167651,LA,2023-10-27
4627,Kelly,Wright,37,75878,GA,2020-07-25
4628,Dana,Pitts,25,128098,CA,2016-12-03
4629,Michael,Butler,68,39802,CT,2023-12-12
4630,Nicole,Moore,67,82978,MD,2023-07-25
4631,Martin,Lopez,76,54275,WI,2018-06-21
4632,Kimberly,Allison,46,162643,VT,2022-02-01
4633,Joseph,Bell,19,239459,FM,2018-10-19
4634,Pamela,Rogers,48,161086,KY,2016-07-07
4635,Amanda,Arellano,27,79862,NM,2025-06-15
4636,Leonard,Cohen,39,156739,UT,2020-09-01
4637,Heather,Ross,64,167265,MA,2026-01-25
4638,Barbara,Smith,37,233301,WY,2023-05-09
4639,Thomas,Mack,38,67563,NV,2018-09-27
4640,Richard,Terry,67,55756,ND,2025-05-03
4641,Thomas,Ross,70,165304,NE,2018-10-22
4642,William,Martinez,61,64791,HI,2019-04-05
4643,John,Harrison,31,219941,DC,2022-01-18
4644,Michelle,Harris,20,150420,WY,2017-04-10
4645,Timothy,Brooks,42,217086,PR,2019-05-13
4646,Richard,Mcdonald,73,166929,NE,2020-02-27
4647,Jerry,Hayes,25,31077,LA,2024-07-09
4648,Joel,Lowe,37,41542,MI,2016-07-07
4649,Rodney,Walter,61,185788,NJ,2019-09-28
4650,Jason,Rowe,73,52826,AR,2018-04-17
4651,Angela,Bass,39,152388,PA,2022-08-29
4652,David,Espinoza,74,42095,TN,2017-06-01
4653,Eric,Powers,24,166466,MH,2022-02-21
4654,Stacey,Smith,67,202748,TX,2019-02-28
4655,Cynthia,Rogers,65,111914,GA,2018-07-23
4656,Melissa,Bell,19,181403,HI,2017-07-06
4657,Catherine,Gonzalez,66,111826,GA,2025-02-25
4658,Christopher,Murray,58,85009,MA,2016-10-07
4659,Sierra,Haynes,38,82574,DE,2025-11-07
4660,Rachel,Rivera,30,105121,CO,2022-09-04
4661,Kevin,Snow,35,169532,FL,2025-12-06
4662,David,Jones,38,232581,MD,2023-09-19
4663,Javier,Pugh,46,205931,NE,2017-02-05
4664,Timothy,Hill,25,101474,MD,2018-04-13
4665,Brett,Mays,27,71286,MT,2024-01-19
4666,Stephanie,Moore,35,60005,CA,2023-05-17
4667,Wendy,Davila,18,193301,NH,2018-07-10
4668,Elizabeth,Smith,53,164757,OH,2017-05-26
4669,Amy,Tran,24,84153,NJ,2016-09-19
4670,Nicole,Rice,52,121833,DE,2023-01-29
4671,Annette,Mason,53,113488,NV,2024-09-28
4672,Douglas,Armstrong,35,67108,MH,2025-02-16
4673,John,Reyes,78,214642,FL,2019-01-14
4674,Cynthia,Lee,69,104256,VT,2023-06-20
4675,Andrew,Taylor,54,94179,MN,2018-10-14
4676,Diane,Williams,28,48675,IA,2019-12-22
4677,Sean,Holder,37,190763,MN,2019-04-26
4678,Erik,Jones,75,118798,PA,2019-12-25
4679,Roger,Wolf,52,146299,WY,2017-02-28
4680,Rachael,Morris,21,64098,PA,2021-05-25
4681,Kathleen,Baker,19,153400,MS,2021-09-12
4682,Gregory,Ochoa,75,207077,NC,2023-07-20
4683,Gregory,Richardson,21,57768,KS,2022-01-25
4684,Rachel,Jones,42,44103,DC,2024-09-05
4685,Joshua,Johnson,23,141795,SC,2024-06-02
4686,Kelly,Robles,43,76919,PA,2020-06-20
4687,John,Salas,63,186269,FL,2020-09-06
4688,Rebecca,Phillips,75,185387,ME,2020-12-28
4689,Michael,Jackson,58,249198,VA,2025-04-11
4690,Richard,Savage,62,213334,MA,2022-06-03
4691,Kara,Mayo,46,191563,TX,2024-06-30
4692,Joseph,Davis,40,111904,VA,2022-04-14
4693,John,Tapia,39,244287,AZ,2017-07-08
4694,Misty,Dalton,30,216882,MD,2022-11-25
4695,Timothy,Brown,66,205864,AK,2022-05-02
4696,Paul,Owens,69,169849,UT,2018-08-10
4697,Jackie,Williams,23,228113,ND,2023-06-07
4698,Amanda,Bowers,66,152079,AZ,2017-10-05
4699,Lindsay,Barnes,54,64549,MN,2018-01-09
4700,Rachel,Bailey,23,243084,MD,2022-09-02
4701,John,Gonzales,69,213133,PW,2017-09-20
4702,Marie,Moore,47,55496,NE,2023-11-02
4703,Amy,Robinson,47,111367,TX,2017-12-26
4704,Tracey,Moore,61,198930,KY,2022-04-07
4705,Kirk,Mack,63,230931,MD,2021-11-02
4706,Zachary,Cherry,47,153350,NY,2016-11-05
4707,Monica,Jackson,32,88666,MI,2021-05-28
4708,Samantha,Jones,27,191727,PR,2026-05-25
4709,Kaylee,Garcia,34,125276,UT,2022-05-11
4710,Matthew,Anderson,43,78064,MP,2022-08-25
4711,Deborah,Barajas,62,204373,RI,2024-06-17
4712,Ashley,Griffith,39,236773,CO,2020-04-03
4713,Lance,Watson,73,115134,MP,2024-04-16
4714,Wendy,Johnson,47,157796,AS,2026-04-24
4715,James,Cantu,19,47135,MH,2023-06-23
4716,Lindsay,Cabrera,48,59592,FL,2018-05-08
4717,Jeremy,Sandoval,40,155475,KY,2021-10-21
4718,Carmen,Andrews,47,74774,MD,2017-07-13
4719,Shane,Peterson,36,231311,MD,2023-05-28
4720,Jeremiah,Farmer,40,188450,OK,2023-02-23
4721,Paula,Roberts,54,63395,NM,2022-08-01
4722,Taylor,Mclaughlin,50,56983,CO,2022-08-30
4723,Diane,Walton,43,244316,KS,2020-03-26
4724,Mary,Wiley,63,238865,TX,2019-11-30
4725,Mark,Brown,24,115424,WV,2018-06-18
4726,Michael,Woodward,53,200249,FM,2025-03-24
4727,Deborah,Newman,22,237731,CO,2022-10-15
4728,Curtis,Johnson,37,169656,MI,2017-03-02
4729,Sonia,Cooper,47,135071,MN,2016-10-15
4730,Jacob,Marshall,55,138381,MP,2021-06-14
4731,Jo,Rose,33,192758,FM,2025-06-13
4732,Mary,Johnson,33,173641,ID,2022-07-31
4733,Jennifer,Taylor,28,156451,NM,2018-06-23
4734,Jason,West,42,47317,NM,2019-04-06
4735,Amber,Wu,39,84588,KS,2016-11-10
4736,Glenn,Russell,70,211943,WA,2016-08-15
4737,Scott,Ferguson,55,143022,PW,2019-02-08
4738,Claudia,Webb,68,144125,TN,2025-08-24
4739,Kathryn,Stokes,54,236392,IN,2016-07-09
4740,Ashley,Clark,39,172744,MA,2024-05-07
4741,Kimberly,Page,62,91906,IL,2021-08-14
4742,Donald,Fernandez,29,203699,NH,2019-08-25
4743,Michelle,Boyd,60,50419,GU,2024-02-08
4744,Benjamin,Johnson,65,216622,RI,2025-11-27
4745,Ronald,Robinson,54,249348,KY,2021-06-27
4746,Lawrence,Johnson,49,59969,RI,2019-05-15
4747,David,Harrington,55,186257,AL,2017-05-06
4748,Daniel,Howard,47,115295,IA,2018-11-06
4749,Mark,Mcdonald,53,55599,NY,2023-02-07
4750,Barbara,Williams,70,146710,MT,2020-12-21
4751,Grant,Ross,29,110749,OR,2021-10-28
4752,David,French,79,136376,LA,2024-03-10
4753,Christian,Henderson,22,186830,OR,2016-11-17
4754,Daniel,Figueroa,24,209701,MP,2023-04-22
4755,Jennifer,Davis,70,186344,NC,2025-06-02
4756,Amy,Smith,67,244922,AZ,2021-05-07
4757,Linda,Gonzalez,42,115828,MI,2016-07-05
4758,Kenneth,Moody,49,199080,TN,2018-03-07
4759,Maria,Turner,60,46117,SC,2017-02-17
4760,Michael,Anderson,23,87045,MI,2017-07-13
4761,Calvin,Coleman,70,66416,IA,2025-07-31
4762,Edward,Cline,74,182244,MT,2018-10-07
4763,Sue,Washington,75,227915,IN,2022-05-27
4764,Ann,Hunter,58,242294,OK,2018-03-25
4765,Ashley,Hamilton,18,228463,WV,2025-02-22
4766,Vanessa,Norris,27,203246,WY,2017-01-18
4767,Aaron,Hill,27,148744,WY,2026-03-20
4768,Neil,Harris,52,106415,RI,2021-09-07
4769,Christina,Cross,42,191368,MA,2020-03-22
4770,Justin,Taylor,54,147220,NM,2021-12-20
4771,Maria,Simpson,30,83912,MD,2019-07-11
4772,Emily,Rivera,61,112994,NJ,2020-09-01
4773,Zachary,Peck,37,179494,OH,2023-05-24
4774,Eric,Hernandez,68,208142,ID,2022-06-04
4775,Megan,Austin,37,143961,SD,2019-01-19
4776,Molly,Bowers,63,120246,PR,2025-05-14
4777,Kelli,Scott,23,182758,ND,2021-08-25
4778,Justin,Morales,18,190298,PW,2021-11-25
4779,Kari,Smith,50,135957,TN,2023-08-25
4780,Fred,Pineda,72,63437,TX,2025-01-18
4781,Brian,Martinez,72,107118,AK,2018-01-28
4782,Matthew,Garcia,21,126789,KY,2024-04-03
4783,Emily,Padilla,75,173886,MO,2018-10-21
4784,Ashley,Barber,79,43927,NV,2020-03-02
4785,Nathan,Lane,18,214380,MA,2025-05-18
4786,Javier,Miller,53,245155,CA,2020-11-23
4787,Nicole,Perkins,80,124173,MS,2026-05-16
4788,Alexandra,Hodges,25,103979,PW,2018-01-31
4789,Amanda,Collins,73,38174,AR,2021-06-26
4790,Shannon,Davis,33,143171,MI,2016-10-06
4791,Meghan,Anderson,62,184707,CA,2024-07-15
4792,Bryan,Green,43,193896,DC,2024-07-07
4793,Ian,Duncan,38,216587,SC,2017-10-12
4794,Charles,Jefferson,42,136439,MH,2020-08-18
4795,Thomas,Booth,42,144082,NV,2019-08-24
4796,Amanda,Fisher,52,85369,VA,2024-05-31
4797,Elizabeth,Medina,60,75458,KS,2018-09-09
4798,Lisa,Thompson,48,66456,MI,2017-08-07
4799,Kathryn,Howard,30,175600,ME,2017-08-06
4800,Scott,Martin,42,124447,MT,2021-08-19
4801,Dana,Vazquez,71,139375,WY,2023-10-25
4802,Allison,Thomas,27,105620,KY,2017-06-13
4803,Andre,Levy,73,205653,CO,2018-11-13
4804,Stacey,Morales,26,65200,ID,2017-05-08
4805,Joshua,Smith,18,48807,AZ,2017-02-16
4806,Tiffany,Sanford,59,34117,MP,2026-01-21
4807,Sean,Simmons,27,219094,ND,2021-04-27
4808,Monica,Nelson,74,157585,VT,2023-04-11
4809,Benjamin,Stanton,60,144487,AS,2025-04-30
4810,Denise,Fleming,80,65592,NJ,2025-04-16
4811,Amanda,Foley,23,65971,NM,2017-01-07
4812,Frederick,Avila,59,241272,FL,2017-03-19
4813,Anne,Smith,44,149545,OK,2022-10-02
4814,Anna,Dennis,75,236812,DE,2022-04-08
4815,Jose,Smith,62,188447,TX,2021-03-02
4816,Katie,Nunez,77,141595,KS,2026-03-15
4817,Erica,Martinez,57,77132,MN,2021-12-25
4818,Denise,Brown,47,163540,CO,2021-07-23
4819,Sarah,Ellis,45,174716,VA,2024-04-04
4820,Kenneth,Glenn,70,147976,OK,2025-03-17
4821,John,Bishop,42,123141,TN,2018-05-24
4822,April,Carson,32,78704,GU,2016-09-08
4823,Laura,Hooper,45,188485,AL,2019-08-12
4824,Ashley,Wolfe,18,181503,MN,2023-04-16
4825,Eric,Lee,49,221604,NC,2018-03-05
4826,Jason,Schmidt,33,216680,MA,2018-01-16
4827,Natalie,Hancock,50,100582,OR,2023-06-03
4828,Miranda,Martinez,44,173174,DC,2024-02-02
4829,Travis,Williams,54,126198,ID,2022-02-11
4830,Mike,Reyes,20,39926,NJ,2023-05-21
4831,Crystal,Madden,54,156685,WA,2017-09-05
4832,Michelle,Gibson,63,126620,ND,2023-10-27
4833,Jeremy,Watkins,25,182113,VI,2024-07-09
4834,Norma,Jordan,48,211009,NV,2023-11-10
4835,James,Cordova,23,67247,NJ,2024-05-20
4836,Jennifer,Parsons,64,221704,NM,2018-10-24
4837,David,Dominguez,51,226760,VI,2024-01-18
4838,Robert,Hodge,67,103248,MA,2017-06-23
4839,Thomas,Martinez,47,165515,CO,2018-08-04
4840,Scott,Smith,23,167194,FL,2024-10-04
4841,Jeremy,Garcia,74,189926,UT,2024-01-02
4842,Nicole,Garza,23,94285,IN,2023-01-16
4843,Matthew,Harris,48,195324,LA,2018-03-22
4844,Valerie,Estrada,65,203994,GU,2026-02-05
4845,Elizabeth,Riddle,79,205300,NY,2017-04-09
4846,Kathryn,Long,22,209325,MS,2020-10-24
4847,Jacob,Page,58,171347,MN,2025-10-23
4848,Duane,Espinoza,69,181946,ND,2020-03-13
4849,Timothy,Case,37,190704,DC,2026-04-04
4850,Michelle,Cameron,21,120058,ND,2018-07-06
4851,Emily,Swanson,52,234086,LA,2018-12-25
4852,Ashley,Stephens,18,152911,KY,2018-07-05
4853,Zachary,Cox,47,164391,IL,2022-10-06
4854,Cynthia,Cooper,75,153006,OR,2017-11-04
4855,Cindy,Montes,54,222365,NE,2022-09-22
4856,Anthony,Palmer,39,140366,AL,2017-03-01
4857,Charles,Christian,40,239249,AL,2025-10-01
4858,Eugene,Washington,36,105814,MN,2016-11-23
4859,Gary,Diaz,28,39260,MH,2025-03-07
4860,Ryan,Hunter,62,186666,PR,2022-02-09
4861,Julia,Vargas,65,109710,AS,2024-12-12
4862,Robin,Stewart,64,235788,IN,2019-08-11
4863,Maria,Brown,54,98273,IL,2018-10-08
4864,Theresa,Ayala,21,194967,MD,2020-02-07
4865,Paul,Parker,48,181556,VI,2019-03-12
4866,Kimberly,Gonzalez,28,180171,DE,2021-03-24
4867,Pamela,Smith,21,202050,AZ,2022-09-30
4868,Pamela,Ramos,36,242047,WI,2025-03-06
4869,Jesse,Moon,65,193660,VA,2023-09-14
4870,Crystal,Blankenship,19,105187,MN,2022-05-08
4871,Diane,Reynolds,49,51629,MS,2024-11-04
4872,Nancy,Mcdonald,26,162538,WA,2025-04-14
4873,Michael,Burch,22,235458,IA,2026-03-27
4874,John,Richardson,35,96073,SC,2017-11-10
4875,Gregory,Haynes,26,191427,PW,2021-08-04
4876,Hunter,Brady,35,102146,ND,2025-02-07
4877,Mark,Bennett,72,97359,MI,2018-03-26
4878,Timothy,Garrett,18,224361,KY,2016-10-12
4879,Donald,Decker,25,188288,DE,2024-07-26
4880,Richard,Malone,29,185128,UT,2021-08-15
4881,Kayla,Gordon,65,69619,AR,2021-02-02
4882,Jeremy,Kirby,60,147087,KS,2023-01-04
4883,Melissa,Ellis,41,241770,RI,2022-05-14
4884,Christina,Adams,29,98485,GA,2017-06-05
4885,Laura,Beck,68,213703,RI,2019-01-04
4886,Jason,Anderson,33,157118,MO,2024-06-24
4887,Robert,Everett,29,239550,MH,2022-08-26
4888,Joseph,Santana,51,38674,WV,2021-12-14
4889,Alexandra,Garcia,39,52125,KY,2022-12-01
4890,Sarah,Reese,79,68029,HI,2017-08-15
4891,Kayla,Brown,56,245409,IL,2022-08-13
4892,Amanda,Vance,27,249575,WY,2021-08-10
4893,Mathew,Duncan,49,227331,SD,2026-03-14
4894,Veronica,Cole,44,231947,TX,2018-12-25
4895,Dawn,Patrick,42,92376,MP,2023-02-16
4896,Kelly,Turner,60,145391,KS,2026-03-13
4897,Amber,Patterson,64,197136,ID,2021-05-08
4898,David,Lawson,28,85274,WV,2025-09-13
4899,Jeremy,Nguyen,54,222508,PW,2019-05-25
4900,Stephanie,Robinson,71,120459,MP,2020-05-06
4901,Blake,Lee,21,198364,VA,2017-10-14
4902,Peter,Wise,34,228045,MA,2022-12-11
4903,Samuel,Salazar,70,60407,MT,2023-09-19
4904,Gabrielle,Harper,21,73935,MO,2017-09-14
4905,Joseph,Howard,47,134528,HI,2022-07-29
4906,Paul,Roberson,48,109001,HI,2020-09-11
4907,Richard,Thompson,48,225598,MT,2024-08-20
4908,Lauren,Miller,78,227244,PR,2023-05-18
4909,Lindsay,Byrd,77,169597,NM,2020-11-02
4910,Jerry,Gomez,32,129562,NJ,2021-06-13
4911,Brent,Mahoney,61,214970,FM,2018-01-26
4912,Elizabeth,Gallegos,42,154410,NY,2018-12-22
4913,Lauren,Sloan,34,68050,MD,2025-01-03
4914,Darryl,Hicks,51,143962,MI,2018-11-16
4915,Tracy,Flynn,18,105705,CO,2017-11-23
4916,Mark,Jones,77,239009,MS,2022-08-16
4917,Teresa,Montes,46,130140,CT,2017-02-06
4918,Robert,Jones,61,112755,FM,2019-07-04
4919,Jessica,Davis,79,169002,TN,2021-03-17
4920,Karen,Williams,61,40752,NM,2020-07-10
4921,Cheryl,Hill,24,169275,WY,2021-09-22
4922,Paul,Terry,58,122753,RI,2026-02-14
4923,Stacey,Baker,79,143190,NV,2021-02-27
4924,Henry,Hawkins,57,200935,RI,2018-04-14
4925,Jacob,Williams,72,101457,NM,2018-05-14
4926,Yolanda,Wheeler,39,100864,MH,2020-06-01
4927,Donna,Smith,35,240322,GU,2020-07-14
4928,Lauren,Johnson,24,96936,GU,2017-09-03
4929,Jennifer,Cruz,59,183138,ND,2025-12-27
4930,James,Mccormick,43,150876,AL,2020-04-30
4931,Louis,Parker,67,207023,IA,2020-11-04
4932,Patricia,Brown,65,93385,FL,2019-12-21
4933,Samantha,Morrison,64,206131,IA,2017-02-12
4934,Andrew,Chambers,55,231981,MN,2020-01-21
4935,Shelby,Taylor,30,166302,OH,2017-05-12
4936,Justin,Lee,39,207659,AK,2020-10-10
4937,William,Mays,62,77164,WV,2017-11-21
4938,Tammy,Lee,38,173553,ME,2020-01-15
4939,Tracy,Flores,18,206370,NH,2023-06-17
4940,Leslie,Harrison,18,248022,WY,2019-06-27
4941,Leslie,Christian,22,33135,MS,2018-02-11
4942,Bradley,Larsen,44,55611,NH,2020-12-19
4943,Holly,Mills,51,57238,NC,2025-03-05
4944,Bradley,Brandt,61,146901,TN,2019-03-19
4945,Kelly,Edwards,40,87518,FL,2017-04-21
4946,Margaret,Golden,64,104264,GA,2018-11-23
4947,Theresa,Watson,34,80614,GA,2025-02-26
4948,Eric,Johnson,20,36212,KS,2019-06-25
4949,Kim,Anderson,57,54101,LA,2024-08-07
4950,Timothy,Haney,21,185749,UT,2021-01-21
4951,Mary,Jenkins,60,249010,GU,2025-03-18
4952,Madison,Davis,31,187125,WY,2017-04-13
4953,John,King,58,61926,GU,2019-11-06
4954,James,Richardson,63,61451,DC,2017-06-11
4955,Mark,Snow,23,188514,AZ,2017-01-13
4956,Eric,Moore,26,128555,PR,2019-05-05
4957,Richard,Allen,60,230240,LA,2018-11-21
4958,Gregory,Johnson,75,199844,IL,2021-11-11
4959,Luke,Poole,54,240554,PA,2016-12-14
4960,Mary,Galloway,79,78435,NV,2023-10-11
4961,Sarah,Miller,75,59057,ME,2016-09-24
4962,Brent,Hill,62,78303,DE,2016-12-31
4963,Cory,Gonzales,34,107219,VT,2021-06-13
4964,Taylor,King,47,203140,KS,2022-07-17
4965,Matthew,Barron,77,49848,MO,2021-03-06
4966,Sean,Johnson,58,148867,AS,2024-04-14
4967,Louis,Watson,77,102452,AS,2022-02-08
4968,James,Blanchard,67,141931,IA,2016-06-24
4969,Tara,Wong,62,205001,DE,2025-06-03
4970,Susan,Silva,67,231882,MD,2016-09-29
4971,Molly,Mitchell,38,97459,FL,2017-08-18
4972,Heather,Abbott,28,234664,SD,2025-04-11
4973,Brandy,Vasquez,22,102689,GA,2024-01-15
4974,David,Sullivan,67,46354,NV,2020-08-07
4975,Elizabeth,Garcia,42,131866,AL,2019-01-21
4976,Jason,Blanchard,39,45744,WY,2017-10-04
4977,Gregory,Cunningham,34,243070,OR,2019-08-15
4978,Jeffrey,Mcfarland,34,76643,KY,2019-09-30
4979,Kaitlyn,Small,46,48192,PA,2025-12-09
4980,Tracy,Mora,49,82604,AL,2020-10-17
4981,Anna,Young,57,132926,MD,2021-11-20
4982,Jennifer,Love,29,199209,KS,2020-05-01
4983,Miranda,Schmidt,49,58424,ME,2019-02-16
4984,Lucas,Rodriguez,27,171723,AS,2019-08-09
4985,Alyssa,Guzman,67,143050,PW,2026-05-02
4986,Christina,Ferguson,31,190947,MO,2023-08-28
4987,Michael,Thompson,59,57852,WV,2023-11-24
4988,Justin,Nelson,76,145757,GA,2017-02-06
4989,Heather,Martinez,63,97894,HI,2020-02-01
4990,Lauren,Morris,24,39138,GA,2020-06-15
4991,Wendy,Williams,22,48458,NJ,2021-09-21
4992,Bruce,Foster,54,220721,LA,2021-06-08
4993,Tara,Acosta,34,233748,VA,2016-08-16
4994,Tina,Garcia,46,34919,DE,2016-11-30
4995,Mark,Everett,75,160469,CA,2022-05-07
4996,Rebecca,Edwards,27,201144,NY,2019-02-10
4997,Sarah,Phillips,58,30227,MS,2017-01-02
4998,Gregory,Barrett,77,39918,IA,2018-04-22
4999,Sara,Ruiz,60,132362,MT,2017-04-02
5000,Alec,Morgan,35,69742,MH,2016-12-21
5001,Patricia,Stewart,62,116463,VT,2025-12-13
5002,John,Evans,75,132584,GA,2025-04-28
5003,Dominique,Johnson,54,30970,DE,2017-09-24
5004,Shirley,Williams,50,215494,RI,2019-11-29
5005,Ricky,Elliott,78,232110,AL,2017-12-12
5006,Thomas,Hayes,49,155341,AR,2017-03-11
5007,Joseph,Howard,45,135883,NE,2017-12-09
5008,Cassandra,Smith,72,220779,WI,2022-04-23
5009,Joseph,Castillo,67,242933,HI,2019-12-18
5010,Vanessa,Christensen,68,48376,VA,2019-03-31
5011,James,Sanders,52,89204,AK,2019-12-21
5012,Kelly,Matthews,18,130774,FL,2018-01-30
5013,Kenneth,Rivas,79,210685,MH,2020-11-18
5014,Brenda,Fisher,70,234427,FM,2020-09-07
5015,Heather,Garcia,48,61772,DC,2023-06-17
5016,David,Patterson,54,170326,IA,2024-07-24
5017,Kenneth,Brown,77,124088,VT,2023-02-06
5018,Laura,Coleman,39,208739,HI,2019-06-29
5019,Daniel,Santiago,37,135018,AZ,2019-05-24
5020,Julie,Wilcox,21,195746,MN,2019-12-25
5021,Kevin,Greene,79,199626,DE,2020-06-10
5022,Joanne,Grimes,23,125775,MA,2022-07-16
5023,David,Andrews,52,119145,RI,2018-11-06
5024,John,Flores,23,150491,MO,2026-03-02
5025,Jeffery,Villarreal,66,230935,MA,2026-05-01
5026,Christopher,Ball,36,199814,MH,2018-08-25
5027,Michael,Stephenson,30,76299,MO,2021-04-13
5028,Tracy,Butler,53,40310,IL,2017-10-20
5029,Brett,Brown,79,130706,IA,2023-07-26
5030,Steven,Stone,60,80070,FL,2023-08-28
5031,Gary,Martin,37,212421,KS,2024-07-09
5032,Anthony,Dodson,42,57988,AS,2022-09-22
5033,Samantha,Lopez,58,210575,WV,2018-09-25
5034,Linda,Martinez,40,157533,NY,2016-07-31
5035,Emily,Bryant,23,195882,FL,2023-05-05
5036,Sara,Brown,46,222760,IA,2025-02-21
5037,Heidi,Jordan,30,66685,WI,2019-04-12
5038,Douglas,Tran,20,80618,OR,2021-09-06
5039,Kristin,Mendoza,19,218675,UT,2020-03-05
5040,Jonathan,Rios,55,92517,NV,2017-11-24
5041,Mackenzie,White,49,131913,ME,2023-08-19
5042,Robert,Fitzgerald,22,237811,KY,2022-05-10
5043,Julia,Mueller,52,198665,LA,2020-01-07
5044,Shelly,Christensen,37,160989,PR,2025-07-23
5045,Deborah,Preston,52,248693,OR,2019-04-07
5046,Caleb,Meyers,69,147783,SD,2024-10-05
5047,Amy,Murphy,79,34303,SD,2017-03-05
5048,Jeffrey,Hernandez,20,118941,IN,2023-03-12
5049,Lynn,Garcia,21,118530,NE,2026-01-24
5050,Brittney,Simmons,68,219008,KY,2021-04-29
5051,Michelle,Perry,20,136301,CO,2023-11-20
5052,David,Johnson,25,85490,PR,2020-05-24
5053,Kelly,Mendez,69,201402,NJ,2024-02-12
5054,Tami,Cox,60,167132,OR,2021-07-29
5055,Chad,Richmond,47,207754,VI,2025-05-25
5056,Yolanda,Jackson,73,170656,VI,2020-09-25
5057,Kevin,Ramos,27,224262,IA,2024-09-17
5058,Beth,Davis,55,91075,KY,2020-05-29
5059,Edward,Pierce,77,48883,CT,2026-05-09
5060,Wendy,Williams,20,222796,GU,2022-12-22
5061,Jessica,Gonzalez,27,158160,VT,2025-06-30
5062,Kimberly,Rojas,59,34997,SC,2025-02-03
5063,Leslie,Navarro,48,192102,NM,2017-01-24
5064,Victoria,King,20,93617,WV,2025-11-21
5065,Mike,Russell,62,200075,WA,2016-08-29
5066,John,Jimenez,26,33765,FM,2016-12-20
5067,Emily,Campbell,29,195848,IN,2025-09-28
5068,April,Fuller,21,110566,PR,2020-03-11
5069,Steve,Rodriguez,70,238062,NJ,2022-05-30
5070,Matthew,Rodriguez,24,149586,MI,2026-01-28
5071,Bryan,Jordan,57,74745,OH,2021-09-30
5072,Sherry,Howard,71,184938,IA,2022-11-28
5073,Heather,Reid,22,244381,AS,2022-12-08
5074,Scott,Vasquez,70,57874,DE,2016-08-06
5075,Christy,Farley,25,160323,MN,2024-10-10
5076,Cody,Ford,56,239498,ND,2021-03-21
5077,Teresa,Caldwell,57,87821,MO,2020-11-21
5078,Jose,Page,22,240882,DC,2024-06-01
5079,Cheryl,Randolph,30,141728,UT,2023-07-13
5080,Christopher,Butler,39,242735,IN,2018-05-03
5081,Taylor,May,71,223443,NH,2018-05-27
5082,Stacey,Mullins,61,135384,SC,2025-01-22
5083,Sarah,Murray,38,61667,PA,2024-02-15
5084,Kaitlyn,Jordan,80,209329,OK,2017-09-15
5085,Anthony,Parker,54,173100,TN,2023-01-07
5086,Joseph,Jordan,26,114302,PA,2016-11-17
5087,Christopher,Rice,71,237906,SC,2025-09-27
5088,Allen,Henderson,31,230337,MT,2019-07-24
5089,Lauren,Aguilar,20,185473,VT,2023-10-14
5090,Justin,Jones,29,117950,CA,2021-02-20
5091,Angela,Young,22,61652,UT,2025-08-19
5092,Jeremy,Ruiz,35,67024,HI,2019-10-29
5093,Anita,Baker,66,138830,PR,2016-09-30
5094,Philip,Wilcox,28,212529,IA,2021-01-07
5095,Roger,Hodges,41,175072,AZ,2020-06-11
5096,Michael,Gregory,28,144992,NJ,2018-06-14
5097,Bryan,Macdonald,33,182564,IL,2022-04-06
5098,Daniel,Clark,20,64962,HI,2019-06-08
5099,Chris,Weber,24,237369,WV,2017-09-24
5100,Bobby,Torres,72,195726,CO,2019-04-19
5101,Wendy,Watts,57,128600,NE,2017-06-07
5102,Taylor,Torres,67,71354,NY,2021-10-31
5103,Gary,Hubbard,19,157655,MD,2022-07-23
5104,Edward,Becker,23,31664,WV,2021-04-15
5105,Bradley,Hall,18,77032,WY,2025-01-21
5106,Dustin,Nichols,77,53367,AR,2018-02-03
5107,Alicia,Cowan,63,200853,NY,2023-04-04
5108,Diane,Smith,55,104378,GA,2021-11-23
5109,Julia,Blanchard,44,211797,VT,2018-03-04
5110,Sean,Becker,69,237681,VT,2022-04-20
5111,Diana,Hart,67,154783,DC,2021-06-19
5112,Kathleen,Gutierrez,62,63264,CT,2021-01-18
5113,Matthew,Chandler,31,67509,AZ,2018-08-20
5114,Richard,Gomez,58,101027,UT,2020-03-28
5115,Tiffany,Mathis,51,148074,AK,2019-06-09
5116,Kyle,Lawrence,44,92718,MO,2025-12-04
5117,Daniel,Tate,78,75756,NM,2018-01-14
5118,Christine,Brown,57,211318,UT,2025-07-04
5119,Benjamin,Ramos,20,186309,MO,2022-01-29
5120,Brooke,Rice,29,218009,WV,2017-07-15
5121,David,Snyder,49,190445,IA,2020-02-20
5122,Jessica,Osborn,78,53074,VA,2017-01-29
5123,Michael,Sullivan,58,246657,RI,2017-09-03
5124,Jared,Osborne,68,108957,PA,2017-12-15
5125,Kelly,Taylor,40,139782,NJ,2025-03-21
5126,Miguel,Lewis,18,176200,IN,2018-07-02
5127,Marc,Conley,33,80306,TX,2017-10-25
5128,Eduardo,Johnson,25,168988,LA,2026-05-14
5129,Danielle,Mcgee,80,55082,CT,2020-10-20
5130,Kayla,Winters,57,124870,WI,2017-06-18
5131,Joshua,Walker,73,229525,TN,2017-12-03
5132,Kathryn,Johnson,52,163048,MI,2018-08-25
5133,Jason,Mcpherson,32,151691,OR,2017-11-13
5134,Carol,Gordon,67,194223,GU,2023-10-10
5135,Tina,Bell,60,84554,DC,2021-03-01
5136,Amber,Sims,35,43911,KS,2024-12-01
5137,Betty,Martin,30,59538,WV,2023-09-19
5138,Dennis,Mcbride,68,69116,RI,2024-10-27
5139,Natasha,Wolf,61,154364,AS,2021-08-05
5140,David,Mason,49,76222,OK,2021-10-09
5141,Sean,Wells,28,205673,MP,2024-03-05
5142,Bobby,Pierce,77,41302,ND,2019-04-21
5143,Rachel,Blair,21,199046,HI,2016-07-19
5144,Heather,Gordon,41,104727,MH,2020-01-21
5145,Kevin,Williams,31,143946,WY,2022-10-02
5146,Steve,Hardy,34,117633,MN,2018-08-17
5147,Riley,Mcbride,57,241066,ND,2023-01-20
5148,Willie,Hart,74,228812,RI,2023-12-13
5149,Beth,Mckenzie,47,41355,OK,2019-03-05
5150,Melissa,Miller,24,224095,OR,2024-11-02
5151,James,Costa,21,170865,AS,2025-04-17
5152,Jessica,Schmidt,29,71430,IA,2017-05-26
5153,Lance,Mcgrath,68,37619,IN,2017-11-26
5154,Dana,Burgess,49,164978,CA,2019-05-08
5155,Donna,Gill,25,48575,UT,2016-11-08
5156,Alexis,Greene,75,91682,DE,2023-12-20
5157,Joshua,Bailey,64,146607,WA,2018-07-09
5158,Dan,Padilla,55,181981,AZ,2022-12-26
5159,Kimberly,Miller,38,139855,HI,2018-10-06
5160,Michelle,Barber,30,225844,RI,2021-10-01
5161,Stephen,Melton,61,115376,TN,2021-08-07
5162,Kenneth,Smith,32,234203,MS,2017-03-19
5163,Melissa,Morris,25,115493,MH,2025-12-05
5164,Darren,Grimes,32,55706,NJ,2018-07-25
5165,Alexander,Miller,33,223396,HI,2023-01-14
5166,Richard,Rocha,44,82417,PW,2023-04-08
5167,Lori,Dean,42,87845,ND,2022-09-22
5168,Carolyn,Keller,22,153467,VA,2017-10-27
5169,Autumn,Kim,55,156984,NC,2019-03-08
5170,Eric,Scott,21,144259,DE,2018-08-18
5171,Heather,Miller,27,86666,MS,2018-01-08
5172,Tamara,Clark,77,189759,AK,2020-06-19
5173,Holly,Weber,47,76677,MO,2024-09-13
5174,Isaiah,Hoffman,42,127906,TN,2018-12-17
5175,Adam,Glass,26,149993,NV,2022-08-02
5176,Melanie,Jones,64,80896,CT,2023-08-28
5177,David,Briggs,58,124002,VT,2019-08-23
5178,Erika,Oneal,80,100698,HI,2021-11-23
5179,Ryan,Holt,30,118051,SD,2019-09-16
5180,Kevin,Fitzgerald,26,38413,GA,2022-04-27
5181,Eric,Miller,62,179072,SD,2018-04-28
5182,Angela,Howell,21,103558,MH,2020-04-23
5183,Patricia,Green,26,59126,SD,2023-08-24
5184,Emily,Ferguson,72,152037,NY,2023-03-13
5185,Amy,Berry,47,139634,SD,2022-11-29
5186,Thomas,Hays,28,229318,MO,2025-09-07
5187,Jamie,Willis,39,87633,AS,2017-08-02
5188,Emily,Taylor,74,107374,NC,2017-11-21
5189,Gina,Austin,56,71101,IN,2021-11-29
5190,Matthew,Simmons,68,238290,AZ,2021-05-04
5191,David,Lucas,58,190308,NM,2020-07-28
5192,Vickie,Carrillo,75,74547,MA,2022-12-15
5193,Leslie,Schneider,54,174901,PW,2019-03-24
5194,Tyler,Snyder,72,90215,NV,2016-09-03
5195,Margaret,Baldwin,23,137923,NJ,2021-12-15
5196,Sean,Clark,72,166778,MT,2017-08-10
5197,Carolyn,Herrera,49,86739,SD,2022-08-16
5198,Vincent,Gomez,55,154122,TN,2019-07-21
5199,Ryan,Mitchell,71,151310,KS,2019-10-06
5200,Brian,Wallace,35,33802,NV,2017-11-01
5201,Adrian,Hill,64,142226,NJ,2022-05-31
5202,Brian,Oconnor,65,94658,WI,2020-04-15
5203,Kaitlyn,Foster,33,115798,FL,2022-12-03
5204,Michael,Christensen,45,181903,OH,2022-05-23
5205,Devin,Davenport,32,185129,NH,2017-01-07
5206,Ricardo,Perkins,78,69051,LA,2018-05-30
5207,Jared,Maynard,76,180392,MS,2021-04-04
5208,Gary,Ramsey,75,31331,IN,2023-11-10
5209,Ann,Hart,44,41593,AK,2018-09-23
5210,Dustin,Cantrell,20,153378,VI,2017-11-21
5211,David,Bates,64,231485,WY,2025-07-30
5212,Courtney,Kelly,50,38813,RI,2018-04-29
5213,Brian,Smith,45,169230,OK,2022-05-20
5214,Cynthia,Myers,43,155637,LA,2025-02-08
5215,Brittany,Fisher,69,239195,KS,2018-09-12
5216,Amber,Turner,62,245296,WA,2026-04-11
5217,Kenneth,Parsons,24,148604,NH,2017-06-03
5218,Nancy,Williams,49,93048,CA,2023-10-22
5219,Katherine,Gill,23,176404,DC,2021-02-24
5220,William,Blair,66,33256,IA,2021-08-14
5221,Emily,Ware,62,221833,GU,2024-02-07
5222,Matthew,Gonzalez,44,87149,KY,2018-12-28
5223,Brandon,Grant,26,123953,FL,2020-12-09
5224,Colleen,Wilkins,36,92668,PW,2018-09-12
5225,Craig,Neal,59,53784,KS,2020-11-14
5226,Matthew,Jones,19,155772,IA,2025-12-30
5227,Seth,Johnson,60,109911,MO,2023-09-25
5228,Cynthia,Graves,28,214367,AK,2018-07-01
5229,Kim,Griffith,47,179521,CO,2019-03-24
5230,Rebecca,Green,65,183002,SD,2019-02-02
5231,Melissa,Keith,19,149233,OH,2024-05-17
5232,Russell,Booth,47,232331,AS,2024-12-31
5233,Phyllis,Salazar,26,214322,GA,2016-11-15
5234,Shawn,Perez,43,78482,PW,2017-11-22
5235,Matthew,Bass,68,127103,NE,2020-01-21
5236,Jennifer,Lawrence,58,151712,MI,2020-07-15
5237,Janet,Larsen,63,196042,PA,2023-06-05
5238,Steve,Macias,18,194444,WY,2021-10-02
5239,Kathryn,Mcdaniel,22,130893,IN,2018-04-03
5240,Antonio,Castro,75,211076,MS,2018-07-11
5241,Thomas,Howard,39,169177,NE,2024-05-24
5242,Elizabeth,Delgado,20,107749,IL,2026-06-01
5243,Heather,Johnson,45,227365,KY,2024-02-17
5244,Emma,Meyers,35,212990,AZ,2020-02-14
5245,Joel,Caldwell,78,190563,OH,2022-07-09
5246,Kathleen,Williams,52,180792,MH,2022-04-30
5247,Aaron,Fowler,68,84302,MP,2026-05-04
5248,Maureen,Thomas,68,209480,MD,2024-05-12
5249,Cheryl,Owens,23,192648,SC,2024-03-02
5250,Lucas,Miller,74,118000,KS,2018-09-10
5251,Anthony,Knight,65,44368,VI,2024-07-04
5252,Robert,Clark,50,206856,MD,2017-01-05
5253,James,Wagner,41,43516,TN,2020-01-19
5254,Julie,Douglas,25,130389,FL,2023-12-12
5255,Heidi,Williams,41,151989,OK,2023-03-25
5256,Joshua,Sullivan,57,40714,AR,2026-01-02
5257,Diane,Cox,41,126058,NM,2019-12-12
5258,Stephen,Moore,29,199914,WI,2024-10-12
5259,Paul,Long,53,214778,ME,2024-10-26
5260,Michael,Mclaughlin,22,176999,LA,2017-04-24
5261,Kelly,Li,63,232788,PW,2017-05-23
5262,Cory,Brown,31,66282,AS,2025-04-09
5263,Haley,Murphy,80,117799,HI,2019-01-05
5264,Edward,Odonnell,33,171461,TN,2025-09-05
5265,Amber,Potts,25,200141,NC,2020-01-21
5266,Michael,Brown,48,223299,WY,2019-03-26
5267,Miguel,Miller,78,227204,GA,2018-07-10
5268,Laura,Hernandez,55,214246,MN,2019-05-26
5269,Lonnie,Ortega,31,227439,MS,2022-06-13
5270,Rebecca,Fisher,65,229461,DC,2022-10-11
5271,Ricky,Campbell,32,114007,NH,2025-02-17
5272,Daniel,Wiley,40,100086,IN,2021-04-27
5273,Nicholas,Collins,50,208317,GU,2021-06-06
5274,Amy,Flores,45,102651,PW,2023-04-01
5275,Mark,Perry,21,46611,AZ,2024-10-25
5276,Ryan,Cummings,41,120499,MS,2024-01-15
5277,Linda,Parker,46,157461,NM,2020-08-27
5278,Casey,Wilson,50,168066,ND,2021-10-06
5279,Patricia,Thornton,71,62167,MI,2019-09-26
5280,Michael,Douglas,48,216076,WA,2016-11-29
5281,Mark,Luna,52,207814,TN,2023-03-08
5282,Robert,Cardenas,70,169684,VT,2024-05-13
5283,Jeanette,Jordan,75,106615,GA,2018-03-20
5284,Laura,Anderson,46,192778,NJ,2020-01-13
5285,Rachel,Frank,41,239689,MA,2025-12-27
5286,Matthew,Wilson,61,211724,DC,2019-11-24
5287,Sherry,Ortiz,69,47203,DC,2025-12-22
5288,Jennifer,Whitaker,30,150028,IL,2024-08-12
5289,Jerry,Shelton,23,51016,IL,2018-04-01
5290,Benjamin,Vang,43,76874,AK,2025-09-20
5291,Patricia,Adams,36,50171,MH,2021-04-20
5292,Bruce,Mccoy,24,73192,WI,2024-10-17
5293,Travis,Robinson,35,59366,VA,2023-10-17
5294,Stephanie,Munoz,62,68785,NJ,2026-03-30
5295,Megan,Mercado,49,69452,PA,2024-07-12
5296,Amber,Robinson,73,83544,AS,2022-06-10
5297,David,Wagner,51,194436,RI,2025-04-08
5298,Thomas,Carr,19,106852,FL,2016-07-11
5299,Madison,Drake,44,208887,MT,2017-11-01
5300,Rachel,Moore,52,64610,TN,2017-04-05
5301,Daniel,Craig,48,120885,NM,2022-03-02
5302,Gary,Fitzgerald,44,146355,LA,2020-12-31
5303,Rebecca,Pierce,65,199000,ID,2022-02-23
5304,Ronald,Spencer,19,106419,FM,2017-12-08
5305,Anne,Ray,30,46501,AR,2020-04-15
5306,Grace,Conrad,19,240236,LA,2022-05-27
5307,Danny,Hancock,32,248876,DC,2016-06-24
5308,Mark,Brown,78,166215,PW,2019-11-19
5309,Beverly,Booth,59,118048,ID,2020-03-24
5310,Joseph,Williams,44,181703,MP,2020-05-20
5311,Morgan,Griffin,39,201903,WV,2024-09-08
5312,Jennifer,Mercer,59,236261,MS,2021-02-08
5313,Blake,Dunn,38,157440,TN,2016-06-24
5314,Jared,Butler,55,204549,WI,2022-06-12
5315,Leah,Hunter,62,168979,NJ,2018-11-27
5316,William,Maldonado,71,173777,NH,2016-10-09
5317,Justin,Thomas,46,150063,NM,2019-10-25
5318,John,Campbell,37,178701,VT,2024-06-27
5319,Michael,Wiggins,26,236922,GU,2025-05-28
5320,Eric,Anthony,37,75019,NH,2021-12-09
5321,Stephen,Armstrong,68,98159,VT,2024-05-25
5322,Alicia,Wright,32,156941,LA,2019-06-07
5323,John,Carter,41,105535,AR,2018-04-16
5324,Jeffrey,Reynolds,67,42404,KS,2021-07-01
5325,Matthew,Mack,27,122568,FM,2019-08-31
5326,Stacey,Miller,36,149518,TN,2022-08-07
5327,Steven,Rivas,79,73611,MH,2025-06-18
5328,Michelle,Hardy,57,72150,KS,2016-08-22
5329,Ivan,Mccoy,63,170330,FL,2024-06-10
5330,Stephen,Brown,36,77783,PA,2018-08-18
5331,Thomas,Blake,80,75969,SD,2024-08-01
5332,John,Moses,71,215627,AL,2023-06-15
5333,Ricky,Lin,62,204681,WY,2026-03-16
5334,Jennifer,Baird,68,70235,DC,2018-02-05
5335,Dawn,English,28,92365,OK,2021-07-01
5336,Stephanie,Garcia,25,40787,OH,2025-11-26
5337,Rebecca,Hall,38,180608,NV,2018-06-06
5338,Brian,Rogers,26,145576,CO,2021-03-24
5339,Kevin,Clark,34,126907,OH,2017-07-14
5340,Cameron,Cole,29,83780,IA,2018-02-04
5341,Wendy,Wilson,53,215371,IL,2025-09-26
5342,Dana,King,20,204470,AR,2022-06-21
5343,Suzanne,Burnett,38,120137,MA,2017-08-07
5344,Jacob,Estrada,27,127757,CT,2023-10-16
5345,Rebecca,Thomas,46,171522,HI,2024-07-01
5346,Katherine,Stevenson,80,72623,AL,2023-05-19
5347,Nancy,Fowler,52,109052,ME,2024-05-17
5348,Sergio,Smith,25,36533,ND,2016-12-01
5349,Kathleen,Gomez,43,160919,ND,2025-01-16
5350,Mallory,Walsh,67,68111,AS,2019-08-12
5351,Christopher,Kline,78,150072,AK,2025-01-19
5352,Robin,Rivera,77,113943,LA,2018-12-19
5353,Jaclyn,Sweeney,27,31125,NC,2018-07-11
5354,Amanda,Phelps,80,223592,MD,2025-08-22
5355,Randy,Baker,52,163014,AZ,2018-03-30
5356,Alvin,Henry,39,199671,LA,2025-05-05
5357,Kristen,Simpson,63,107478,FL,2024-10-01
5358,Diana,Thompson,48,105976,DC,2023-10-18
5359,Scott,Spears,80,227698,ND,2021-11-06
5360,Steve,Boyd,80,180399,CT,2020-07-23
5361,Rebecca,Palmer,60,68557,KY,2019-09-01
5362,Sarah,Vargas,69,178172,CT,2023-01-26
5363,Angela,Castaneda,64,145895,VT,2022-12-30
5364,Sonya,Williams,39,210655,UT,2017-03-25
5365,John,Reyes,25,221795,RI,2021-02-01
5366,Ryan,Jones,48,40506,MP,2019-03-01
5367,Lisa,Bridges,26,207735,IN,2019-12-02
5368,Douglas,Williamson,53,60638,AZ,2017-01-22
5369,Omar,Cobb,37,36500,NM,2022-08-29
5370,Jennifer,Novak,43,191879,NY,2022-12-15
5371,Nicole,Webb,71,87767,NE,2024-12-16
5372,Alyssa,Case,46,123688,CT,2026-03-16
5373,William,Conley,23,115555,MO,2017-11-27
5374,John,Alvarado,21,189423,PR,2024-01-02
5375,Michael,Brown,59,81157,GA,2022-06-05
5376,Michael,Scott,55,168001,FM,2022-11-29
5377,Jesus,Olson,32,234808,ID,2024-12-13
5378,Ryan,Fleming,77,231089,MO,2025-08-23
5379,Pamela,Garcia,35,81305,MS,2024-03-19
5380,Monica,Porter,19,51912,PR,2020-07-14
5381,Mary,Steele,52,146774,PW,2019-02-12
5382,Martin,Roy,61,206044,CA,2018-09-02
5383,Gabriela,Torres,79,52905,AS,2022-08-18
5384,Sara,Clay,80,164162,HI,2019-02-26
5385,Mallory,Short,43,80973,NJ,2019-04-27
5386,Angela,Stone,49,113298,DE,2022-10-02
5387,Shelley,Newman,56,188617,ME,2026-04-05
5388,Cory,Patterson,50,44692,AZ,2023-10-28
5389,Tiffany,Fletcher,76,204788,AZ,2023-06-01
5390,Anne,Cox,41,134217,VT,2023-10-21
5391,Ryan,Mora,27,217685,VT,2019-09-21
5392,Andrew,Black,72,142103,NJ,2017-07-26
5393,Melissa,Ferguson,41,131217,MI,2018-10-13
5394,William,Chen,41,33195,OK,2024-12-12
5395,Elizabeth,Anderson,36,120418,DE,2020-05-21
5396,Sarah,Moore,40,110762,MH,2019-07-27
5397,Michael,Johnson,80,146805,IL,2021-02-19
5398,Christina,Peterson,73,177071,MI,2020-04-25
5399,Kelly,Trevino,23,86543,TX,2017-04-29
5400,Emily,Thompson,64,146449,ID,2023-12-14
5401,Sarah,Roberts,65,138949,MO,2023-06-23
5402,Stephanie,Perkins,69,145999,OK,2017-11-15
5403,Tyler,Allen,36,72936,NE,2020-09-14
5404,Tony,Cox,69,220841,NH,2018-04-24
5405,Diana,Evans,80,141105,FL,2025-05-15
5406,Steven,Sims,64,138578,ME,2018-12-29
5407,Robert,Guerrero,26,249024,VA,2023-03-10
5408,Haley,Freeman,55,186745,PR,2025-11-02
5409,David,Williams,23,67654,NJ,2018-03-12
5410,Michael,Carlson,31,109490,DC,2022-08-24
5411,Scott,Norris,48,167704,MO,2022-04-28
5412,James,Hall,39,47331,NV,2016-08-31
5413,Christopher,Santiago,77,184842,PW,2022-01-25
5414,Joshua,Shelton,66,128506,NY,2025-04-18
5415,Kathy,Massey,23,31735,MN,2021-05-28
5416,John,Jimenez,44,197459,GU,2019-09-22
5417,Elizabeth,Kaufman,76,101651,NE,2017-07-09
5418,Erin,Cook,44,75847,SC,2023-07-12
5419,Gregory,Brown,53,151141,AL,2020-08-08
5420,David,Lee,63,178875,MA,2023-03-21
5421,David,Dominguez,66,65894,LA,2022-10-28
5422,Kendra,Owen,30,78760,GU,2025-05-03
5423,Felicia,Armstrong,71,130078,NJ,2025-05-11
5424,Gina,Bender,36,175192,KY,2024-02-16
5425,Christopher,Williams,49,41071,AS,2023-09-16
5426,Sandra,Kramer,70,246596,FM,2018-07-05
5427,Christine,Farrell,37,248781,NE,2019-05-01
5428,Monica,Henry,55,109669,MS,2022-08-06
5429,Gary,Wallace,49,176612,OR,2016-12-27
5430,Patricia,Douglas,65,151491,NC,2019-11-15
5431,Samantha,Hunt,32,37035,NY,2017-09-22
5432,Carrie,Johns,68,30641,MO,2025-09-19
5433,Michelle,Cole,27,98859,GU,2026-04-13
5434,Laura,Leonard,37,197917,MD,2020-04-03
5435,David,Peterson,71,196870,MN,2023-07-11
5436,Holly,Hickman,48,62552,KY,2024-12-17
5437,Anita,Gilbert,59,204565,ID,2026-04-04
5438,Jennifer,Thompson,75,105415,UT,2018-05-14
5439,Zachary,Russo,44,77021,WA,2025-03-25
5440,Jennifer,Rose,49,210313,FM,2024-11-23
5441,Laura,Adams,59,94159,AK,2018-11-01
5442,Marc,Holder,19,61288,WA,2021-10-05
5443,Joe,Pearson,66,102670,KY,2023-07-04
5444,Pamela,Wright,49,47491,KY,2026-01-08
5445,Matthew,Huffman,56,225445,MN,2021-06-17
5446,Joshua,Ortiz,41,182322,PR,2025-08-02
5447,Victor,Reyes,48,178261,OK,2024-03-02
5448,Christy,Howell,45,97609,ND,2018-02-23
5449,Shane,Mcdonald,58,209807,ND,2017-03-03
5450,Christopher,Brown,48,211992,ID,2023-03-25
5451,Amanda,Morgan,70,61348,MN,2025-09-15
5452,Kelsey,White,41,164355,TX,2023-10-18
5453,Tami,Krueger,64,180801,AL,2024-04-02
5454,Wayne,Nicholson,19,98036,MI,2021-03-28
5455,Phillip,Marsh,28,182477,OH,2018-04-23
5456,Marilyn,Rollins,21,68308,RI,2023-02-18
5457,Toni,Thompson,38,150859,GA,2019-04-20
5458,Jose,Callahan,74,211739,HI,2024-02-10
5459,Jaime,English,26,123686,UT,2021-10-09
5460,Dennis,Hale,28,43864,MI,2023-02-15
5461,Caleb,Johnson,35,124676,MD,2024-08-12
5462,Michael,Wilson,44,196788,CO,2023-04-28
5463,Larry,Eaton,76,123319,PW,2022-05-20
5464,Joe,Meyer,21,105984,DC,2024-08-19
5465,Brian,Allen,36,168834,ME,2025-03-18
5466,Ryan,Baker,58,50139,WI,2018-05-29
5467,Andrew,Foster,50,80807,FM,2017-08-16
5468,Laura,Sparks,67,194634,VA,2019-10-29
5469,Samantha,Scott,29,230458,PR,2016-07-08
5470,Nicholas,Higgins,24,186961,MT,2020-07-24
5471,Matthew,Brown,66,73813,MS,2020-10-09
5472,Tina,Peterson,52,114569,ND,2023-09-23
5473,Anthony,Thompson,73,112892,WI,2022-01-19
5474,Jacqueline,Peters,70,209560,AR,2025-11-03
5475,Jennifer,Moore,69,108924,VT,2017-12-22
5476,Rachel,Gray,35,209684,GA,2018-02-06
5477,Jason,Reyes,62,210445,HI,2022-12-26
5478,Melody,Lopez,41,55122,DC,2025-03-18
5479,Brianna,Gutierrez,52,182055,PA,2022-07-26
5480,Kenneth,Abbott,40,245827,OH,2022-08-30
5481,Lisa,Cunningham,27,33381,ID,2021-04-27
5482,Dana,Matthews,26,165835,KS,2022-10-26
5483,Daniel,Soto,36,127783,WV,2023-04-23
5484,Jennifer,Jenkins,67,157113,GU,2019-08-04
5485,Crystal,Johnson,44,119211,SD,2019-10-02
5486,Victor,Adams,76,72737,TX,2016-10-14
5487,Mary,Carrillo,24,87114,DC,2016-12-27
5488,Sandra,Mcclure,27,161958,WA,2018-05-11
5489,Nicholas,Sanchez,32,247992,PR,2018-08-30
5490,Brenda,Hall,30,238432,IL,2023-12-02
5491,John,Ortiz,75,176448,MT,2018-01-20
5492,Anne,Simon,57,210788,NJ,2025-02-27
5493,Joel,Wright,71,167796,AS,2022-05-25
5494,Anthony,Johnson,72,169485,VA,2025-02-23
5495,Sharon,Lopez,63,174470,NV,2016-12-31
5496,Judy,Hubbard,62,228261,CA,2018-09-25
5497,Marco,Macdonald,69,59875,NJ,2025-11-17
5498,Tony,Palmer,44,150715,TN,2024-01-07
5499,Brooke,Dixon,76,50027,OH,2019-09-24
5500,Erin,Matthews,25,244655,KY,2023-08-13
5501,Tonya,Mills,26,34555,MH,2024-10-02
5502,Robert,Ford,48,121281,VI,2018-06-05
5503,Tina,Thompson,37,211154,CO,2023-03-03
5504,Casey,Vazquez,41,66441,OH,2017-04-21
5505,William,Marshall,70,145851,OH,2021-03-10
5506,Julie,Zamora,74,186670,IL,2026-04-10
5507,Brian,Calhoun,51,230170,IL,2022-12-22
5508,Cory,Kane,80,119665,IN,2021-06-22
5509,Mark,Parrish,29,216094,KY,2021-10-18
5510,Robin,Escobar,37,37539,MO,2019-08-15
5511,Tracy,Bryan,65,243535,MD,2022-12-09
5512,Matthew,Mendoza,25,88289,NH,2017-04-12
5513,Carolyn,Hernandez,26,211991,MS,2023-06-10
5514,Wendy,Salas,27,210367,NC,2025-01-28
5515,Tyler,Greene,32,110590,NM,2023-09-08
5516,Jose,Vazquez,26,85008,OK,2016-08-12
5517,Michael,Knight,26,50605,AR,2023-08-07
5518,William,Murphy,45,211093,IA,2021-09-24
5519,Makayla,Hernandez,66,235528,WY,2017-05-11
5520,Darin,Greer,25,50377,OH,2019-05-15
5521,Krista,Frazier,19,233080,MN,2018-06-05
5522,Jennifer,Johnson,48,228530,FM,2023-10-27
5523,Veronica,Peters,45,41145,AK,2023-11-01
5524,Anna,Larsen,30,58263,CO,2022-07-31
5525,Mark,Young,20,237894,AK,2022-01-04
5526,Shannon,Robinson,60,164605,MA,2026-01-22
5527,Jeff,Bernard,55,45536,SD,2019-05-17
5528,Kylie,Whitehead,48,61174,MO,2022-12-01
5529,Lisa,Morrow,76,96325,MP,2019-01-24
5530,Tanya,Collins,20,47366,TN,2022-07-30
5531,Richard,Owen,37,205003,ND,2020-12-30
5532,Rachel,Kim,18,227800,LA,2025-05-22
5533,Joshua,Cisneros,24,235093,MH,2022-09-21
5534,Samuel,Walker,25,187756,VT,2017-06-03
5535,Diana,Sandoval,31,184036,AL,2020-03-28
5536,Andrea,Everett,75,82435,MD,2019-10-03
5537,Daniel,Mcconnell,29,205793,GA,2017-06-08
5538,Megan,Moran,40,37670,WV,2019-05-14
5539,Joy,Juarez,23,68156,VI,2016-06-30
5540,Sean,Smith,72,225611,IL,2025-08-02
5541,Julie,Wong,78,102712,SD,2019-07-17
5542,Donald,Mcintosh,78,181978,NV,2022-10-13
5543,Darius,Holden,40,122327,AZ,2021-06-15
5544,Joseph,Ewing,28,161238,FL,2022-03-06
5545,Christine,Greer,67,220986,FM,2022-03-08
5546,Mary,Collins,57,93392,AR,2025-06-22
5547,Heather,Leonard,50,179483,WY,2023-01-25
5548,Thomas,Carter,22,55979,HI,2024-11-14
5549,Claudia,Hill,70,181554,MS,2018-04-02
5550,Patricia,Smith,66,33665,PA,2016-09-24
5551,Teresa,Tapia,51,86884,MO,2017-02-20
5552,Holly,Juarez,63,80213,TX,2020-02-23
5553,Dana,Hansen,79,103887,SD,2025-01-13
5554,Krista,Moreno,28,227661,SD,2018-04-06
5555,David,Brown,52,31134,MD,2022-03-31
5556,Sandra,Oneal,80,220145,MO,2018-02-18
5557,Cody,Gallegos,24,86102,NH,2016-07-05
5558,Erica,Holder,76,162171,AR,2024-12-26
5559,Anthony,Mccarthy,72,215534,GA,2018-01-24
5560,Timothy,Beck,48,126066,ND,2018-09-16
5561,Brendan,Garrett,62,184502,NC,2021-02-19
5562,Andrea,Crawford,29,145255,TN,2021-04-21
5563,Jennifer,Martinez,61,58134,GA,2021-05-21
5564,Bethany,Dixon,29,248822,HI,2016-06-18
5565,Ralph,Wu,40,129513,LA,2019-08-18
5566,Dominic,Moran,45,86170,MH,2021-11-04
5567,Joshua,Smith,50,89651,NV,2023-01-25
5568,Jasmine,Beltran,44,59581,MH,2023-06-10
5569,Megan,Martin,66,112386,IN,2020-01-27
5570,Thomas,Carrillo,25,152133,PR,2018-11-14
5571,Gary,Baker,25,166243,SD,2025-02-21
5572,Cynthia,Guerrero,26,159975,MO,2022-10-09
5573,Breanna,Sullivan,66,124699,MO,2018-11-03
5574,Elizabeth,Guerrero,63,105568,OR,2018-07-03
5575,Anthony,Nichols,53,219303,KY,2025-11-21
5576,Jonathan,Johnson,20,51560,AR,2016-08-20
5577,Emily,Wong,38,159423,FL,2016-10-26
5578,Robert,Moore,25,130868,NY,2025-10-16
5579,Michael,Leonard,36,149785,NY,2017-12-25
5580,Anthony,Blair,56,222983,NC,2019-09-17
5581,Bryan,Wright,37,210105,NM,2023-06-28
5582,Brooke,Ewing,80,146380,ND,2026-03-11
5583,Kenneth,Herman,32,175205,MO,2019-04-12
5584,Daniel,Brooks,44,106176,WI,2020-03-19
5585,William,Avila,72,142187,MT,2026-03-10
5586,Kirk,Jacobs,30,48247,DE,2018-03-26
5587,Matthew,Herrera,75,240353,OH,2021-04-15
5588,Virginia,Jimenez,48,208030,OH,2021-07-25
5589,Robert,Boyd,41,77001,ID,2022-05-26
5590,Diane,Lowe,18,206726,RI,2020-11-17
5591,Amy,Bailey,49,206185,LA,2020-05-27
5592,Larry,Leblanc,24,133905,NH,2018-12-09
5593,James,Morris,46,167012,CT,2023-09-12
5594,Ian,Phelps,60,207345,AR,2021-03-18
5595,Emily,Santiago,23,61252,NE,2025-08-23
5596,Tyler,Sexton,27,133497,FM,2019-09-23
5597,David,Adams,43,212199,NV,2019-12-08
5598,Nancy,Shaffer,55,56665,FL,2018-02-20
5599,Christopher,King,65,74229,KS,2021-05-01
5600,Alison,Oliver,22,125344,NY,2023-03-12
5601,Keith,Arias,80,82189,OK,2016-07-28
5602,Logan,Herrera,39,82497,SD,2024-04-17
5603,Michelle,Sanchez,56,135981,NC,2019-04-05
5604,Charles,Vazquez,25,91045,KS,2020-03-23
5605,Thomas,Decker,71,141333,ME,2019-07-01
5606,Randy,Herman,64,160838,NE,2016-10-31
5607,Robert,Lawson,35,230492,IA,2016-12-23
5608,Natalie,Mueller,63,230795,IN,2019-12-23
5609,Holly,Dixon,55,185621,WI,2021-07-31
5610,Lawrence,Reese,35,228260,HI,2025-10-05
5611,Andrea,Prince,68,239973,NH,2023-04-18
5612,Paul,Powell,59,134919,WI,2016-12-03
5613,Jeffrey,Allen,40,154735,UT,2026-03-29
5614,Amanda,Garcia,60,188116,AK,2017-04-11
5615,Leroy,Johnson,78,136022,MO,2018-09-05
5616,Chelsea,Rice,49,164064,WA,2021-04-28
5617,Ivan,Nichols,35,68633,IL,2021-11-19
5618,Adam,Ramos,67,149179,OR,2021-10-13
5619,Emily,Gray,24,62031,VI,2021-03-05
5620,Anthony,Ramirez,34,158277,VT,2025-07-04
5621,Kathy,Lewis,49,90508,WY,2019-04-05
5622,Tom,Monroe,58,65286,MA,2023-03-16
5623,Michelle,Garcia,19,56110,MI,2020-07-06
5624,Emily,Cortez,65,43854,TN,2017-12-19
5625,Amy,Adams,71,47885,FL,2016-10-14
5626,Kenneth,Combs,49,207761,MO,2018-08-01
5627,Stephanie,Morrison,19,76948,OH,2016-08-14
5628,Daniel,Melendez,42,188488,RI,2023-10-29
5629,Stacey,Sanchez,61,115709,MA,2019-05-17
5630,Tasha,Nelson,27,109364,SD,2020-09-26
5631,Tamara,Mahoney,57,193376,GU,2019-05-01
5632,Robin,Peterson,24,229274,IL,2025-09-05
5633,Michael,Kennedy,22,203298,GU,2022-10-05
5634,Mary,Carr,66,166301,VA,2019-04-13
5635,Patrick,Hanson,67,159024,FM,2025-11-09
5636,Andrea,Torres,68,152164,UT,2023-09-12
5637,Anthony,Maldonado,30,106955,FL,2017-12-28
5638,Eric,Mack,60,160521,MN,2017-02-11
5639,Daniel,Murray,49,162328,VA,2016-09-15
5640,Mary,Wiggins,34,172196,KY,2021-05-12
5641,Amy,Hamilton,39,242200,IN,2024-10-11
5642,David,Abbott,73,171696,FM,2025-12-22
5643,Elizabeth,Osborne,52,34632,PW,2022-10-15
5644,Robert,Mcintyre,78,230268,OH,2020-04-17
5645,Stephanie,Sherman,20,142828,AS,2022-01-06
5646,Brandon,Maldonado,74,61230,TN,2017-02-03
5647,Martha,Pollard,42,147995,MS,2018-06-02
5648,David,Ray,38,128654,OK,2023-08-08
5649,Bonnie,Walter,46,150496,NE,2022-05-01
5650,Melanie,Harris,20,38613,AZ,2016-06-07
5651,Joseph,Moore,29,175926,GU,2018-12-29
5652,Brian,Vasquez,60,234310,MI,2020-04-08
5653,Stephen,Morales,37,215089,NC,2018-08-02
5654,William,Davis,28,158838,ME,2017-05-21
5655,Raymond,Gordon,45,65255,GU,2024-10-30
5656,Crystal,Frederick,37,217622,MP,2022-06-24
5657,Tracy,Owens,42,157783,VA,2023-07-05
5658,Ryan,Martin,66,58673,MN,2025-04-04
5659,Brittney,Benson,54,206953,NJ,2022-09-05
5660,Patrick,Simpson,49,203035,ND,2020-05-12
5661,Stacy,Rodriguez,53,209666,ND,2022-06-18
5662,Lisa,Silva,52,180001,MT,2019-04-26
5663,Rebecca,Rogers,48,154757,NJ,2021-07-01
5664,Daniel,Fisher,53,70975,WA,2018-11-22
5665,Tracy,Ho,50,44611,TN,2018-02-03
5666,Sara,Levine,43,99046,WV,2021-10-18
5667,Steven,Faulkner,49,184938,WV,2022-09-03
5668,Erik,Collins,80,129037,RI,2023-08-10
5669,Sandra,Leach,57,207337,AZ,2023-11-08
5670,Tracy,Griffin,40,230925,LA,2022-01-14
5671,Jessica,Powers,80,104563,VT,2018-06-22
5672,Stephanie,Castillo,38,46101,PA,2016-11-16
5673,Andrew,Solis,19,184786,AK,2017-12-30
5674,Shawn,Webster,20,63606,MN,2022-01-12
5675,Emily,Hernandez,71,126052,AZ,2017-06-06
5676,Diane,Turner,40,242219,CO,2019-03-07
5677,Jennifer,Nelson,65,183083,RI,2019-01-22
5678,Elizabeth,Jackson,19,230591,FL,2026-01-08
5679,Darrell,Blankenship,75,193880,NM,2017-02-24
5680,Tracy,Thomas,39,129765,ID,2020-01-22
5681,Jeffery,Johnson,24,142236,MT,2017-11-06
5682,James,Jones,40,123681,TN,2025-12-12
5683,Yolanda,Nichols,44,122083,WI,2018-05-11
5684,Sabrina,Martinez,21,203340,PA,2024-04-28
5685,Evan,Gutierrez,33,94910,PR,2017-12-14
5686,Brittany,Rivas,33,199891,MS,2023-08-03
5687,Samuel,Nunez,37,185328,WA,2021-10-09
5688,Gary,Hayes,23,210352,AS,2017-12-02
5689,Jordan,Lopez,22,109930,NY,2019-03-06
5690,Michael,Robinson,25,118498,DC,2021-11-28
5691,Nicole,Mcdonald,28,35167,WA,2017-09-23
5692,Marcus,Martinez,52,115489,KS,2025-02-15
5693,Jack,Reyes,20,150824,ND,2024-04-24
5694,Angela,Silva,60,140748,PA,2019-10-04
5695,Katherine,Harrison,54,164941,ID,2017-01-19
5696,Regina,George,75,140407,AZ,2023-07-04
5697,Shawn,Flowers,35,35348,UT,2018-10-17
5698,Shannon,Rivera,62,153129,NV,2020-10-13
5699,Taylor,Murphy,55,35829,CT,2024-10-09
5700,Kyle,Moore,38,129021,IL,2020-03-22
5701,Cameron,Singh,54,132315,CA,2019-08-07
5702,Stephanie,Cook,38,180087,NJ,2016-11-21
5703,Wesley,Case,24,241897,VI,2020-05-05
5704,Paul,Gonzalez,49,56229,ID,2016-08-31
5705,Vanessa,Larson,62,206976,GA,2020-04-25
5706,Karen,Hester,31,118071,AZ,2021-06-03
5707,Kevin,Fuller,49,161797,FM,2021-05-25
5708,Ronald,Wilcox,69,230514,IL,2020-12-02
5709,Margaret,Velazquez,60,119008,OR,2017-04-13
5710,David,Ward,28,191173,ME,2018-05-02
5711,Melissa,Soto,37,125245,PA,2026-04-01
5712,Paul,Wells,80,144292,RI,2017-03-21
5713,Bryan,Hale,30,160272,NH,2025-08-22
5714,Jacqueline,Finley,58,236346,RI,2016-10-13
5715,Melinda,Beard,22,170465,TN,2026-03-13
5716,William,Johnston,31,105328,ND,2021-07-13
5717,Brad,Mendoza,34,42460,ND,2018-03-11
5718,Joan,Hart,37,180345,ND,2018-12-02
5719,Dale,Gonzalez,43,240921,PR,2021-06-21
5720,Alisha,Kelley,32,193727,NE,2016-12-08
5721,Frank,Mendoza,65,54106,MO,2018-01-01
5722,Curtis,Taylor,63,181569,PA,2017-09-09
5723,Jeffrey,Adams,24,185153,ND,2025-12-05
5724,Scott,Zimmerman,39,101660,OK,2022-04-10
5725,Cameron,Martinez,22,178485,OK,2023-11-06
5726,Richard,Garcia,69,169215,CT,2025-05-02
5727,Joel,Clark,48,141963,DE,2022-02-02
5728,Jared,Lewis,31,121046,MI,2022-07-20
5729,Edward,Wallace,68,50096,OH,2022-08-13
5730,Krystal,Freeman,59,245938,WV,2016-12-10
5731,George,Douglas,37,162288,MS,2018-07-20
5732,Julie,Hayes,69,108619,WV,2020-02-08
5733,Lacey,Boyd,45,203921,SC,2019-06-07
5734,Thomas,Ford,52,112143,MH,2019-03-21
5735,Cheryl,Grant,30,138609,OK,2025-05-08
5736,Alejandro,Miller,43,95867,NM,2021-03-16
5737,Carl,Allison,57,165100,MO,2023-10-18
5738,Tanya,Adams,47,206045,FM,2024-08-05
5739,Alicia,Herring,66,173540,CA,2017-05-09
5740,Matthew,Holmes,29,34876,DE,2024-02-01
5741,Tracey,Glenn,58,214374,PR,2023-02-20
5742,Nicole,Smith,51,78900,VA,2022-01-20
5743,Xavier,Barr,54,160863,NY,2020-03-26
5744,Ronald,Johnson,31,203226,GU,2025-08-14
5745,Christina,Munoz,79,245982,AK,2023-11-07
5746,Mark,Henry,65,152498,DE,2022-09-23
5747,Michael,Brady,35,197228,AZ,2025-01-26
5748,Alexander,Day,52,242057,WY,2024-02-20
5749,Brandi,Allen,57,231619,MD,2026-05-11
5750,Peggy,Romero,76,143698,IL,2017-09-05
5751,Jamie,Rodriguez,77,178404,AS,2017-07-05
5752,Gina,Ramirez,64,194300,NH,2019-01-21
5753,Melissa,Kelley,21,166909,PR,2022-07-10
5754,Debra,Lawrence,30,125492,VI,2019-12-26
5755,Alan,Kelly,47,68730,CO,2022-03-23
5756,Daniel,Calhoun,33,69445,FL,2017-10-12
5757,Desiree,George,65,209649,FM,2019-04-13
5758,Ronald,Alvarez,66,108715,DC,2023-06-16
5759,Richard,Mitchell,72,144134,GA,2021-12-26
5760,Tina,Thomas,44,113533,MP,2024-08-04
5761,Kenneth,Martin,73,247635,LA,2016-10-20
5762,James,Robinson,76,46889,HI,2017-10-29
5763,Willie,Mckenzie,58,83361,GA,2020-03-19
5764,Courtney,Estes,72,138118,MD,2024-04-19
5765,Gwendolyn,Smith,35,245930,NE,2025-04-05
5766,Olivia,Doyle,36,199356,TX,2021-12-03
5767,Wayne,Moore,28,97225,ND,2026-03-06
5768,Greg,Morse,61,187609,OH,2022-06-12
5769,Kenneth,Walker,33,136395,KS,2022-05-21
5770,Joseph,Watts,33,59768,PA,2019-02-16
5771,Steven,Richard,27,80309,ME,2022-07-06
5772,Eduardo,Herrera,19,94379,IN,2019-04-02
5773,Patrick,Perez,69,246853,MH,2023-08-06
5774,Samantha,Mcintosh,37,151676,SC,2021-05-17
5775,Nicholas,Bates,49,176754,NV,2024-07-27
5776,Sonya,Dougherty,45,140629,WV,2020-05-06
5777,Kayla,Sanchez,59,39700,NJ,2022-05-13
5778,Frank,Kelley,30,71774,ME,2021-02-24
5779,Spencer,Miller,35,65764,RI,2023-07-13
5780,Curtis,Allison,19,97737,MH,2018-10-14
5781,Bruce,Hooper,68,240642,UT,2022-12-01
5782,Sara,Stafford,35,202666,ND,2023-08-24
5783,Anne,Rivera,53,76133,MP,2023-10-12
5784,Seth,Huff,59,41070,MH,2017-06-02
5785,Michael,Alexander,79,219392,NJ,2018-02-20
5786,Austin,Parker,49,235057,CA,2024-07-06
5787,Danny,Fernandez,19,44503,MT,2017-10-04
5788,Andrew,Smith,73,52001,VI,2023-03-27
5789,Derek,Cruz,38,187705,VA,2022-11-30
5790,Shelia,Mcconnell,37,46667,WV,2021-04-08
5791,Susan,Maldonado,75,136694,CT,2022-09-20
5792,Dustin,Brown,75,125272,AR,2017-08-19
5793,Sean,Maynard,60,202341,MH,2016-07-19
5794,John,Johnson,74,53673,VT,2018-06-05
5795,Olivia,Vargas,43,219853,PR,2025-06-14
5796,David,Mcintosh,71,66847,AK,2023-12-10
5797,Kristy,Padilla,33,59342,CO,2023-02-21
5798,Danny,Cooper,54,222539,OR,2017-02-24
5799,Robert,Wagner,50,61625,PW,2017-11-22
5800,Luke,Nelson,51,204120,ND,2017-06-28
5801,Jessica,Williams,71,182153,LA,2016-12-08
5802,Daniel,Carey,78,233191,CT,2022-08-24
5803,Kathleen,Miller,77,167693,SC,2016-07-22
5804,Kathleen,Diaz,34,160141,CT,2025-11-17
5805,Julia,Lewis,74,53658,NH,2024-09-14
5806,Travis,Roberts,33,187239,WA,2023-10-24
5807,Jeremy,Wise,25,232687,ND,2018-10-20
5808,Jeremy,Gregory,69,112158,RI,2019-02-11
5809,Richard,Hull,39,248191,MS,2025-08-09
5810,Gary,White,55,223262,GA,2023-01-04
5811,Amanda,Powell,42,241246,NV,2024-07-23
5812,Dalton,Oliver,65,225024,MA,2022-12-04
5813,Alyssa,Miller,33,140852,PA,2025-09-07
5814,Patricia,Young,31,67821,SD,2020-03-10
5815,Eric,Walker,24,75915,OH,2020-09-22
5816,Ryan,Johnson,31,101970,MO,2021-08-25
5817,Robert,Moody,46,137053,MN,2016-10-09
5818,Mark,Thomas,34,184528,MS,2022-09-29
5819,Ryan,Torres,21,158544,AL,2023-12-22
5820,Megan,Crawford,52,128226,NY,2026-02-11
5821,Melissa,Jones,62,59612,HI,2016-12-22
5822,Lucas,Carr,38,173063,LA,2024-10-18
5823,Christopher,Phillips,45,154480,SC,2021-06-04
5824,Elizabeth,Raymond,61,94578,NV,2016-07-27
5825,Laura,Douglas,79,102806,GU,2023-11-14
5826,Sharon,Patterson,74,235592,CO,2023-08-26
5827,Carol,Wyatt,77,67987,WV,2022-05-12
5828,Anita,Rivera,41,154576,KS,2017-12-31
5829,Rachael,Morrow,63,126400,AR,2023-04-15
5830,Kenneth,Ashley,70,110785,NH,2017-04-24
5831,Troy,Turner,19,199187,FL,2016-07-15
5832,Melinda,Klein,79,188810,MO,2026-02-08
5833,Jennifer,Hebert,20,223842,PW,2026-04-26
5834,Amy,Romero,60,239437,AS,2023-10-31
5835,Tracy,Clark,78,44332,WV,2025-05-05
5836,Loretta,Baker,62,236779,FM,2022-09-24
5837,Gordon,Alvarez,60,92829,AS,2018-10-14
5838,Richard,Vega,34,174894,FM,2025-02-14
5839,Christopher,Gonzalez,42,111072,VT,2020-09-26
5840,Mariah,Bennett,58,213662,IN,2017-10-23
5841,Caitlin,Miller,41,242926,PR,2025-04-10
5842,Dylan,Garrison,61,61995,AL,2022-01-08
5843,Robert,Garrett,52,91966,PW,2024-08-26
5844,Luis,Allen,72,145973,WV,2017-09-19
5845,Angela,Ramirez,42,32062,NE,2021-12-19
5846,Melissa,Larsen,76,133016,OK,2016-09-12
5847,Steven,Lee,77,96986,PW,2018-05-05
5848,Jennifer,Fletcher,37,53658,CO,2022-02-02
5849,Danielle,Long,77,245667,MH,2022-12-11
5850,Garrett,Ryan,66,91724,MO,2016-09-13
5851,Amy,Gardner,37,85151,NE,2020-03-07
5852,Debra,Barton,73,72002,RI,2018-01-18
5853,Toni,Harmon,76,145040,AL,2021-07-07
5854,Annette,Lambert,58,113147,MH,2018-12-08
5855,Christy,Ross,74,242925,MT,2021-09-01
5856,David,Peterson,67,198933,SD,2021-10-03
5857,Dustin,Scott,44,236914,NC,2024-03-23
5858,Kelsey,Garcia,20,101837,LA,2023-02-26
5859,Michael,Castro,73,50996,SD,2016-09-15
5860,Johnny,Griffith,70,234329,FL,2026-03-30
5861,Hannah,Davis,78,158894,AL,2023-07-12
5862,David,Avila,48,223184,NE,2026-05-17
5863,Renee,Rowe,44,117221,IN,2017-10-16
5864,Courtney,Patterson,63,140720,PA,2019-08-22
5865,Richard,Jones,74,245021,SC,2022-01-06
5866,Scott,Brown,24,246111,NM,2017-12-10
5867,Anna,Thompson,28,213102,KS,2025-12-06
5868,Carol,Turner,34,162732,KS,2022-12-02
5869,Denise,Newton,22,122237,AR,2017-07-20
5870,Lauren,Vargas,44,187841,NJ,2021-07-03
5871,Bryan,Carroll,64,243235,NY,2018-06-06
5872,Mary,Black,53,223406,AK,2020-10-09
5873,Jennifer,Morris,38,148819,VI,2018-08-25
5874,Michelle,Torres,62,37169,NM,2022-10-21
5875,Alex,Smith,66,43657,WV,2023-02-04
5876,Shelia,Mullins,59,198189,CO,2024-08-02
5877,Alexis,Fowler,29,195191,MA,2024-01-30
5878,Bill,Hudson,46,237360,DE,2021-01-17
5879,Timothy,Hawkins,59,65675,GU,2020-11-14
5880,Samuel,Patterson,18,135031,TN,2020-07-06
5881,Vanessa,Kane,30,194704,OK,2018-07-14
5882,Ashley,Cisneros,37,112240,PA,2019-05-26
5883,Erin,Ray,54,51556,VA,2020-11-10
5884,Amanda,Harvey,25,71372,CT,2024-01-03
5885,Shawn,Harris,33,165362,NM,2022-01-02
5886,Karen,Carey,63,231223,UT,2024-09-11
5887,David,Mays,71,200178,TN,2019-09-24
5888,James,Green,66,64103,TN,2023-09-23
5889,Marco,Berry,72,185717,UT,2024-12-01
5890,Brian,Dougherty,61,137561,VA,2018-12-12
5891,Susan,Bush,68,113728,MT,2023-03-17
5892,Veronica,Simpson,46,155400,PA,2016-12-09
5893,Cynthia,Ramirez,73,222720,UT,2022-02-16
5894,Susan,Allen,26,98335,AK,2019-05-06
5895,Michael,Woods,29,210215,SD,2026-02-26
5896,Dana,Rowe,55,246732,MT,2019-07-26
5897,Lindsay,Cross,38,239591,DE,2022-04-01
5898,Barry,Holt,36,82078,VI,2024-07-01
5899,Patrick,Lee,23,138657,NC,2017-06-10
5900,Mark,Thomas,41,77681,KS,2025-08-15
5901,Lisa,Cummings,43,128912,OK,2024-05-13
5902,Amber,Chavez,78,248806,WI,2017-01-14
5903,Stephanie,Russo,74,179524,AK,2021-05-23
5904,Brittany,Reyes,32,35435,MN,2026-06-06
5905,Christopher,Burke,78,36021,NE,2017-04-17
5906,Patricia,Brown,77,176415,MN,2021-12-09
5907,Jessica,Thornton,59,190432,MP,2016-07-18
5908,John,Hayes,58,89954,WI,2020-08-02
5909,Michael,Stone,76,53324,SC,2018-04-30
5910,James,Lamb,80,151221,CA,2020-08-02
5911,Ashlee,Graves,30,98624,IL,2017-02-12
5912,Brent,Travis,62,74238,ID,2019-11-29
5913,Robert,Jones,21,135128,OH,2023-01-24
5914,Cameron,Ross,57,142434,AL,2025-04-02
5915,Amy,Villegas,56,98198,ID,2026-04-17
5916,Diana,Herrera,27,53346,WY,2023-05-08
5917,Aaron,Morgan,79,126448,VA,2026-05-30
5918,Maria,Turner,28,178699,KY,2020-06-06
5919,James,Lane,25,33700,VI,2024-04-05
5920,Jose,Fitzgerald,63,167845,NH,2024-11-17
5921,Veronica,Nolan,45,232731,FM,2017-06-16
5922,Renee,Jackson,76,148936,MP,2025-06-19
5923,Christine,Daniels,70,206582,IN,2026-02-25
5924,Melissa,Rios,49,61067,MA,2017-11-06
5925,Jeremy,Francis,32,217056,KY,2021-04-10
5926,Ebony,Brooks,31,79950,NJ,2021-05-12
5927,Henry,Bauer,78,243231,MD,2018-10-01
5928,David,Smith,68,99783,WV,2019-12-26
5929,Angela,Payne,36,225675,IN,2024-06-25
5930,Daniel,Tran,49,130158,LA,2018-03-03
5931,John,Hoover,26,143064,PW,2019-03-29
5932,Brandi,Brown,72,84160,SD,2018-08-12
5933,Edward,Cummings,56,86509,OR,2016-06-21
5934,Rodney,Porter,70,104178,KY,2019-10-26
5935,Helen,Morris,64,207520,FM,2024-08-18
5936,Joshua,Berg,30,139662,NV,2021-01-31
5937,Yvonne,Oliver,29,137092,NM,2021-01-24
5938,Paul,James,68,68258,FM,2020-07-06
5939,Latoya,Weber,19,106072,FL,2016-12-23
5940,Amber,Marsh,80,98629,CO,2021-03-03
5941,Jason,Mcbride,33,191921,SD,2017-08-12
5942,Kerri,Collins,46,95095,DC,2018-09-28
5943,Andrew,Jones,41,182804,CA,2021-10-20
5944,Joel,Roman,61,199668,PR,2020-09-28
5945,Dustin,Flores,47,52475,MA,2021-11-15
5946,Brooke,Price,18,152914,CT,2022-02-06
5947,Erica,Morales,26,114736,MA,2024-06-10
5948,Stephen,Mclaughlin,80,211671,NC,2021-02-20
5949,Aaron,Lowe,43,210054,OH,2018-03-14
5950,Joseph,Williams,31,216996,NH,2024-04-12
5951,Tanner,Allen,42,215716,ND,2024-07-09
5952,Jose,Snyder,45,222965,AS,2025-11-05
5953,Mark,English,56,97168,ND,2020-12-29
5954,Heidi,Brooks,22,54976,TX,2020-01-08
5955,Jeffrey,Castaneda,53,45401,PW,2025-08-29
5956,Matthew,Sloan,21,117257,MT,2023-03-08
5957,Joe,Payne,77,91562,VA,2025-07-02
5958,Larry,Hahn,48,122878,FL,2022-11-18
5959,Matthew,Moore,56,205843,VT,2024-06-15
5960,Melanie,Patterson,79,240304,WI,2022-09-11
5961,John,Harvey,56,216008,VI,2025-01-13
5962,Anthony,Willis,65,242298,WI,2026-05-16
5963,Mark,Taylor,20,31405,VA,2021-08-13
5964,Jennifer,Bowen,34,162262,WI,2020-04-17
5965,Larry,Jackson,57,129860,MO,2024-05-23
5966,Larry,Turner,37,133467,MH,2020-11-04
5967,Mark,Potter,60,127229,UT,2023-09-11
5968,Lisa,Johnson,26,176685,AL,2024-01-10
5969,Stephanie,Horn,20,182171,AK,2022-05-11
5970,Scott,Lewis,29,98233,CO,2024-10-23
5971,Jennifer,Dorsey,28,162054,MH,2016-12-26
5972,William,Smith,49,118913,FL,2023-07-09
5973,Alicia,Alvarado,74,152705,ND,2023-07-27
5974,Daniel,Martin,26,53500,CO,2017-01-05
5975,Russell,Hill,38,216189,SD,2024-08-29
5976,Ann,Hebert,51,143489,WA,2022-09-26
5977,Aaron,Gonzalez,27,98263,OR,2020-09-20
5978,Tristan,Reyes,25,112121,TX,2023-04-23
5979,Henry,Wiley,20,63520,ID,2017-12-03
5980,Kevin,Guzman,49,248838,VA,2018-08-19
5981,Rachel,Brown,35,226037,TN,2022-04-30
5982,Derek,Schmitt,41,142744,MH,2025-09-30
5983,Laura,Wilkerson,36,99000,AS,2016-11-30
5984,Charles,Hunt,57,247471,MO,2018-10-27
5985,Sandra,Hardy,66,99142,NJ,2018-04-27
5986,James,Cook,51,112053,AZ,2016-08-31
5987,Anthony,Huber,45,73249,SD,2018-09-13
5988,Bob,Norris,38,223165,PA,2025-12-23
5989,David,Baker,49,230192,MH,2019-06-05
5990,Richard,Smith,78,69653,WI,2017-04-21
5991,Reginald,Richards,53,202338,SD,2018-07-08
5992,Caitlin,Serrano,58,239248,FL,2022-12-16
5993,Eric,Clark,46,43951,NM,2024-12-02
5994,Jessica,Robinson,30,68960,HI,2020-09-14
5995,Natalie,Cobb,21,90256,MS,2026-01-11
5996,Lauren,Fletcher,29,39401,IA,2025-08-20
5997,Lisa,Newton,48,98216,ME,2021-07-27
5998,Samantha,Jones,28,215063,KS,2018-01-24
5999,Brenda,Taylor,47,144407,KS,2016-08-09
6000,Katie,Stephens,25,159737,DE,2021-10-25
6001,Richard,Santana,20,145741,MA,2024-04-24
6002,Kathryn,Carter,40,215867,MS,2019-06-06
6003,Tiffany,Harris,53,157192,AS,2022-06-01
6004,James,Powell,47,159233,MN,2024-07-25
6005,David,Johnson,25,218681,WI,2022-05-04
6006,Scott,Wade,73,68811,CO,2018-04-26
6007,Kevin,Knight,25,121646,PW,2019-04-07
6008,Angela,Moody,23,83407,KY,2025-03-18
6009,Amanda,Collins,73,104479,WV,2021-09-17
6010,Rebecca,Bailey,29,248878,KS,2024-07-16
6011,Richard,Davidson,28,226591,DC,2023-09-04
6012,Alexander,Huang,50,245632,MS,2026-02-14
6013,Katherine,Austin,35,177651,OK,2022-12-02
6014,Julie,Best,75,203837,FL,2026-01-18
6015,Sheila,Brown,55,85678,AR,2022-08-27
6016,Shawn,Lee,55,31081,WV,2019-11-18
6017,Brooke,Carson,51,231024,NC,2025-05-01
6018,Ronald,Murphy,54,77335,AS,2016-10-14
6019,Adam,Klein,44,50141,TN,2024-12-07
6020,Carol,Lambert,33,231393,OH,2021-10-01
6021,Helen,Williams,49,207447,FM,2024-03-08
6022,James,Reid,24,116155,VT,2024-04-19
6023,Christine,Davis,19,104522,KS,2023-07-17
6024,Michael,Campos,61,208425,WV,2024-05-09
6025,Christopher,Ramirez,25,133329,IA,2016-06-09
6026,Samantha,Lane,41,184753,GA,2018-06-19
6027,Curtis,Nelson,77,57805,HI,2025-05-19
6028,Connie,Joseph,71,114813,MA,2019-12-08
6029,Alexander,Johnson,27,37569,MH,2018-05-13
6030,Frank,Griffin,23,150647,MA,2017-12-27
6031,Sandra,Bradshaw,71,215521,WA,2019-02-20
6032,Christy,Montgomery,60,155791,OK,2023-03-05
6033,Brian,Bolton,47,194719,IL,2019-10-02
6034,Brian,Fitzgerald,79,100600,MI,2024-06-10
6035,Joe,Turner,56,202492,ND,2020-07-12
6036,Timothy,Stone,18,116357,MH,2024-04-09
6037,Mark,Perez,80,41494,KY,2023-12-05
6038,Melissa,Palmer,59,193149,SC,2023-05-26
6039,Blake,Shelton,78,148777,AR,2020-06-28
6040,Ryan,Bass,38,221770,AL,2016-08-18
6041,Valerie,Wright,64,238937,TN,2017-12-31
6042,Robert,Lowe,54,63900,IN,2020-06-25
6043,Christopher,Le,31,42761,AR,2024-04-22
6044,Tammy,Wilson,69,198727,MO,2016-11-01
6045,Jonathan,Kelley,36,114717,CO,2016-07-02
6046,Rebecca,Brooks,69,44558,NC,2018-09-12
6047,Mark,Sandoval,65,48539,FM,2019-05-12
6048,Phillip,Harris,53,187887,VI,2019-02-11
6049,Joan,Fernandez,42,54261,ME,2024-12-30
6050,Ryan,Hutchinson,43,96889,NH,2018-06-21
6051,Linda,Stein,29,92935,NH,2017-09-14
6052,Erika,Meyers,79,232080,NH,2020-11-18
6053,Jennifer,Le,73,134573,WV,2024-05-02
6054,Derek,Hogan,23,35377,NJ,2022-11-19
6055,Luke,Fernandez,72,84584,SD,2022-08-16
6056,Matthew,Thomas,28,131843,MH,2017-12-22
6057,Angela,Garza,67,135485,NC,2021-04-20
6058,Dennis,Yu,36,199651,MP,2023-11-09
6059,Jennifer,Rose,66,201459,UT,2023-08-07
6060,Sean,English,27,61615,KS,2021-04-28
6061,Sara,Williams,37,158672,FL,2020-12-07
6062,David,Kelley,69,143340,NJ,2021-09-22
6063,Danielle,Mclaughlin,65,241380,HI,2022-07-13
6064,Jason,Melendez,76,111291,AK,2025-06-12
6065,Billy,Morales,75,209558,NY,2016-09-21
6066,Haley,Noble,56,64416,SD,2017-02-04
6067,Melissa,Barnett,40,204462,FL,2020-03-16
6068,Christina,Parks,24,248117,CO,2024-07-23
6069,William,Olsen,41,164388,AZ,2022-01-17
6070,Audrey,Hood,30,158351,CA,2022-01-15
6071,Sarah,Mcmillan,46,131735,KS,2025-07-28
6072,John,Mccarthy,48,100380,CO,2022-08-24
6073,Luis,Lee,54,187375,AZ,2022-09-14
6074,Tyler,Hale,45,53651,TX,2025-02-03
6075,Robert,Robbins,66,140765,KY,2021-09-06
6076,Victor,Wagner,69,126530,GA,2016-10-18
6077,Andrew,Martinez,57,78852,WI,2021-02-21
6078,Holly,Jimenez,45,195330,SC,2018-02-13
6079,John,Thompson,45,54365,MH,2017-03-28
6080,Connie,Johnson,20,164569,AZ,2022-06-18
6081,Michael,Harris,39,151510,AZ,2025-10-15
6082,Elizabeth,Shepherd,61,88780,NM,2019-02-22
6083,Morgan,Bennett,59,209892,WI,2022-01-26
6084,Tony,Velasquez,63,70650,MN,2024-05-04
6085,Vanessa,Smith,77,159845,OR,2018-07-12
6086,Dalton,Bowen,51,195035,AR,2024-02-25
6087,Eric,Morales,59,167541,MH,2019-01-16
6088,Steven,Smith,23,106206,HI,2021-08-31
6089,Kathleen,Knapp,47,144650,OH,2021-03-13
6090,Kevin,Fowler,23,240120,ID,2023-11-28
6091,Nicholas,Yang,48,108746,MA,2022-02-28
6092,Amanda,Davis,27,63499,RI,2023-10-23
6093,Amanda,Sanders,61,108750,FM,2020-02-16
6094,Timothy,Turner,71,95183,CO,2026-01-01
6095,Elizabeth,Wall,51,142127,DC,2019-03-28
6096,James,Reed,36,179038,MN,2023-01-26
6097,Deborah,Baker,21,174439,AS,2017-02-17
6098,Sherri,Mclean,22,41821,WY,2018-07-16
6099,Dustin,Parker,50,58215,LA,2018-02-10
6100,Lori,Simmons,50,141388,IA,2018-04-30
6101,Walter,Herman,44,54768,AS,2020-12-08
6102,Allen,Henderson,47,203239,AS,2018-09-04
6103,Shirley,Smith,64,179023,VI,2019-10-24
6104,Christina,Brewer,70,96422,MT,2017-02-19
6105,Seth,Obrien,40,96810,WV,2026-03-08
6106,James,Garcia,55,51435,DC,2025-08-01
6107,Mason,Frye,67,161974,DC,2021-03-18
6108,Karen,Curtis,19,59867,CO,2016-08-04
6109,Dorothy,Williamson,65,203428,RI,2026-04-19
6110,James,Sanders,47,77068,AL,2019-03-17
6111,Christian,Garcia,68,77764,AK,2018-10-17
6112,Robert,Allen,71,133011,NM,2022-05-14
6113,John,Prince,20,51834,MS,2022-03-02
6114,Michael,Frost,44,214648,VA,2022-10-11
6115,Kristin,Wood,37,112299,HI,2018-06-13
6116,Sherry,Lewis,55,219817,IN,2025-04-27
6117,Zachary,Johnson,47,228535,NM,2020-01-12
6118,Jeffrey,Barrera,60,147951,DC,2024-09-28
6119,Randy,Walker,57,241768,NC,2018-11-19
6120,Emily,Barker,34,119478,VI,2022-12-09
6121,Phillip,Boone,79,242338,PA,2023-05-16
6122,Kenneth,White,29,85330,IA,2017-09-10
6123,Rhonda,Prince,29,50505,AK,2019-09-11
6124,Samantha,Brown,65,188348,MS,2018-10-30
6125,Jennifer,Taylor,34,206530,PR,2021-10-03
6126,Laura,Arroyo,24,143717,AL,2022-06-09
6127,Kristen,Harris,52,34696,KY,2019-02-07
6128,Evan,Patterson,18,133529,WV,2025-07-22
6129,Sarah,Ramsey,25,33487,OR,2021-04-16
6130,Thomas,Moore,28,201914,MT,2022-03-15
6131,Jennifer,Obrien,48,150628,PA,2024-12-08
6132,Nicole,Rocha,62,136192,TN,2016-06-19
6133,Sherry,Singh,73,202416,TX,2020-10-23
6134,Bradley,Gutierrez,79,225099,CO,2023-04-15
6135,Robert,Stokes,56,220293,SC,2017-03-26
6136,Dwayne,Hart,49,109377,MS,2024-10-07
6137,Joseph,Ross,57,243157,MN,2025-08-07
6138,Audrey,Rivera,80,191675,OR,2024-08-25
6139,Shawn,Flores,41,211052,DC,2021-03-03
6140,Jennifer,Green,61,210956,MD,2026-06-03
6141,James,Stewart,61,133546,ME,2017-06-11
6142,Timothy,Sanchez,69,109339,PR,2016-11-01
6143,John,Morrison,23,62791,AR,2021-12-18
6144,Fernando,Berger,26,33637,VI,2016-07-14
6145,Sarah,Brown,30,59337,CA,2023-12-29
6146,Debra,Ferguson,70,34164,NV,2022-02-23
6147,Matthew,Cobb,62,79341,FL,2021-08-25
6148,Andrew,Monroe,72,37029,PR,2022-02-12
6149,Mckenzie,Cooper,31,156121,GU,2023-12-25
6150,David,Macdonald,59,68051,ID,2018-12-06
6151,Richard,Johnson,59,93381,CO,2022-08-04
6152,Philip,Johnson,45,194117,WA,2025-04-06
6153,Joshua,Holland,72,237096,OH,2023-11-29
6154,Melissa,Galloway,52,80047,AS,2025-01-19
6155,William,Morris,23,108883,AR,2025-09-12
6156,Kim,Singh,67,151484,HI,2020-06-28
6157,Adam,Watson,27,154253,NJ,2020-10-19
6158,James,Stone,45,35719,AZ,2020-01-20
6159,Michael,Rodriguez,25,73543,VA,2026-04-22
6160,Kelly,Ortega,75,69956,MT,2025-02-17
6161,Desiree,Estes,65,214181,AZ,2022-03-05
6162,Henry,Ortiz,46,157152,PA,2020-03-03
6163,Katherine,Martinez,48,35145,VT,2021-10-02
6164,Misty,Hubbard,73,147837,VA,2025-08-11
6165,Vanessa,Gardner,55,93603,SC,2022-01-27
6166,Melissa,Graham,30,107288,SC,2021-03-06
6167,Victor,Willis,54,247435,IL,2018-09-15
6168,Jacqueline,White,71,132690,PR,2016-08-14
6169,Kathleen,Cook,21,117516,CO,2017-10-06
6170,Belinda,Li,18,56912,WI,2021-10-17
6171,Lisa,Mccann,58,216933,MS,2017-10-16
6172,Richard,Martin,45,138969,WV,2018-06-23
6173,Jesse,Green,72,159945,MN,2019-04-20
6174,Karen,Lang,65,181692,HI,2026-03-05
6175,Sandra,Robles,56,221647,FL,2018-01-11
6176,Michelle,Smith,53,106224,MA,2023-03-29
6177,Matthew,Smith,20,157794,WY,2021-09-24
6178,Richard,Hall,43,157428,FM,2021-02-03
6179,Nancy,Zimmerman,50,184937,NH,2017-12-28
6180,Denise,Harris,64,190299,KY,2020-05-24
6181,Lauren,Young,77,207908,MT,2021-01-02
6182,Joshua,Peterson,75,244090,MN,2019-02-27
6183,Cody,Phillips,73,157900,WA,2017-09-23
6184,Dominic,Gonzalez,32,217246,WV,2020-09-29
6185,Jennifer,Robinson,21,168492,NE,2016-10-04
6186,Aaron,Hicks,19,140625,HI,2022-08-29
6187,Kevin,Morales,54,112798,NH,2021-08-05
6188,Tyler,Wood,53,46648,KY,2025-02-05
6189,Glenn,George,35,199948,NY,2019-10-18
6190,Jeremy,Martinez,44,154082,MS,2026-03-07
6191,William,Sharp,25,159705,ME,2023-02-21
6192,Elizabeth,Frank,57,199392,AR,2016-08-14
6193,Carlos,Oliver,40,147525,MD,2019-04-02
6194,Steven,Sanchez,62,144355,AZ,2025-01-28
6195,Kaitlyn,Collins,19,72292,ID,2025-06-09
6196,Joseph,Scott,36,220371,SC,2021-03-14
6197,Raymond,Wolfe,30,153008,MI,2025-07-19
6198,Amy,Harris,40,144848,AR,2017-11-09
6199,Richard,Kelly,32,163073,CO,2026-04-19
6200,Gina,Wong,32,184051,OR,2016-09-25
6201,Troy,Roy,76,209561,ME,2021-03-03
6202,Shannon,Lopez,39,187836,NC,2021-08-25
6203,Eddie,Davis,72,217485,NV,2021-08-22
6204,Cynthia,Jordan,60,152805,DC,2016-08-28
6205,Collin,Knight,26,106911,NY,2021-07-25
6206,Crystal,Brady,64,216485,NV,2024-03-14
6207,Shelly,White,42,139277,MH,2025-10-14
6208,Heather,Lopez,71,206451,ME,2019-12-26
6209,Christopher,Jenkins,59,222566,PR,2019-12-03
6210,Pamela,Moore,41,238659,KY,2016-08-19
6211,Matthew,Morris,48,239650,AL,2022-08-23
6212,Leslie,Moon,80,72474,OR,2016-11-20
6213,April,Foster,57,84318,NM,2021-09-04
6214,Brittney,Barnett,36,211062,AZ,2017-01-11
6215,Debra,Bailey,65,52594,AL,2026-03-20
6216,Tammy,Garcia,60,156586,OK,2019-11-18
6217,Veronica,Arnold,26,75427,MP,2019-02-11
6218,Samantha,Davis,30,70976,VA,2024-07-16
6219,Sandy,Wells,56,159023,AR,2017-12-20
6220,Tami,Hamilton,24,238006,IA,2018-05-02
6221,Paige,Cantrell,44,159427,WI,2020-03-03
6222,Victor,Shelton,37,91530,ID,2025-06-13
6223,Jessica,Schroeder,31,175969,NY,2024-01-07
6224,Steven,Porter,21,34752,ME,2025-08-19
6225,Jasmine,Hinton,40,98369,UT,2017-09-24
6226,Kathy,Smith,40,207452,MH,2017-02-09
6227,Kimberly,Edwards,28,75800,MT,2017-02-28
6228,Kelly,Hartman,70,161983,OK,2019-06-24
6229,Amanda,Hall,20,241501,MD,2025-10-29
6230,Tanya,Bailey,22,118535,KY,2024-01-09
6231,John,Davis,45,59876,MN,2022-02-05
6232,Michelle,King,57,89425,FM,2017-08-17
6233,Katherine,Lopez,25,177320,IA,2017-03-04
6234,Jacob,Phelps,32,157497,NJ,2025-05-14
6235,Cindy,Nguyen,34,119213,AS,2018-06-02
6236,Mary,Manning,68,123124,IN,2017-11-08
6237,Brian,Fernandez,67,42235,DC,2023-01-21
6238,Amy,Bradley,67,176020,RI,2020-02-18
6239,Emily,Hooper,35,69630,FL,2020-05-03
6240,Rebecca,Carroll,72,210914,DC,2021-11-27
6241,Daniel,Mcbride,73,165105,FM,2022-11-10
6242,Jeffrey,Molina,56,205501,AR,2020-05-23
6243,Cynthia,Brock,24,215179,NH,2021-02-04
6244,Philip,Roberts,21,144773,GA,2022-01-29
6245,Allison,Atkinson,69,149835,UT,2022-01-20
6246,Judy,Miller,79,228119,MA,2017-07-26
6247,Lisa,Smith,25,57758,MP,2024-01-18
6248,John,Francis,68,190057,SD,2022-07-22
6249,Jason,Bennett,57,235037,MN,2019-10-08
6250,Joshua,Miller,72,56704,SC,2018-09-25
6251,Ronald,Cardenas,70,177448,OR,2019-12-22
6252,Brenda,Sanders,20,162987,CA,2018-08-30
6253,Christopher,Mullen,24,73790,WV,2021-08-21
6254,Charles,Robinson,58,60948,MS,2018-08-18
6255,Daniel,Scott,73,83840,CA,2020-01-07
6256,Mary,Martinez,76,124801,MS,2021-02-28
6257,Laura,Mccullough,28,220932,LA,2022-09-24
6258,Kevin,Torres,36,215640,MA,2019-10-30
6259,Eric,Smith,46,229744,OH,2021-04-15
6260,Caitlin,Roberts,50,160650,WI,2024-08-29
6261,Joshua,Sanchez,64,56029,AS,2020-11-08
6262,John,Benson,27,199631,WI,2018-09-22
6263,Dawn,Davis,41,117715,VI,2016-11-11
6264,Jeffrey,Scott,70,66116,WA,2016-09-07
6265,Regina,Hernandez,25,82924,FM,2018-03-08
6266,Shawn,White,46,138986,WI,2024-05-10
6267,Bianca,Phillips,67,231597,MI,2018-09-01
6268,Allison,Brown,18,94308,NJ,2022-05-03
6269,Lauren,Terry,71,242112,MH,2022-01-26
6270,William,Johnson,48,119475,FL,2023-02-20
6271,Raymond,Barnes,36,162388,ND,2021-09-05
6272,Edward,White,28,52343,WV,2024-10-25
6273,Kathy,Johnson,35,127631,NM,2025-01-10
6274,Courtney,Perez,63,227878,IN,2025-05-16
6275,Julia,Sandoval,44,124540,ME,2025-07-25
6276,Kenneth,Adams,58,204324,WA,2026-04-11
6277,Valerie,Goodwin,33,69743,PR,2021-12-12
6278,Yvonne,Newman,66,227527,OK,2020-03-03
6279,Samantha,Mcgee,51,140551,NC,2022-06-16
6280,Billy,Baker,68,89816,NV,2023-09-25
6281,Christopher,Ramirez,26,240178,MT,2016-12-05
6282,Rose,Holt,45,138372,WI,2023-08-26
6283,Alison,Smith,76,137297,RI,2023-09-29
6284,Jessica,Marshall,75,150259,NC,2025-01-05
6285,Maria,Newman,78,165307,NJ,2025-07-27
6286,Dawn,Shaw,68,208834,MP,2019-05-10
6287,Kyle,Lee,41,37802,IL,2018-05-14
6288,Charles,Gregory,46,68164,MH,2022-04-20
6289,Cody,Arnold,67,32607,IL,2025-08-12
6290,Jenna,Leblanc,63,241352,WA,2024-01-25
6291,Laurie,Lucero,51,48240,MI,2018-11-17
6292,Heather,Osborne,23,118684,MO,2016-07-20
6293,Brad,Warren,38,135290,OH,2025-01-22
6294,Bryan,Rich,80,232472,OH,2018-10-07
6295,Paula,Mcmahon,28,143789,OR,2026-04-17
6296,Andrew,Edwards,21,133092,MS,2020-07-07
6297,Gwendolyn,Cunningham,66,39723,AR,2024-12-08
6298,Cynthia,Hall,60,198156,KY,2025-01-08
6299,Thomas,Cunningham,27,180616,LA,2026-04-24
6300,Alvin,Perry,21,195572,MN,2026-04-02
6301,Ashley,Cummings,80,217005,TN,2020-07-25
6302,Jessica,Davis,69,203109,NJ,2025-08-01
6303,Tammy,Brown,74,166256,PW,2016-07-03
6304,Carol,Elliott,80,107522,ME,2023-07-30
6305,Daniel,Peterson,44,135382,PR,2018-06-23
6306,Benjamin,Phillips,74,208486,DC,2025-03-15
6307,Drew,Gates,62,175125,MP,2019-12-06
6308,Veronica,Fritz,73,109776,PR,2026-03-02
6309,Gina,Middleton,64,224693,MD,2024-06-20
6310,Mark,Morales,38,120218,LA,2025-10-24
6311,Eddie,Bowman,18,246794,AL,2023-03-14
6312,Anthony,Hill,35,168357,DE,2019-01-16
6313,Julie,Warner,57,68498,CO,2023-03-30
6314,Matthew,Nelson,62,135889,VI,2024-06-27
6315,Ann,Gonzales,46,198789,NY,2017-05-25
6316,Sarah,Villanueva,31,172717,NM,2021-03-22
6317,Gary,Edwards,57,236659,KS,2023-01-19
6318,Rebecca,Roberts,57,200927,GA,2017-05-08
6319,Jill,Aguilar,46,212837,PR,2020-09-11
6320,Ashlee,Schmidt,40,242816,MP,2020-03-15
6321,Paul,Smith,68,200067,MN,2025-04-15
6322,Megan,Burns,43,233266,MH,2019-09-09
6323,Joshua,Rivera,30,109044,NE,2016-09-25
6324,Lisa,Jones,23,39691,AS,2021-04-25
6325,Leah,Sparks,52,117685,NV,2021-10-01
6326,Micheal,Cummings,42,220080,KS,2020-10-21
6327,Brady,Villegas,64,224000,LA,2020-02-25
6328,Michael,Martin,74,63031,NJ,2017-03-08
6329,Elizabeth,King,51,171764,TX,2019-11-29
6330,Jason,Wilkins,36,86029,RI,2021-04-18
6331,Jacob,Hawkins,23,164131,TX,2017-07-07
6332,Rick,Morales,53,111855,KY,2023-01-03
6333,Jason,Walters,51,119314,OH,2016-11-13
6334,Karina,Mitchell,66,196641,ID,2026-04-30
6335,Christine,Reynolds,28,36139,AS,2024-12-13
6336,Brian,Raymond,19,238823,NJ,2020-02-18
6337,Maureen,Allen,52,185321,KY,2026-05-15
6338,Rebecca,Johnson,34,93265,IN,2019-06-06
6339,Craig,Brown,71,232940,DC,2022-04-19
6340,Janet,Cook,37,220450,NV,2018-12-05
6341,Paul,Mendez,45,162454,VI,2022-08-03
6342,Victoria,Brown,25,221885,PR,2018-09-25
6343,Kerri,Duran,21,127774,PW,2017-03-13
6344,Patrick,Strickland,34,194361,MD,2024-08-06
6345,Dean,Smith,50,122923,AL,2023-06-10
6346,Tina,Turner,25,42512,WY,2023-11-16
6347,Michelle,Pennington,66,200645,MP,2022-02-27
6348,Kimberly,Matthews,78,62702,MH,2017-12-12
6349,Carla,Klein,46,108108,GA,2017-05-04
6350,Mariah,Wright,54,223163,PW,2018-02-15
6351,Roy,Cox,18,148789,UT,2019-10-03
6352,Andrew,Young,39,91891,NY,2026-01-09
6353,Alexis,Molina,69,225496,HI,2021-03-31
6354,Abigail,Dougherty,55,178267,MS,2025-06-07
6355,Sierra,Miller,63,194559,PR,2019-08-28
6356,Ashley,Johnson,60,169798,KY,2018-09-05
6357,Brenda,Knapp,72,186119,TX,2024-07-17
6358,James,Gaines,32,121838,SC,2025-05-27
6359,Christopher,Brewer,37,104589,WV,2017-12-07
6360,Cassandra,Miller,60,235727,MO,2022-11-27
6361,Angela,Schmitt,70,217394,ND,2018-03-16
6362,Paige,Mann,54,206274,AR,2018-11-06
6363,Kenneth,Mcgrath,26,217262,DE,2018-02-19
6364,Cynthia,Peterson,42,166227,NY,2019-10-20
6365,Michael,Lindsey,65,94915,VA,2017-10-29
6366,David,Fox,24,115943,SC,2024-02-13
6367,Luis,Ortega,51,182664,NJ,2022-08-15
6368,Julia,David,30,245703,FM,2022-02-06
6369,Melinda,Palmer,67,124704,AZ,2024-02-10
6370,Mark,Miller,47,55686,NJ,2026-03-28
6371,Jessica,Miller,27,216552,MT,2016-07-29
6372,Carly,Watkins,45,247169,WY,2019-06-14
6373,Tyler,House,44,51481,MT,2016-07-06
6374,Kyle,Simmons,23,46303,SD,2024-12-31
6375,Daniel,Owens,45,64095,MA,2022-03-13
6376,Julie,Webster,48,86304,WV,2018-01-23
6377,Brent,Fowler,46,50466,AZ,2017-11-16
6378,Allison,Wise,41,207424,KY,2019-02-01
6379,Erin,Willis,51,135579,MS,2020-05-22
6380,Steven,Wright,55,176530,WV,2018-10-11
6381,Gabriella,Peterson,51,234164,OR,2024-01-06
6382,Tammie,Turner,43,99125,IL,2020-02-05
6383,Micheal,Young,55,160764,LA,2025-06-07
6384,Timothy,Dunn,58,140997,FL,2023-05-13
6385,William,Garcia,46,210621,KS,2016-09-02
6386,Tina,Baker,77,158330,NV,2025-06-09
6387,Angela,Larson,64,139293,MT,2024-09-01
6388,Christine,Kelly,70,72688,WI,2025-11-02
6389,Lynn,Morton,27,162588,MS,2026-01-08
6390,Megan,Savage,26,157078,VI,2017-11-25
6391,Theresa,Ward,63,149986,NV,2019-02-18
6392,Michael,Martinez,26,214686,UT,2018-12-13
6393,Eric,Watson,50,168711,CO,2023-01-01
6394,Lisa,Williams,25,212051,ID,2017-11-21
6395,Michael,Hill,31,149388,MI,2019-04-23
6396,Laura,Dyer,48,38547,IA,2017-07-04
6397,Tamara,Escobar,65,71114,IA,2023-08-27
6398,Amanda,Merritt,78,176545,OK,2019-06-13
6399,Jennifer,Murphy,41,61133,WI,2024-04-07
6400,Valerie,Parrish,56,137117,MS,2020-11-22
6401,Lauren,Lewis,25,61684,AL,2023-02-16
6402,Tonya,Smith,41,179884,AS,2018-04-29
6403,Mario,Friedman,36,40559,WY,2018-07-16
6404,Kim,Cruz,51,70187,FM,2025-12-13
6405,Natalie,Case,25,127377,TX,2021-07-25
6406,Kimberly,Miller,37,128162,DE,2023-04-18
6407,Jennifer,Clark,37,107065,MN,2023-08-09
6408,Edward,Walker,49,37334,AL,2022-03-22
6409,Emily,Riley,68,67452,WY,2016-07-21
6410,Jamie,Simon,27,235466,ID,2016-07-27
6411,Mary,Ball,55,140561,RI,2024-01-05
6412,Jorge,Bauer,21,109996,PR,2018-09-06
6413,Ann,Rodriguez,74,104313,MP,2024-06-04
6414,Joshua,Little,31,77992,NY,2020-03-21
6415,Samuel,Fowler,70,223897,VT,2024-02-18
6416,Sarah,Rodriguez,49,30546,TX,2019-04-19
6417,Justin,Mcmahon,25,173533,DC,2018-12-31
6418,Meghan,Meyer,40,47711,CA,2025-11-29
6419,John,Williams,73,41713,MN,2020-06-27
6420,Natalie,Nelson,44,156137,LA,2022-03-28
6421,Julia,Harris,54,111186,ID,2023-06-23
6422,Joshua,Rogers,54,148587,VI,2022-08-11
6423,Jeffrey,Johnson,75,118558,DC,2025-02-11
6424,Robert,Smith,68,128908,NV,2026-02-06
6425,Zachary,Carpenter,48,248748,NV,2019-06-13
6426,Scott,Gordon,64,248545,WI,2021-07-11
6427,Kristi,Roberson,56,64815,WA,2016-11-05
6428,Laura,Coleman,66,66312,RI,2023-03-19
6429,James,Maddox,50,196844,MN,2026-04-12
6430,Randy,Mcpherson,47,229669,NH,2025-01-10
6431,Mitchell,Long,46,204907,NM,2020-08-19
6432,Eric,Rodriguez,46,69054,MI,2018-02-26
6433,Katherine,Benitez,73,220805,PR,2020-05-20
6434,Alyssa,Torres,38,53413,FL,2024-03-29
6435,Ryan,Prince,69,193779,RI,2022-12-24
6436,Susan,Jordan,60,193470,IA,2018-01-28
6437,Joshua,White,44,131511,WV,2019-01-23
6438,Robert,Murphy,32,133650,GA,2024-05-29
6439,Erin,Jones,39,171818,ID,2017-08-05
6440,David,Kelly,20,205752,KS,2019-01-31
6441,Shannon,Dickerson,74,146155,MP,2017-10-27
6442,Sarah,Baldwin,65,102712,AL,2026-04-26
6443,Samantha,Green,59,53207,NY,2020-04-30
6444,Jessica,Malone,73,73414,MH,2024-04-19
6445,Deborah,Roman,63,36502,NC,2025-02-28
6446,Jessica,Fitzpatrick,54,195179,MD,2025-11-17
6447,Grace,Lopez,68,232269,VI,2023-10-23
6448,Chad,Garrett,63,110962,NH,2024-03-09
6449,Howard,Duran,53,199124,AS,2021-06-24
6450,Connor,Lopez,25,198798,AZ,2024-07-05
6451,Katelyn,Cantrell,53,52322,ME,2023-08-18
6452,Amber,Porter,30,192189,GU,2024-09-28
6453,Charles,Martin,52,181219,CT,2017-11-17
6454,Derek,Frank,66,43860,PR,2024-04-03
6455,Samantha,Miller,79,179486,VT,2018-10-03
6456,Tyler,Stewart,51,79648,OK,2019-07-05
6457,David,Peterson,66,154737,GU,2022-02-07
6458,Michael,Williams,50,34892,CT,2024-10-06
6459,Tara,Morrow,25,202557,AS,2017-06-22
6460,Jeffrey,Robinson,77,169423,ID,2023-01-12
6461,Jeffrey,Conrad,29,34973,WI,2019-09-09
6462,James,Potter,35,236243,HI,2023-04-04
6463,Sharon,Rosales,31,94300,IN,2021-11-13
6464,Andrew,Gordon,71,214973,MH,2025-05-22
6465,Mark,Harrington,71,181926,FL,2019-06-25
6466,Mikayla,Dean,46,52189,DE,2020-06-12
6467,Robert,Stein,69,169865,MI,2018-01-31
6468,Michelle,Walker,56,113999,ME,2018-06-21
6469,Melissa,Dalton,43,184374,CA,2023-06-30
6470,Linda,Hanson,20,158836,SD,2017-06-29
6471,Juan,Smith,73,36098,AZ,2018-09-13
6472,Nicole,Hernandez,39,144561,MN,2016-12-05
6473,Stephanie,White,29,138773,AK,2025-09-22
6474,Jon,Robinson,19,168386,MD,2018-11-26
6475,Bill,Norman,38,130141,NY,2023-02-18
6476,Johnny,Sweeney,34,53861,PW,2026-05-13
6477,Craig,Knox,25,56039,MS,2017-04-21
6478,Jo,Ortiz,52,74081,OK,2016-09-10
6479,Natalie,Campbell,36,67757,FM,2016-07-02
6480,Jeremy,Shaw,29,96992,RI,2016-09-29
6481,Daniel,Martin,67,53495,DC,2017-07-14
6482,Susan,Murphy,27,110424,MD,2017-10-23
6483,Jason,Brown,78,136765,AL,2024-03-16
6484,Susan,May,61,74352,OR,2019-05-30
6485,Christopher,Hernandez,21,191081,NM,2023-09-18
6486,Alex,Austin,79,115273,ID,2025-03-19
6487,Melissa,Wilkins,29,37122,TN,2025-03-26
6488,Valerie,Bailey,63,45335,HI,2024-03-27
6489,Cindy,Acevedo,37,132220,FL,2017-03-23
6490,Mark,Moore,24,113896,OK,2020-04-15
6491,Brianna,Cole,27,138219,MA,2020-11-05
6492,Elizabeth,Reese,75,114991,PA,2024-05-28
6493,Paul,Delacruz,34,128438,NC,2018-06-05
6494,Jessica,Castro,78,246987,LA,2018-04-07
6495,Tracy,Bowen,75,61710,NY,2018-03-21
6496,Sergio,Brandt,21,83099,NY,2020-05-21
6497,Tanya,Brown,33,227167,ID,2024-07-02
6498,Billy,Miller,56,183624,DC,2016-11-27
6499,Michael,Kerr,33,159231,ID,2022-11-22
6500,Kevin,Smith,50,227234,NY,2022-05-14
6501,Brenda,West,50,130938,DE,2019-07-26
6502,Jason,Schmidt,78,60167,FL,2021-09-28
6503,Jonathon,Watson,35,45894,MI,2023-01-02
6504,Deborah,Hardy,38,151850,MT,2022-04-15
6505,Donald,Lopez,53,136712,KY,2018-05-04
6506,Edward,Small,22,156922,GU,2023-12-21
6507,Stacy,Davidson,19,136822,FL,2023-09-22
6508,Andrea,Johnson,58,91273,AL,2023-03-21
6509,John,Curtis,76,34881,ND,2025-04-22
6510,Marcus,Campbell,35,175247,NJ,2018-09-23
6511,Keith,Mcclain,79,183661,AS,2021-10-19
6512,Allison,Christensen,61,56610,FL,2023-07-13
6513,Thomas,Maldonado,33,230010,WY,2018-10-26
6514,Ashley,Osborn,53,200800,AS,2022-08-22
6515,Amy,Barnes,68,62917,VA,2021-08-04
6516,Theresa,Mcgee,37,178962,IL,2019-10-22
6517,Theodore,Greer,44,146911,MO,2026-05-22
6518,Kayla,Cooper,23,196670,KY,2019-07-17
6519,Ronald,Wood,50,83335,AL,2018-01-02
6520,Brandon,Gordon,68,67320,NY,2020-02-21
6521,Brandy,Stein,41,171673,IL,2020-10-01
6522,Steven,Herrera,28,235002,OK,2022-06-13
6523,George,Grant,33,170911,LA,2017-02-23
6524,Olivia,Brennan,78,141084,CT,2025-10-09
6525,Matthew,Curry,79,175529,MA,2019-05-18
6526,Melissa,Monroe,46,40955,DC,2017-10-31
6527,Raymond,Kirk,18,243029,GU,2021-04-25
6528,Brian,Shaw,47,247414,WV,2021-09-11
6529,Kenneth,Hamilton,57,105825,MP,2023-10-10
6530,Adrian,Martinez,59,73878,MH,2019-12-02
6531,Jeremy,Turner,18,45774,IA,2019-06-25
6532,Peter,Potter,77,156402,OR,2026-04-02
6533,Zachary,Cook,35,186727,NY,2026-06-06
6534,Emily,Torres,34,208257,KS,2022-10-08
6535,Nicholas,Watson,42,122122,MH,2020-12-26
6536,Joshua,Jackson,71,195729,MP,2025-12-15
6537,Sarah,Morris,31,183395,AZ,2021-09-23
6538,Richard,Kelly,71,163779,WI,2020-02-05
6539,Steven,Hall,36,41923,DC,2022-12-07
6540,Julie,Delacruz,28,223772,PW,2022-02-02
6541,Nicholas,Adams,52,177608,SD,2019-11-28
6542,Gregory,Duke,22,108810,VI,2018-12-21
6543,Nathaniel,Beck,23,133626,ND,2024-03-02
6544,Briana,Reynolds,62,62237,PR,2026-01-17
6545,Michael,Richards,71,66608,OH,2018-09-26
6546,Elijah,Smith,64,175877,FL,2023-10-22
6547,Victor,Juarez,35,143236,SC,2025-04-13
6548,Lee,Johnson,31,190024,ID,2019-05-10
6549,Brittany,Robinson,50,240254,MA,2024-05-10
6550,Jimmy,Brown,38,208808,MD,2021-12-24
6551,Douglas,Woods,78,119819,MD,2020-07-16
6552,Brittany,Roberts,58,98514,UT,2024-11-19
6553,Tammy,Wright,80,227314,VI,2020-06-28
6554,Joshua,Lynch,63,148677,MH,2017-10-26
6555,Laura,Tucker,35,94468,OK,2018-05-23
6556,Michelle,Wells,60,114315,NC,2018-07-21
6557,Donald,Smith,39,85213,MT,2025-06-17
6558,Debra,Matthews,47,187158,MP,2022-06-10
6559,Amanda,Patterson,39,34161,IL,2016-07-21
6560,Karen,Stewart,76,211363,ID,2017-02-21
6561,Natalie,Black,26,199461,FM,2021-04-14
6562,Cheryl,King,77,30536,MS,2017-01-05
6563,Kara,Vasquez,56,154919,NH,2023-05-27
6564,Gina,Odom,18,32510,KY,2020-10-20
6565,Albert,Mason,61,75491,VA,2023-04-10
6566,Jennifer,Torres,44,175697,TN,2022-04-20
6567,Nicholas,Burch,75,212580,DC,2017-04-03
6568,Kimberly,Hodges,63,158182,AK,2017-10-27
6569,Joseph,Summers,66,132967,VI,2019-10-08
6570,Nicholas,Daniel,52,51272,ND,2025-11-24
6571,Steven,Howard,68,200156,NV,2024-06-01
6572,Edward,Crane,59,50322,OR,2025-06-11
6573,Gabriel,Acosta,52,38112,WY,2019-05-22
6574,Jennifer,Patel,75,248125,TX,2018-04-14
6575,Shane,Wang,70,206059,MH,2020-12-23
6576,Ryan,Miller,46,206225,PR,2020-12-03
6577,Tina,Greene,25,122535,MT,2024-07-03
6578,Charles,Acevedo,80,243065,VT,2018-06-07
6579,Dominique,Rosales,42,246915,MI,2019-06-06
6580,Melanie,Young,56,123838,VA,2024-11-24
6581,Donna,Mccarty,42,76448,AK,2023-12-17
6582,Ashley,Clark,71,231317,MI,2024-04-23
6583,Daniel,Smith,69,212722,AS,2017-02-01
6584,Michelle,Calderon,80,32210,PA,2022-09-27
6585,Lisa,Schneider,25,151292,IA,2021-01-31
6586,Timothy,Young,41,80591,GU,2021-08-24
6587,Alexander,Smith,46,32454,CA,2017-08-04
6588,William,Watson,32,224810,CO,2022-06-16
6589,Michael,Yoder,19,228815,AR,2026-05-05
6590,Erin,Jones,35,208403,MA,2024-01-09
6591,Beth,Smith,76,215911,UT,2023-11-05
6592,Natalie,Johnston,40,80203,MT,2023-04-14
6593,Robert,Flynn,23,243983,WV,2024-04-08
6594,Mark,Sandoval,57,193902,MS,2023-11-13
6595,Joseph,Rios,37,241921,AL,2016-09-10
6596,Cynthia,Baldwin,63,87972,AZ,2025-09-06
6597,Mark,Gray,32,159448,FL,2021-07-21
6598,Heather,Fritz,79,125158,WI,2020-01-17
6599,Caleb,Smith,20,103598,FM,2017-09-02
6600,Joel,Martin,49,214561,TX,2025-04-15
6601,Thomas,Rodriguez,63,188866,MH,2021-02-02
6602,Dawn,Strong,31,31870,LA,2017-10-03
6603,Derrick,Wade,30,245252,MT,2025-05-06
6604,Christian,Nash,58,133831,MP,2017-12-01
6605,Karen,Garcia,25,102704,ND,2025-11-25
6606,Dennis,Jones,54,161157,IA,2017-06-10
6607,Kayla,Ortiz,49,74689,MO,2024-07-24
6608,Katelyn,Griffin,53,80795,NY,2024-05-11
6609,Travis,Lutz,60,223675,NY,2020-05-12
6610,Matthew,Mccann,54,206206,AK,2019-03-09
6611,Desiree,Barnett,61,188065,WA,2017-09-30
6612,Ronald,Gordon,54,76013,VA,2022-09-03
6613,Samantha,Jones,22,184183,MA,2022-02-21
6614,Stephanie,Black,26,225552,NY,2024-05-19
6615,Nicholas,Hayes,22,63405,LA,2022-11-23
6616,Thomas,Yoder,34,179396,MT,2024-02-23
6617,Elizabeth,Scott,72,89759,VT,2020-08-10
6618,Diane,Garcia,74,167122,MI,2023-01-18
6619,Joshua,Robinson,64,235062,NM,2021-06-06
6620,Marvin,Harris,35,80292,ND,2021-05-22
6621,David,Anderson,72,207728,NH,2022-11-03
6622,Kenneth,Hess,19,211662,DE,2021-06-07
6623,Carl,Mcguire,61,169707,NV,2019-07-13
6624,Katherine,Obrien,57,96301,OK,2016-12-31
6625,Theresa,Kelly,61,176831,ME,2017-03-22
6626,Kelly,Harvey,74,148994,IN,2016-06-06
6627,Jeremy,Lewis,18,141965,NC,2018-10-18
6628,Amy,Hill,59,206449,LA,2021-08-16
6629,Jason,Hartman,78,200401,NV,2020-05-02
6630,Nancy,Walters,21,114672,LA,2025-04-25
6631,Colin,Greer,45,136660,LA,2022-01-08
6632,Paul,Perkins,35,61907,SC,2017-05-20
6633,Derrick,Hughes,61,165867,WV,2024-09-27
6634,Brandon,Smith,47,159911,IN,2018-01-16
6635,Daniel,Vasquez,41,165595,VA,2022-06-27
6636,Michael,Ingram,66,41394,TN,2018-07-28
6637,Dylan,Spencer,74,219063,FL,2020-11-30
6638,Brenda,Trevino,32,42311,WI,2020-09-10
6639,Gerald,Vazquez,35,140116,CO,2023-09-01
6640,Bruce,Nunez,52,147666,TN,2017-06-30
6641,Michael,Middleton,38,31352,OK,2017-02-10
6642,Robert,Reese,43,81015,KY,2017-06-09
6643,Johnathan,Patterson,39,51445,ID,2023-06-07
6644,Matthew,Williams,74,179899,VA,2024-11-11
6645,Patricia,Young,69,36651,IL,2020-12-08
6646,Alfred,Maynard,65,89147,IN,2017-10-18
6647,Alexander,Woods,80,210761,MS,2021-05-21
6648,Patricia,Brown,45,49514,RI,2023-07-27
6649,Richard,Hawkins,76,95531,UT,2018-10-23
6650,Erika,Mccann,30,73117,IA,2019-03-28
6651,Nicole,Cross,39,111475,MA,2024-07-18
6652,Sally,Herrera,22,194100,NE,2019-10-16
6653,Megan,Wilson,58,55356,NC,2019-11-09
6654,Stacy,Orozco,19,155820,OR,2020-12-20
6655,Barbara,Tran,45,241827,MO,2021-08-20
6656,Aaron,Rodriguez,19,185328,NJ,2022-02-04
6657,Cathy,Cross,69,194180,IL,2021-09-21
6658,Isaac,Velasquez,77,117635,OR,2016-07-04
6659,Dawn,Miller,71,95643,AR,2022-12-08
6660,Sandra,Baldwin,33,58269,WV,2023-09-20
6661,Stacey,Anderson,48,92484,WI,2025-01-07
6662,Heather,Gordon,79,119339,VA,2019-03-27
6663,Ryan,Bush,71,44269,ND,2025-10-05
6664,Mark,Garcia,70,117448,PW,2019-03-17
6665,Richard,King,51,238171,KS,2019-04-12
6666,Pamela,Smith,33,49113,VA,2023-10-10
6667,Tiffany,Hatfield,67,187277,IA,2020-10-07
6668,Daniel,Alvarez,57,144957,MI,2023-04-23
6669,Jonathan,Davis,66,55079,NE,2022-07-03
6670,Andrew,Neal,58,147035,WY,2019-09-05
6671,Nicole,Reid,55,62722,NV,2016-12-11
6672,James,Mcmillan,23,45908,PR,2021-04-25
6673,James,Chung,76,38740,FM,2025-01-25
6674,Joseph,Coleman,42,112124,FM,2021-01-20
6675,Brianna,Smith,74,211761,ME,2024-11-03
6676,Tracy,Watson,22,235166,FL,2022-09-10
6677,Thomas,Clark,26,46253,IN,2022-05-17
6678,Jason,Whitaker,76,240340,IN,2025-04-29
6679,Bryan,Lopez,46,44362,MT,2021-05-08
6680,Travis,Romero,37,190101,MN,2026-04-27
6681,Sandra,Rodriguez,58,143204,DC,2026-05-20
6682,Daniel,Lopez,22,56693,MS,2018-05-30
6683,James,Jones,61,44625,OK,2022-10-02
6684,Betty,Hill,53,43684,NJ,2025-07-29
6685,Sara,Ryan,36,129996,IN,2021-04-01
6686,David,Evans,43,55121,SD,2016-11-27
6687,Kathleen,Johnson,57,227122,NE,2023-07-24
6688,Calvin,Horne,44,91108,WY,2023-06-26
6689,Francisco,Mcgrath,73,187175,OK,2026-04-30
6690,Terri,Washington,68,202942,AL,2021-08-22
6691,Rodney,White,57,32780,PW,2017-11-21
6692,Victoria,Arnold,47,130642,IN,2024-06-17
6693,Wesley,Young,47,238447,ND,2017-06-13
6694,Matthew,Turner,45,192584,KS,2017-03-01
6695,Justin,Moore,57,56549,MP,2025-09-15
6696,Hannah,Foster,39,200635,MH,2025-09-03
6697,Stephanie,Alvarado,78,207150,MO,2016-09-17
6698,Joanne,Davis,68,36808,MH,2020-02-23
6699,Gerald,Harris,47,165584,IA,2016-08-02
6700,Eric,Adams,39,184091,AL,2017-06-15
6701,Mark,Smith,30,58313,OK,2021-02-19
6702,Christopher,Lynn,24,33221,OR,2023-12-17
6703,Brian,Crane,56,216987,NM,2022-05-14
6704,Sarah,Harris,22,185421,NE,2019-05-26
6705,Gabriela,Alexander,68,80754,OR,2017-08-01
6706,Micheal,Becker,75,180264,MH,2022-02-03
6707,Warren,Thompson,26,197081,AS,2025-02-10
6708,Steven,Henderson,50,97183,MD,2026-05-18
6709,John,Banks,40,140364,TN,2023-04-18
6710,Douglas,Johnson,48,219955,DE,2022-04-21
6711,Brooke,Ball,57,146555,SD,2019-02-28
6712,Gary,Fuller,29,93740,KY,2019-05-06
6713,Paul,Collins,26,238935,NM,2019-11-08
6714,Jack,Rogers,20,45857,PR,2019-05-05
6715,Holly,Orozco,26,111701,DE,2016-07-17
6716,Abigail,Hall,55,144254,MO,2020-09-21
6717,Crystal,Smith,50,200840,FM,2022-01-13
6718,Michael,Bailey,66,123780,SD,2021-12-16
6719,Tina,Clay,37,183004,CO,2019-08-14
6720,Stacy,Foster,74,171857,AR,2021-04-26
6721,Ronald,Ramirez,67,68174,GA,2025-06-06
6722,Paul,Obrien,27,153082,NY,2021-03-23
6723,Charles,Hale,37,188159,WA,2018-07-09
6724,Jesse,Hood,39,106300,NV,2018-12-08
6725,Peter,Dickerson,41,32118,NE,2019-06-13
6726,Steven,Gordon,51,183731,NV,2019-07-18
6727,Johnny,Johnston,60,207812,NE,2021-02-26
6728,Rebecca,Lee,27,45025,VT,2024-08-04
6729,Gabriel,Macdonald,33,162935,AZ,2023-11-28
6730,Bradley,Hill,70,248936,DC,2017-05-01
6731,Brandon,Bishop,53,44314,CA,2023-09-20
6732,Cheryl,Reed,45,120129,PW,2021-03-25
6733,Charles,Williamson,30,82526,PR,2022-02-04
6734,Victoria,Keller,58,82759,TX,2021-08-25
6735,Kristina,Gibson,68,47931,TX,2018-01-04
6736,Jonathan,Smith,39,79638,MT,2022-11-07
6737,Donald,Lewis,60,154708,MS,2021-02-28
6738,Gloria,Drake,62,211361,NE,2023-10-20
6739,Nancy,Price,80,152526,NJ,2024-09-09
6740,Lindsay,Lee,56,211512,ME,2018-11-28
6741,Jay,Anderson,39,181626,FL,2025-09-02
6742,Mark,Wilson,54,117991,WY,2024-01-30
6743,Jessica,Sanders,57,108546,AR,2025-02-20
6744,Thomas,Calderon,44,116145,SD,2021-11-09
6745,Adam,Sanchez,28,57485,MT,2019-12-29
6746,Mark,Marshall,47,236881,MA,2024-12-19
6747,Robert,Cunningham,76,41060,WY,2019-02-11
6748,Shawn,Miller,49,87515,NH,2019-02-05
6749,Erik,Brooks,76,30969,ND,2017-09-25
6750,Steven,Owens,58,88464,ND,2016-11-06
6751,Charlene,Nichols,62,90364,NV,2025-03-02
6752,Joseph,Allen,47,193556,NH,2025-03-12
6753,Kerry,Collier,31,92657,PW,2024-06-13
6754,Brian,Santos,48,222567,MN,2019-08-07
6755,Ian,Day,67,243556,SD,2025-11-25
6756,Nicholas,Huang,39,241621,SC,2018-04-26
6757,Nicole,Williams,65,128543,UT,2017-07-17
6758,Jeffrey,Elliott,31,134939,HI,2024-10-08
6759,Tara,Moore,29,246553,IA,2024-03-03
6760,Steven,Torres,18,125110,MS,2021-09-26
6761,Robert,Humphrey,18,49328,IN,2026-01-03
6762,Sarah,Williams,40,37868,FL,2025-04-18
6763,Jared,May,53,60196,NC,2024-01-15
6764,William,Smith,27,106172,SC,2021-09-18
6765,Jennifer,Watson,46,80961,IL,2020-02-25
6766,Leon,Lee,58,183534,PR,2018-10-24
6767,Gary,Hobbs,76,230679,SD,2019-08-13
6768,Jeremiah,Wolf,41,41509,AZ,2019-01-31
6769,Richard,Webster,80,37781,NE,2023-11-21
6770,Meghan,Gonzales,30,81858,MH,2025-09-22
6771,Marcus,Price,36,75651,DC,2018-06-12
6772,Amanda,Wiggins,32,98681,MI,2018-09-21
6773,Aaron,Cox,64,75687,MO,2026-03-24
6774,Jorge,Phillips,39,175360,WI,2026-02-15
6775,Cristina,Hamilton,33,76803,MT,2021-09-21
6776,Spencer,Richards,30,35634,SC,2022-08-27
6777,Colleen,Wang,29,98626,GU,2025-01-25
6778,Amber,Washington,76,56526,MS,2019-06-24
6779,Willie,Barrett,19,247958,ND,2022-01-16
6780,Donna,Silva,61,65977,PA,2017-03-21
6781,Laurie,Wong,42,201670,NE,2022-12-14
6782,Matthew,Tucker,68,59089,WI,2021-07-27
6783,Deborah,Dixon,39,85112,CT,2020-09-24
6784,Chad,Patton,37,149591,AK,2018-02-23
6785,Taylor,Hutchinson,33,126899,FM,2018-05-25
6786,Jonathan,Keith,69,127609,KS,2023-04-13
6787,Michelle,Jacobs,60,74920,MO,2021-06-25
6788,Kathleen,Zimmerman,78,168130,NM,2022-08-02
6789,Brooke,Smith,80,239459,WY,2023-02-08
6790,Bruce,Hammond,57,143696,MI,2018-12-06
6791,Christopher,Sanchez,74,216369,AL,2025-12-10
6792,Kathy,Gentry,22,61062,OR,2022-03-03
6793,Mary,Griffith,27,64287,PA,2023-05-01
6794,James,Nelson,68,79713,ME,2025-12-07
6795,Matthew,Davis,30,169606,AK,2017-02-23
6796,Kyle,Johns,42,212020,VI,2016-12-02
6797,Anthony,Shelton,41,113349,MI,2018-10-18
6798,Ethan,Campbell,56,142601,MD,2024-02-26
6799,Eric,Smith,80,196761,KY,2019-11-22
6800,Thomas,Bowen,33,42109,PR,2020-01-18
6801,Mark,Parker,66,191488,AS,2021-09-30
6802,Kaitlyn,Stokes,55,79571,MT,2016-12-03
6803,Samantha,Rogers,72,170369,AK,2024-12-17
6804,Alexandra,Decker,36,236985,MA,2016-08-27
6805,Willie,Davidson,27,115899,OH,2022-07-03
6806,Cheryl,Jacobs,33,43961,NE,2016-09-04
6807,Sara,Hays,58,238564,IN,2022-06-26
6808,Kelly,Sanchez,35,63150,CO,2018-12-19
6809,Alicia,Lee,72,163239,PW,2023-06-12
6810,Billy,Dean,79,183113,AS,2021-11-15
6811,Andrew,Lewis,74,158185,FM,2021-10-17
6812,Sandy,Cox,31,220656,KS,2019-03-30
6813,Jacqueline,Moore,23,235695,OR,2019-02-18
6814,Caitlin,Rodriguez,48,237355,NV,2019-07-07
6815,Scott,Villa,60,191188,ID,2022-11-22
6816,Matthew,Lewis,22,73891,OK,2022-01-09
6817,Eileen,Jordan,50,131742,WY,2020-05-01
6818,Patricia,Snyder,66,199101,VT,2021-10-18
6819,Alexis,Hernandez,66,163472,MT,2018-01-14
6820,Timothy,Hayes,41,160701,SC,2020-04-23
6821,Robert,Rodriguez,51,151704,ID,2018-01-06
6822,Ronald,Lara,29,114364,OK,2018-02-10
6823,Lisa,Horne,63,128010,WI,2017-12-12
6824,Michelle,Pope,51,212061,PR,2023-08-01
6825,Chelsea,Greene,48,217603,CT,2020-08-15
6826,David,Briggs,79,159706,ND,2018-08-30
6827,Misty,Hayes,48,100342,SC,2023-07-15
6828,Heather,Reynolds,55,135105,KS,2021-07-14
6829,Alisha,Adams,58,237257,LA,2019-07-18
6830,Janet,Santiago,55,200324,CO,2025-04-28
6831,Brenda,Fox,20,84316,CT,2021-02-10
6832,Nicholas,Houston,32,83215,NY,2019-01-13
6833,Ashley,Walters,46,91442,PA,2022-10-08
6834,Joshua,Huber,43,87303,NJ,2019-08-20
6835,Vanessa,Jacobs,37,141417,CT,2025-12-28
6836,Michael,Acevedo,74,128850,VI,2024-04-17
6837,Michelle,Clark,54,71211,AK,2020-08-08
6838,Anthony,Rogers,77,128069,MI,2021-05-11
6839,Sally,Reid,34,174323,MD,2020-07-01
6840,Eric,Rodriguez,23,65213,TN,2018-08-21
6841,Courtney,Blake,66,52027,AR,2025-11-29
6842,Roger,Morales,36,146524,NY,2020-01-07
6843,Joseph,Gilbert,51,122163,GU,2026-03-30
6844,Katherine,Williams,32,183082,MI,2022-02-11
6845,Lisa,Richard,20,151963,MI,2022-01-08
6846,Kimberly,Black,50,192824,DE,2023-06-09
6847,Benjamin,Johnson,39,141700,MI,2020-10-01
6848,Kenneth,Johnson,46,152565,RI,2017-10-20
6849,Crystal,Nelson,45,137204,OH,2020-09-18
6850,Lori,Singleton,41,240896,NC,2016-12-10
6851,Crystal,Burns,49,113105,IL,2024-10-20
6852,Colleen,White,35,130236,MN,2017-07-13
6853,Adrian,Hernandez,19,77072,MO,2025-01-06
6854,Willie,Knox,46,91286,IA,2020-12-20
6855,Michael,Oconnell,34,199175,MP,2016-08-19
6856,Samuel,Clark,22,124134,VI,2023-06-06
6857,Makayla,Glenn,75,51605,LA,2022-04-15
6858,Kevin,Glenn,36,161534,ID,2022-08-24
6859,Jillian,Berry,50,173301,LA,2018-10-31
6860,Jennifer,Johnson,59,50488,AS,2016-10-18
6861,David,Hardin,68,102463,RI,2020-04-06
6862,Margaret,Holmes,77,89701,AK,2018-10-14
6863,Lucas,Juarez,24,61087,NC,2016-06-26
6864,Maria,Howard,22,124433,UT,2022-05-27
6865,Jason,Reynolds,20,173137,HI,2017-09-10
6866,Nicole,Miranda,30,117492,CA,2018-09-17
6867,Pamela,Harvey,30,206975,FL,2022-01-29
6868,John,Holt,39,95542,CO,2025-08-18
6869,Jack,Harris,37,225352,AL,2017-09-25
6870,David,James,70,231453,NC,2016-10-21
6871,Andrew,Trujillo,61,101949,KS,2021-06-02
6872,William,Smith,30,214979,UT,2026-05-06
6873,Michelle,Logan,56,66140,IL,2017-03-24
6874,Steven,Martin,72,227232,OK,2021-09-15
6875,Kimberly,Anderson,63,223939,CA,2021-03-16
6876,Karl,Gilbert,52,98455,MN,2025-08-05
6877,Michael,Andrews,18,231870,ND,2021-07-10
6878,James,Jordan,37,103884,IA,2023-07-02
6879,Teresa,Rhodes,70,120867,MA,2019-06-15
6880,Anna,Thomas,68,135856,PR,2021-10-15
6881,Samantha,Brown,78,136367,WY,2020-06-07
6882,Robert,Petersen,70,182031,MP,2017-04-02
6883,Marc,Morales,66,201785,AR,2021-10-28
6884,Heather,Davis,18,153733,MH,2020-05-25
6885,Scott,Jennings,59,164387,VA,2026-02-18
6886,Patricia,Shaffer,66,69133,PR,2023-08-24
6887,Laura,Hampton,73,134203,MS,2024-10-11
6888,Earl,Aguirre,32,89487,WA,2025-08-17
6889,Austin,Wagner,64,226381,KY,2021-01-03
6890,Michael,Swanson,31,154371,IA,2024-03-13
6891,Susan,Cooper,32,165220,MI,2019-03-13
6892,Kimberly,Cook,55,236038,FM,2021-06-02
6893,Andrew,Ellis,53,228605,CO,2023-03-21
6894,Rachel,Moon,47,219401,GU,2025-07-09
6895,Lindsay,Johnson,70,150953,PW,2020-05-04
6896,Kelsey,Bowman,39,237595,TX,2016-07-19
6897,Linda,Mitchell,23,112070,MH,2019-11-08
6898,Dustin,Gray,72,79242,OK,2023-06-13
6899,Christopher,Thomas,45,231885,ND,2019-04-06
6900,Philip,Benson,78,212961,PR,2024-02-05
6901,Trevor,Stephens,44,84941,AL,2024-09-22
6902,Dwayne,Hines,46,147957,PR,2023-06-27
6903,Tiffany,Vargas,72,176393,VI,2016-08-14
6904,John,Colon,19,128225,NE,2021-05-04
6905,Meghan,Solis,26,181390,MT,2025-11-28
6906,Chad,Manning,73,63645,AS,2020-12-13
6907,Austin,Fisher,37,223411,TX,2025-03-29
6908,Stephanie,Bartlett,18,161019,AS,2025-07-31
6909,Heather,Gibson,69,202713,GU,2017-03-18
6910,Tracy,Woods,71,122972,AR,2019-10-12
6911,Lindsey,Jennings,39,89111,MT,2024-12-14
6912,James,Richardson,44,141599,MO,2021-02-05
6913,Rhonda,Johnson,61,227296,IA,2017-01-09
6914,Jessica,Walters,43,229974,NH,2019-12-21
6915,Anthony,Perez,67,211015,NY,2023-02-07
6916,Ashley,Diaz,52,108548,NE,2023-05-30
6917,Ronald,Carroll,38,183866,CT,2017-09-29
6918,Michael,Ingram,19,178787,HI,2025-06-15
6919,Jeremy,Thomas,68,38443,GA,2017-09-21
6920,Sandra,Cherry,77,66473,MT,2021-07-24
6921,Diane,Ortega,27,116573,AK,2018-12-23
6922,Kathy,Ayers,54,195108,KY,2024-11-10
6923,Aaron,Miller,69,188073,IL,2018-08-09
6924,Maria,Brown,76,189340,UT,2016-12-16
6925,Thomas,Bush,54,132468,MS,2020-10-16
6926,Sabrina,Hahn,80,129960,PW,2026-05-16
6927,Gina,Kramer,31,132402,DE,2020-11-18
6928,Brandon,Jackson,22,170113,WI,2019-08-27
6929,Sherry,Hunter,42,79371,RI,2016-06-15
6930,Jennifer,Flores,48,58478,VT,2016-06-14
6931,Raymond,Martinez,39,179294,CA,2017-10-17
6932,David,Gordon,79,148367,MH,2023-01-09
6933,Ryan,Lowe,58,109860,KY,2026-03-16
6934,Erica,Sellers,23,74937,SD,2017-12-05
6935,Lori,Perez,24,206917,RI,2025-07-31
6936,Mary,Stevenson,53,76566,AK,2018-07-05
6937,Paul,Smith,20,246655,PA,2016-08-07
6938,Michael,Lane,62,188168,KS,2017-02-20
6939,Jacqueline,Mcgee,49,37035,MP,2017-04-11
6940,Sharon,Davidson,29,82166,AK,2024-06-19
6941,Julie,Greer,22,131159,TX,2023-01-09
6942,William,Harris,36,83973,MO,2024-09-02
6943,Matthew,Humphrey,32,106311,GU,2025-04-28
6944,Michael,Taylor,60,167467,OH,2018-02-16
6945,Andrew,Baxter,22,149187,IA,2025-10-01
6946,Dawn,Thompson,21,126639,NY,2025-03-19
6947,Chase,Williams,51,32895,AL,2022-10-22
6948,Sergio,Rowland,28,115661,PA,2020-11-18
6949,Barbara,Gilbert,73,137704,NJ,2023-06-21
6950,Lisa,Turner,43,71165,AK,2021-05-25
6951,Steven,Jordan,25,63852,UT,2017-11-18
6952,Kimberly,Phillips,52,139684,VI,2025-02-27
6953,Brad,Fernandez,48,224810,MA,2016-11-15
6954,Mario,Jimenez,22,131972,MO,2022-10-06
6955,Theresa,Bonilla,79,84127,MH,2022-03-06
6956,Ronald,Khan,26,83916,MP,2024-07-14
6957,Julie,Brown,37,143298,PW,2025-08-30
6958,Spencer,Kirk,70,216036,GU,2024-06-09
6959,David,Andrews,60,154460,CA,2022-08-09
6960,Victoria,Donaldson,28,188258,WY,2024-03-27
6961,Joshua,Thomas,54,111346,RI,2026-01-31
6962,Christina,Rivera,55,83208,PR,2020-12-27
6963,Madison,Woods,50,217897,ME,2020-04-29
6964,Jodi,Dominguez,61,150312,PW,2020-12-04
6965,Gregory,Valencia,35,82875,LA,2018-12-28
6966,Jennifer,James,18,67405,KS,2017-07-14
6967,Valerie,Garcia,46,46769,MA,2018-11-15
6968,Carolyn,May,70,134657,WA,2022-11-23
6969,Rachael,Johnson,56,241698,WY,2025-06-03
6970,Kenneth,Curry,33,167850,CO,2016-12-03
6971,Krystal,Hunt,39,179219,CA,2018-08-23
6972,Kaitlyn,Rocha,74,158701,WY,2022-09-06
6973,Christine,Williams,47,151292,CT,2018-06-23
6974,Joseph,Jenkins,54,40245,ND,2025-05-16
6975,Catherine,Peterson,65,53882,PR,2021-08-22
6976,Rebecca,Moon,36,199423,FM,2022-10-22
6977,Billy,Medina,74,149618,VA,2025-02-18
6978,Darrell,West,40,213583,NC,2017-03-10
6979,Kimberly,Sanchez,71,216554,CA,2019-11-27
6980,Douglas,Summers,68,107974,AL,2016-06-27
6981,David,Cohen,43,190701,GU,2023-01-09
6982,Dennis,Smith,70,242332,FM,2021-07-11
6983,Brenda,Flores,72,75908,ID,2016-10-14
6984,Wayne,Ray,44,95309,VI,2023-01-01
6985,Danielle,Ali,29,191935,OR,2018-01-16
6986,Jimmy,Jackson,64,143266,PW,2016-10-05
6987,Kimberly,Moss,47,130837,MD,2023-03-27
6988,Drew,Golden,76,202773,TN,2020-06-02
6989,Heather,Chapman,29,213113,TN,2025-05-30
6990,James,Fitzgerald,54,55043,KS,2024-10-16
6991,Kathryn,Payne,43,213145,ME,2018-01-24
6992,Olivia,Guzman,78,41446,NH,2024-12-10
6993,Anthony,Walker,33,71400,MN,2025-04-23
6994,Lisa,Knight,35,194648,AR,2023-05-14
6995,Wendy,Mccoy,52,106517,NY,2020-01-19
6996,Austin,Olson,60,47496,RI,2024-03-03
6997,Matthew,Douglas,62,220457,WV,2024-11-09
6998,Jermaine,Hogan,64,86952,NM,2021-03-15
6999,Robert,Brown,76,159364,HI,2025-11-12
7000,Kristen,Oconnell,44,229717,MN,2020-11-05
7001,Taylor,Scott,53,61779,IA,2021-05-06
7002,Christian,Cunningham,41,50062,CO,2018-09-01
7003,Shannon,Barajas,66,57583,NH,2021-07-28
7004,Kelsey,Kramer,50,230943,NY,2023-09-07
7005,Casey,Shelton,67,115462,MP,2021-11-02
7006,Geoffrey,Wall,44,148210,MH,2018-06-23
7007,Karen,Fox,28,96261,PR,2021-10-13
7008,Travis,Bailey,31,162661,RI,2017-10-25
7009,Matthew,Kennedy,20,151154,MP,2025-12-18
7010,Shannon,Odom,19,49187,CA,2018-03-17
7011,Kelly,Torres,58,212055,ND,2020-05-19
7012,John,Farmer,61,226538,MT,2025-11-28
7013,Kristen,Cisneros,47,129917,DE,2023-06-08
7014,Andrew,Morrison,39,225548,VI,2023-11-23
7015,David,Thompson,43,80961,MP,2023-09-29
7016,Erica,Ramirez,43,39902,AK,2021-10-17
7017,Cody,White,18,95694,FM,2024-06-08
7018,Monica,Barber,25,215886,MN,2016-07-08
7019,Deanna,Mitchell,76,65777,WV,2023-10-25
7020,Erin,Figueroa,38,205713,RI,2023-04-11
7021,Alexander,Duncan,65,151699,VI,2024-10-29
7022,Jean,Gonzales,49,150941,CO,2025-02-18
7023,Cindy,Jones,22,51639,OR,2022-09-29
7024,Emily,Garza,53,202234,NM,2026-05-29
7025,Julie,Mills,33,217061,VA,2016-10-18
7026,Kenneth,Garner,78,144746,HI,2017-11-25
7027,Cory,Cannon,26,153414,GU,2021-11-03
7028,Linda,Knox,70,103175,IL,2016-12-07
7029,Frederick,Roberson,71,72301,VI,2019-05-27
7030,William,Park,28,249806,AL,2021-10-25
7031,Krista,Burns,19,189118,SC,2020-10-13
7032,Christopher,Dean,24,76461,KY,2024-08-20
7033,Latoya,Montoya,36,62545,WI,2023-07-16
7034,James,Morales,52,224365,WY,2020-12-04
7035,John,Oneill,43,74159,AL,2025-01-26
7036,Alexa,Vega,22,206001,GU,2021-03-10
7037,David,West,66,32938,VI,2019-06-09
7038,Crystal,Hull,61,101631,UT,2018-06-17
7039,Cynthia,House,27,145515,NC,2017-10-01
7040,Kaitlyn,Williams,40,76645,IL,2018-06-27
7041,Bradley,Merritt,31,217278,AS,2022-02-04
7042,William,Morgan,20,206958,MA,2019-06-01
7043,Cheryl,Bass,52,86666,IA,2022-07-17
7044,Clayton,Chen,46,212646,OR,2021-06-19
7045,Nathan,Duffy,21,249283,DC,2019-02-07
7046,Tommy,Ford,58,242732,MS,2017-05-08
7047,Anna,Wilcox,51,198037,FL,2022-10-21
7048,Gabrielle,Allen,60,217802,RI,2021-02-23
7049,David,Duncan,60,56946,SD,2018-08-26
7050,Malik,Santos,42,210970,KS,2026-05-03
7051,Jill,Preston,37,146388,VT,2019-09-24
7052,Donald,Foster,21,186815,WI,2021-02-13
7053,Patricia,Carr,18,42757,IN,2019-04-10
7054,Scott,Graham,67,128931,WA,2025-12-15
7055,Selena,Morgan,67,82884,FL,2017-12-03
7056,Richard,Collins,77,95457,RI,2025-02-14
7057,Dustin,Ford,41,92531,WV,2021-11-14
7058,Mitchell,Stuart,30,53956,RI,2024-07-02
7059,Nancy,Stephenson,19,140541,VT,2022-06-30
7060,Amanda,Lee,19,33816,CA,2017-01-30
7061,Martin,Shaffer,39,245096,UT,2024-07-11
7062,Stephanie,Gutierrez,30,208247,WY,2022-05-20
7063,Lauren,Gordon,60,46560,MI,2018-09-29
7064,Taylor,Baker,32,55323,HI,2025-02-11
7065,Ryan,Spears,69,248991,PA,2026-03-09
7066,Debra,Williams,71,204092,SC,2017-12-23
7067,Yvonne,Wolf,28,219795,NY,2020-01-03
7068,Jasmine,Ferrell,28,41537,CT,2022-05-27
7069,Matthew,Ward,44,164348,CO,2024-03-12
7070,Jeffrey,Lee,24,243811,MS,2019-12-26
7071,Taylor,Green,38,114588,ID,2019-02-01
7072,Nicholas,Valdez,53,194308,MP,2017-05-29
7073,Joseph,Brown,30,193754,KS,2018-01-10
7074,Anthony,Bell,31,172004,MI,2021-04-14
7075,Jamie,Nguyen,43,142166,AS,2026-03-27
7076,Brandon,Taylor,25,90924,PR,2026-01-09
7077,Lisa,Morris,31,57757,NH,2025-08-17
7078,Scott,Cole,40,114768,CO,2016-06-16
7079,Jacob,Hall,29,33930,CA,2023-04-28
7080,Mark,Williams,43,201440,KS,2021-03-20
7081,Abigail,Smith,38,33140,VA,2024-09-23
7082,Isabella,Blair,42,85775,NM,2020-01-24
7083,Alexandra,Taylor,47,87696,NJ,2020-06-14
7084,Joyce,Miller,22,202480,AR,2024-10-21
7085,Dustin,Moore,70,102995,NC,2019-12-10
7086,Rachel,Carter,59,193554,PR,2021-07-11
7087,Donald,Allison,41,41518,VA,2021-07-23
7088,Christopher,Escobar,22,87294,OH,2019-10-27
7089,Sean,Gonzalez,44,109045,NY,2024-10-11
7090,Laura,Lewis,67,186989,VA,2025-03-21
7091,Tyler,Williams,49,56689,SD,2022-08-31
7092,Kimberly,Smith,63,170556,IA,2020-04-13
7093,Donna,Nelson,68,179213,PW,2016-09-02
7094,Emma,Figueroa,28,96044,FM,2023-03-29
7095,Alan,Park,79,54836,GA,2025-08-22
7096,Cheryl,Rios,56,115027,AK,2026-01-16
7097,Nicole,Hoffman,80,195379,AZ,2019-05-10
7098,Christopher,Bowman,62,131860,PR,2025-12-17
7099,Eric,Smith,61,232219,OH,2016-07-08
7100,Kim,Watkins,62,64847,PA,2022-07-03
7101,Briana,Lindsey,39,75961,NE,2019-12-30
7102,Jim,Johnson,58,229679,GA,2025-11-25
7103,Brenda,Hall,74,210256,PR,2021-10-04
7104,Drew,Hampton,38,204685,GU,2021-04-11
7105,Jennifer,Johnson,48,47698,NH,2023-02-01
7106,Paula,Stewart,39,34626,WV,2020-12-11
7107,Lisa,Holden,56,183363,OH,2025-05-23
7108,Debra,Brown,46,130236,ID,2017-12-12
7109,Rhonda,Hodges,50,197927,DC,2022-10-15
7110,April,Davis,65,90928,WV,2018-03-20
7111,Traci,Walker,50,184001,CA,2018-11-08
7112,Seth,Farmer,63,33484,MN,2017-11-11
7113,Zachary,Pope,32,35560,LA,2021-08-03
7114,Adam,Williams,57,228951,IA,2017-09-12
7115,Edward,Martin,75,62520,ID,2022-04-18
7116,John,Fernandez,37,91969,GA,2024-08-08
7117,Brian,Trujillo,65,142328,RI,2024-10-10
7118,Barbara,Wilcox,66,93844,MS,2023-04-22
7119,Michael,Hicks,57,50811,VI,2022-06-01
7120,Zachary,Williams,21,66059,IA,2023-10-15
7121,William,Perkins,41,160738,ND,2016-10-20
7122,Chris,Smith,36,82956,AR,2016-12-30
7123,Lisa,Bowers,27,128500,SC,2017-08-23
7124,Michelle,Sanders,31,198306,WY,2020-06-18
7125,Kimberly,Adams,20,92407,MN,2022-05-25
7126,Beth,Foster,77,220135,OR,2023-04-01
7127,Keith,French,56,146320,OH,2022-12-08
7128,Brent,Olson,65,116164,CO,2025-10-10
7129,Melissa,Hull,26,102909,AR,2024-09-06
7130,Sierra,Smith,38,198716,DE,2023-04-20
7131,Danielle,Long,68,229358,NC,2023-04-25
7132,Kenneth,Williams,20,166543,NJ,2022-11-01
7133,Margaret,Thomas,68,138761,AK,2021-06-10
7134,Danielle,Mack,59,243047,HI,2019-11-10
7135,Willie,Santos,36,226752,ID,2024-01-26
7136,Jane,Parker,19,90033,MO,2018-03-26
7137,Ann,Johnson,72,222118,MI,2019-02-23
7138,Julia,Raymond,39,119844,AS,2026-02-06
7139,Jamie,Walls,33,83953,OK,2018-08-18
7140,John,Cooper,52,44175,NH,2017-06-27
7141,Connor,Baird,76,204327,OK,2019-06-22
7142,Eric,Miranda,33,240095,WV,2021-12-02
7143,Antonio,Cooke,61,212525,NM,2021-01-09
7144,Patrick,Mason,64,88312,PR,2021-12-08
7145,Valerie,Smith,56,130004,WY,2021-04-06
7146,Robert,Mccullough,51,114315,AK,2020-11-14
7147,Christopher,Little,29,145962,AR,2022-09-06
7148,Denise,Shelton,58,31584,AK,2019-03-15
7149,Dominique,Hess,22,158881,HI,2016-06-12
7150,Crystal,Bartlett,22,80453,GU,2019-08-01
7151,Paul,White,21,196295,RI,2021-07-21
7152,Amanda,Andersen,27,83535,VT,2025-06-02
7153,Anthony,Moore,26,54054,AZ,2017-02-24
7154,Michael,Morris,29,185354,DC,2017-11-06
7155,Christopher,Banks,53,247899,NV,2024-03-05
7156,Sarah,Robinson,68,83575,SD,2017-08-12
7157,Lauren,Hebert,33,163018,TX,2020-08-28
7158,Kimberly,Hall,23,141736,AL,2020-04-03
7159,Cassandra,Rodriguez,64,152440,TN,2016-08-03
7160,Ricky,West,37,73033,GA,2025-11-11
7161,Thomas,Rodriguez,64,81782,TN,2021-01-01
7162,Michelle,Chandler,33,141153,NH,2023-11-02
7163,Julia,Moore,29,188820,NH,2024-11-06
7164,Brian,Wolfe,33,109456,PA,2024-05-12
7165,Scott,Bell,36,181105,AR,2024-04-26
7166,Matthew,Hicks,46,196619,SD,2023-06-17
7167,Sara,Moreno,30,101266,WV,2023-12-17
7168,Joshua,Floyd,73,234810,CO,2021-10-15
7169,Katie,Rivera,48,50975,FL,2025-02-22
7170,Sarah,Hicks,78,124262,MI,2019-07-09
7171,James,Fox,43,129016,NC,2016-12-29
7172,Stephen,Coleman,28,153394,NE,2025-03-11
7173,Megan,Graham,46,140807,NC,2016-10-31
7174,Robert,Young,50,189749,NC,2023-01-28
7175,Ronald,Brown,65,143621,FM,2023-06-30
7176,Carol,Smith,66,70862,AZ,2018-11-05
7177,Victor,Ray,70,238026,WY,2017-02-06
7178,Susan,Phelps,48,35193,AL,2018-07-31
7179,David,Hull,66,129986,NC,2020-01-05
7180,Aaron,Nielsen,45,51818,CO,2018-02-06
7181,Jodi,Lopez,66,108703,IA,2021-03-01
7182,Michelle,Walker,56,170823,VA,2025-07-06
7183,Sandra,Calderon,27,174926,OR,2022-01-08
7184,Sylvia,Moses,64,76058,GA,2019-01-28
7185,David,Green,34,129732,DE,2021-01-10
7186,Tina,Martinez,47,110176,NE,2017-11-12
7187,Ronald,Barr,47,104245,MO,2024-01-04
7188,Janice,Roberts,42,177362,MI,2025-03-12
7189,Anthony,Johnson,56,156050,WA,2021-07-29
7190,Devin,Robles,22,117355,DE,2020-12-17
7191,Nancy,Saunders,26,217397,MO,2020-12-19
7192,Eric,Butler,48,81305,AL,2025-10-31
7193,David,Nguyen,27,79709,PA,2023-06-15
7194,Mathew,Reyes,18,33364,FL,2019-05-28
7195,Chris,Reid,73,161255,WI,2019-04-19
7196,Douglas,Henson,64,220144,OR,2018-10-27
7197,Albert,Garcia,41,158831,KS,2023-03-17
7198,Connor,Odonnell,43,139004,CA,2023-09-20
7199,Jay,Kelly,78,133455,DE,2025-09-10
7200,Erica,Lambert,80,224561,NC,2018-10-21
7201,Diane,Smith,41,130673,IN,2022-02-15
7202,Jonathan,Green,49,110690,IL,2023-10-30
7203,Dalton,Evans,59,184221,FL,2023-12-21
7204,Tyler,Gonzalez,22,137161,WY,2016-06-07
7205,Regina,Good,74,40178,MT,2018-10-11
7206,Adam,Morrison,76,62631,OH,2020-10-26
7207,Sean,Lawrence,42,178270,IL,2020-08-23
7208,Amy,Rowe,28,80915,OK,2024-04-08
7209,Gabriel,Morris,66,144372,WI,2022-12-12
7210,Kristina,Ramsey,79,96914,TX,2025-09-30
7211,Diane,Mcmahon,67,227021,OR,2025-01-04
7212,Johnny,Young,64,121377,MD,2020-06-25
7213,Shelby,Evans,50,215893,ND,2025-01-12
7214,Vickie,Bartlett,49,196456,CA,2018-01-29
7215,Vanessa,Bailey,62,126516,NY,2018-11-07
7216,Caitlin,Heath,62,45126,ND,2025-04-29
7217,Kathleen,Krueger,59,131012,DE,2017-01-12
7218,Kevin,Harvey,77,141159,OH,2025-01-03
7219,Desiree,Hill,65,94694,NV,2023-04-17
7220,Austin,Dixon,33,155232,DE,2024-07-12
7221,Mark,Brown,20,243156,MH,2019-06-28
7222,Katie,Duran,41,195400,KS,2023-08-17
7223,Nicole,Curry,63,207320,WV,2019-09-13
7224,James,Lopez,19,212837,CO,2017-03-07
7225,Reginald,Quinn,60,199170,NJ,2020-01-28
7226,Christine,Collins,27,98506,MA,2024-01-13
7227,Kimberly,Hall,56,149398,NH,2016-12-31
7228,Christine,Pitts,78,208537,IA,2026-04-10
7229,Lauren,Ross,27,96660,WV,2025-03-15
7230,Nathan,Fletcher,33,187849,NH,2020-12-09
7231,Courtney,Sandoval,55,203697,MI,2022-02-11
7232,Hayley,Wilson,71,72317,VA,2023-04-16
7233,Paul,Jones,18,60600,LA,2021-02-26
7234,Christina,Johnson,67,54197,ME,2016-06-26
7235,John,Rogers,59,216544,MA,2024-04-08
7236,Michelle,Wade,76,130754,MH,2025-10-22
7237,Jessica,White,43,215091,WV,2022-06-02
7238,Sean,Hutchinson,55,51062,MP,2017-04-01
7239,Tyler,Martinez,51,79498,MO,2016-08-08
7240,Ryan,Hernandez,74,140872,IN,2017-03-25
7241,Crystal,Barnes,28,247513,AL,2022-12-13
7242,Kimberly,Delgado,45,96288,KY,2017-10-26
7243,Amanda,Prince,62,109225,VT,2024-10-28
7244,Michael,Hansen,50,169775,WV,2020-08-06
7245,Amanda,Jenkins,60,130345,WY,2025-05-06
7246,Jennifer,Brown,55,110734,PW,2024-05-23
7247,Jeffrey,Powell,64,137900,DC,2018-08-01
7248,Tina,Young,66,220749,PR,2023-01-11
7249,Gary,Soto,73,53297,AZ,2024-01-19
7250,Scott,Hooper,24,196770,CO,2021-03-15
7251,Caleb,Norton,54,233604,DC,2022-06-12
7252,Debra,Costa,69,120280,NV,2019-04-03
7253,Dawn,Conway,70,67411,ME,2025-08-21
7254,Timothy,Cunningham,35,226275,ID,2020-05-15
7255,Kelly,Ellis,31,226159,MA,2023-09-05
7256,Matthew,Curtis,43,213241,CO,2020-05-09
7257,Sara,Wilkins,37,31683,ME,2025-06-11
7258,Kelly,Church,28,244011,LA,2017-09-02
7259,Kelly,Frye,49,30413,OR,2023-01-20
7260,Frank,Miller,24,48308,DC,2024-04-25
7261,Jillian,Shepherd,67,212535,PR,2018-06-26
7262,Jeffrey,Graham,44,167615,KY,2019-08-12
7263,Jennifer,Beck,44,201578,ME,2016-10-28
7264,Danielle,Gonzalez,36,222162,MD,2022-08-10
7265,Aaron,Hester,45,74730,NV,2021-12-10
7266,Nicholas,Howell,29,128212,TX,2026-03-31
7267,Jennifer,Moore,29,214561,MS,2019-05-19
7268,Ann,Brown,26,81909,AL,2017-09-16
7269,James,Holt,49,77706,VI,2023-05-03
7270,Brenda,Jones,50,58898,IL,2018-01-27
7271,Jake,Thompson,46,178659,CA,2021-04-10
7272,Samantha,Rodriguez,70,85724,AL,2022-11-22
7273,Christopher,Perez,29,82675,AS,2022-10-31
7274,Kevin,Case,21,226585,FL,2024-05-03
7275,Alice,Fuller,29,242121,DE,2019-07-21
7276,Heidi,Evans,66,80301,AK,2017-02-03
7277,Andrew,Powers,34,137162,SC,2024-12-29
7278,Jamie,Johns,46,194321,MA,2018-07-17
7279,Sandra,Cunningham,76,193688,FM,2018-03-07
7280,Kimberly,Sherman,24,196837,OR,2020-03-11
7281,Ronald,Stout,28,50921,FL,2018-06-07
7282,Kelsey,Haley,36,52467,WV,2021-11-25
7283,Mary,Johnson,42,62684,WI,2018-11-05
7284,Joseph,Mitchell,35,46846,WA,2024-07-07
7285,Keith,Martinez,39,37776,WY,2022-03-01
7286,Kevin,Williams,55,91546,AL,2019-09-07
7287,Chad,Sanders,48,157190,KY,2022-09-05
7288,Elizabeth,Moran,61,229369,MH,2022-08-04
7289,Kayla,Curtis,24,32492,OH,2017-08-06
7290,James,Wright,21,99751,MS,2019-05-08
7291,Angela,Hunt,66,31894,AZ,2021-02-27
7292,Michelle,Hernandez,60,182684,GU,2021-11-14
7293,Samantha,Kelly,68,40973,NV,2021-09-08
7294,Linda,Andersen,24,85330,MI,2018-08-22
7295,Ryan,Zuniga,51,237562,IL,2017-07-13
7296,David,Thomas,18,128478,NY,2017-07-18
7297,Jerry,Jackson,56,166334,MT,2025-01-10
7298,Timothy,Davis,79,229586,MP,2023-04-29
7299,Jacqueline,Burns,35,157382,VI,2025-12-11
7300,Michelle,Sparks,48,228419,WA,2022-10-16
7301,Scott,Michael,39,188432,OR,2020-01-11
7302,Andrew,Weaver,45,118224,ID,2024-10-18
7303,Michael,Dixon,41,208745,IN,2017-10-04
7304,Carolyn,Hernandez,74,119935,AR,2018-09-01
7305,Daniel,Robertson,38,244131,MI,2025-04-16
7306,James,Weeks,33,124689,MI,2023-12-29
7307,Amy,Baker,60,134456,MO,2022-10-07
7308,Debra,Smith,42,190119,IL,2017-11-17
7309,Robert,White,21,123330,MA,2020-12-22
7310,Bryan,Perry,73,116574,CO,2018-03-24
7311,Scott,Green,69,56260,UT,2021-08-10
7312,Jocelyn,Jimenez,18,149778,AK,2026-04-25
7313,Diana,Curry,73,213057,WI,2025-11-29
7314,James,Patterson,43,220112,WY,2024-04-28
7315,Elizabeth,Hurst,71,66402,PW,2018-12-11
7316,Stephanie,Reyes,19,187786,AS,2019-07-22
7317,James,Wright,25,169101,DC,2022-12-30
7318,Amanda,Fisher,35,213308,IA,2021-04-28
7319,Michael,Jones,66,243660,UT,2022-01-31
7320,James,Dennis,33,126581,VI,2021-09-01
7321,Andrew,Ford,46,192097,PW,2021-10-10
7322,Jose,Hall,61,202720,RI,2022-10-12
7323,Kyle,Flores,73,154570,PW,2017-12-21
7324,Stephanie,George,50,138298,OR,2025-01-24
7325,Joy,Waller,60,79266,NH,2022-01-09
7326,Edward,Jefferson,18,197267,ME,2019-02-28
7327,Jonathan,Walker,79,243023,SD,2016-10-07
7328,Destiny,Martin,38,34359,WY,2021-02-26
7329,Monica,Rivera,58,124425,MS,2025-10-25
7330,Shawn,Hawkins,73,41994,VA,2020-08-01
7331,Jeffrey,Owens,80,241696,MS,2019-02-19
7332,Stephanie,Harper,65,115334,MS,2018-08-18
7333,Elizabeth,Yoder,61,146472,NV,2017-01-26
7334,Cassie,Valentine,32,189059,MD,2021-04-05
7335,Matthew,Anderson,49,134900,MS,2025-06-24
7336,Morgan,Bowman,65,190587,VT,2026-02-14
7337,Eric,Riggs,68,51330,PW,2024-06-02
7338,Casey,Krause,40,142175,AR,2023-08-02
7339,Tamara,Brown,78,154812,NC,2017-08-16
7340,Ana,Murphy,60,213369,MS,2026-03-13
7341,James,Thompson,75,56333,WA,2023-02-19
7342,Mark,Wade,64,130888,AR,2021-05-12
7343,Leslie,Cook,36,189166,NC,2017-04-10
7344,Kimberly,Shaffer,30,216631,FL,2020-12-04
7345,Michael,Johnson,27,166329,MO,2019-02-01
7346,Andrew,Pierce,74,179918,NH,2019-02-05
7347,Gabrielle,Schwartz,68,217869,NV,2018-01-23
7348,Daniel,Morales,50,38321,WY,2024-01-24
7349,Christopher,Campbell,26,160528,WI,2019-11-03
7350,Kristi,Harris,68,52830,WY,2021-09-08
7351,Eric,Clark,37,248196,HI,2018-12-27
7352,Matthew,Ward,61,173850,DC,2019-06-24
7353,Joel,Hill,73,152369,RI,2019-10-06
7354,Anthony,Krause,28,146991,DE,2017-02-12
7355,Joseph,Patton,79,60324,RI,2018-01-05
7356,Stephanie,Williams,48,203707,WY,2020-11-06
7357,Robin,Hansen,52,93150,AR,2019-08-17
7358,Charles,Young,33,85480,DE,2020-02-25
7359,John,Lucas,28,227460,LA,2023-04-07
7360,Randy,Thompson,78,202948,AL,2019-10-30
7361,Luke,Carter,62,53444,PA,2019-01-30
7362,Aaron,Wilson,24,144004,AS,2016-11-27
7363,Alan,Mendoza,63,37660,FM,2019-09-08
7364,Cody,Parker,28,115590,WI,2021-08-20
7365,Jeffrey,Crane,75,130529,PR,2019-08-20
7366,Larry,Yates,67,103494,CO,2020-09-12
7367,Tracy,Davis,32,218527,GA,2021-04-01
7368,Erica,Warren,34,204570,PW,2019-01-08
7369,Jessica,Moore,48,205794,AK,2022-12-07
7370,Brad,Shaw,25,204450,MH,2022-06-23
7371,James,Giles,26,170127,IN,2020-07-07
7372,Aaron,Harrington,58,220163,MO,2024-11-20
7373,Brenda,Kennedy,49,53708,DC,2024-02-12
7374,Cesar,Harmon,68,211347,VA,2026-05-13
7375,Joanna,Weber,39,88669,NH,2024-01-05
7376,Brandon,Holt,77,180987,CT,2017-05-23
7377,Joseph,Lee,67,187464,MI,2021-02-15
7378,Christopher,Martin,22,198817,CO,2024-08-13
7379,Brandi,Sullivan,39,128830,DE,2017-02-04
7380,Albert,Donovan,76,218073,RI,2019-06-18
7381,Donald,Hester,65,222938,PW,2017-09-05
7382,Tammy,Gaines,64,130047,WA,2024-08-16
7383,Jackson,Crosby,59,198323,AS,2018-07-31
7384,Hayden,Smith,68,177298,MS,2024-11-27
7385,Courtney,Ramirez,79,144547,AK,2024-01-11
7386,Mike,Lewis,69,91175,AS,2022-08-24
7387,Maurice,Smith,32,97919,NJ,2020-09-14
7388,Gabrielle,Cain,25,106277,MD,2021-12-13
7389,Jackson,Roberts,23,59198,IN,2016-11-12
7390,Tracy,Crane,23,119191,MO,2025-02-03
7391,Richard,Contreras,65,185241,GU,2020-12-16
7392,David,Bullock,77,79324,MA,2019-06-10
7393,Angela,Deleon,65,60436,OR,2024-12-20
7394,Vincent,Perkins,54,126400,KY,2018-05-25
7395,Jimmy,Walter,26,112148,IN,2020-05-01
7396,Jacob,Whitaker,79,129665,AS,2018-07-20
7397,Marc,Diaz,54,223178,MN,2019-08-10
7398,Gregory,Reynolds,18,111474,UT,2016-11-18
7399,Nancy,Austin,21,184680,KY,2024-06-01
7400,Michael,Ali,52,79770,WA,2021-10-12
7401,Joseph,Miles,72,131750,TN,2017-02-01
7402,Johnathan,Heath,80,141070,MP,2018-04-12
7403,Jamie,Meadows,38,232186,NH,2020-10-24
7404,Ashley,Curry,41,239064,ND,2023-08-03
7405,Daniel,Roberson,61,238814,NH,2020-03-05
7406,Cory,Freeman,26,166249,NY,2021-05-30
7407,Kim,Black,60,187710,MS,2019-05-27
7408,Jeffrey,Mejia,55,88233,MS,2025-03-01
7409,Rebecca,Hoover,24,133628,HI,2023-09-12
7410,Elizabeth,Rodriguez,18,171110,MD,2023-01-06
7411,David,Pena,72,150744,MP,2022-02-12
7412,Lauren,Cannon,38,67932,NH,2024-01-20
7413,John,Williams,70,107810,IN,2018-12-03
7414,Joseph,Combs,71,87384,CT,2017-11-05
7415,Aaron,Schmidt,49,208252,CT,2022-08-09
7416,Jeffrey,Hanna,47,68646,NV,2017-03-29
7417,Michael,Brown,56,104289,VT,2022-12-13
7418,Tony,Guerra,27,225837,SC,2017-03-13
7419,Nancy,Smith,60,240053,LA,2018-01-18
7420,Robert,Davis,70,214278,PR,2017-11-21
7421,Amber,Allen,20,186992,NY,2024-02-07
7422,William,Bryant,38,110974,NC,2017-05-14
7423,George,Baxter,50,210512,WY,2026-05-14
7424,James,Craig,25,101683,SC,2017-11-14
7425,Christina,Smith,72,215210,GA,2026-03-22
7426,Jessica,Ashley,54,155378,AR,2018-10-02
7427,Marie,Bailey,58,247235,CT,2017-11-06
7428,Kimberly,Sanchez,31,159767,DC,2020-08-07
7429,Christine,Reed,36,214586,DE,2018-12-26
7430,Melissa,Ross,79,128751,TN,2019-04-25
7431,Caitlyn,Bowers,21,242391,MI,2024-05-28
7432,Brian,Larson,39,70029,MO,2024-03-05
7433,Bobby,Peterson,70,217895,MT,2021-03-19
7434,Micheal,Murphy,31,222061,LA,2020-08-10
7435,Randy,Holmes,77,242446,IA,2017-10-30
7436,Sarah,Elliott,32,213607,MS,2022-02-03
7437,Benjamin,Jones,65,43779,WY,2021-04-29
7438,Susan,Cruz,77,233433,SC,2022-07-30
7439,Timothy,Shaw,29,157796,AK,2023-12-28
7440,Robert,King,64,132710,AR,2016-07-16
7441,Michael,Martinez,37,243650,AS,2025-05-05
7442,Alan,Cuevas,60,71731,NE,2023-08-23
7443,Kelly,Smith,19,173639,ME,2025-03-11
7444,Desiree,Jackson,43,118450,PA,2019-12-29
7445,Joseph,Robles,45,207707,PA,2021-04-11
7446,Janet,Glenn,48,121306,CT,2024-11-13
7447,Alex,Sanders,66,132593,VA,2019-11-22
7448,Jimmy,Roy,43,48828,TX,2022-01-16
7449,Bryan,Hodges,51,220514,TX,2023-01-03
7450,Maria,Stewart,36,104020,FL,2020-07-02
7451,Margaret,Austin,62,81142,WI,2018-06-25
7452,Gregory,Myers,62,173657,AL,2023-10-17
7453,Brittany,Robinson,43,55511,NH,2024-01-14
7454,Kelly,Sanchez,26,114782,NM,2016-11-24
7455,Shawn,Gomez,66,237428,VI,2020-12-13
7456,Melissa,Perry,55,241044,DC,2020-08-31
7457,Louis,Williamson,21,216014,WI,2019-09-28
7458,Brandon,Gentry,37,149939,MT,2025-02-22
7459,Barbara,Harper,59,72911,WY,2022-03-29
7460,Brian,Robles,54,66060,OH,2024-06-15
7461,Stacy,Davis,46,212440,WY,2025-12-20
7462,Andrea,Yoder,48,106305,MT,2020-01-07
7463,Kevin,Brown,75,67964,MO,2023-07-16
7464,Paul,Banks,31,87183,MI,2019-01-05
7465,Kenneth,Santiago,69,226183,GU,2019-03-26
7466,Stephanie,Duncan,30,222759,WA,2024-05-17
7467,Andrew,Boyle,59,32394,LA,2025-06-09
7468,Thomas,Wolfe,41,220305,CO,2022-02-05
7469,Kristen,Jackson,72,180911,MD,2020-12-22
7470,Donna,Ramirez,24,207816,MP,2021-05-20
7471,Amanda,Bailey,68,68693,PW,2021-05-30
7472,William,Gonzales,42,141964,TX,2021-09-03
7473,Daniel,Gonzalez,61,74098,VI,2017-08-07
7474,Samuel,Guzman,77,44766,FM,2024-03-26
7475,Danielle,Stephens,24,123214,NC,2018-05-06
7476,Leslie,Cowan,80,154223,PA,2022-12-17
7477,Taylor,Hurst,29,43755,OR,2017-07-09
7478,Evan,Fry,25,165118,VT,2021-09-26
7479,Mason,Jones,59,118732,SD,2024-02-10
7480,Melissa,Jones,55,143723,MT,2019-01-03
7481,Jeremy,Harris,80,68946,IN,2019-12-13
7482,Steven,Aguirre,58,219412,SC,2018-01-29
7483,Brian,Edwards,43,94225,DE,2024-07-20
7484,Thomas,Wood,20,61143,IA,2020-09-17
7485,Kathryn,Hawkins,33,133978,RI,2024-05-11
7486,Lisa,Castillo,49,109348,IA,2022-05-11
7487,Angelica,Ferguson,62,186278,MA,2026-04-18
7488,Amy,Frey,79,75216,DE,2018-12-01
7489,Robert,Rivera,59,225349,OH,2018-12-03
7490,Mary,Bryant,42,233384,PW,2025-08-22
7491,Alyssa,Walters,62,238489,FM,2020-08-23
7492,Daniel,Lewis,60,202626,MT,2024-04-03
7493,Melissa,Wright,23,233877,PR,2021-10-27
7494,Jennifer,Rojas,47,244484,RI,2021-08-07
7495,Sara,Gomez,59,130165,NH,2019-01-29
7496,Corey,Smith,35,195762,VA,2025-09-16
7497,Linda,Lopez,59,146685,KS,2019-10-23
7498,Robert,Stanley,41,33041,AR,2019-12-04
7499,Amy,Collier,25,60573,NM,2018-05-18
7500,Barbara,Mathis,23,61995,IL,2016-11-11
7501,David,Gutierrez,49,198141,NJ,2021-11-09
7502,Lisa,Ross,60,163627,WI,2022-02-05
7503,Breanna,Schwartz,32,36036,SD,2020-02-17
7504,Sara,Bowen,55,180203,HI,2024-01-04
7505,Monica,Duran,54,155697,MO,2024-03-08
7506,Patrick,Nichols,35,211856,UT,2022-04-28
7507,Andrew,Green,65,54786,IA,2019-03-04
7508,Julie,Mccarthy,68,185419,AR,2024-12-07
7509,Crystal,Johnson,29,130652,MS,2025-12-16
7510,Ryan,Moses,48,198977,IA,2021-02-17
7511,Joshua,Rogers,62,143680,WI,2021-10-18
7512,Paul,Smith,37,179795,NV,2024-09-22
7513,Kelly,Hamilton,26,56067,TX,2023-10-04
7514,Christine,Sanchez,38,46645,VA,2025-09-17
7515,Lauren,Smith,63,238463,GU,2020-09-03
7516,Katrina,Mcgrath,52,78467,ME,2022-07-18
7517,Timothy,Bryant,43,243088,MN,2019-05-11
7518,Christine,Castro,62,35176,DE,2024-11-26
7519,Angela,Shaw,43,175767,OH,2023-09-29
7520,Patricia,Jones,70,170618,OH,2018-11-14
7521,Jennifer,Curtis,68,242912,NH,2022-05-28
7522,Megan,Morris,51,158073,CA,2019-03-20
7523,Melissa,Montoya,22,166026,OH,2020-11-25
7524,Cynthia,Bradley,71,183281,NY,2019-02-08
7525,Ryan,Peters,52,217105,MD,2019-06-07
7526,Roger,Smith,70,237111,MO,2024-02-15
7527,Janet,Hansen,59,62529,DE,2016-06-17
7528,Brandy,Perkins,66,227391,ME,2020-02-03
7529,Lance,Cervantes,31,202643,ME,2024-05-07
7530,Jesse,Mendez,75,60756,CA,2020-12-05
7531,Kimberly,Reyes,29,187051,PR,2021-07-19
7532,John,Pena,62,77169,HI,2021-09-07
7533,Shane,Green,18,175416,AS,2021-10-16
7534,Amanda,Orozco,46,239849,AZ,2024-07-26
7535,Karen,Evans,38,62255,AR,2019-03-04
7536,Susan,Bates,20,63768,NC,2021-03-24
7537,Patty,Kelley,54,84061,DC,2017-09-06
7538,Linda,Gibson,59,72260,NC,2016-11-07
7539,Randall,Fuentes,23,177455,NC,2020-03-05
7540,Bradley,Dennis,34,227412,PA,2020-06-12
7541,Austin,Chavez,20,52180,NY,2024-01-16
7542,Christine,Kim,80,62693,NM,2023-10-17
7543,Kelly,Martinez,50,108270,NE,2023-08-13
7544,Julie,Blake,41,172718,WI,2020-05-12
7545,Jeffrey,Galvan,28,140900,AR,2018-07-06
7546,Jennifer,Lee,80,202532,CO,2026-04-21
7547,Shari,Brown,18,95100,LA,2019-06-10
7548,Danielle,Vasquez,37,42102,GA,2020-01-10
7549,Ian,Cummings,78,166168,GA,2024-06-07
7550,Kenneth,Johnson,75,235206,AK,2024-11-12
7551,Kayla,Davis,36,202794,AS,2025-01-11
7552,Michael,Mercer,52,146633,KS,2020-05-09
7553,Cindy,Garcia,26,181275,NM,2020-06-04
7554,Margaret,Dodson,49,212216,GA,2024-12-30
7555,Alan,Marquez,38,167013,HI,2021-03-19
7556,Miguel,Bishop,76,122305,CO,2022-03-01
7557,Jeremy,Robinson,56,171088,MI,2018-08-15
7558,Adam,Thompson,50,85008,DE,2021-08-13
7559,Alicia,Evans,62,55954,ID,2025-11-05
7560,Robert,Hinton,60,244896,VT,2023-07-08
7561,Carol,Young,20,92154,DC,2024-10-03
7562,Cassandra,Fuller,20,79302,NJ,2021-10-03
7563,Jason,Bennett,27,108566,PA,2024-12-18
7564,James,Bennett,72,248268,MS,2018-11-23
7565,Brooke,Stanley,31,65181,OR,2022-03-07
7566,Gary,Weeks,56,174722,VA,2025-04-07
7567,Jennifer,Michael,31,185132,ID,2017-01-31
7568,Sara,Haas,40,102717,HI,2022-12-09
7569,Manuel,Rangel,26,221130,MN,2017-03-05
7570,Catherine,Williams,57,140628,KS,2024-11-08
7571,Melissa,Mitchell,22,174139,MS,2021-09-24
7572,Jonathon,Vasquez,34,98334,IA,2025-11-14
7573,Michael,Cole,42,200333,MD,2017-04-06
7574,Connie,Sullivan,75,72813,AR,2025-01-04
7575,Brandon,Brown,43,149555,VT,2020-04-02
7576,Patricia,Martin,23,96631,CO,2019-05-20
7577,Russell,Young,61,141501,OR,2020-09-29
7578,Crystal,Castillo,78,212063,MN,2020-12-30
7579,David,Frank,27,170484,AZ,2018-01-17
7580,Lindsey,Williamson,31,48496,MA,2020-09-03
7581,Ethan,Newton,58,222066,MO,2018-04-20
7582,William,Mitchell,35,195968,DC,2021-04-06
7583,John,Morris,62,199232,CA,2017-05-07
7584,Daniel,Murray,30,217287,TX,2019-05-05
7585,Curtis,Moore,41,177755,NJ,2021-09-28
7586,Christine,Johnson,60,199809,NJ,2021-03-02
7587,Mike,Prince,70,164067,DC,2024-08-05
7588,Jose,Conley,56,73002,NJ,2018-10-14
7589,Brooke,Foster,44,245369,VI,2024-01-16
7590,Samantha,Gomez,27,112931,AS,2017-06-11
7591,Jimmy,Hughes,68,143672,IN,2016-07-27
7592,Cheryl,Hicks,42,36792,MA,2017-01-09
7593,Jason,Barrett,79,188232,IN,2025-10-28
7594,Olivia,Long,33,50322,RI,2020-08-26
7595,Calvin,Davis,35,62668,CO,2026-03-12
7596,Richard,Mayer,52,58833,ID,2021-02-23
7597,Marissa,Newman,61,173751,WA,2019-01-20
7598,Mark,Hodges,44,47290,SD,2018-06-01
7599,Angela,King,39,197818,ID,2026-03-09
7600,Stephen,Allen,23,125110,KY,2019-02-11
7601,Anne,Donovan,76,117429,AZ,2016-06-11
7602,Jonathan,Rogers,67,101631,ME,2016-06-13
7603,Tina,Rivera,27,239216,FL,2016-10-11
7604,Seth,Henry,32,101734,MN,2023-02-10
7605,Susan,Jones,18,55676,PW,2019-09-20
7606,Tara,Pope,42,88255,MP,2020-01-21
7607,Ricardo,Elliott,42,57525,NM,2021-09-23
7608,Rebecca,Bonilla,68,62375,UT,2026-04-26
7609,Joseph,Davis,29,168012,KS,2017-03-06
7610,Bianca,Smith,64,110360,NY,2018-06-17
7611,Erica,Jones,55,245310,MS,2018-12-08
7612,Thomas,Cruz,69,158350,RI,2024-01-23
7613,Jeremy,Ortiz,24,168663,NJ,2020-06-17
7614,Donna,Ramos,40,213620,SC,2021-08-28
7615,Jennifer,Jackson,54,103923,AS,2021-07-11
7616,Keith,Goodwin,53,101055,MO,2024-10-18
7617,Robert,Bird,56,55969,UT,2018-08-08
7618,Todd,Gonzalez,75,42573,WI,2020-06-19
7619,Amber,Nelson,28,113360,CT,2020-10-31
7620,Matthew,King,78,227098,VA,2017-10-17
7621,Melinda,Hodge,42,77362,MO,2024-05-28
7622,Leslie,Bell,40,241310,KS,2019-01-08
7623,Traci,Austin,65,207684,LA,2025-06-24
7624,Ashlee,Hernandez,79,236765,CO,2019-03-11
7625,Amber,Chen,52,174617,AL,2021-04-16
7626,Jeanette,Jones,56,135552,NH,2017-12-07
7627,Kristin,Casey,48,185270,PW,2018-02-27
7628,Erin,Cooley,26,97911,RI,2022-05-27
7629,Courtney,Perry,18,210003,PR,2021-07-18
7630,Adriana,Ramirez,50,216967,LA,2021-12-14
7631,Linda,King,27,202376,NM,2017-12-04
7632,Christine,Schmitt,26,67400,MP,2023-06-01
7633,James,Powell,42,178782,IA,2019-10-17
7634,Elizabeth,Johnson,65,100089,MO,2022-06-10
7635,Brenda,Butler,21,220164,IL,2019-10-27
7636,Amber,Reed,58,127032,DC,2023-06-29
7637,Tyler,Wallace,63,233824,VI,2019-08-09
7638,Carol,Lane,33,207790,TN,2019-08-14
7639,Amanda,Ortiz,56,139640,VT,2021-10-08
7640,Gerald,May,63,150006,MO,2020-08-16
7641,Carmen,Williams,29,145070,CA,2018-06-09
7642,Melanie,Gilbert,40,239313,PW,2020-11-14
7643,Kimberly,Stephens,47,161656,NH,2022-06-22
7644,Scott,Nelson,36,102305,GA,2024-09-14
7645,Shannon,Combs,78,142136,IL,2025-11-03
7646,Alan,Cox,51,218341,VA,2022-06-30
7647,Donna,Collins,74,243391,HI,2026-05-09
7648,Douglas,Morrow,32,110003,AR,2022-05-27
7649,Taylor,Duncan,58,52791,DE,2018-05-04
7650,Angela,Glenn,78,110127,LA,2019-07-11
7651,Howard,Jones,44,232002,IN,2019-06-20
7652,Ryan,Lee,38,53629,ME,2022-11-09
7653,Malik,Jones,58,50833,FM,2024-05-11
7654,Sandra,Grant,22,221352,AR,2023-01-26
7655,Kathleen,Davenport,33,54545,PR,2024-11-01
7656,Joshua,Chapman,28,180815,CO,2018-01-02
7657,Elizabeth,Robinson,21,52173,MN,2020-07-03
7658,Kaylee,Mcdonald,65,104934,WV,2023-09-23
7659,Kenneth,Maynard,53,159197,ME,2023-04-06
7660,Blake,Kent,69,32803,MD,2025-02-12
7661,Wendy,Mcdaniel,79,141144,MS,2021-07-03
7662,Shelley,Wright,61,163348,MT,2023-03-18
7663,Brett,Perry,77,221574,ME,2020-01-05
7664,Chad,Chambers,26,155738,TN,2026-01-17
7665,Angela,Gonzalez,49,165007,AR,2026-03-04
7666,Jennifer,Ortiz,61,207412,KS,2024-10-29
7667,Laura,Greene,74,169567,AR,2019-09-12
7668,Anthony,Lopez,62,62687,GU,2022-07-19
7669,Carol,Vasquez,43,33643,MO,2021-01-24
7670,Audrey,Ortiz,57,79855,UT,2024-07-17
7671,Amanda,Solis,76,247945,NH,2020-04-27
7672,Angela,Kramer,65,31911,CA,2019-04-08
7673,Joseph,Smith,63,141405,RI,2021-02-02
7674,Melissa,Elliott,62,170070,IA,2023-05-15
7675,Meghan,Fernandez,65,120455,MI,2019-10-18
7676,Jacqueline,Olson,33,223719,KY,2019-01-12
7677,Kyle,Lambert,60,245839,OR,2024-04-15
7678,Emily,Webb,74,168441,DC,2022-04-14
7679,Amy,Wilson,61,189696,MP,2017-04-22
7680,Kayla,Holt,20,189219,MN,2020-04-28
7681,Hannah,Jimenez,46,74179,VA,2022-06-18
7682,Michael,Thompson,61,230202,HI,2023-02-16
7683,Emily,Barry,51,89000,OH,2018-04-25
7684,Yvonne,Harmon,29,49692,IA,2020-09-28
7685,Tammy,Jenkins,41,64948,DE,2022-06-06
7686,Jessica,Edwards,50,122613,HI,2019-08-17
7687,William,Dixon,78,43344,CO,2016-11-02
7688,Allison,Maldonado,45,159894,GA,2019-01-24
7689,Martha,Flores,42,74691,CA,2021-02-07
7690,Angela,Boyle,41,59683,OR,2022-12-27
7691,Bryan,Hamilton,39,208012,LA,2017-07-20
7692,Michelle,Anderson,33,248032,GA,2017-09-18
7693,Peter,Perry,52,230910,WA,2019-02-10
7694,Taylor,Williams,72,60897,OK,2019-05-29
7695,Robert,Vincent,36,108427,WV,2025-01-30
7696,Steven,Burgess,48,106951,WV,2020-07-14
7697,Maria,Rodriguez,34,85853,ME,2024-08-06
7698,Kevin,Johnston,18,223469,OH,2022-08-22
7699,Melissa,Herrera,58,179118,VI,2018-01-02
7700,Maria,Richards,43,87006,VI,2020-06-17
7701,Claudia,Brennan,77,109906,GU,2021-01-26
7702,Molly,Rodriguez,77,198551,OR,2018-04-06
7703,Stephanie,Davis,50,246459,MA,2021-09-13
7704,Ellen,Hill,75,39287,MH,2018-02-24
7705,Clinton,Smith,77,151387,MI,2020-01-11
7706,Amanda,Summers,75,191939,ND,2025-03-04
7707,Jonathan,Thompson,72,157996,AZ,2022-11-03
7708,Susan,Garcia,21,123256,NV,2020-11-05
7709,Christopher,Schneider,18,191357,LA,2017-11-05
7710,Brian,Phillips,47,116127,FM,2025-11-16
7711,Linda,Davis,37,122770,IN,2018-08-24
7712,Steven,Patrick,24,31351,MH,2018-04-19
7713,Annette,Clark,40,219381,FL,2019-03-05
7714,Justin,Morgan,29,135399,ME,2023-09-27
7715,Rhonda,Brown,40,32323,NC,2021-10-07
7716,Alyssa,Pham,24,142932,NH,2024-08-03
7717,Larry,Odonnell,49,81785,OK,2022-05-17
7718,Morgan,Sutton,23,168699,IL,2018-03-12
7719,Marc,Sheppard,50,70294,ND,2021-07-05
7720,Brandon,Williams,44,62464,KS,2020-12-19
7721,Gabrielle,Randolph,76,157772,IN,2017-09-10
7722,Janice,Anderson,18,70797,CT,2021-11-29
7723,Michael,Sims,67,202132,SD,2023-08-02
7724,Frank,Morgan,34,89269,NH,2022-04-17
7725,Elizabeth,Gonzalez,48,133640,VT,2020-08-05
7726,Keith,Sharp,41,108455,CT,2022-01-19
7727,Eddie,Wolfe,41,142287,HI,2020-03-18
7728,Heather,Erickson,75,77757,ND,2018-02-07
7729,Dalton,Williams,52,242741,CT,2022-07-13
7730,Brandon,Reyes,35,58493,HI,2021-07-24
7731,Haley,Mclean,46,202039,IN,2017-08-11
7732,Danielle,Vance,71,145174,NC,2024-01-10
7733,Wendy,Martinez,28,66667,RI,2017-06-12
7734,Mark,Wood,40,225845,ID,2020-01-23
7735,William,Daniels,45,31523,MA,2017-08-02
7736,Erin,Dean,40,215917,CO,2022-01-07
7737,Eric,Campbell,30,59010,AR,2025-10-12
7738,Nicole,Barrett,30,104684,PA,2018-09-02
7739,Karen,Lang,20,65043,SD,2020-08-26
7740,Anna,Brown,43,140377,PW,2022-10-23
7741,Michael,Allen,65,116825,NJ,2025-05-14
7742,Sophia,Anderson,75,38285,WA,2017-01-19
7743,Robert,Franco,28,204641,AS,2017-04-02
7744,Joanna,Goodwin,30,155644,IN,2023-08-11
7745,Zachary,Gomez,79,204389,PA,2022-07-13
7746,Matthew,Cabrera,80,99677,PW,2018-12-02
7747,Rachel,Parrish,25,140387,KY,2022-04-23
7748,Sherri,Smith,49,174211,LA,2018-11-16
7749,Edward,Bautista,49,239668,CA,2021-12-30
7750,Aaron,Jones,61,217254,PR,2022-04-28
7751,Benjamin,Wallace,26,115167,MI,2023-05-17
7752,Joshua,Bailey,66,230380,FL,2024-12-26
7753,Hannah,Scott,67,134825,MD,2023-02-21
7754,James,Atkinson,50,220315,MD,2022-12-25
7755,Keith,Harris,77,224482,CO,2026-02-25
7756,David,Potter,71,246436,OH,2020-11-27
7757,Diana,Martin,42,64450,TX,2019-10-23
7758,Heather,Bradley,25,58279,SC,2024-12-12
7759,Margaret,Nelson,68,35544,SD,2020-06-29
7760,Kelli,Martin,26,70774,KY,2024-08-16
7761,Arthur,Holden,40,161072,ND,2023-08-29
7762,Dana,Mejia,18,231165,MA,2020-12-12
7763,Deanna,Young,61,91998,NM,2019-10-26
7764,Mercedes,Rojas,21,207814,CO,2016-11-13
7765,Andrea,Simmons,71,119690,AZ,2018-08-05
7766,Kimberly,Frank,45,186522,CA,2020-10-09
7767,Jennifer,Carpenter,65,32104,OH,2020-07-07
7768,Hannah,Bullock,45,155879,CO,2023-12-04
7769,Matthew,Williams,36,103983,ND,2016-11-18
7770,Brandon,Fuentes,49,51656,NC,2023-10-31
7771,Timothy,Marquez,66,142447,NY,2016-11-06
7772,Kaitlyn,Petty,33,191903,OH,2023-05-25
7773,Christine,Hart,27,221168,NJ,2023-01-20
7774,Michael,Hall,50,78984,VI,2023-12-01
7775,Matthew,Sampson,33,103698,GU,2020-09-18
7776,Barbara,Morgan,67,60151,ND,2019-10-14
7777,Marilyn,Hammond,73,99082,OH,2019-06-14
7778,Joseph,Villa,62,94842,ID,2021-03-10
7779,Jennifer,Keith,60,245117,TX,2020-03-07
7780,Herbert,Kidd,45,82012,PW,2019-03-22
7781,Matthew,Garcia,48,215194,UT,2022-03-12
7782,Tanya,Davis,68,242324,PR,2021-03-14
7783,Rachel,Baldwin,24,213800,MD,2018-02-07
7784,Marie,Johnson,64,161683,KS,2017-01-12
7785,Cody,Rogers,57,77497,ME,2023-10-09
7786,Joy,Martinez,30,184978,NY,2024-06-12
7787,Monica,Rose,58,196324,OR,2019-04-20
7788,Monique,Hernandez,27,90131,SC,2023-04-03
7789,Steven,Sanchez,25,64680,UT,2016-12-10
7790,Matthew,Moore,43,40057,NE,2025-06-11
7791,Lauren,Parker,35,80378,CA,2022-12-13
7792,Andrew,King,77,68327,WI,2019-10-23
7793,Tanya,Walker,45,34629,AK,2025-10-07
7794,Andrea,Andrade,57,82335,CA,2022-05-26
7795,Barry,Bryant,23,43357,PA,2022-08-01
7796,Brian,Patterson,42,136770,TX,2016-07-29
7797,Jasmine,Shaw,51,110332,KY,2022-08-18
7798,Alexander,Turner,62,196018,FL,2023-02-08
7799,Carolyn,Burke,80,90667,KY,2020-11-30
7800,Cheryl,Steele,32,118127,PW,2023-11-11
7801,Donna,Andrews,45,155618,AS,2018-09-14
7802,Amy,Miller,21,163657,AS,2025-04-30
7803,Jacob,Vaughn,45,198787,OH,2017-03-22
7804,Jamie,Schultz,21,109767,FL,2024-03-29
7805,John,Miller,25,100581,MS,2024-03-25
7806,Christine,Craig,41,103546,WV,2019-11-11
7807,Christine,Brown,78,122018,LA,2018-08-17
7808,Kaitlin,Aguilar,63,139595,WI,2025-02-19
7809,Gloria,Rivas,33,113844,ME,2024-03-17
7810,Brian,Duffy,75,42466,NH,2023-12-27
7811,Elizabeth,Hall,29,40718,FL,2024-10-22
7812,Courtney,Bryant,18,43665,RI,2022-10-15
7813,Helen,Hart,60,225232,MI,2020-01-24
7814,Karen,Hammond,38,85568,SD,2018-11-13
7815,Kristina,Ford,36,153747,NC,2017-09-20
7816,Stephen,Montgomery,35,188996,NC,2019-07-07
7817,Lisa,Parker,24,142959,IL,2022-04-20
7818,Jessica,Myers,29,96129,CA,2019-08-17
7819,Joshua,King,78,158787,VA,2019-10-29
7820,Jeffery,Higgins,41,117630,FL,2019-08-02
7821,Elizabeth,Hensley,37,59236,WY,2017-06-29
7822,Sonya,Clayton,24,205360,NC,2024-02-12
7823,Gabriel,Myers,18,209034,CT,2020-08-15
7824,Melanie,Curry,53,231972,VA,2021-11-29
7825,Robert,Davidson,73,64159,PR,2024-08-10
7826,Mary,Ramirez,39,124520,VA,2022-08-26
7827,Ray,Yang,65,242345,CO,2021-07-28
7828,Elizabeth,Wagner,41,224755,HI,2019-07-02
7829,Mark,Huff,67,184379,MH,2020-09-10
7830,Anna,Mcdowell,51,188522,ID,2017-11-17
7831,Michelle,Dickerson,41,92456,DE,2025-04-29
7832,Jose,Harvey,59,102337,MH,2023-11-15
7833,Monica,Frederick,31,183177,NC,2024-12-03
7834,Stephen,Herrera,42,52867,MA,2017-04-02
7835,Scott,Johnson,74,57883,PR,2017-05-28
7836,Steven,Moore,26,195035,NE,2025-04-19
7837,Marc,Green,65,187767,FM,2020-03-25
7838,Aaron,Smith,25,40758,ID,2020-08-17
7839,Howard,Young,55,201535,UT,2025-04-09
7840,Matthew,Rodriguez,70,79921,MH,2021-04-20
7841,Adam,Jacobs,30,214722,KY,2018-10-16
7842,Rachel,Cortez,46,55857,MH,2021-10-01
7843,Angela,Byrd,22,173282,ND,2019-11-17
7844,Debra,Silva,57,119888,CA,2025-01-18
7845,James,Stone,37,220146,MS,2023-09-20
7846,Ethan,Owens,48,229488,WI,2017-09-17
7847,Brandi,Osborne,30,169868,ND,2025-03-12
7848,Michael,Roman,64,70284,SD,2025-04-17
7849,Kyle,Bauer,20,63510,NH,2023-12-01
7850,Ruben,Holder,30,139631,WA,2022-05-08
7851,Alexander,Carlson,53,216542,OK,2017-04-26
7852,Timothy,Wallace,34,229060,IL,2022-09-26
7853,Autumn,Perry,72,176891,WA,2017-11-15
7854,Christopher,Parrish,80,121052,UT,2021-01-13
7855,Samantha,Mcmahon,75,125947,NY,2017-02-26
7856,Deborah,Young,46,195115,OR,2025-09-25
7857,Brian,Larsen,63,60783,WI,2023-07-12
7858,Michael,Bailey,76,144327,GA,2019-10-02
7859,Troy,Barker,22,156568,TN,2018-11-11
7860,Leslie,Castillo,44,167301,AK,2023-08-31
7861,Anthony,Wilkerson,77,162086,NM,2022-10-16
7862,Lauren,Romero,68,35734,HI,2020-06-10
7863,Mark,Green,28,187064,MP,2022-12-18
7864,Kim,Delgado,35,212637,CT,2016-07-12
7865,Samantha,Hamilton,79,63799,FM,2016-11-23
7866,Zachary,Cook,36,41913,OH,2018-06-16
7867,Jeffrey,Walton,79,178419,CO,2023-10-20
7868,Jake,Terry,21,238244,TN,2017-11-08
7869,Diane,Mitchell,80,211876,SC,2026-04-11
7870,Charles,Peterson,30,224174,TX,2026-05-23
7871,Teresa,Stark,70,134200,SC,2022-11-05
7872,Melissa,Glenn,49,209488,WY,2018-04-22
7873,Michele,Levy,52,164607,TN,2022-08-27
7874,Jennifer,Simpson,80,49657,IN,2016-11-26
7875,Bradley,Boyle,28,144752,WV,2020-12-26
7876,Danielle,Garcia,66,163504,IA,2024-01-28
7877,Martin,Camacho,42,177455,GA,2023-03-10
7878,Kenneth,Gordon,67,132300,SD,2019-08-15
7879,Brandon,Christensen,43,189178,OR,2023-05-16
7880,Jason,Larsen,35,84244,FM,2024-09-26
7881,April,Carter,29,30943,PR,2024-11-28
7882,Cynthia,Rodriguez,28,179919,GA,2024-01-10
7883,Joshua,Mitchell,31,185218,OR,2023-02-17
7884,Sara,Johnson,62,32322,UT,2018-05-09
7885,Jeremy,Patterson,74,237263,MS,2023-05-15
7886,Heather,Stephens,50,149391,TX,2017-03-18
7887,Joseph,Boyle,50,215533,ND,2025-01-29
7888,Danielle,Ruiz,64,167644,NV,2019-06-12
7889,Andrew,Wilson,34,109537,MH,2022-09-01
7890,Danielle,Burns,72,87759,TX,2025-07-13
7891,David,Rodriguez,36,215664,HI,2016-06-16
7892,Jeremy,Kirk,35,174743,CT,2019-04-04
7893,Gavin,Stephens,25,74855,VT,2021-08-12
7894,Gerald,Jones,32,41957,HI,2019-06-04
7895,Debra,Jackson,52,92447,AS,2024-10-15
7896,Austin,Jones,36,40247,WI,2022-10-25
7897,Jason,Walker,58,68833,TX,2019-05-13
7898,Lauren,Wilcox,78,102812,DE,2018-03-29
7899,John,Parks,77,64857,NM,2025-12-10
7900,Anthony,Jackson,35,237256,MS,2024-07-03
7901,Patricia,Nunez,21,198404,AK,2024-11-23
7902,Jessica,Marshall,80,95275,NV,2020-04-12
7903,Ann,Armstrong,70,85043,AL,2026-03-30
7904,Ryan,Graham,52,60457,WA,2026-01-27
7905,Austin,Warner,18,200038,MI,2024-07-23
7906,Sergio,Hill,40,195854,NV,2021-06-02
7907,Ashley,Rodriguez,56,126760,OR,2021-10-20
7908,Phillip,Stephens,38,51822,IL,2024-07-14
7909,Stephen,Esparza,78,214932,IL,2016-06-20
7910,Stephanie,Pena,74,173989,AZ,2022-07-03
7911,David,Rhodes,34,219288,MA,2024-05-02
7912,Wendy,Rice,26,137044,NV,2019-04-08
7913,Bailey,Ewing,75,190296,PW,2021-02-01
7914,Alexis,Flynn,36,115101,MO,2022-05-15
7915,Roger,Gray,21,194090,FM,2026-02-08
7916,Abigail,Kennedy,70,32728,OR,2021-08-23
7917,Amber,Phillips,70,123187,PW,2025-05-17
7918,Joanne,Stewart,32,221490,ID,2019-10-27
7919,Robert,Gamble,79,103319,CT,2016-09-12
7920,Adam,Watts,29,97105,DC,2025-03-13
7921,Lindsey,Johnson,80,34099,IN,2025-05-30
7922,Cesar,Wood,52,202311,MH,2020-09-29
7923,Steven,Martin,80,233996,OK,2025-09-20
7924,Jeffrey,Mann,78,234606,MI,2019-09-25
7925,Cassandra,Neal,55,57903,IA,2018-08-10
7926,Jo,Costa,64,225499,AR,2024-09-28
7927,Wayne,Clark,62,130134,AK,2022-12-22
7928,Phillip,Riley,78,201396,NC,2020-09-26
7929,Amy,Ford,34,194162,CT,2024-01-27
7930,Jason,Stephens,58,188424,ID,2021-03-27
7931,Sharon,Cannon,53,84043,IA,2021-08-16
7932,Jesse,Lucas,70,145916,ID,2024-02-25
7933,Tyler,Davies,32,115003,MP,2018-06-02
7934,Joshua,Fuller,35,83456,VI,2021-05-13
7935,Michael,Norman,55,195098,IL,2019-08-13
7936,Danielle,Horne,69,227367,NH,2020-06-03
7937,Susan,Nguyen,43,70800,ID,2022-08-04
7938,Jessica,Burke,46,90744,MT,2025-07-18
7939,Kenneth,Tanner,64,220391,IA,2025-08-04
7940,Maria,Edwards,45,126636,MT,2020-03-10
7941,Cheryl,Trujillo,27,155568,NV,2018-07-08
7942,Jacqueline,Welch,23,160013,VA,2021-12-26
7943,David,Hall,29,150426,TN,2020-12-08
7944,Emily,Blair,29,243804,MD,2021-08-10
7945,Paul,Richardson,73,76166,SC,2018-09-04
7946,Matthew,Williams,30,179332,KY,2024-12-29
7947,Christopher,Reed,49,221228,RI,2023-07-11
7948,Nathan,Stone,29,199755,TN,2018-03-02
7949,Grace,Branch,36,35517,AK,2023-12-19
7950,Michael,Crawford,37,72708,MD,2018-02-22
7951,Eric,Mckee,74,76591,NJ,2026-04-29
7952,Nathaniel,Duncan,70,133336,VA,2018-12-06
7953,Courtney,Carr,61,189336,MP,2022-09-17
7954,Brooke,Young,30,48206,SC,2017-12-12
7955,Emma,Hudson,27,48887,MI,2021-08-25
7956,Andrew,Cole,45,94291,KY,2023-06-25
7957,Angie,Houston,47,199114,MA,2022-11-30
7958,Regina,Brown,80,135514,PW,2019-11-14
7959,Angela,Miller,24,219872,FL,2023-12-30
7960,Steven,Johnson,51,65990,SD,2021-09-12
7961,Laura,Bautista,64,226724,ME,2022-03-28
7962,Leslie,Morales,69,33090,OH,2023-06-07
7963,Rachel,Williams,56,56143,FM,2018-04-28
7964,Jerry,Wilson,42,130660,HI,2020-06-21
7965,Lauren,Brewer,19,58845,IL,2023-03-18
7966,Christopher,Brock,70,33552,IN,2018-02-05
7967,Nicole,Yu,66,247715,KS,2025-05-09
7968,Jeffery,Harrison,59,41466,SC,2021-08-17
7969,Dennis,Lucas,26,95101,MH,2024-02-11
7970,Maurice,Porter,67,51914,KY,2025-02-23
7971,Jeffrey,Mathis,35,67391,CT,2024-08-09
7972,Sandra,Reyes,78,194465,VT,2025-07-13
7973,Victoria,Wolf,56,33538,SC,2023-08-14
7974,Adam,Carr,68,32463,AK,2025-01-28
7975,Eric,Martinez,79,237529,CA,2018-04-28
7976,Debra,Avila,24,172179,MO,2020-12-04
7977,Gina,Camacho,65,244500,AL,2024-03-15
7978,Kimberly,Fleming,39,215455,NH,2025-09-28
7979,Richard,Webb,23,83037,MO,2017-02-11
7980,Damon,Sloan,26,155940,VI,2022-01-02
7981,Mikayla,Nguyen,66,177548,GU,2024-11-21
7982,Dennis,Bennett,75,146477,AK,2026-05-16
7983,Daniel,Thompson,70,72767,IA,2023-10-25
7984,Jonathan,Davis,37,116967,MO,2018-11-11
7985,Rebecca,Kim,48,70504,AS,2018-10-06
7986,Mark,Cook,33,44647,MO,2023-06-08
7987,Christopher,Smith,52,211414,AZ,2026-04-17
7988,Christy,Hayden,35,194491,GU,2016-09-11
7989,Jason,Romero,52,62263,NH,2016-07-11
7990,Amber,Sharp,19,246249,MA,2021-06-01
7991,Sergio,Fisher,20,56952,AK,2024-12-17
7992,Marcus,Moss,52,107788,FL,2016-10-29
7993,Kayla,Sheppard,24,164097,ID,2021-06-21
7994,Rachel,Wright,74,249279,ME,2017-03-03
7995,Cameron,Roberts,44,67181,MS,2025-02-25
7996,Henry,Rosario,18,88802,MH,2022-02-19
7997,Jasmine,Ochoa,19,89421,OH,2021-05-15
7998,Carol,Perry,45,131025,IA,2017-12-23
7999,Nicole,Perez,27,122618,MP,2020-09-09
8000,Paul,Collins,59,105195,NJ,2019-07-21
8001,Chad,Chandler,32,209415,MN,2022-02-10
8002,Robert,Gamble,42,210031,MI,2018-04-25
8003,Jocelyn,Heath,74,217393,VT,2017-03-18
8004,Peter,Wilson,70,59467,MT,2017-03-18
8005,Alexis,Schmidt,49,74448,OK,2018-02-05
8006,Robin,Bean,25,88857,GU,2022-07-22
8007,Christopher,Cooper,24,103875,VT,2025-08-28
8008,Jennifer,Jacobson,40,49998,CA,2019-06-18
8009,Jose,Allen,57,117483,MI,2018-12-27
8010,John,Huynh,25,124501,MO,2018-01-02
8011,Diana,Davis,77,52230,VA,2018-07-31
8012,Christie,Rogers,75,41363,FL,2025-06-12
8013,Andrew,Davis,56,69610,CO,2017-01-31
8014,Michael,Grimes,29,142362,VA,2024-12-22
8015,Samuel,Avila,51,117777,NC,2021-09-09
8016,Isabel,Miller,56,77543,VA,2020-01-15
8017,Michael,Cooper,61,141475,MA,2019-06-27
8018,Nicole,Gordon,27,204921,PA,2021-07-05
8019,Jeff,Abbott,61,109053,ID,2020-04-27
8020,Taylor,Green,57,244319,UT,2021-08-11
8021,Justin,Webb,36,121327,NC,2023-03-18
8022,John,Christensen,74,57242,KY,2019-08-05
8023,John,Harrison,35,160875,IA,2024-12-25
8024,Jeffery,Olson,60,126760,AZ,2019-11-23
8025,Sarah,Alvarado,77,99573,TX,2020-12-23
8026,Katherine,Scott,69,216464,IL,2025-12-19
8027,Anna,Reed,69,50019,MI,2021-02-24
8028,Dalton,Johnson,68,30571,LA,2024-10-25
8029,Holly,Barker,73,68965,LA,2018-10-13
8030,Lisa,Hill,67,201928,MN,2022-09-18
8031,Nicole,Calhoun,27,113953,NM,2017-07-11
8032,Karen,Brooks,27,132393,IA,2021-05-24
8033,Jill,Moreno,46,219095,DE,2026-02-02
8034,Kyle,Ellis,68,235926,OR,2025-01-20
8035,Angela,Bowers,80,155418,GU,2021-02-13
8036,Megan,Bennett,70,47645,WY,2018-10-13
8037,Pamela,Hill,25,181478,MI,2018-09-07
8038,Kyle,House,45,220502,WV,2025-11-24
8039,Amanda,Lambert,35,67923,WV,2022-03-14
8040,Robin,Schroeder,23,114686,CA,2021-07-27
8041,Robin,Day,26,77676,AZ,2017-12-20
8042,William,Douglas,67,130930,MO,2018-04-13
8043,Kristie,Gonzalez,40,113706,NJ,2020-08-23
8044,Sandra,Petersen,49,141105,HI,2018-06-25
8045,Julie,Yoder,48,211776,VT,2020-12-22
8046,Don,Schmidt,80,138513,TN,2016-08-22
8047,Sabrina,White,56,238011,AL,2024-10-04
8048,Tammy,Lopez,58,117415,MS,2021-02-25
8049,Patricia,Perez,26,240276,FM,2020-01-31
8050,Adam,Parker,78,201430,PW,2020-02-17
8051,James,Young,76,94463,CA,2018-10-06
8052,Daniel,Rogers,42,139749,NY,2024-04-23
8053,Nicolas,Thompson,53,160312,NV,2020-01-21
8054,Amanda,Mueller,52,169924,IL,2021-02-04
8055,Anthony,Chang,49,169584,FL,2026-02-04
8056,Jacob,Williams,52,245326,SD,2021-10-11
8057,Timothy,Martinez,32,130827,UT,2022-04-01
8058,Benjamin,Henderson,23,182296,AK,2017-10-15
8059,Julia,Tanner,63,140583,AL,2016-10-16
8060,Stephen,Dennis,51,181486,MN,2024-12-09
8061,Devon,Garcia,67,211796,FL,2021-06-05
8062,Jeremy,Hawkins,69,226158,WI,2018-02-26
8063,Justin,Pittman,32,214311,AS,2018-01-29
8064,Jessica,Johnson,23,91654,VT,2017-12-25
8065,Brandon,Potts,41,30751,NC,2023-05-18
8066,Scott,Lewis,31,34496,AL,2019-12-03
8067,Raymond,Dudley,41,176374,TX,2018-07-17
8068,Brandon,Moon,48,65020,MH,2019-11-22
8069,Gina,Smith,76,58876,VA,2018-11-07
8070,Debra,May,21,121579,MS,2017-06-22
8071,Courtney,Medina,41,234117,NM,2016-10-04
8072,Christina,Sharp,70,66529,MS,2020-05-01
8073,Lee,Mcbride,36,150688,OH,2021-12-05
8074,Billy,Stewart,27,248956,OK,2019-01-19
8075,Anthony,Rivera,72,174572,CT,2025-06-23
8076,Pamela,Miller,80,140382,MN,2021-10-20
8077,Bryan,Austin,33,85243,HI,2022-01-08
8078,Lisa,Maxwell,70,88874,WV,2023-07-20
8079,Tonya,Patton,21,225820,IN,2025-04-29
8080,Paula,Lynch,26,60732,IL,2019-05-17
8081,Shelby,Pearson,79,212394,WA,2022-01-26
8082,Jason,Mendoza,63,67506,NJ,2021-10-22
8083,Richard,Fleming,42,222172,GA,2023-10-16
8084,Douglas,Winters,19,212484,SD,2017-07-24
8085,Angelica,Hodges,79,141334,NJ,2017-12-15
8086,Charles,Obrien,41,44177,VT,2017-11-01
8087,Trevor,Frank,62,57789,SC,2021-08-26
8088,Eric,Wallace,60,182464,AZ,2026-01-01
8089,Billy,Smith,22,154997,UT,2025-05-12
8090,Stephanie,Delacruz,71,185694,MN,2022-05-24
8091,Tina,Reynolds,73,71464,GU,2020-04-15
8092,Justin,Morrison,19,68505,WA,2020-09-02
8093,Kelly,Scott,41,67035,MH,2022-07-17
8094,Dylan,Green,23,94237,VI,2022-06-26
8095,Stephanie,Mcdowell,22,33270,LA,2024-10-22
8096,Melissa,Spencer,54,247859,NV,2018-07-07
8097,Gabrielle,Roth,70,139181,NY,2019-03-19
8098,Scott,Schultz,27,230649,MN,2017-08-30
8099,Ariel,Walters,29,153146,IA,2023-07-26
8100,Tara,Conrad,65,66729,AR,2021-01-20
8101,Herbert,Brady,65,168267,NM,2017-03-08
8102,Christopher,Anderson,62,108514,KY,2021-06-12
8103,Alicia,Davis,48,137878,UT,2026-01-30
8104,Alexandra,Vargas,64,118430,MD,2017-11-03
8105,Gregory,Hayes,46,234838,GA,2020-08-18
8106,Joshua,Hill,59,212254,PW,2023-05-18
8107,Douglas,Cook,18,105174,CA,2018-06-17
8108,Mark,Butler,25,70864,AK,2021-12-04
8109,Maria,Haynes,21,198415,MI,2020-12-16
8110,Brianna,Quinn,20,188380,MP,2024-02-28
8111,Kenneth,Hughes,66,75503,HI,2019-05-09
8112,Linda,Rivera,50,72034,DC,2023-03-01
8113,Amanda,Gibson,18,133911,MO,2025-05-06
8114,Robert,Harris,71,141049,AR,2024-11-27
8115,Leslie,Carter,61,149091,WY,2021-02-06
8116,Zachary,Johnson,53,216491,KY,2021-02-14
8117,Amanda,Hendricks,71,97647,CO,2017-11-01
8118,Daniel,Stevens,76,179963,MA,2024-07-11
8119,Rachael,Taylor,50,110224,MO,2017-10-04
8120,Trevor,Terrell,63,89589,WV,2018-02-07
8121,Alicia,Strong,45,71104,KY,2022-01-05
8122,Rodney,Miles,35,54100,OR,2026-01-09
8123,Elizabeth,Fleming,51,128975,KS,2020-07-02
8124,Stephanie,Humphrey,80,62802,MN,2025-12-03
8125,Jeffrey,Gibbs,65,85538,MN,2020-03-21
8126,Andrea,Larson,43,192278,FL,2017-08-10
8127,Michael,Turner,21,87385,AS,2017-11-10
8128,Gerald,Cantu,43,78154,IL,2020-11-05
8129,Mary,Adams,70,225558,VI,2022-07-24
8130,Austin,Blake,80,176615,MA,2025-06-13
8131,Michael,Lewis,56,50239,GU,2021-09-06
8132,Travis,Combs,70,211515,WY,2024-06-19
8133,Jennifer,Preston,47,155151,WA,2024-05-30
8134,Rachel,Jensen,38,201101,AL,2020-12-28
8135,Eddie,Mahoney,59,136194,FM,2022-12-13
8136,Gabriella,Pierce,70,129737,DE,2019-07-11
8137,Hannah,Keller,28,44331,MA,2023-05-18
8138,Rebecca,Brown,69,127380,RI,2017-09-13
8139,Kayla,Fletcher,59,141207,MT,2017-09-07
8140,Ethan,Lucero,30,100757,ME,2023-01-06
8141,Anthony,Kaiser,24,57367,AK,2017-12-18
8142,Amber,George,22,125080,MN,2019-09-06
8143,Marie,Mendez,56,234157,DE,2025-06-01
8144,Amanda,Liu,72,117941,AS,2025-12-11
8145,Eric,Allen,19,92791,TN,2020-07-25
8146,Stephanie,Swanson,36,72666,MH,2023-02-06
8147,William,Jenkins,52,57909,NH,2026-05-17
8148,Kevin,Smith,22,85550,MP,2022-09-13
8149,Cory,Williams,56,32877,RI,2017-08-06
8150,Madison,Yang,66,111033,NE,2018-06-09
8151,Tracy,Miller,30,174622,GU,2017-05-26
8152,Daniel,Bowman,30,197349,AS,2020-12-27
8153,Diane,Olsen,77,38484,CT,2025-07-27
8154,Nathan,Oconnor,33,100560,AL,2025-07-23
8155,Christopher,Estrada,23,179454,DE,2026-05-12
8156,Gabrielle,Cruz,54,41763,ME,2023-08-26
8157,Carolyn,Baldwin,54,237152,AR,2020-06-13
8158,Victoria,Wallace,48,41974,VI,2022-05-09
8159,Barbara,Jimenez,21,112465,GA,2020-07-11
8160,Christopher,Lane,23,110898,NJ,2016-12-29
8161,David,Torres,18,123493,LA,2021-02-24
8162,Joe,Suarez,66,104030,SC,2025-05-04
8163,Marcus,Gibbs,79,134369,NM,2018-03-02
8164,Michael,Parsons,50,81087,OK,2017-02-06
8165,Andrew,Taylor,38,227090,HI,2021-06-30
8166,Robert,Flowers,43,220234,VI,2022-06-06
8167,Debbie,Sanford,40,63952,NM,2025-10-16
8168,Casey,Smith,62,206864,NM,2016-07-17
8169,Dominique,Barker,24,116853,WV,2019-03-06
8170,Amanda,Robinson,44,224367,WY,2017-10-29
8171,Molly,Moore,50,56477,WA,2023-09-09
8172,Christopher,Flores,50,241679,MS,2022-08-18
8173,Amanda,Cooper,67,69370,SD,2017-01-08
8174,Kathleen,Byrd,19,183924,MT,2024-03-06
8175,Phillip,Harper,68,130168,FL,2023-02-20
8176,Tara,Brown,48,183710,KY,2019-02-10
8177,Kimberly,Roberts,73,39806,OK,2026-04-08
8178,Lisa,Guzman,36,72263,NV,2018-08-03
8179,Bradley,Adams,27,208880,IL,2026-02-17
8180,Colton,Adams,47,50644,VA,2020-07-30
8181,Tricia,Lara,74,194089,AL,2017-02-20
8182,Jacob,Chen,23,218340,AS,2018-03-11
8183,Phyllis,Goodman,32,86530,MT,2025-08-10
8184,Jesse,Hughes,69,208640,ID,2018-01-13
8185,Gregory,Hodges,59,66926,FM,2025-03-03
8186,Jamie,Olsen,67,218364,ND,2023-10-28
8187,Robert,Pham,28,161496,AR,2022-09-21
8188,Valerie,Ochoa,51,221029,OH,2021-05-08
8189,Matthew,Douglas,56,200759,ME,2023-02-11
8190,Stephen,Gonzales,51,231493,VI,2021-04-20
8191,David,Barnett,39,147304,DE,2017-05-25
8192,Carl,Hill,68,64392,CT,2023-08-24
8193,Jacob,Thomas,39,106242,NJ,2016-07-13
8194,Carla,Ashley,41,193439,PW,2017-03-22
8195,Cindy,Eaton,72,142958,AZ,2017-01-03
8196,Gary,Hull,20,216846,MI,2020-09-13
8197,Gerald,Villa,67,209011,CA,2018-12-08
8198,Jennifer,Stout,42,92681,FL,2023-12-12
8199,Christina,Hardy,31,190009,NY,2020-06-09
8200,Jodi,Rose,56,49660,NJ,2022-02-23
8201,Shirley,Johnson,79,69951,LA,2016-11-14
8202,Seth,Moore,54,194571,NE,2018-12-19
8203,Kevin,Harris,49,55534,PA,2021-02-21
8204,Denise,Webster,69,33916,PR,2019-02-08
8205,Joel,Morris,27,230885,DE,2019-07-16
8206,Anthony,Brennan,73,111144,FL,2020-09-03
8207,Craig,Schaefer,53,239029,MS,2020-03-24
8208,Daniel,Woods,68,52850,MT,2021-07-26
8209,Bethany,Collins,49,54671,CT,2016-06-15
8210,Craig,Bell,47,112239,AZ,2021-01-23
8211,Karen,Ayala,28,107491,TX,2020-11-14
8212,Brian,Baker,28,47868,IL,2018-10-07
8213,Cindy,Thompson,35,181129,CT,2023-05-17
8214,Donald,Griffin,41,122633,LA,2020-06-02
8215,Christian,Brown,23,48647,CT,2018-09-14
8216,Adam,Mitchell,29,216293,AK,2023-04-15
8217,Carrie,Adams,67,150780,OK,2021-01-08
8218,Kayla,Walter,34,154062,AL,2022-06-06
8219,Sarah,Davis,80,97115,MN,2018-01-10
8220,Brandon,Martinez,66,145879,CT,2017-05-12
8221,Christian,Reynolds,59,66817,WV,2023-07-19
8222,Daniel,Miller,78,62497,PW,2020-09-13
8223,Eric,Smith,80,179090,ME,2021-08-31
8224,Ryan,Moore,49,40378,IN,2022-12-21
8225,Crystal,Douglas,41,105137,FL,2020-04-25
8226,Raven,Thomas,43,137225,WA,2021-08-06
8227,Sara,Middleton,72,192446,MA,2023-06-14
8228,Claire,White,76,208411,UT,2018-10-17
8229,Darren,Moore,26,145560,GU,2025-03-07
8230,Brittany,Martinez,41,164343,FM,2023-12-01
8231,Misty,Howard,72,193743,WV,2023-07-08
8232,Stephen,Torres,78,112220,OR,2019-10-23
8233,Brittany,Knapp,41,51886,NC,2020-07-09
8234,Scott,Lester,61,138316,NV,2025-08-22
8235,Samuel,Little,50,147988,NY,2018-12-12
8236,Bill,Chapman,34,208927,WA,2019-10-11
8237,Julie,Armstrong,20,192690,WY,2021-01-27
8238,Isabel,Smith,80,198785,ME,2017-08-30
8239,Ivan,Buck,21,224259,NC,2022-07-04
8240,Zachary,Zuniga,68,94177,MH,2017-03-31
8241,John,Dickerson,62,245281,VA,2025-09-06
8242,Todd,Schmidt,53,32082,KY,2026-02-01
8243,Alicia,Roberts,27,57603,MA,2026-01-07
8244,Timothy,Munoz,36,128519,NY,2017-09-18
8245,Christopher,Doyle,28,179457,SC,2025-06-01
8246,David,Obrien,43,49130,NE,2021-06-29
8247,Melissa,Mitchell,32,131770,GU,2018-11-05
8248,Cindy,Larsen,73,151183,SC,2024-02-15
8249,Brian,Gill,60,54511,MD,2017-10-27
8250,William,Ryan,40,152127,NV,2020-07-27
8251,Mark,Vega,47,198423,AZ,2023-08-23
8252,Michele,Mccoy,52,244509,PR,2022-03-11
8253,William,Oconnell,47,58604,AR,2024-10-03
8254,Shelby,Bush,23,77257,CT,2024-05-10
8255,Carlos,Kelly,64,58402,IL,2020-09-17
8256,Christine,Fitzgerald,76,134056,WA,2022-11-13
8257,Benjamin,Richards,67,143538,NH,2017-04-29
8258,Christina,Salas,30,135256,ND,2021-11-19
8259,Robert,Kemp,39,46900,RI,2017-05-25
8260,Michael,Fritz,38,119764,ND,2018-09-09
8261,Colleen,Jensen,56,157479,MT,2021-05-12
8262,Brittany,Stafford,31,214101,MO,2024-06-08
8263,Ashley,Floyd,65,154838,PR,2025-01-22
8264,Michael,Moore,25,102974,FL,2021-10-22
8265,Deborah,Hall,47,40035,VI,2018-02-10
8266,James,Taylor,52,70826,TX,2016-07-10
8267,Mary,Miller,78,153199,VA,2019-08-09
8268,Cody,Smith,27,197828,VA,2017-05-30
8269,John,Hooper,31,113935,NV,2021-07-01
8270,Douglas,Stephens,54,38211,DE,2018-08-27
8271,Heather,Cook,56,232953,NE,2019-06-26
8272,Travis,Scott,42,46357,PA,2018-12-06
8273,Christina,Jackson,77,241952,VI,2016-10-26
8274,Larry,Castro,41,236978,VA,2019-03-11
8275,Anthony,Perez,45,154101,GA,2021-02-16
8276,Kristi,Bennett,31,44176,NM,2021-11-02
8277,Raymond,Hudson,31,36014,FM,2023-01-30
8278,Scott,Ramirez,78,228866,CO,2024-05-31
8279,Tammy,Flores,61,140866,IN,2025-07-13
8280,Barry,Bennett,35,96078,PW,2021-01-28
8281,Meredith,Frye,58,76165,NV,2025-03-14
8282,Joshua,Kelly,23,67155,KS,2021-12-21
8283,Kenneth,Scott,22,101802,TN,2017-08-17
8284,Abigail,Taylor,43,51419,IA,2018-09-21
8285,Paul,Miller,37,216700,CO,2020-05-26
8286,Matthew,Holland,46,140027,MI,2019-04-03
8287,Christopher,Hart,51,86126,MD,2024-05-21
8288,Pamela,Reid,60,98012,NY,2023-01-29
8289,Andrew,Thompson,29,247723,PA,2022-09-09
8290,Gregory,Galvan,21,54232,AZ,2022-06-08
8291,Tyler,Bird,75,142337,WV,2016-12-04
8292,Karen,Johnson,39,227440,CA,2023-11-04
8293,Ashley,Wells,37,73131,MT,2019-04-15
8294,Danny,Lang,30,121560,ND,2017-09-04
8295,Shelley,Watson,78,139864,MT,2022-11-27
8296,Cindy,Jones,48,154649,ID,2020-09-23
8297,Shannon,Jones,52,210572,KY,2020-02-06
8298,Dustin,Norris,68,72123,AK,2018-08-25
8299,Mary,Freeman,79,212633,MT,2019-07-21
8300,Janice,Suarez,45,122980,WV,2019-07-07
8301,Ashley,Dodson,76,211639,IL,2018-11-23
8302,Denise,Taylor,54,132010,WY,2025-12-16
8303,Derek,Roberts,70,32603,MI,2018-02-18
8304,Ryan,Meyer,53,235277,MI,2016-11-01
8305,Victoria,Mckee,75,186533,MT,2019-05-06
8306,Kelly,Little,30,50397,OH,2018-10-29
8307,Lisa,Osborne,64,205102,FL,2019-07-03
8308,Richard,Wheeler,55,191615,AZ,2021-09-01
8309,Chloe,White,27,114864,GA,2017-10-24
8310,Brett,Blair,60,245876,MD,2023-07-11
8311,Brent,Jenkins,78,222507,MA,2022-10-28
8312,Yvette,Harris,65,246330,NY,2018-06-16
8313,Peter,Zamora,65,222184,IL,2019-08-14
8314,Troy,Smith,38,33718,KY,2018-01-11
8315,Joshua,Gregory,27,150234,HI,2024-07-07
8316,Clifford,Lopez,77,68662,OH,2026-05-10
8317,Carla,Moore,49,112944,NH,2022-08-31
8318,Jacqueline,Aguirre,25,237622,MH,2019-05-29
8319,Lisa,Roberts,80,206670,MT,2018-07-16
8320,Jonathan,Davis,44,98892,ID,2021-04-07
8321,John,Singleton,51,219342,PR,2018-05-13
8322,Sabrina,Durham,18,148111,ME,2017-06-06
8323,Joan,Phillips,78,248237,MI,2025-10-27
8324,Michelle,Houston,72,62956,MA,2017-05-30
8325,Roger,Humphrey,58,147788,MO,2023-01-16
8326,Matthew,Young,58,181618,FM,2022-04-19
8327,Steven,Williams,24,39564,PA,2018-12-17
8328,Tricia,Lam,31,225482,MA,2022-02-16
8329,Jack,Stewart,80,79193,PA,2020-05-20
8330,Wanda,Roach,44,212569,GA,2025-11-28
8331,Andrew,Mosley,52,233000,SC,2020-02-25
8332,Shannon,White,28,187533,OH,2024-09-03
8333,Brian,Wallace,42,86659,WY,2018-05-15
8334,Christine,Hendricks,40,84988,WA,2025-09-30
8335,Cheryl,Baldwin,78,80111,WY,2024-12-17
8336,Shawn,Farley,80,208160,WY,2022-01-11
8337,Laura,Coleman,54,33767,NC,2026-01-04
8338,John,Sanders,41,243327,NC,2022-06-14
8339,Denise,Davis,41,34244,NV,2023-04-01
8340,Sabrina,Edwards,37,110469,PA,2022-01-09
8341,Kimberly,Shepherd,50,244709,MD,2024-07-20
8342,Kenneth,Christensen,73,62701,WY,2019-12-25
8343,Amber,Haynes,62,160844,WV,2017-02-27
8344,Shelley,Knight,59,149537,AL,2018-04-03
8345,Charles,Lopez,44,137580,NC,2019-12-31
8346,Maria,Murphy,40,122330,OH,2021-05-23
8347,William,Burnett,71,172204,TX,2023-08-30
8348,James,Morales,45,167145,NY,2017-01-29
8349,Kurt,Barnes,80,230561,CT,2021-07-07
8350,William,Long,39,59721,GA,2017-12-23
8351,Brittney,Delgado,77,76088,ND,2017-06-26
8352,Heather,Mccormick,47,142298,MS,2026-02-18
8353,Bridget,Baker,41,76372,ID,2023-04-30
8354,James,Myers,53,185947,TN,2019-07-07
8355,April,Christensen,28,172282,MD,2016-12-20
8356,Monica,Malone,45,130024,IN,2024-05-31
8357,Kathryn,Lee,36,202911,IN,2017-04-18
8358,Sara,Cook,62,208331,WY,2017-07-12
8359,Jessica,Bell,45,196227,HI,2023-02-23
8360,Antonio,James,36,214049,VA,2023-03-27
8361,Melinda,Andrews,57,56011,NH,2022-12-14
8362,Scott,Parker,23,241272,MT,2026-05-10
8363,Thomas,Black,71,57213,WV,2019-11-07
8364,Jennifer,Morris,23,200295,AL,2019-01-01
8365,Randall,Miller,19,191548,MH,2022-07-02
8366,Clarence,Zamora,77,137814,NY,2019-11-15
8367,David,Warren,24,160129,MT,2024-08-02
8368,Nicole,Johnson,65,227060,NC,2024-08-23
8369,Allison,Estrada,57,172798,GU,2024-08-30
8370,Pamela,Mason,24,196074,FL,2020-03-17
8371,Deborah,Grant,46,161953,PA,2018-09-04
8372,Julia,Johnson,55,241254,TX,2020-07-10
8373,Michael,Burnett,20,205036,DE,2023-07-03
8374,Anne,Armstrong,36,140268,ND,2023-10-05
8375,Joshua,Rosario,31,88426,GA,2023-11-22
8376,Alicia,Jacobs,67,149178,RI,2022-06-11
8377,Debbie,Berger,53,129897,DC,2019-09-18
8378,Joshua,Taylor,25,81264,MD,2017-01-16
8379,Brandon,Decker,72,153096,LA,2024-04-20
8380,Brittany,Mendez,78,62621,WI,2017-05-02
8381,Stephanie,Fernandez,40,238077,WV,2018-06-23
8382,Kaylee,Perez,76,151620,NJ,2024-07-22
8383,Jeffrey,Romero,44,245067,IL,2024-04-26
8384,Erik,Fitzgerald,59,214506,AS,2020-10-06
8385,David,Gonzalez,68,224288,VT,2025-08-02
8386,Mary,Wilson,43,31993,PR,2019-08-28
8387,Cheryl,Gamble,78,128210,MH,2017-08-31
8388,Amy,Smith,68,88703,NE,2020-04-03
8389,Regina,Peterson,50,104345,AL,2020-10-02
8390,Loretta,Clark,35,202669,NM,2024-01-13
8391,Justin,Long,34,110582,PW,2022-11-03
8392,Robert,Walker,71,238440,IL,2024-04-20
8393,Mary,Sanders,76,138715,TN,2025-10-31
8394,Timothy,Hernandez,61,93322,IL,2018-12-08
8395,Christopher,Williams,18,138673,OK,2024-05-07
8396,Michelle,Sawyer,20,34071,VI,2025-07-03
8397,Richard,Rodriguez,19,70206,MA,2025-04-08
8398,Mark,Woodward,68,128148,NC,2025-09-26
8399,Brandon,Oliver,71,244094,FM,2025-08-23
8400,Edward,Jackson,51,244967,HI,2022-09-01
8401,Monica,Decker,65,187272,NJ,2020-04-10
8402,Cynthia,James,38,117841,WA,2016-10-03
8403,Christopher,Summers,28,179995,AL,2017-07-30
8404,Miranda,Rodriguez,45,93394,DC,2019-02-03
8405,Edwin,Gaines,53,132593,NM,2018-09-30
8406,Susan,Williams,30,191550,NC,2018-09-02
8407,Riley,Jones,59,133105,AS,2025-07-18
8408,Brenda,Brandt,71,43521,NH,2018-04-06
8409,James,Baker,69,181480,MP,2017-02-05
8410,Elizabeth,Lee,45,63782,HI,2020-06-22
8411,Catherine,Snyder,78,196795,TN,2017-11-25
8412,Connie,Owens,42,220870,FM,2019-08-10
8413,Ashley,Tran,29,135675,NV,2023-04-28
8414,Cynthia,Smith,75,113394,IL,2017-06-17
8415,Whitney,Chen,51,71535,AS,2017-10-12
8416,Amy,Lopez,45,90547,PA,2016-08-27
8417,Marcus,Wolf,24,216128,PR,2026-02-15
8418,Michael,Mcknight,69,63116,LA,2017-12-02
8419,Denise,Lowe,50,61030,VI,2025-05-30
8420,Christopher,Brown,58,181239,ME,2020-10-31
8421,Renee,Yang,68,132763,CT,2016-09-09
8422,Cynthia,Wheeler,71,229798,ME,2016-10-23
8423,Wanda,Lewis,58,98217,VI,2018-10-21
8424,Stephanie,Hoffman,71,174940,NM,2024-01-25
8425,Sandra,Deleon,28,114516,MH,2017-12-08
8426,Andrew,Morris,31,54446,CT,2022-08-09
8427,Ronnie,Wilson,23,36721,VA,2024-10-29
8428,Trevor,Rodriguez,45,33024,PA,2025-06-08
8429,Shannon,Wright,58,231859,LA,2016-07-23
8430,Jacqueline,Duarte,55,70120,OR,2023-01-29
8431,Wayne,Williams,19,192031,RI,2017-03-30
8432,Jeffrey,Zamora,63,172520,NV,2024-05-09
8433,Anne,Herrera,76,50649,NV,2018-08-26
8434,Sandra,Randolph,54,130245,FM,2016-06-21
8435,Susan,Jones,19,224599,DE,2016-11-13
8436,Shannon,Allen,64,64222,KS,2025-06-01
8437,Charles,Brown,80,148936,DC,2016-08-11
8438,Teresa,Carter,58,195544,NJ,2018-08-24
8439,Matthew,Fowler,67,123879,MP,2019-08-17
8440,Kathleen,Harris,29,92841,SC,2019-05-28
8441,Angelica,Heath,59,88131,IA,2019-06-23
8442,Thomas,Campbell,37,80811,PA,2021-10-12
8443,Donald,Daniels,52,94291,IN,2017-02-02
8444,Jaime,Gonzalez,64,234479,NJ,2016-11-11
8445,Christina,Murphy,69,236057,CA,2023-06-23
8446,Robert,Greer,42,231953,AR,2020-07-29
8447,Matthew,Bean,34,202820,DE,2017-06-16
8448,Samantha,Hancock,21,102080,LA,2018-01-16
8449,Dylan,Roberts,23,67688,VI,2019-09-17
8450,Vicki,Smith,58,36066,VT,2025-02-07
8451,Philip,Hurley,58,181874,MP,2018-12-17
8452,Veronica,Turner,73,57110,SC,2024-05-06
8453,Charles,Randolph,25,150357,MA,2023-06-24
8454,Sarah,Murray,77,186210,SC,2023-06-15
8455,David,Smith,25,58069,OR,2020-02-11
8456,Jason,Pratt,27,104045,WA,2021-06-23
8457,Shelley,Gordon,34,77350,MD,2025-09-15
8458,Eric,Bolton,23,50285,NY,2021-05-22
8459,Connor,Archer,49,124738,IN,2019-08-23
8460,Taylor,Martin,76,249759,SC,2026-03-13
8461,Amy,Preston,31,132445,NH,2021-08-27
8462,Joseph,Schultz,24,158722,GU,2017-04-04
8463,Jermaine,Lopez,68,35755,MI,2017-05-29
8464,Julie,Wright,44,49287,MO,2022-03-08
8465,Timothy,Buck,49,194018,CA,2024-10-29
8466,Donald,Smith,22,85127,OR,2023-01-13
8467,Travis,Williams,61,140076,MD,2024-07-24
8468,Carrie,Rivera,42,112204,WI,2024-10-18
8469,David,Pollard,58,148195,NE,2021-01-24
8470,Daniel,Shepherd,69,72232,HI,2026-02-25
8471,Bruce,Cox,29,108316,ME,2021-04-17
8472,Nicole,Mcpherson,18,76839,DC,2017-02-03
8473,Brooke,Terry,60,178712,KS,2025-02-17
8474,Emily,Henry,58,189030,CO,2018-08-21
8475,Stephanie,Norman,72,38244,DE,2024-09-22
8476,Roy,Brown,25,119865,RI,2021-10-24
8477,Michael,Henry,40,156854,MH,2021-04-19
8478,Jesse,Butler,57,187284,PA,2017-12-08
8479,Alexis,Bowman,52,31314,RI,2023-05-10
8480,Patricia,Nunez,28,166773,LA,2024-09-13
8481,Emily,Leach,65,96715,GA,2025-10-10
8482,Ashley,Phillips,77,61875,PR,2021-12-09
8483,Jessica,Sexton,30,188888,CA,2019-06-29
8484,Alejandro,Collins,19,170497,NE,2018-09-30
8485,Cory,Nguyen,19,165789,GA,2020-04-28
8486,Jennifer,Guerrero,50,229481,NJ,2018-11-19
8487,Beth,Nelson,27,86703,NY,2022-11-02
8488,Jeremy,Carter,73,125653,FM,2022-05-23
8489,Olivia,Ramsey,25,86874,MT,2018-01-29
8490,Nicole,Soto,19,115862,DE,2020-04-29
8491,Sharon,Mcgee,26,87609,UT,2025-06-05
8492,Marc,Rose,23,220773,AS,2024-12-14
8493,Nancy,Drake,62,63182,NE,2023-09-14
8494,Scott,Wheeler,35,101740,IL,2018-05-23
8495,Brenda,Johnson,48,82228,PR,2018-10-15
8496,Kelly,May,79,54109,OH,2025-02-14
8497,Nicole,Nolan,40,215619,DE,2026-05-13
8498,Dominique,Wagner,53,200898,IL,2018-06-16
8499,David,Lee,36,152432,MA,2019-01-05
8500,Crystal,Morrison,65,242077,MA,2026-03-06
8501,Seth,Martinez,49,144311,IA,2020-02-18
8502,Daniel,Valdez,50,134842,DE,2021-10-24
8503,Ryan,Hartman,77,80608,KS,2025-08-15
8504,Sue,Solomon,34,75340,NJ,2016-08-30
8505,Lindsay,Durham,30,210107,ND,2016-06-08
8506,Joseph,Bates,72,218061,GA,2023-03-26
8507,Deborah,Gillespie,35,132976,WV,2020-10-15
8508,Autumn,Miller,24,182999,IN,2024-11-14
8509,Joseph,Sanders,68,230919,MT,2023-11-09
8510,Kelly,Byrd,55,111680,MO,2016-07-11
8511,Michael,Monroe,28,238168,DE,2021-06-07
8512,Carla,Deleon,31,219283,PR,2018-05-14
8513,Charles,Richmond,49,143631,PW,2026-04-22
8514,Blake,Garcia,74,146957,ME,2019-10-02
8515,Mary,Baker,45,186324,MS,2021-11-11
8516,Mary,Herman,65,101217,NJ,2023-06-11
8517,Sabrina,Williams,70,113558,KS,2019-01-09
8518,Laurie,Diaz,57,58195,MI,2024-12-03
8519,Deanna,Miller,56,130413,KS,2024-06-21
8520,Nicole,Randall,45,82355,GA,2025-11-14
8521,Joel,Cooper,54,122514,AK,2022-04-23
8522,Kayla,Harris,41,195858,IN,2018-11-17
8523,Carlos,Evans,70,46847,GA,2025-10-31
8524,Joseph,Young,46,73843,CO,2017-03-26
8525,Bridget,Campbell,74,38849,CA,2025-05-11
8526,Jeremy,Delgado,79,164049,RI,2020-12-10
8527,Sierra,Kline,34,183844,CA,2026-01-16
8528,Jeffrey,Green,44,106932,KS,2023-02-02
8529,Lisa,Williams,56,246710,FM,2025-05-21
8530,Megan,Simmons,74,199108,NC,2022-10-22
8531,Gerald,Smith,78,169066,IA,2019-09-02
8532,Daniel,Martinez,40,134413,NV,2016-09-13
8533,Nancy,Lara,19,60054,TX,2019-12-08
8534,Ariana,May,29,242085,SD,2025-07-03
8535,John,Newman,38,142561,IA,2025-07-07
8536,Latoya,Grimes,68,78736,WY,2022-01-30
8537,Alexis,Day,40,94308,MS,2021-02-20
8538,Ashley,King,22,86409,IN,2024-04-01
8539,Juan,Walton,60,127428,OK,2018-11-02
8540,Elizabeth,Williams,41,68021,MO,2020-11-28
8541,Melissa,Adams,67,112431,MI,2025-08-31
8542,Sophia,Perez,25,32525,MN,2018-12-26
8543,Taylor,Kramer,38,210431,OH,2018-06-06
8544,Harold,Prince,18,217905,WI,2020-08-31
8545,Seth,Griffin,39,86039,AZ,2018-05-24
8546,Elizabeth,Robles,47,178758,IL,2023-10-28
8547,Jake,Garcia,68,114295,LA,2022-11-07
8548,Jeremy,Young,75,90987,UT,2022-03-06
8549,Steven,Carpenter,53,47363,VA,2025-01-02
8550,Dennis,Perez,42,104347,NY,2023-06-14
8551,Clayton,Black,56,85620,CA,2018-10-17
8552,Angie,Simpson,51,87006,MD,2019-09-04
8553,Richard,Brown,24,177051,MO,2017-11-03
8554,Jacob,Watson,35,217764,PA,2018-09-29
8555,Sarah,Rosales,56,241662,TN,2022-03-31
8556,Jaclyn,Black,73,205989,MO,2016-07-25
8557,Seth,Ross,22,180457,PR,2025-01-06
8558,Eric,Combs,75,199415,TX,2019-09-27
8559,Casey,Thompson,44,208816,AS,2022-01-01
8560,Alex,Smith,66,144086,CO,2023-02-13
8561,Jennifer,Dennis,38,243226,KS,2016-11-14
8562,Michele,Holloway,38,81943,TN,2018-12-06
8563,Christine,Smith,30,43018,PW,2024-01-08
8564,Stephen,Beard,69,159481,WA,2023-07-30
8565,Emma,Crawford,49,42266,IN,2022-05-20
8566,Kirsten,Fritz,35,140424,OH,2018-01-15
8567,Aaron,Dunn,25,62530,PR,2024-01-09
8568,Karen,Guzman,46,74863,WV,2020-10-08
8569,Andrew,King,56,115688,NJ,2019-02-20
8570,Abigail,Harris,55,130363,OR,2025-07-08
8571,Kim,Smith,33,181103,CT,2023-03-11
8572,Cassandra,Carter,19,104720,GU,2018-01-01
8573,Kyle,Collins,19,198733,IN,2025-06-09
8574,Matthew,Griffith,68,180931,OR,2019-07-24
8575,Gina,Webb,18,151050,WA,2022-09-09
8576,Darrell,Horne,36,64356,MS,2021-04-10
8577,Pamela,Riley,71,135594,KY,2018-08-27
8578,Denise,Hayes,20,169845,PR,2020-09-19
8579,Stanley,Adams,76,168284,NE,2020-05-27
8580,James,Allen,20,118444,IL,2019-10-09
8581,Veronica,Moore,59,34265,TN,2016-07-17
8582,Paul,Kim,22,153179,CO,2024-01-08
8583,Ashley,Johnson,24,247540,CT,2023-02-11
8584,William,Williams,69,138810,ID,2020-11-12
8585,Rachel,Elliott,64,108904,IL,2017-10-23
8586,Amy,Mcpherson,35,113149,WI,2020-08-26
8587,Danielle,Lewis,66,120655,MS,2024-10-13
8588,Karen,Cuevas,43,50910,RI,2023-03-22
8589,Brandon,Smith,53,233060,NV,2023-04-02
8590,Diamond,Moore,38,159451,PR,2024-01-06
8591,Christopher,Jones,57,42339,PR,2024-03-23
8592,Sean,Carr,43,108235,IN,2021-03-16
8593,Mary,Bennett,62,149165,MI,2025-05-11
8594,Amanda,Davis,49,198059,DC,2022-07-12
8595,Jacqueline,Conner,79,61827,OK,2018-08-22
8596,Michael,Jones,71,128017,OK,2018-11-20
8597,Laura,Lee,78,191998,ND,2023-10-06
8598,Tracy,Fuller,24,37677,IN,2020-04-19
8599,Mary,Thompson,32,42539,DE,2018-10-16
8600,Eric,Mckee,70,32725,VI,2017-07-10
8601,Jesse,Moody,26,57560,IL,2020-03-04
8602,Jessica,Mcdonald,38,210249,CA,2024-06-13
8603,David,Duncan,64,144211,MO,2017-01-14
8604,Natasha,Moore,32,74614,CO,2024-12-06
8605,Nicole,Hoover,23,80111,WY,2019-10-09
8606,Elizabeth,James,64,242934,NH,2023-06-04
8607,Susan,Barry,41,243948,SD,2021-10-06
8608,Hannah,Henry,75,170917,TN,2021-07-12
8609,Alyssa,Weaver,18,210418,LA,2020-03-29
8610,Philip,Haynes,73,43760,KY,2024-04-11
8611,Amanda,Dunn,34,235768,VT,2017-03-07
8612,Todd,Grant,20,59046,IL,2017-09-08
8613,Bradley,Hernandez,21,109767,WV,2024-03-25
8614,Aaron,Curtis,22,99134,KY,2020-01-19
8615,Jon,Nichols,39,210334,OH,2020-06-25
8616,Chase,Marquez,57,237520,VI,2025-06-24
8617,Timothy,Hodge,69,129498,WA,2019-12-14
8618,Christopher,Simmons,35,213150,KY,2022-06-12
8619,James,Garcia,28,66113,OR,2024-07-27
8620,Rachel,Sanchez,55,150768,ND,2023-07-26
8621,Desiree,Alvarez,25,63105,NC,2020-02-03
8622,Rebecca,Baker,38,68797,SD,2022-10-29
8623,Lisa,Brown,66,183126,AR,2023-04-21
8624,Marissa,Horn,74,138342,MA,2017-08-19
8625,Robert,Harris,58,147120,MS,2024-09-05
8626,John,Saunders,60,62079,MT,2023-06-01
8627,Jared,Sparks,51,168304,TN,2019-10-17
8628,Austin,May,33,181489,HI,2025-07-06
8629,Dustin,Brown,48,203347,MP,2023-07-07
8630,Jacob,Smith,49,103542,IL,2017-09-04
8631,Jennifer,Carter,38,232543,IN,2016-07-09
8632,Tina,Walters,64,156538,SC,2020-11-12
8633,Donna,Curry,32,54064,OR,2022-08-05
8634,Rebecca,Jackson,34,230855,MD,2022-08-23
8635,Cindy,Huff,36,216484,IL,2023-10-04
8636,Kelly,Martinez,23,122539,VA,2020-06-18
8637,Bradley,Singleton,53,249032,LA,2023-10-13
8638,Joseph,Lewis,73,93537,NC,2019-09-17
8639,Madeline,Luna,60,199642,DC,2021-05-12
8640,April,Lewis,65,83973,IN,2023-03-07
8641,Matthew,Martin,62,50451,NH,2021-02-08
8642,Maureen,Tyler,22,159657,LA,2023-06-03
8643,Anthony,Lopez,21,85699,MH,2024-08-04
8644,Tracy,Moore,18,205767,NC,2021-04-24
8645,Stephanie,Escobar,31,152722,SD,2020-09-27
8646,Patricia,Kim,70,130941,LA,2024-03-17
8647,Donald,Nunez,30,157833,NE,2025-06-19
8648,Jose,Booker,24,119246,MH,2022-02-09
8649,Angelica,Cohen,31,243384,DC,2018-12-12
8650,James,Sparks,55,229649,IL,2025-04-03
8651,John,Arnold,51,164722,CA,2024-08-10
8652,Meredith,Adams,72,112145,CO,2023-03-18
8653,Jennifer,Holland,66,111743,GU,2023-06-20
8654,Emily,Miller,63,149019,OH,2026-01-16
8655,Paul,Cherry,59,70369,KS,2018-03-03
8656,Henry,Anderson,72,162254,OR,2018-04-25
8657,Brandon,Cannon,24,64094,NH,2016-12-30
8658,Cynthia,Smith,32,125327,AL,2021-03-20
8659,Jennifer,Frye,42,148602,NM,2022-08-08
8660,Ronald,Crane,73,192654,NY,2016-12-28
8661,Cheryl,Vasquez,50,83220,NH,2023-09-22
8662,Stacy,Smith,67,134911,MT,2021-07-22
8663,Tamara,Woods,30,47993,KY,2024-10-27
8664,David,Smith,35,140911,AR,2024-10-28
8665,Katie,Bailey,28,209900,FM,2020-12-22
8666,Scott,Murphy,37,181320,WA,2025-08-24
8667,Amanda,Smith,59,56755,IN,2026-05-10
8668,Ryan,Payne,27,150836,ID,2024-11-11
8669,Thomas,Alexander,74,58094,FM,2025-04-23
8670,Tracey,Martin,65,58888,NJ,2020-10-27
8671,Lisa,Beasley,33,34348,WI,2022-01-09
8672,Anthony,Collins,75,150808,MP,2017-09-17
8673,Cody,Terry,29,99928,WA,2022-05-07
8674,James,Shaffer,19,154843,NY,2016-09-06
8675,Matthew,Wong,60,169168,IL,2022-06-15
8676,Ryan,Cooke,46,122263,OR,2024-03-18
8677,Erik,Warren,34,61018,WY,2025-05-13
8678,Lindsay,Kelly,77,174258,KS,2017-07-12
8679,Anthony,Johnson,23,122910,AZ,2021-03-04
8680,Robert,Faulkner,45,85591,AK,2017-03-02
8681,Katherine,Garza,27,134052,VT,2021-11-01
8682,Chad,Brown,50,142944,MA,2024-12-25
8683,Tracy,Perez,50,117487,FL,2017-12-22
8684,Tara,Sutton,21,145694,WV,2025-06-10
8685,Lori,Clark,35,126935,AZ,2023-10-06
8686,James,Anthony,24,42880,DC,2022-11-15
8687,Elizabeth,Santiago,59,130275,FM,2017-02-06
8688,Tina,Johnson,64,140779,WV,2026-01-28
8689,Kelly,Smith,30,107071,PA,2016-08-23
8690,Taylor,Nelson,30,135563,CO,2024-06-24
8691,Pamela,Lopez,29,185726,RI,2021-07-28
8692,Daniel,Parker,35,168821,PA,2025-06-18
8693,Timothy,Carroll,56,159398,UT,2020-05-25
8694,William,Bishop,51,143656,IL,2023-09-04
8695,Justin,Mercado,24,208562,MS,2022-05-14
8696,Stacey,Rodriguez,21,199435,SD,2026-04-16
8697,Anna,Burns,33,59119,NY,2020-07-29
8698,Lisa,Rodriguez,32,60195,SD,2025-11-21
8699,Kim,Fox,21,39355,LA,2017-11-05
8700,Amber,Lam,54,99777,FM,2024-06-06
8701,Alan,Duncan,33,47261,IL,2018-01-24
8702,Amanda,Garner,52,56484,WA,2024-08-27
8703,Haley,Osborn,35,89366,OH,2022-10-08
8704,Johnathan,Davis,74,192587,IA,2022-12-27
8705,Alexandra,Hall,62,217648,MD,2021-04-17
8706,Robert,Rogers,43,132736,MN,2018-01-15
8707,Travis,Elliott,43,56556,OR,2023-08-27
8708,Cathy,Clark,32,222393,IL,2019-12-01
8709,Christina,Davis,70,211320,NC,2019-03-23
8710,Judith,Donaldson,35,159806,MH,2023-02-25
8711,Diana,Harrell,31,74834,ME,2019-08-30
8712,Raymond,Flores,68,83366,TN,2017-03-15
8713,David,Snow,40,196959,LA,2021-10-08
8714,William,Smith,36,215035,VA,2019-09-06
8715,Jeffrey,Baker,56,105491,PW,2023-10-05
8716,Yvonne,Gibson,64,30814,NH,2017-04-18
8717,Andrew,Wu,24,78517,MT,2022-05-14
8718,Douglas,Lee,50,213624,NC,2025-02-25
8719,Carrie,Hill,57,154979,MI,2018-04-17
8720,Joyce,Marquez,65,110038,NC,2018-02-02
8721,Cynthia,Gibbs,72,210338,PW,2024-12-13
8722,Daniel,Tran,33,74625,ME,2024-10-25
8723,Karen,Mcgrath,38,208636,AS,2022-04-13
8724,Ashley,Wilson,22,73685,WY,2021-08-07
8725,William,Gomez,29,117072,PA,2023-02-27
8726,Jennifer,Johnson,75,149332,PR,2025-07-30
8727,Andrew,Burgess,27,33338,NV,2025-09-28
8728,Kathy,Rivas,60,154413,NV,2018-02-10
8729,Rebecca,Kramer,45,117570,MH,2020-11-21
8730,Michael,Hughes,19,76534,TX,2021-10-28
8731,Charles,Wilson,80,99162,IA,2016-12-10
8732,Gary,Williams,74,50179,FM,2021-12-23
8733,Brandon,Randall,28,208048,MP,2024-05-28
8734,Lindsey,Flores,66,32551,MN,2022-10-18
8735,Ronald,Roberts,56,122312,IN,2017-11-12
8736,Mary,Villanueva,80,154211,PR,2020-07-16
8737,Keith,Townsend,55,30263,DE,2017-06-02
8738,Jessica,Garrison,49,94883,MD,2017-01-23
8739,Heather,Cole,48,58674,AK,2023-02-07
8740,Aaron,Taylor,20,244676,KY,2021-06-03
8741,Kenneth,Williams,19,178705,CA,2025-12-26
8742,Sara,David,61,106194,WY,2022-03-22
8743,John,Mcbride,71,89844,PR,2023-12-04
8744,Aaron,Lam,51,161896,MP,2018-03-01
8745,Mark,Alvarez,28,227916,NY,2019-03-06
8746,Michele,Harper,27,233228,MT,2017-04-14
8747,David,Smith,24,56212,LA,2018-08-28
8748,Patricia,Adams,37,240735,LA,2016-12-31
8749,Thomas,Odonnell,65,117995,WA,2026-04-16
8750,Evan,Thompson,46,158624,GA,2026-02-22
8751,Johnny,Craig,65,121955,PA,2017-06-06
8752,Jeffrey,Roberson,52,97460,CO,2023-05-31
8753,Carrie,Yu,60,157531,CA,2021-02-26
8754,William,Morris,34,125496,FL,2020-01-20
8755,Leslie,Olsen,47,33554,LA,2024-10-11
8756,Carlos,Smith,70,122438,PW,2025-12-08
8757,Jerry,Mcbride,37,216163,NY,2019-05-07
8758,Robert,Aguilar,39,165746,CT,2024-12-01
8759,Evan,Smith,67,204047,AZ,2017-10-03
8760,Olivia,Rhodes,72,186170,MP,2026-01-07
8761,Robert,Wilson,48,59559,NH,2023-04-15
8762,Ronald,Phillips,35,209774,ME,2022-05-17
8763,Chelsea,White,51,220897,MA,2017-04-17
8764,Joshua,Holland,58,35433,NY,2020-01-14
8765,Timothy,Woods,27,137562,IA,2017-07-26
8766,Jennifer,Cannon,72,87738,MA,2025-07-21
8767,John,Barron,60,67128,NH,2017-01-02
8768,Devon,Morris,40,160503,WY,2021-01-03
8769,Jeanette,Taylor,19,94059,CA,2023-03-10
8770,Jonathon,Mcclure,54,224251,OH,2022-06-16
8771,Howard,Russell,62,142910,HI,2024-06-23
8772,Elizabeth,Todd,41,84082,AR,2024-08-16
8773,Savannah,Marshall,65,53402,NE,2017-07-21
8774,Andrew,Long,30,129032,NC,2024-02-18
8775,Sheila,Cole,58,58293,VA,2024-07-03
8776,Patricia,Smith,79,101807,OH,2024-09-02
8777,William,Sutton,74,194335,MD,2019-08-10
8778,Emily,Beltran,61,172846,GU,2022-08-27
8779,Bianca,Moore,75,147773,MS,2017-05-03
8780,Gina,Spencer,79,168125,NH,2024-03-05
8781,Albert,Barnes,29,99549,UT,2024-02-19
8782,Emily,Horn,76,208013,DC,2016-09-20
8783,Trevor,Stanton,40,116820,VT,2017-06-13
8784,Christine,Kennedy,43,184441,IA,2021-03-04
8785,Elizabeth,Aguilar,44,102416,MI,2023-03-30
8786,Rebecca,Thompson,37,79957,NY,2025-12-07
8787,Katherine,Heath,20,181916,CO,2023-07-23
8788,Allen,Mueller,51,213982,PR,2016-12-13
8789,William,Cole,39,248673,ND,2022-12-02
8790,Matthew,Davila,57,62233,WI,2019-05-25
8791,John,Valdez,45,238491,AS,2025-08-23
8792,Larry,Alvarez,47,178547,MH,2025-03-18
8793,Paul,Marshall,79,237755,HI,2022-02-27
8794,Heather,Anderson,68,120963,WI,2021-11-27
8795,Travis,Jensen,36,58885,MS,2025-09-19
8796,Elizabeth,Cole,80,32184,MS,2019-04-18
8797,Pamela,Benitez,49,209706,ME,2021-10-12
8798,Tyler,Carlson,27,152242,MA,2016-11-08
8799,Lucas,Mills,61,69381,MI,2022-07-09
8800,Thomas,Francis,51,105964,AL,2016-08-24
8801,Renee,Davis,57,176313,SD,2026-01-19
8802,Phillip,Schmidt,60,72626,NM,2019-03-22
8803,Jacob,Powell,37,157618,CA,2017-12-03
8804,Hannah,Smith,36,46938,NC,2020-09-02
8805,Sylvia,White,69,107260,MP,2024-04-24
8806,Andrew,Hunter,18,148976,MN,2023-03-09
8807,Noah,Brown,20,86970,VA,2025-12-07
8808,Duane,Cole,36,246392,CA,2023-08-27
8809,Lauren,Ramirez,55,62357,RI,2021-06-05
8810,Jo,Savage,21,158022,NE,2025-12-24
8811,Lisa,Chen,37,31334,MP,2024-12-07
8812,Alan,Duarte,45,122341,NY,2017-12-27
8813,Kelsey,Vang,60,248656,AL,2019-05-01
8814,Tara,Avila,18,43081,NH,2018-05-08
8815,Sarah,Patel,34,66102,MI,2026-02-28
8816,Joseph,Smith,40,104256,CA,2020-11-24
8817,William,Love,68,161594,CO,2022-06-25
8818,Kyle,Campbell,60,231558,PR,2021-06-04
8819,Allen,Baker,53,70642,NJ,2025-03-23
8820,Lisa,Rodgers,79,52545,PR,2019-05-02
8821,Amanda,Frey,63,100954,MT,2019-10-23
8822,Marvin,Flores,27,222165,PW,2020-09-05
8823,Nicholas,Kirby,30,143259,AZ,2023-10-27
8824,Michael,Parrish,55,51159,AR,2021-05-03
8825,Chase,Peterson,36,87372,TX,2018-03-13
8826,Ricky,Rodriguez,20,154040,PR,2022-10-20
8827,Robert,Guzman,77,122964,MO,2019-03-31
8828,Jacob,Taylor,33,242784,KY,2018-09-10
8829,Ariana,Johnson,61,196997,LA,2024-01-03
8830,David,Cortez,42,140772,VI,2019-03-10
8831,Elizabeth,Padilla,43,55726,NH,2022-10-11
8832,Krystal,Walls,75,98487,CO,2022-07-17
8833,Sheila,Rodriguez,76,109173,TX,2023-06-14
8834,Mark,Miller,56,111457,VI,2020-01-18
8835,Melissa,Chambers,29,177824,PR,2018-01-06
8836,Leslie,Meyer,45,207975,NE,2016-09-06
8837,David,Erickson,74,114536,IA,2018-11-14
8838,Richard,Morris,69,181563,UT,2021-04-18
8839,Lisa,Russell,26,209128,CT,2025-09-27
8840,Michelle,Spencer,67,82299,AK,2019-05-16
8841,Jeremy,Rasmussen,34,65570,VA,2026-05-29
8842,Kaitlin,Berry,44,175302,IN,2017-04-18
8843,Maria,Ramsey,30,108921,NV,2023-12-19
8844,Evan,Brown,37,52438,NM,2016-09-01
8845,Caroline,Little,37,178547,MS,2024-01-03
8846,Dwayne,Holmes,77,194710,TN,2022-02-23
8847,Larry,Jensen,47,173086,IN,2022-04-18
8848,Kaylee,Rasmussen,29,128557,CT,2024-09-08
8849,Vincent,Day,68,248589,PW,2018-08-29
8850,Erin,Hayes,45,55176,VA,2018-02-27
8851,Jane,Walton,26,168037,WV,2018-08-04
8852,Tiffany,Bryant,46,211962,UT,2016-06-23
8853,Timothy,Thornton,38,162072,IA,2024-11-11
8854,Heather,Adams,77,209611,MD,2020-06-23
8855,Yolanda,Hebert,63,123731,ME,2019-01-05
8856,Breanna,Diaz,47,122849,NM,2018-09-20
8857,Michael,Mcfarland,45,152303,IN,2025-04-28
8858,Carolyn,Harrington,44,137546,CO,2018-01-17
8859,Tracy,Cherry,47,37254,NY,2023-11-04
8860,Malik,Ortiz,76,176514,SD,2019-09-05
8861,Rita,Clements,19,231004,MA,2019-10-18
8862,Sandra,Mitchell,44,53181,WA,2025-07-28
8863,Toni,Anderson,66,66853,CO,2017-07-17
8864,Cynthia,Tucker,57,109269,AK,2026-03-05
8865,Jonathan,Clarke,68,93608,PW,2017-07-02
8866,Jason,Smith,55,164271,NH,2023-07-04
8867,Sharon,Fischer,41,63364,WY,2017-06-28
8868,Jasmine,Price,57,172414,UT,2021-11-21
8869,David,Summers,75,178261,NM,2019-09-17
8870,Kimberly,Smith,74,106898,IN,2025-10-03
8871,Lisa,Wheeler,21,228006,MI,2024-07-12
8872,James,Daniel,72,132933,DE,2019-07-17
8873,Rachel,Wolf,26,135628,MO,2023-05-16
8874,Kelsey,Malone,60,31560,NV,2019-01-07
8875,Nathaniel,Perez,47,241676,VA,2018-04-07
8876,Dana,Sanchez,66,165792,AK,2016-12-25
8877,Denise,Oconnor,47,249990,UT,2025-11-15
8878,Joy,Swanson,21,52192,KY,2022-07-09
8879,David,Burke,21,100824,PA,2020-03-25
8880,Jade,Buchanan,71,200362,TX,2023-06-06
8881,Paul,Roberts,24,117420,WI,2019-06-11
8882,Julie,Patterson,56,55532,MT,2021-03-24
8883,Scott,Wallace,70,106172,FL,2017-05-02
8884,Jennifer,Hickman,54,156213,KY,2017-03-19
8885,Katelyn,Levine,62,116850,MI,2022-10-19
8886,Michael,Taylor,73,45955,WI,2024-04-11
8887,Patrick,Ibarra,25,224110,WI,2020-07-07
8888,Kristina,Miller,55,206793,MA,2023-09-01
8889,James,Moore,50,223819,OK,2022-10-28
8890,Jonathan,Richards,63,43898,MT,2019-07-22
8891,Neil,Watkins,62,83756,AK,2026-05-27
8892,Neil,Figueroa,51,67788,NH,2020-10-01
8893,Rachel,Shepherd,53,224097,ID,2019-11-01
8894,Emily,Hatfield,79,159841,LA,2020-08-15
8895,Adrian,Thomas,26,88600,VT,2017-10-08
8896,Jeffrey,Lopez,75,207125,OK,2016-09-14
8897,Amanda,Cook,58,70573,NV,2020-12-10
8898,Jamie,Dixon,37,194689,VA,2025-09-24
8899,Gina,Zimmerman,37,218518,PW,2020-04-18
8900,Laura,Williams,77,31691,AS,2016-07-17
8901,Andrea,Lee,69,157128,AL,2025-01-06
8902,Angela,Stephenson,57,210296,PW,2023-11-26
8903,Fernando,Horton,30,60070,ID,2022-06-22
8904,Gabriel,Thornton,22,30009,LA,2022-01-05
8905,Jennifer,Hughes,27,188280,OR,2018-06-17
8906,Kari,Patrick,74,61728,NY,2018-06-23
8907,Matthew,Robertson,51,55392,OH,2021-09-20
8908,Elizabeth,Summers,33,83554,SD,2025-10-15
8909,Joseph,Rios,24,154188,WY,2023-10-30
8910,Christine,Cook,19,248294,GA,2017-05-07
8911,Spencer,Hunter,50,146343,OH,2022-07-10
8912,Matthew,Serrano,43,44589,VI,2026-05-18
8913,Andrew,Miller,77,61932,VA,2016-11-01
8914,Cory,Simpson,37,136052,TN,2025-04-22
8915,Larry,Martin,48,78246,ME,2018-04-15
8916,Bryce,Greene,70,91584,CO,2019-02-07
8917,Darren,Robinson,71,173319,ID,2022-10-06
8918,Daniel,Hanson,34,245400,SC,2020-06-25
8919,Rebecca,Sanders,57,208604,IN,2022-05-17
8920,Gregory,Cunningham,46,202532,AZ,2020-08-12
8921,Pamela,Johnson,57,62295,VI,2024-12-10
8922,Brenda,Jones,45,68337,CO,2020-12-28
8923,Jennifer,Wilson,58,35677,ID,2024-03-14
8924,Samantha,Walker,29,67142,MN,2022-01-27
8925,Bryan,Fernandez,70,225192,MD,2017-09-22
8926,Pamela,Escobar,60,93093,ME,2020-11-03
8927,Tina,Robertson,28,164090,HI,2021-05-13
8928,Angel,Wilson,65,213403,IL,2024-08-23
8929,Shari,Brown,52,82520,PR,2022-12-21
8930,Beth,Holmes,48,155951,VA,2016-07-27
8931,Angela,Weaver,36,105877,SD,2025-04-11
8932,Rebecca,Tran,60,56219,NV,2018-02-25
8933,Terrence,Harrison,79,184340,DE,2020-08-16
8934,Colin,Miller,49,126295,MD,2017-04-26
8935,Melissa,Howard,60,102137,MN,2023-06-07
8936,Adam,Bradley,43,131140,ID,2019-11-12
8937,Michael,Tucker,62,239677,IN,2021-01-08
8938,Robert,Powers,24,151625,MH,2021-06-01
8939,Claudia,Swanson,44,243252,PW,2023-05-20
8940,Michelle,Cole,45,68840,MS,2021-09-02
8941,Alan,Nelson,19,104297,AL,2018-02-28
8942,Justin,Garcia,47,61490,OK,2022-04-07
8943,Kristen,Austin,54,132086,IN,2019-01-18
8944,Melinda,Fry,18,182184,MO,2018-04-08
8945,Jeffrey,Payne,37,38934,PW,2016-06-24
8946,Maria,Jones,59,200504,NJ,2024-03-31
8947,Anthony,Bryant,75,202278,VI,2021-11-02
8948,Elizabeth,Clark,57,146517,OR,2023-10-17
8949,Michelle,Rowland,20,122989,CA,2024-06-15
8950,Dana,Morris,79,66517,MO,2018-03-27
8951,Mario,Shaw,47,219547,OK,2020-10-28
8952,Jessica,Martinez,47,102588,OR,2020-02-18
8953,Courtney,Berry,18,71501,MP,2025-11-13
8954,William,Garcia,40,161239,AL,2024-08-23
8955,Christopher,Morales,72,161912,KS,2023-07-29
8956,James,Wade,31,121444,MD,2019-08-10
8957,Richard,Vaughn,75,215132,TN,2026-06-04
8958,Patrick,Bates,51,132399,ND,2018-10-12
8959,Anthony,Gutierrez,50,46453,SD,2020-06-26
8960,Johnathan,Anderson,29,201945,AZ,2025-05-30
8961,Brian,Camacho,27,122239,CO,2018-06-01
8962,Kyle,Schmidt,59,218536,WV,2021-05-23
8963,Thomas,Johnson,54,118943,NC,2018-11-20
8964,Courtney,Spencer,47,217480,OK,2023-08-06
8965,Chloe,Riggs,72,236227,MT,2024-12-28
8966,Kevin,Jackson,26,102965,LA,2018-05-23
8967,James,Gonzalez,68,229913,MP,2026-01-22
8968,Michael,Castillo,60,109411,NH,2017-04-04
8969,Felicia,Martinez,77,133266,AK,2023-12-08
8970,Amanda,Sanders,22,199118,NC,2018-09-24
8971,Brittany,Kelley,48,128703,ND,2021-06-18
8972,Samantha,Robles,79,153667,MI,2025-05-03
8973,Vincent,Bailey,56,202745,MN,2017-04-22
8974,Douglas,Myers,29,181005,NC,2025-05-17
8975,Melissa,Wagner,63,162901,NE,2025-02-28
8976,Sarah,Mccann,67,202728,DE,2021-07-16
8977,Kelly,Ford,51,97954,VT,2017-04-30
8978,Rodney,Yoder,26,212915,MO,2016-11-13
8979,James,Sandoval,38,184364,NY,2018-05-06
8980,Molly,Shepherd,79,182233,AZ,2019-08-06
8981,Thomas,Harvey,40,183221,IN,2018-08-18
8982,Jessica,Lowery,57,247549,MD,2018-12-23
8983,Adrian,Smith,43,47713,NY,2020-09-22
8984,Robert,Jones,20,37738,VT,2017-10-02
8985,Denise,Chapman,72,222119,TX,2025-05-10
8986,Mary,Campbell,28,90739,MT,2023-08-16
8987,Joseph,Hess,24,204394,RI,2026-05-18
8988,Daniel,Gray,24,160923,KS,2016-09-14
8989,Xavier,Carroll,77,208080,AL,2025-04-28
8990,Virginia,Chavez,48,114845,ND,2016-06-18
8991,Francisco,Bates,66,90695,VA,2023-10-10
8992,Sarah,Cummings,80,232307,DC,2023-04-21
8993,Jennifer,May,69,222059,NE,2025-05-02
8994,Jeffrey,Contreras,68,92027,NE,2024-08-21
8995,Brian,Thomas,24,75612,NJ,2018-10-29
8996,Lisa,Conley,64,130685,PA,2018-08-06
8997,Corey,Robinson,66,140115,ND,2018-01-08
8998,Anna,Jackson,77,46874,PW,2024-12-12
8999,John,Jimenez,21,190406,IA,2021-01-18
9000,Alyssa,Park,34,60008,NH,2020-10-20
9001,Brian,Figueroa,20,226590,CO,2025-04-21
9002,Dylan,Moore,22,145744,MS,2016-11-29
9003,Erin,Guerra,66,128126,MP,2024-08-08
9004,Jason,Nelson,56,195489,TN,2023-02-24
9005,Leah,Brown,71,37722,NM,2023-06-21
9006,Samantha,Peters,77,75630,RI,2022-05-01
9007,Erica,Pratt,38,58222,AK,2025-03-16
9008,Laura,Nguyen,62,147836,WY,2019-03-03
9009,Lori,Sims,42,64921,GU,2024-04-08
9010,Christine,Warner,58,180412,PW,2024-07-01
9011,Michelle,Simmons,53,82359,ND,2019-12-12
9012,Melissa,Alexander,30,96190,TX,2021-06-16
9013,Troy,Gallegos,49,144691,ME,2023-04-20
9014,Victoria,Mitchell,61,104996,KY,2017-01-13
9015,David,Weber,32,82741,NM,2018-02-16
9016,Vickie,Brown,65,72490,MH,2019-08-21
9017,Julie,Johnson,45,243342,AL,2023-10-06
9018,Rachel,Ortega,51,241988,MP,2023-04-28
9019,David,Matthews,68,80409,NJ,2020-04-08
9020,Christine,Torres,23,182596,ID,2017-11-01
9021,Darius,Shaw,19,194918,MN,2021-07-08
9022,Bruce,Fox,79,205284,MT,2023-08-02
9023,Zachary,Brown,24,83356,NE,2018-06-04
9024,Michael,Jordan,20,242338,PW,2023-02-01
9025,Antonio,Johnson,26,31372,NE,2025-09-12
9026,Julian,Rodriguez,41,233000,TN,2021-01-24
9027,Kristin,Figueroa,44,178975,MH,2022-04-23
9028,Joshua,Gilbert,52,48865,ID,2018-08-16
9029,Mark,Lawrence,39,78576,VI,2019-04-07
9030,Patrick,Jones,61,221359,KY,2018-10-26
9031,Paul,Valdez,79,220915,VA,2025-09-21
9032,Ashley,Bean,59,168452,CT,2024-02-06
9033,Donald,Santiago,49,79843,FM,2026-03-08
9034,Christopher,Williams,71,84388,NC,2021-05-04
9035,Jonathan,Morris,54,246944,VA,2018-01-05
9036,Jennifer,Shepherd,48,161294,MD,2019-07-24
9037,Amanda,Watson,40,123450,DE,2025-11-25
9038,Nicholas,Jones,57,176459,PR,2020-08-06
9039,Ana,Valenzuela,72,66142,VT,2019-09-01
9040,Erin,Robinson,69,47604,OH,2020-02-02
9041,Holly,Dodson,46,142069,DC,2018-11-05
9042,Thomas,Boyer,58,128597,KY,2018-03-06
9043,Shane,Huynh,73,48577,MD,2022-04-01
9044,Daniel,Hernandez,54,50484,RI,2024-08-07
9045,Vanessa,Gordon,26,235098,MA,2019-12-06
9046,Mary,Deleon,51,108178,OH,2020-12-02
9047,Shelby,Blankenship,24,60913,MS,2022-05-10
9048,Rhonda,White,49,90443,OK,2023-11-13
9049,Kristina,Gardner,21,187676,OR,2017-06-30
9050,Janet,Carter,52,116748,OH,2024-06-04
9051,Valerie,Williams,19,88725,NH,2018-10-02
9052,Lauren,Haynes,70,105994,PA,2023-11-13
9053,Ashley,Woods,77,247094,MP,2016-07-26
9054,Alex,Le,34,132347,MO,2016-09-13
9055,Brendan,Cameron,63,123822,RI,2023-11-15
9056,Daniel,Carr,22,71382,IN,2017-06-16
9057,Christine,Castro,79,105515,IA,2024-09-05
9058,Leon,Spencer,22,170095,OK,2026-03-20
9059,Mary,Wiggins,54,93281,MN,2021-01-01
9060,Adam,Kim,72,165727,CT,2017-08-22
9061,Patrick,Melendez,77,190234,ND,2020-01-28
9062,Scott,Henderson,50,111851,WV,2024-10-04
9063,David,Stevens,43,192174,NJ,2021-09-20
9064,David,Jones,21,173115,NH,2022-04-28
9065,Teresa,Gonzalez,62,59065,MT,2022-01-19
9066,Christopher,Bernard,55,153464,NJ,2023-04-05
9067,Lonnie,Smith,77,98957,NJ,2025-08-07
9068,Jason,Roberts,59,37858,PA,2022-10-03
9069,David,Sims,20,118616,TN,2020-03-03
9070,Jade,Nguyen,44,98388,AL,2017-12-14
9071,Danielle,Barnett,30,117697,NV,2020-04-30
9072,Cynthia,Davis,74,230470,VA,2019-01-15
9073,Yesenia,Robinson,21,66513,NE,2024-06-17
9074,Jennifer,Meyers,31,173415,MH,2016-07-10
9075,Meagan,Allen,70,222380,AK,2024-07-30
9076,Evan,Juarez,39,228533,LA,2025-04-10
9077,Brandon,Kirk,60,46339,KS,2016-10-11
9078,Theodore,Ramos,33,159382,IN,2023-06-03
9079,Kenneth,Padilla,22,241199,NE,2018-02-06
9080,Troy,Murphy,78,177811,AL,2021-06-04
9081,Richard,Gonzalez,75,189908,WV,2017-06-17
9082,Laurie,Hall,62,248891,IL,2017-02-04
9083,Austin,Thomas,66,241678,ME,2022-08-27
9084,Breanna,Flores,20,120661,MS,2024-12-09
9085,Luke,Castro,80,48550,TX,2018-02-16
9086,Annette,Chen,78,139114,IA,2020-02-06
9087,Janice,Lyons,56,223800,MN,2025-11-11
9088,Laurie,Wood,57,51127,PA,2016-06-28
9089,Hailey,Henson,74,174552,SD,2020-10-09
9090,Nathaniel,Roman,48,63938,TX,2022-08-15
9091,Andrew,Howe,35,219616,AZ,2024-09-28
9092,Stephanie,Smith,20,57279,KS,2025-03-07
9093,Natasha,Santos,20,160179,MS,2017-05-28
9094,Marcus,Russell,50,89046,HI,2020-11-21
9095,Jake,Graves,59,121817,WA,2025-08-26
9096,Jeffery,Hernandez,45,155198,PA,2022-05-30
9097,Tiffany,Velez,37,234876,AL,2025-03-17
9098,Veronica,King,72,89704,NV,2019-02-28
9099,Sarah,Moore,19,44511,GA,2017-04-27
9100,Deborah,Jones,19,232798,MN,2022-10-11
9101,Christina,Jordan,68,242693,IN,2021-07-31
9102,Matthew,Washington,30,170033,WV,2017-10-29
9103,Jonathan,Yates,56,129454,MN,2025-01-30
9104,Brittney,Thomas,61,209200,TN,2017-07-17
9105,Brooke,Brown,65,34743,WV,2018-10-02
9106,Penny,Rodriguez,53,156398,SD,2025-12-15
9107,Pam,Brown,21,131482,IN,2022-03-02
9108,Joseph,Patton,67,128888,DC,2020-11-22
9109,Angela,Frank,62,62830,AS,2022-10-28
9110,Kathryn,Cole,45,213851,GA,2016-08-24
9111,Jeremy,Gilbert,45,174059,OH,2023-03-15
9112,Melissa,Smith,26,60299,OH,2023-02-23
9113,Kathryn,Williams,46,60931,TN,2017-11-03
9114,Hannah,Robinson,75,191389,OR,2024-06-06
9115,Timothy,Walton,80,126392,FL,2019-05-18
9116,Kyle,Russell,40,80763,MD,2021-02-19
9117,Christopher,Richardson,39,144432,KS,2021-12-26
9118,Tammy,Phillips,76,45184,NH,2023-02-04
9119,Amy,Johnson,33,90826,MP,2019-02-18
9120,Caleb,Anderson,23,184302,NE,2023-03-19
9121,Sergio,Lindsey,18,89539,MO,2020-12-02
9122,Mary,Cooper,44,225946,SD,2021-10-30
9123,Randy,Parker,66,241742,UT,2019-02-09
9124,Amy,Holland,68,170566,NJ,2025-03-13
9125,Travis,Mckee,54,42000,MO,2023-12-29
9126,Monica,Scott,69,33905,NE,2019-10-16
9127,Jonathan,Hoffman,73,218698,NC,2020-09-01
9128,Christian,Melendez,33,243023,OR,2021-03-15
9129,Chris,Thompson,21,50083,PA,2021-05-02
9130,Katie,Garcia,21,63217,IN,2019-07-28
9131,Jason,Hall,46,77341,PA,2016-10-10
9132,Christopher,Meyer,36,41460,KS,2017-08-18
9133,Alyssa,Bradford,38,121663,SC,2023-03-26
9134,Aaron,Leach,56,201759,KY,2016-09-26
9135,Matthew,Reese,74,94027,SC,2019-08-04
9136,Suzanne,Jones,36,64004,WA,2018-01-06
9137,Holly,Fischer,56,134285,MN,2019-09-18
9138,Candice,Hensley,48,202381,MS,2021-02-08
9139,Kristen,Zimmerman,25,202121,ND,2019-01-03
9140,Nicole,Snyder,22,50022,NE,2019-06-08
9141,Timothy,Kane,34,172513,DE,2019-01-10
9142,Sara,Mercado,31,159742,KS,2023-09-16
9143,Patricia,Strickland,63,222733,GU,2024-02-27
9144,David,Adams,70,123574,SC,2025-03-23
9145,Andrea,Morrison,75,87746,PR,2022-03-31
9146,Alexander,Matthews,46,216943,RI,2022-11-29
9147,Christina,Harrington,37,126189,AS,2022-09-18
9148,Samantha,Day,67,174547,FL,2026-01-25
9149,Carla,Stein,36,201348,MI,2025-03-26
9150,Robert,Thomas,33,168109,MD,2019-02-15
9151,Joshua,Singh,75,100132,HI,2019-06-04
9152,Rachel,Simmons,38,212916,IN,2024-08-22
9153,Courtney,Brady,52,161975,CA,2024-10-08
9154,Shawn,Thompson,24,44155,MI,2024-09-14
9155,Colleen,Eaton,40,137697,VA,2021-01-05
9156,Michelle,Burns,63,193019,IN,2017-02-23
9157,Krista,Taylor,49,103343,MD,2021-04-09
9158,Cory,Farrell,23,83360,DC,2020-03-29
9159,Timothy,Duncan,76,65948,CO,2025-07-29
9160,James,Luna,71,166575,NV,2022-07-18
9161,Sean,Woodward,32,109937,PR,2016-10-09
9162,Erin,Smith,65,174956,MH,2018-06-12
9163,Monica,May,31,62177,MA,2020-09-29
9164,Kathy,Barnes,41,220031,MI,2024-05-19
9165,Katherine,Johnson,70,236553,MD,2025-06-18
9166,Ashley,Jones,27,39402,IA,2026-01-03
9167,Mary,Smith,80,91631,AK,2022-09-18
9168,Gina,Watson,62,145416,OH,2024-10-11
9169,Keith,Morgan,59,230328,OR,2017-01-28
9170,Timothy,Johnson,47,59946,PW,2022-06-20
9171,Theresa,Martin,19,160785,MS,2016-06-21
9172,Frank,Jones,71,38848,VI,2018-09-26
9173,Matthew,Mcfarland,35,102867,OH,2024-01-29
9174,Heather,Chapman,55,130709,PA,2023-05-14
9175,Savannah,Graham,37,246839,MO,2024-12-30
9176,Peter,Holland,79,52149,PA,2020-01-31
9177,Amanda,Garcia,21,103162,CA,2019-07-26
9178,Jason,Snyder,72,189841,IN,2023-04-16
9179,Amanda,Hall,42,159854,ID,2023-01-20
9180,Noah,Jefferson,19,130293,NV,2022-12-16
9181,Jerry,Santos,42,146397,IN,2022-02-22
9182,Barbara,Jones,20,88837,MO,2023-11-19
9183,Derrick,Campbell,31,129438,AS,2024-12-20
9184,Evan,Morgan,29,202995,NC,2019-03-08
9185,Nicole,Marshall,45,169589,DE,2019-03-31
9186,Kelly,Larson,21,203120,SC,2022-03-16
9187,Donald,Rodriguez,37,38206,NH,2018-09-24
9188,Kenneth,Sharp,52,230014,MP,2021-06-11
9189,Michelle,Robertson,40,36813,FM,2024-09-22
9190,Lori,Cohen,76,189577,NH,2025-06-09
9191,Amber,Nguyen,66,118137,NC,2024-03-07
9192,Brian,Obrien,77,247096,VI,2018-05-22
9193,Ryan,Camacho,76,98821,SC,2021-11-03
9194,David,Bolton,69,227477,CA,2021-12-31
9195,Brenda,Smith,55,86765,ND,2020-01-02
9196,Ryan,Tran,66,37168,CO,2019-11-02
9197,Kari,Roach,39,220260,WI,2018-04-22
9198,Kristin,Jones,71,192930,ND,2025-05-23
9199,Barbara,Gutierrez,45,142079,CA,2017-06-23
9200,Heather,Chen,68,221162,WA,2024-08-12
9201,Sara,Thompson,77,222784,CT,2020-09-06
9202,Nancy,Clark,66,44973,DC,2024-06-26
9203,Kristin,Khan,69,58628,NC,2024-06-02
9204,Lauren,Mueller,53,131740,VT,2021-02-06
9205,Brenda,Chambers,78,219083,GU,2022-02-18
9206,Derek,Mitchell,77,207725,CA,2021-04-06
9207,Gina,Butler,36,170184,PR,2019-04-09
9208,Brenda,Benjamin,47,141105,WI,2023-03-09
9209,Diana,Harris,54,218539,KS,2021-09-26
9210,Darin,Zuniga,54,231591,WI,2024-06-20
9211,Cassandra,Maynard,51,98183,IL,2017-12-18
9212,Matthew,Wyatt,28,129953,VI,2025-03-20
9213,Lynn,Medina,47,225463,MO,2024-06-18
9214,Caroline,Mills,77,92449,MA,2022-04-12
9215,George,Fields,26,33980,MA,2025-08-30
9216,Lisa,Waters,35,239607,MS,2022-12-30
9217,Sharon,Jackson,61,101930,IA,2021-08-10
9218,Sean,Wilson,23,95518,VA,2020-07-16
9219,Elizabeth,Mckinney,67,172292,WV,2026-02-11
9220,Amber,Scott,36,118482,PA,2023-10-13
9221,Amber,Jones,54,133442,NM,2017-11-02
9222,Joshua,Mcgee,20,191362,CO,2016-08-23
9223,Sarah,Crane,35,124816,MD,2021-09-04
9224,Colin,Novak,35,202813,UT,2022-02-14
9225,Joshua,Jackson,34,235108,MN,2019-06-01
9226,Sean,Macdonald,59,242404,HI,2019-09-11
9227,Sarah,Erickson,67,189383,MA,2022-09-17
9228,Angela,Kline,18,62586,NV,2021-12-24
9229,Hannah,Burnett,37,179013,KS,2020-10-09
9230,Jeremiah,Francis,60,114145,MO,2021-03-15
9231,Priscilla,Smith,71,99341,OK,2021-03-03
9232,John,Johnson,72,76867,TN,2017-04-03
9233,Mark,Johnson,46,151300,TX,2023-06-12
9234,Matthew,Padilla,19,145319,AR,2024-09-07
9235,Alexander,Ashley,18,152274,SD,2019-12-31
9236,Maria,Walton,20,124037,VA,2021-02-06
9237,Michael,Davis,48,197180,CO,2025-09-19
9238,Jerry,Vargas,72,175911,NH,2023-12-18
9239,Maria,Smith,31,137114,RI,2022-10-20
9240,Shane,Martinez,21,181930,MN,2017-04-18
9241,Courtney,Mcintosh,78,50852,MH,2022-06-04
9242,Sierra,Wheeler,35,189993,IA,2017-04-01
9243,Kristy,Greene,53,112320,MP,2021-07-18
9244,Gordon,Gonzalez,79,46788,ND,2017-08-15
9245,Kristin,Grant,46,77134,AK,2023-04-08
9246,Deanna,Henderson,34,230796,CO,2020-08-28
9247,Larry,Lopez,68,102389,GU,2017-04-08
9248,Steven,Hill,34,159742,ME,2026-01-30
9249,Amber,Martinez,26,89616,IN,2020-08-03
9250,Gina,Gonzalez,58,75742,SC,2020-10-27
9251,William,Morris,27,191991,CT,2020-09-24
9252,Douglas,Brewer,59,42997,VI,2018-04-18
9253,Robert,Campbell,32,60001,NH,2016-07-05
9254,Melissa,Johnson,59,40093,MH,2018-11-02
9255,Christopher,Davis,29,209422,PW,2025-05-02
9256,Valerie,Moran,50,145424,MP,2024-07-26
9257,Joseph,Howell,55,113187,ME,2021-12-04
9258,Stephanie,Roman,20,175072,PA,2019-07-26
9259,Derrick,Pittman,63,89756,AK,2017-02-20
9260,Miranda,Yu,21,217314,PA,2022-01-10
9261,Renee,Hood,34,97487,WV,2026-03-26
9262,Patricia,Brown,19,207835,MN,2017-11-03
9263,Kevin,Miller,72,122624,LA,2026-02-23
9264,Chad,Lee,52,218303,NV,2019-04-22
9265,Dana,Medina,20,187438,ME,2024-11-03
9266,Joshua,Cowan,33,121679,DE,2022-02-16
9267,Erin,Gibson,24,50310,NJ,2017-12-28
9268,Samuel,King,50,146342,MP,2017-11-27
9269,Tracy,Johnson,25,163964,CO,2019-03-26
9270,Michael,Bell,22,92122,HI,2017-03-27
9271,Vincent,Howell,31,115403,UT,2022-12-02
9272,John,Mcdaniel,54,127349,FL,2016-10-05
9273,Lori,Smith,71,245664,SD,2018-01-26
9274,Rebecca,Johnson,61,139043,NE,2021-08-30
9275,Matthew,Brennan,22,198266,MH,2023-09-09
9276,Keith,Miller,45,104208,FM,2025-07-09
9277,David,Logan,27,36473,WY,2021-07-15
9278,Rebecca,Fowler,38,189112,VT,2023-07-02
9279,Norman,Stanley,68,124447,GA,2016-11-10
9280,Samantha,Delacruz,39,136990,MS,2019-10-31
9281,Lisa,Campbell,75,200912,OR,2020-07-14
9282,Nicole,Cunningham,41,153387,VA,2023-11-27
9283,Sonya,Elliott,78,107086,LA,2023-03-10
9284,Logan,Houston,57,38167,DC,2022-02-22
9285,Daniel,Cole,28,126548,DE,2024-06-11
9286,Christina,Meyer,20,106250,SD,2016-08-14
9287,Cody,Spencer,77,69338,NM,2017-08-05
9288,Wanda,Floyd,76,184986,NY,2017-10-25
9289,Donald,Wood,19,57848,WV,2018-11-14
9290,Monica,Anderson,56,85438,MD,2016-11-29
9291,Sarah,Brown,69,112078,WY,2017-01-11
9292,Carly,Guzman,50,217634,MH,2021-10-02
9293,Robert,Robinson,67,224522,MT,2023-01-10
9294,Mia,Larsen,50,235381,MP,2016-08-28
9295,Lisa,Garrison,55,216866,UT,2016-07-24
9296,Victor,Brown,40,86326,TN,2023-10-22
9297,Christopher,Bright,42,247770,TX,2023-07-20
9298,Michael,Byrd,55,38545,HI,2022-10-04
9299,Haley,Miller,60,220384,MH,2022-03-09
9300,Angela,Walters,27,129900,TN,2019-06-29
9301,Heather,Jenkins,66,200187,MP,2020-02-06
9302,Tamara,Bates,23,50266,MH,2018-12-03
9303,Joseph,Larson,79,88872,NV,2020-01-15
9304,Joshua,Cooke,54,161988,WI,2024-08-13
9305,Amy,Morgan,54,195235,NE,2018-03-26
9306,Mary,Adkins,53,222400,WY,2019-06-18
9307,Jodi,Dominguez,44,171287,MN,2025-12-20
9308,Donald,Yoder,64,61782,NV,2018-07-01
9309,Ruth,Parsons,72,168348,GU,2017-01-02
9310,Evan,Johnson,69,43482,SD,2020-12-16
9311,Michael,Greene,56,153818,IA,2020-05-25
9312,Angela,Harris,60,167480,SD,2019-02-27
9313,Hailey,Bell,51,145610,PA,2018-05-22
9314,Michael,Cross,38,100564,ND,2020-11-24
9315,Mark,Greene,30,249154,OR,2023-06-18
9316,James,Bennett,54,106825,FM,2018-07-06
9317,Melinda,Williams,76,93970,IL,2018-12-15
9318,Karen,Bell,39,93720,MD,2026-01-22
9319,Emily,Riley,69,231233,WY,2022-06-20
9320,Sarah,Strickland,80,124886,VI,2020-05-06
9321,Kimberly,Bryant,32,149490,ND,2016-06-23
9322,Daniel,Hutchinson,38,226133,NM,2024-08-07
9323,Lisa,Donovan,80,60255,HI,2023-10-20
9324,Matthew,Castro,62,93188,DC,2019-11-16
9325,Tamara,Mcmahon,46,222098,AK,2025-12-04
9326,Nichole,Sandoval,79,137459,MA,2016-11-03
9327,Cindy,Nguyen,41,50890,ND,2022-10-15
9328,Andrew,Martinez,40,176920,MS,2024-11-21
9329,Cassandra,Santos,50,50039,MI,2018-07-05
9330,Courtney,Case,76,124973,NY,2023-11-23
9331,Dawn,Zavala,59,156918,NE,2025-03-31
9332,Julia,Fuller,56,90384,AR,2024-09-07
9333,Kathryn,Morse,46,236124,DC,2016-10-23
9334,Roberta,Mays,44,90231,VA,2023-08-25
9335,Jenny,Lyons,54,247008,MD,2018-06-01
9336,David,Nelson,70,62841,MA,2017-12-11
9337,Jeffrey,Allen,77,170932,MH,2022-10-10
9338,Judith,Williams,33,233541,NH,2021-02-21
9339,Jason,Reid,76,136854,HI,2023-02-06
9340,Mark,Smith,61,183290,VI,2026-05-17
9341,Sandra,Hodges,60,66212,TX,2021-01-24
9342,Tiffany,Rodriguez,56,98230,OH,2023-02-11
9343,Michael,Graham,68,105205,LA,2017-11-02
9344,Paula,Ochoa,39,112272,ME,2024-01-08
9345,Monica,Perry,25,51366,PR,2017-11-07
9346,Hunter,Collins,44,140368,DE,2021-04-04
9347,Jared,Howard,50,68901,FL,2025-12-12
9348,Christopher,Beltran,54,159551,AL,2020-02-10
9349,David,Hess,58,232544,MD,2019-09-26
9350,Christine,Williams,30,77163,NJ,2022-03-26
9351,Donald,Haynes,74,149031,NJ,2021-02-25
9352,Karen,Flores,18,73718,GU,2016-12-08
9353,Matthew,Barrett,25,139740,SC,2022-12-23
9354,Patricia,Vasquez,34,230673,AL,2025-04-23
9355,Rickey,Barton,53,216484,AL,2025-06-29
9356,Stephanie,Allen,77,153171,DC,2025-11-03
9357,Mary,Morton,65,56475,MP,2018-02-22
9358,Philip,Ramirez,26,38932,NH,2018-10-02
9359,Jason,Singh,71,143094,DE,2022-11-22
9360,Gina,Chapman,19,210891,SC,2026-04-13
9361,Michael,Bell,28,49140,KY,2024-06-19
9362,Brett,Brooks,26,164977,KS,2019-09-24
9363,Jeffrey,Barr,73,168755,NH,2018-08-31
9364,Kelly,Ortiz,76,131741,TN,2016-11-27
9365,Erin,Mason,75,140718,DE,2025-05-16
9366,Elizabeth,Alvarado,40,63411,RI,2018-11-13
9367,Shelly,Hall,43,212695,NJ,2021-02-08
9368,Leslie,Freeman,53,93290,NM,2020-08-12
9369,Judy,Clark,63,106910,TN,2024-09-07
9370,Melvin,Robinson,25,118292,AS,2026-01-16
9371,Curtis,Wang,75,246194,NH,2021-07-22
9372,Krystal,Brown,75,118248,OK,2020-05-21
9373,Micheal,King,55,189582,AS,2023-11-27
9374,Tyler,Simpson,57,58251,NM,2019-08-03
9375,John,Johnson,64,41858,HI,2022-04-15
9376,Austin,Odonnell,22,223658,MN,2018-01-20
9377,Alexandra,Mcdonald,76,123050,HI,2024-04-11
9378,Jordan,Richardson,78,147675,MO,2021-08-12
9379,Tammy,Alexander,76,137184,VI,2018-08-31
9380,Sergio,Dunn,58,147900,AR,2023-11-03
9381,Lori,Hunter,65,248839,ID,2021-03-09
9382,Joseph,Schwartz,45,105835,VA,2026-02-06
9383,Richard,Perez,66,155070,PA,2023-11-13
9384,Mary,Wood,62,65286,MH,2023-10-03
9385,Jerry,Washington,64,78090,AL,2020-06-27
9386,Kristine,Gibson,64,230790,MP,2016-06-19
9387,Kathleen,Rojas,55,244985,DC,2019-06-28
9388,Julie,Lee,77,163529,MN,2025-05-28
9389,Jenna,Williams,23,69913,TN,2019-04-18
9390,Tracy,Wood,75,32040,DE,2024-03-02
9391,Joyce,Velez,55,185464,MS,2016-12-17
9392,Miranda,Miller,41,206660,NM,2020-02-28
9393,Collin,Scott,59,148889,ND,2023-02-23
9394,Holly,Lopez,42,114000,PR,2016-06-12
9395,Cindy,Craig,46,76326,RI,2023-12-09
9396,Justin,Perez,50,219407,UT,2024-08-07
9397,Timothy,Acevedo,55,103216,WA,2022-07-29
9398,Jennifer,Crawford,78,232638,NJ,2024-03-27
9399,Clayton,Nunez,24,90886,MD,2021-08-09
9400,Justin,Austin,37,159313,MH,2025-08-18
9401,Julie,Coleman,39,42658,MH,2018-03-29
9402,Matthew,Diaz,54,165706,NM,2018-07-06
9403,Jessica,Jones,75,167676,IA,2021-11-15
9404,Ebony,Tucker,55,163228,MI,2019-10-31
9405,Brandon,Newton,72,141854,WI,2020-04-22
9406,Michael,Diaz,36,114620,AZ,2023-07-10
9407,Andrew,Hahn,42,113513,PA,2022-11-08
9408,John,Park,66,76770,MA,2018-12-26
9409,Jesus,Brown,79,67538,ND,2022-02-15
9410,Nicole,Wong,20,243381,IL,2026-06-01
9411,Ashley,Smith,78,222577,ME,2018-09-25
9412,James,Short,74,221623,VA,2019-10-03
9413,Abigail,Miller,31,142862,WV,2025-01-20
9414,Courtney,James,51,102943,WV,2018-02-13
9415,Brian,Wright,54,191343,AL,2018-02-08
9416,Steven,Wilson,38,56074,KY,2024-11-01
9417,Samantha,Baxter,40,104656,FL,2019-04-06
9418,Victoria,Mejia,28,61077,AR,2020-08-18
9419,Manuel,Dodson,36,101787,LA,2023-12-30
9420,Ryan,Brown,49,145059,ND,2019-12-22
9421,Elizabeth,Lopez,32,74386,MP,2025-02-13
9422,Joseph,Pope,36,98007,RI,2020-07-19
9423,Michael,Erickson,56,227517,NY,2022-04-14
9424,Jeffrey,Green,24,90732,PA,2020-07-26
9425,Katherine,Graham,60,103040,FL,2023-07-04
9426,Fred,Stein,27,55159,MN,2024-12-03
9427,Melissa,Eaton,31,174746,MH,2026-04-28
9428,Paula,Adams,71,163352,ND,2024-03-12
9429,Kenneth,Gomez,66,74263,DE,2019-08-11
9430,Donna,Murphy,19,186864,IA,2017-03-04
9431,Olivia,Hahn,75,40418,MD,2021-08-18
9432,Christopher,Gonzalez,79,171513,IL,2023-02-16
9433,Nicholas,Lucero,52,239450,ID,2021-06-22
9434,Danny,Lucas,30,31747,FL,2017-06-16
9435,John,Rose,49,248236,IN,2025-11-15
9436,Robert,Williams,70,36757,IA,2020-08-29
9437,Michael,Martin,41,83252,TN,2016-12-08
9438,Maria,Smith,36,179727,CO,2019-09-11
9439,Billy,Davis,45,221912,ND,2018-06-23
9440,Andrew,Taylor,46,166549,AS,2024-11-04
9441,Jeffrey,Harrison,26,247851,CO,2019-11-17
9442,Angela,Smith,47,107317,DC,2019-10-15
9443,Sean,Knight,76,58734,RI,2024-12-09
9444,Kaitlyn,Everett,63,215158,NC,2025-09-14
9445,Douglas,Sexton,76,61441,RI,2018-03-16
9446,Logan,May,46,143315,MN,2026-01-20
9447,Catherine,Davis,49,98958,GU,2018-05-23
9448,Gene,Simmons,23,65866,NE,2016-12-08
9449,Wendy,Moore,35,221793,DC,2025-03-26
9450,Damon,Marshall,60,60529,MA,2023-03-22
9451,Andrew,Norris,79,122725,RI,2022-03-30
9452,Ruben,Wilson,69,50726,OK,2019-08-21
9453,James,Brown,65,237964,AZ,2025-08-16
9454,Kelly,Jones,32,220673,NH,2021-09-21
9455,Brandi,Bartlett,22,115751,PR,2022-01-20
9456,Travis,Mccoy,28,162922,DC,2019-11-20
9457,George,Washington,39,102380,GU,2017-04-12
9458,Brianna,Scott,47,195314,AR,2018-04-02
9459,Nicholas,Cole,65,164439,CO,2016-10-06
9460,Sarah,Johnson,61,233697,MO,2019-04-21
9461,Nicholas,Garrison,22,215285,OH,2025-01-03
9462,Briana,Rose,62,112525,TN,2022-09-06
9463,Larry,Harper,75,40055,UT,2018-05-09
9464,Anthony,Melton,45,56329,CO,2022-10-09
9465,Mark,Mahoney,77,214838,WY,2019-06-18
9466,Cynthia,Gonzalez,68,166654,VT,2017-03-20
9467,Elizabeth,Evans,38,79911,AZ,2023-04-09
9468,Jamie,Frank,71,176320,NH,2021-04-29
9469,Scott,Wells,60,249580,MT,2024-03-11
9470,Amy,Harris,74,194123,ND,2024-06-14
9471,Brittany,Hansen,20,196329,HI,2022-11-09
9472,Aaron,Burns,58,32089,SC,2024-11-10
9473,Cheyenne,Rice,33,65880,IN,2026-03-26
9474,Leslie,Shaw,55,128620,WI,2020-04-23
9475,Kelly,Rodriguez,73,87726,VA,2017-11-10
9476,Melinda,Craig,61,81295,NY,2018-01-06
9477,Michelle,Johnson,34,153237,WA,2021-12-27
9478,Christina,White,27,157010,GU,2018-05-30
9479,Mary,Roberts,70,79048,VT,2022-02-10
9480,Joshua,Vega,64,160213,AZ,2018-09-02
9481,Marcus,Francis,36,64548,AZ,2018-03-28
9482,Nathan,Duncan,30,196401,NE,2022-02-21
9483,Jonathan,Davis,74,53255,TX,2025-04-25
9484,Candice,Cox,78,165346,AZ,2019-12-13
9485,Brooke,Wallace,72,219604,AL,2025-09-21
9486,Timothy,Kerr,65,86148,ME,2021-03-06
9487,Katherine,Garrett,18,143854,IN,2026-03-21
9488,Stacey,Johnson,22,158631,IL,2022-09-08
9489,Michael,Miller,53,190226,WY,2025-03-22
9490,Mario,Perry,31,216119,PW,2023-12-14
9491,Philip,Brown,29,40174,PW,2021-10-14
9492,Andrew,Gray,44,210350,PA,2019-05-21
9493,Dale,Bryant,34,190793,WV,2020-12-10
9494,Scott,Conrad,42,195419,ND,2023-10-19
9495,Kaitlin,Davis,55,91529,FL,2018-04-10
9496,Teresa,Herrera,58,121410,DE,2018-05-20
9497,Shelby,Stewart,48,169057,AZ,2022-10-22
9498,Eric,Reeves,60,77202,AK,2017-05-10
9499,Stanley,Harrell,74,108669,UT,2023-10-03
9500,Michael,Campbell,71,90789,NV,2021-07-11
9501,Kimberly,Lyons,74,106576,VA,2021-03-11
9502,Erika,Juarez,60,157155,NE,2016-08-24
9503,Francisco,Meyer,49,238862,GA,2019-01-12
9504,Joseph,Williamson,58,132815,UT,2021-04-15
9505,Charles,Powell,56,123618,MS,2020-08-01
9506,James,Keith,52,156080,IN,2025-04-21
9507,Kenneth,Gonzalez,36,55305,CO,2021-03-27
9508,Julie,Schroeder,32,59456,OR,2020-11-14
9509,Patricia,Griffith,79,227908,PA,2020-08-22
9510,Ashley,Smith,66,105306,LA,2024-09-17
9511,Ashley,Guerrero,44,147223,NM,2024-03-09
9512,Christopher,Palmer,38,94853,KY,2018-04-23
9513,Kelly,Brown,60,141375,OH,2018-03-17
9514,Stephanie,Montes,25,76188,MD,2024-08-18
9515,Marvin,Washington,47,113599,TN,2021-06-18
9516,William,Brown,60,59762,UT,2016-12-01
9517,Anna,Morgan,40,212706,ND,2025-01-25
9518,Cynthia,Mills,43,214764,PW,2023-10-02
9519,Herbert,Jackson,26,232816,NY,2018-05-04
9520,Sara,Buck,74,156809,CA,2019-07-19
9521,Christina,Lee,71,240952,WI,2020-09-08
9522,Brittany,Smith,73,158234,WY,2022-06-15
9523,Steven,Hoffman,56,138004,PW,2021-01-12
9524,Robert,Wilson,61,91567,GA,2022-03-31
9525,Nancy,Parrish,19,106265,NC,2020-07-13
9526,Edward,Garcia,35,163034,PA,2023-04-07
9527,Robert,Mercer,31,235213,NH,2026-04-05
9528,John,Miller,44,45939,MI,2019-04-24
9529,Reginald,Walker,53,232322,WA,2018-10-16
9530,Michaela,Sanchez,38,98578,AL,2019-08-30
9531,Vickie,Gonzalez,61,113261,IL,2017-01-03
9532,Michael,Butler,44,132597,GA,2024-02-06
9533,Jason,Morris,69,145854,KY,2024-09-16
9534,Daniel,Alvarado,45,134511,CO,2025-04-11
9535,Charles,Smith,34,44321,IA,2018-02-05
9536,Michael,Morris,35,157272,DE,2016-09-11
9537,Jesse,Brown,64,87395,MA,2020-09-19
9538,Ashley,Christian,39,196793,CO,2026-05-17
9539,David,Smith,70,41961,FM,2021-12-20
9540,Mark,Miller,37,147345,WA,2021-02-10
9541,Phillip,Russo,44,88015,CT,2016-12-09
9542,Jodi,Thomas,54,73656,AK,2023-03-20
9543,Melinda,Gonzalez,52,84054,RI,2017-12-29
9544,David,Dougherty,67,193915,DC,2023-10-16
9545,David,Ford,25,190773,FL,2021-09-02
9546,Jeffrey,Morrison,57,116424,CO,2021-02-22
9547,Gregory,Long,26,188586,KY,2019-05-09
9548,Robert,Roman,52,35221,VA,2019-01-06
9549,Eric,Owens,78,219327,TX,2018-01-18
9550,Rebecca,Oconnell,19,240347,CO,2021-06-22
9551,Michael,Mueller,42,53659,WA,2018-06-14
9552,Alexa,Thompson,67,214740,DE,2025-02-09
9553,Alicia,Jones,39,122458,RI,2017-05-24
9554,Cassandra,Crawford,67,230805,NE,2017-02-18
9555,Pam,Smith,53,46636,UT,2024-10-23
9556,Daisy,Delgado,59,42901,LA,2018-02-24
9557,Michael,Leonard,51,85171,IA,2018-11-17
9558,Dennis,Wood,41,170370,AK,2022-02-24
9559,Ricky,King,30,71154,IN,2016-11-25
9560,Jennifer,Miller,71,170430,VI,2017-02-19
9561,Jacob,Webb,43,218172,NH,2023-06-30
9562,Patricia,Olson,32,106070,OK,2025-01-07
9563,Erica,Fernandez,69,72311,MP,2016-07-31
9564,Robert,Hatfield,76,128010,PR,2016-10-05
9565,John,Gardner,39,138369,AZ,2018-02-16
9566,Melanie,Duarte,31,174952,VA,2018-07-09
9567,Brandi,Gonzalez,64,95196,MO,2026-05-15
9568,Carol,Edwards,78,33575,NV,2020-07-12
9569,Leah,Jacobs,20,35250,WA,2022-11-20
9570,Brittany,Griffith,66,168033,NC,2024-11-16
9571,Tony,Jackson,24,161465,ID,2018-07-03
9572,Jeffery,Martin,43,237445,NH,2025-06-22
9573,Robyn,Wright,49,41084,HI,2020-04-15
9574,Jon,Ward,28,104210,NV,2016-11-20
9575,Lisa,Saunders,37,36355,MP,2021-10-21
9576,Daniel,Moore,32,195558,CO,2017-07-10
9577,Erik,Roth,67,210373,NH,2019-07-18
9578,Toni,Walters,33,38854,MT,2025-07-14
9579,Jennifer,Ferguson,35,226585,PA,2024-03-20
9580,Beth,Turner,25,243121,IL,2019-01-01
9581,Joseph,Day,68,129052,CO,2025-04-12
9582,Mark,Hardy,59,135054,OR,2019-10-06
9583,Jennifer,Brown,26,244511,VA,2021-12-11
9584,Melvin,Hardy,65,100778,KS,2025-07-07
9585,Sara,Smith,73,52260,MI,2026-03-29
9586,Michelle,Hernandez,22,49369,NH,2022-03-11
9587,Tara,Washington,50,219297,IA,2018-01-25
9588,Thomas,Roberts,63,229854,RI,2017-09-30
9589,Joseph,Brooks,64,138889,ND,2020-05-14
9590,Tyler,Gibbs,19,33864,SD,2020-05-26
9591,Troy,Adams,65,247645,TX,2018-06-14
9592,Karen,Meyers,52,188563,WY,2018-08-01
9593,Elaine,Rodriguez,76,69805,TX,2025-10-17
9594,George,Lucero,24,222904,WY,2018-01-16
9595,Gregory,Bennett,55,237780,WV,2023-09-28
9596,Kyle,Jones,43,80930,VA,2021-03-11
9597,Isaac,Dodson,71,188778,NM,2024-06-29
9598,Blake,Griffin,72,111838,IA,2021-06-03
9599,Clayton,Holmes,68,114863,VT,2020-07-12
9600,Steven,Gillespie,45,164310,NH,2022-08-06
9601,Jill,Tyler,65,36142,NV,2017-09-23
9602,Melissa,Young,37,101840,NH,2020-02-02
9603,Maria,Robertson,47,83127,KS,2021-04-23
9604,Eric,Fowler,24,99276,NM,2017-09-09
9605,Ruben,Frank,80,201979,MA,2025-05-09
9606,Destiny,Baker,54,153574,MT,2019-04-12
9607,Shelly,Vargas,42,106346,GU,2022-03-25
9608,Sandy,Jones,45,54395,WV,2022-03-27
9609,Cindy,Lee,32,136517,AL,2016-10-03
9610,Stephanie,Cruz,53,103022,AZ,2019-12-31
9611,Michelle,Hendricks,48,104559,KS,2023-02-09
9612,Eddie,Jordan,76,214255,CA,2023-01-08
9613,Robert,Kane,52,162800,DC,2017-04-30
9614,Krystal,Evans,33,130246,HI,2021-01-16
9615,Phillip,Coleman,19,160294,WY,2022-02-08
9616,Brianna,Odom,64,133191,FL,2023-05-07
9617,Deborah,Campbell,78,127710,IN,2016-11-20
9618,Carla,Green,66,173283,CT,2017-02-23
9619,Carol,Hubbard,63,58391,MA,2026-03-18
9620,Sabrina,Rose,46,88736,RI,2019-07-27
9621,James,Booker,54,36525,KS,2025-01-08
9622,Veronica,Smith,43,232166,FM,2021-05-20
9623,James,Greene,32,147200,SD,2024-03-18
9624,Jeffery,Rasmussen,41,154991,AR,2019-08-16
9625,Dalton,Price,54,58560,NM,2020-09-05
9626,Ashlee,Joseph,59,111424,AS,2020-08-19
9627,Adam,Fitzgerald,39,67688,OR,2020-02-26
9628,Ryan,Dalton,69,195128,GU,2025-07-08
9629,Shelly,Ramos,80,51924,AL,2017-01-26
9630,Robert,Spears,24,177032,VT,2017-05-26
9631,Steve,Black,28,84442,IL,2020-06-27
9632,Angela,Williams,73,158401,OK,2020-01-18
9633,Richard,Reeves,55,95527,VI,2020-10-31
9634,Elizabeth,Harris,23,67048,FL,2024-01-18
9635,Michelle,Lewis,43,191608,HI,2023-05-26
9636,Kristine,Beard,71,154129,OH,2017-09-30
9637,Craig,Rogers,51,219538,NV,2024-06-25
9638,Matthew,Cabrera,71,178541,KY,2020-12-30
9639,Michael,Howe,66,90930,WY,2025-06-21
9640,Lauren,Moore,21,231171,UT,2021-02-16
9641,Kevin,Watts,49,96066,IN,2019-03-28
9642,Alison,Cross,44,111646,IL,2025-11-15
9643,Amber,Camacho,65,118570,FM,2016-08-23
9644,Richard,Perez,71,69482,RI,2019-10-18
9645,William,Edwards,20,114264,AZ,2022-05-16
9646,Brittany,Henderson,62,178193,MH,2024-08-05
9647,Mary,Copeland,56,136570,RI,2021-09-21
9648,Tammy,Gray,73,31460,VA,2022-07-21
9649,Nicholas,Solis,35,210983,VT,2020-07-10
9650,Daniel,Berg,31,227928,VT,2019-09-02
9651,David,Collins,53,238324,FM,2025-11-20
9652,Kimberly,Bennett,49,173022,ME,2019-09-29
9653,Katherine,Ferguson,49,112055,FM,2019-11-12
9654,Olivia,Hernandez,79,200920,PW,2026-03-11
9655,Kristin,Blackburn,33,114367,GU,2025-09-09
9656,Michelle,Moore,47,215825,MT,2018-04-14
9657,Amy,Fernandez,48,164855,WI,2017-04-28
9658,Jerry,Newton,53,223903,VA,2024-05-26
9659,Michael,Brooks,64,51347,AR,2021-09-23
9660,Deborah,Bell,76,57536,NM,2023-04-24
9661,Kevin,Chavez,45,213305,VI,2019-06-03
9662,Pamela,Anderson,22,128483,PA,2020-11-15
9663,James,Aguirre,26,228413,SD,2019-03-19
9664,Jack,Carlson,18,72491,SC,2019-07-08
9665,Karen,Mack,51,226122,AZ,2017-09-23
9666,Andre,Diaz,25,73567,AS,2025-06-09
9667,Heather,Patel,30,144714,MH,2021-03-24
9668,Richard,Martin,73,59796,MI,2023-12-11
9669,Sherry,Hicks,20,141196,DC,2022-11-07
9670,Caitlin,Roberts,49,74753,VT,2022-10-31
9671,Matthew,Herrera,58,240541,NJ,2020-02-01
9672,Jeffrey,White,51,157714,MA,2017-02-25
9673,James,Savage,26,226344,HI,2024-07-15
9674,Joseph,Foster,73,173415,HI,2018-07-19
9675,Destiny,Luna,44,134701,NV,2024-07-16
9676,Mark,Williams,18,107791,IA,2019-03-10
9677,Diana,Lane,25,144158,KS,2025-12-15
9678,Jamie,Kane,36,218728,IA,2025-06-25
9679,Heather,Morrison,77,207388,VA,2018-07-29
9680,Patricia,Jackson,35,166965,VA,2024-12-19
9681,Samantha,Byrd,38,191244,WI,2024-04-10
9682,Karen,Graves,74,127421,KY,2017-01-08
9683,Trevor,Smith,54,200451,MO,2023-06-21
9684,James,Leonard,28,67097,AZ,2025-07-11
9685,Brian,Matthews,36,167167,AL,2026-04-28
9686,Traci,Krause,61,83598,CT,2024-01-30
9687,Erin,Gomez,69,190956,MI,2020-12-04
9688,Jocelyn,Hill,78,217295,IL,2016-09-23
9689,April,Williams,41,166152,NE,2025-02-13
9690,Nichole,Wells,56,95860,CA,2017-01-04
9691,Casey,Marshall,48,151341,WI,2018-08-09
9692,Shelly,Boyd,31,116553,MH,2018-03-04
9693,Joel,Peck,77,225759,IA,2024-02-25
9694,Susan,Young,64,65478,MS,2021-05-01
9695,Cathy,Martinez,28,167462,CA,2018-10-08
9696,Bobby,Jones,63,247424,UT,2018-10-08
9697,Shawn,Hill,48,32574,VA,2021-08-05
9698,Brittany,Stone,38,139131,LA,2017-05-23
9699,Matthew,Jordan,29,69413,SC,2019-05-06
9700,Anthony,Torres,48,47576,WY,2021-08-05
9701,John,Galloway,80,31468,MH,2018-07-30
9702,Robin,Perry,37,213884,MO,2023-11-02
9703,Ryan,Barrera,30,82236,ME,2018-04-20
9704,Mindy,Schmidt,62,54601,IA,2017-03-03
9705,Rachel,Davidson,52,150217,MS,2017-07-06
9706,Joshua,Mitchell,39,54828,DE,2017-05-16
9707,Maria,Hansen,21,193832,UT,2020-05-26
9708,Calvin,Day,47,185832,CO,2024-02-26
9709,Dylan,Smith,28,47503,TX,2022-05-18
9710,Deborah,Johnson,40,196813,WA,2023-11-28
9711,Michael,Nelson,53,89252,NH,2017-10-23
9712,Jason,Bell,40,194841,NY,2018-09-13
9713,Yolanda,Johnson,18,80499,LA,2018-09-20
9714,Jennifer,Wright,35,104498,NJ,2026-01-28
9715,Lisa,Foster,70,141716,KY,2025-12-22
9716,Keith,Baker,55,221187,FM,2018-01-29
9717,Megan,Miller,37,126278,AZ,2017-06-24
9718,Jared,Chase,57,231061,DC,2020-05-13
9719,John,Barker,43,96781,ID,2019-03-30
9720,Garrett,Lopez,53,171824,AK,2016-11-27
9721,Audrey,Huffman,59,202849,SD,2019-04-01
9722,Barbara,Perez,30,50309,NM,2019-02-13
9723,Thomas,Whitney,55,69956,PW,2021-08-01
9724,Angela,Porter,24,221537,FL,2024-07-29
9725,Derek,Douglas,31,103396,RI,2018-07-07
9726,Michael,Wallace,29,98927,GA,2025-05-26
9727,Cynthia,Hopkins,54,56823,MP,2017-05-15
9728,Jacqueline,Robinson,26,238898,NY,2023-11-12
9729,Amanda,Hunt,51,183961,DE,2023-03-03
9730,Chelsea,Valenzuela,59,230816,MS,2018-04-03
9731,Steven,Morrison,42,116549,UT,2025-10-20
9732,Brooke,Finley,54,232369,MH,2023-05-05
9733,Hayley,Warner,72,185233,NE,2025-10-26
9734,Robert,Peterson,56,102676,NC,2019-02-11
9735,Cory,Cantu,79,241628,GA,2025-10-21
9736,Chad,Orozco,65,191451,CO,2016-07-23
9737,Gina,West,60,154100,MO,2020-03-20
9738,Daniel,Duncan,31,74066,CA,2022-09-30
9739,Brian,Vega,18,235354,MD,2025-09-11
9740,Joseph,Richardson,32,86739,AZ,2017-12-12
9741,Melinda,Larsen,23,240594,LA,2019-09-04
9742,Seth,Holt,57,68401,SC,2023-02-21
9743,Bradley,Zhang,27,73206,NY,2025-05-16
9744,Kristen,Miller,48,30064,SD,2016-07-13
9745,Kevin,Snyder,38,50391,IA,2025-03-09
9746,Rachel,Mason,75,43681,MA,2017-08-04
9747,Rebecca,Evans,26,164140,MP,2018-09-10
9748,Victor,Harvey,69,145261,OR,2025-08-11
9749,Jeffrey,Jefferson,45,204284,NM,2024-05-28
9750,Sara,Arnold,48,115744,IA,2018-06-01
9751,Kenneth,Jones,37,161170,SD,2017-11-28
9752,Ellen,Hammond,66,60748,HI,2026-01-27
9753,Steven,Cox,33,176838,VT,2019-02-12
9754,Mary,Jones,43,128909,WI,2016-12-09
9755,Angela,Spencer,67,131064,NV,2022-05-28
9756,Brent,Moore,63,154381,TN,2019-06-23
9757,Jennifer,Carroll,40,111726,HI,2025-03-09
9758,Gordon,Nelson,71,166835,SC,2020-08-01
9759,Joseph,Turner,38,169116,NE,2019-03-22
9760,Kristen,Griffin,23,188696,NV,2022-10-12
9761,Lauren,Strong,71,86072,IA,2018-07-05
9762,Jennifer,Hernandez,79,73546,PW,2016-10-06
9763,Reginald,Hunter,78,196138,FM,2020-04-11
9764,Tyler,Thompson,71,102807,WI,2022-07-02
9765,Brandy,Davenport,63,67456,MO,2021-06-04
9766,Mitchell,Estrada,71,144620,NJ,2025-02-07
9767,Emily,Ruiz,53,145775,MS,2021-08-13
9768,Julie,Nguyen,49,212216,NH,2018-05-05
9769,Cory,Brown,68,95677,PW,2018-07-05
9770,Breanna,French,61,61520,FL,2017-07-29
9771,Jessica,Martin,53,144141,MA,2021-05-24
9772,Theresa,Gray,59,121273,ME,2017-08-06
9773,Samantha,Haynes,29,36631,SC,2018-10-18
9774,Lori,Frank,73,125862,NJ,2025-10-31
9775,Robert,Simmons,72,152178,MS,2024-08-15
9776,Jessica,Yang,67,205646,IL,2024-03-10
9777,Nancy,Gray,40,220969,MO,2024-11-07
9778,Michele,Navarro,45,86041,WV,2025-09-18
9779,James,Hess,57,176746,AK,2022-01-09
9780,Matthew,Nichols,74,80065,UT,2022-04-21
9781,Robert,Payne,42,128095,WI,2017-10-02
9782,Kenneth,Carroll,29,225986,MT,2021-01-24
9783,Matthew,Clark,18,81337,NV,2024-03-13
9784,Julia,Singleton,46,124631,TX,2016-07-03
9785,Cody,Young,51,81088,GU,2019-08-10
9786,Donna,Hernandez,18,183665,KS,2018-04-13
9787,Bryan,Chandler,37,116101,SD,2024-11-30
9788,Justin,Proctor,24,126696,WI,2021-11-06
9789,Deanna,Soto,76,96521,IN,2025-06-08
9790,Kelly,Miller,50,33406,NC,2019-10-09
9791,Gina,Keller,56,101572,TN,2025-10-16
9792,Amanda,Hall,20,199664,FL,2019-04-21
9793,Nicholas,Simon,35,198211,AL,2020-06-24
9794,Crystal,Smith,48,134410,MP,2021-01-21
9795,Christopher,Pierce,20,212320,PA,2021-10-11
9796,James,Moore,63,96332,CA,2018-09-23
9797,Brittany,Herrera,35,193910,AZ,2017-12-24
9798,William,Gray,21,179993,NJ,2025-08-02
9799,Victor,Weber,70,37976,NC,2018-04-12
9800,Randy,Vasquez,73,218227,AS,2020-07-21
9801,Amanda,Cooley,77,153419,VA,2024-12-26
9802,Janice,Mendoza,56,195737,MI,2025-07-20
9803,David,Jacobs,47,158529,WY,2019-03-10
9804,William,Cox,29,154111,MH,2018-07-01
9805,Mary,Wagner,65,199750,GA,2023-06-07
9806,Alice,Alvarez,66,173022,NV,2022-09-30
9807,Christopher,Robertson,69,57233,VI,2019-10-25
9808,Angel,Oconnor,20,126871,TN,2019-05-01
9809,Larry,Carlson,19,190673,VI,2022-04-22
9810,Kristy,Williams,75,216990,SC,2025-04-17
9811,Meghan,Price,27,214979,ID,2016-07-02
9812,Heather,Davis,65,76375,ND,2020-12-28
9813,Christopher,Hill,73,64510,TX,2020-10-28
9814,Sherri,Norton,23,139988,WY,2024-10-05
9815,Rebecca,Thomas,71,61307,ND,2016-10-26
9816,Justin,Hodge,21,146228,VA,2025-01-25
9817,Robert,Patel,58,216277,WY,2023-02-15
9818,Gregory,Costa,21,112375,MD,2020-12-11
9819,Mary,Valenzuela,24,172628,NH,2020-05-02
9820,Melissa,Barker,35,80903,WI,2025-05-02
9821,Tiffany,Hoffman,59,190957,VT,2019-03-07
9822,Jesse,Hebert,65,34371,NM,2018-01-27
9823,Lisa,Andersen,39,249486,GU,2025-02-15
9824,Cody,Noble,61,112963,OR,2018-10-15
9825,Thomas,Hawkins,75,215941,MN,2021-02-16
9826,Melinda,Willis,28,183838,WY,2024-08-29
9827,Peter,Torres,64,126011,MS,2019-04-09
9828,Rachel,Savage,51,33714,AS,2019-09-16
9829,Taylor,Torres,78,204193,NY,2018-11-07
9830,Paige,Vaughn,43,139151,SC,2022-02-11
9831,Jessica,Chapman,71,205039,SC,2025-09-29
9832,Megan,Collins,60,46117,NM,2016-09-01
9833,Marie,Garrett,22,80578,TN,2024-04-11
9834,Trevor,Brown,70,229568,VT,2022-03-01
9835,Michael,Guerrero,50,68669,OK,2018-07-31
9836,Kimberly,Walters,64,99897,DC,2019-12-23
9837,Dwayne,Williams,23,75242,VT,2022-06-04
9838,Michael,Mcdaniel,46,41667,GU,2025-03-14
9839,Debra,Jordan,35,189522,AL,2022-11-18
9840,Brian,Bates,30,210542,MT,2021-06-29
9841,Kaitlyn,Brooks,50,137282,CA,2020-07-13
9842,Alexander,Price,29,196540,ND,2020-04-18
9843,Barry,Ford,65,249639,SC,2023-08-05
9844,Jordan,Matthews,78,30845,NM,2019-04-09
9845,Karen,Sullivan,37,101765,WA,2022-08-22
9846,Jill,Preston,53,121929,TN,2019-03-22
9847,Ivan,Jones,25,119509,WA,2019-06-03
9848,Maria,Jordan,47,178943,WV,2020-12-22
9849,Rebecca,Wilson,71,212528,ID,2017-04-08
9850,Bryan,Oliver,23,178423,DC,2018-11-19
9851,Rose,Gaines,77,151374,MN,2022-01-24
9852,Kelly,Yates,23,60477,SD,2016-07-14
9853,Heather,Parsons,76,53740,NV,2019-12-26
9854,Matthew,Thompson,29,221247,ND,2017-09-02
9855,Kimberly,Barrett,23,78669,AR,2022-09-04
9856,Mark,Boyd,38,184966,MD,2019-01-27
9857,Beth,Parker,58,35271,DE,2026-03-06
9858,Tracy,Baird,67,74390,IN,2024-05-17
9859,Christopher,Dixon,68,32736,WI,2023-09-08
9860,Felicia,Blevins,31,197233,OR,2024-06-02
9861,Jennifer,Lewis,41,150677,VA,2023-11-14
9862,Oscar,Ward,23,219864,MS,2023-07-08
9863,Katherine,Smith,78,94679,NC,2024-06-18
9864,Mary,Wilson,37,249495,AK,2017-07-15
9865,Donald,Eaton,61,198379,MN,2022-08-03
9866,Cody,Mitchell,78,80092,AZ,2023-09-05
9867,Kelly,Diaz,65,228136,MT,2023-07-16
9868,Tina,Gilbert,65,64795,RI,2024-09-01
9869,John,Neal,37,43981,IL,2021-05-07
9870,Lauren,Holland,42,215051,AZ,2018-02-18
9871,Jean,Lynch,36,76662,GA,2016-12-21
9872,Douglas,Mahoney,35,66811,GA,2018-06-20
9873,Emily,Huber,54,112717,MP,2025-06-27
9874,Jeremy,Huff,44,89234,WV,2025-12-14
9875,Marie,Decker,71,79347,PA,2024-09-22
9876,Derrick,Wood,35,82225,HI,2017-10-19
9877,Rachel,Anderson,29,107314,AK,2024-09-20
9878,Daniel,White,34,212860,AZ,2023-08-31
9879,Craig,Johnson,46,99348,ND,2017-07-15
9880,Chad,Hines,23,158420,KS,2021-04-04
9881,Thomas,Krause,40,181701,OH,2019-06-14
9882,Laura,Alvarez,41,121451,MH,2021-05-08
9883,Olivia,Rodriguez,67,198250,IL,2025-04-14
9884,Timothy,Dennis,51,147879,UT,2025-01-07
9885,Leslie,Hampton,71,195419,DC,2019-05-15
9886,Joy,Thomas,61,248033,TN,2022-07-31
9887,Max,Hernandez,28,39628,AS,2026-05-26
9888,Brian,Wong,78,248817,IN,2017-11-05
9889,Tim,Cole,55,131103,NJ,2019-07-04
9890,Shelly,Thomas,27,171020,LA,2018-04-12
9891,William,Rose,54,85223,AL,2022-06-20
9892,Tanya,Little,62,143732,TX,2025-03-01
9893,James,Walters,40,199347,MD,2025-05-09
9894,Tasha,Ramos,69,208786,IL,2017-05-19
9895,Madison,Rose,68,105678,RI,2021-06-26
9896,Andrew,Jones,31,119700,MT,2024-04-24
9897,Heather,Smith,62,162059,DE,2021-12-10
9898,Christopher,Valenzuela,53,247542,WA,2016-12-21
9899,Jordan,Bishop,65,238219,MI,2020-03-13
9900,Christina,Clarke,35,53791,WA,2018-07-30
9901,Paige,Martinez,50,232744,KY,2018-07-04
9902,Nicholas,Hayes,31,97689,VA,2019-04-21
9903,Tyler,Briggs,31,152601,DE,2024-09-06
9904,Nathan,Caldwell,34,38243,DC,2021-07-16
9905,Danielle,Cobb,77,60224,DC,2022-10-06
9906,Kevin,Moore,51,202577,VA,2017-07-26
9907,Lauren,Hill,58,78870,WI,2020-09-05
9908,Shawn,Klein,48,66651,MO,2021-08-30
9909,Brenda,Lee,47,183831,TN,2018-04-11
9910,Paul,Snow,38,127591,ND,2017-09-17
9911,Nicholas,Owens,54,129066,KS,2016-08-20
9912,Tracy,Davis,60,184243,MD,2017-08-25
9913,Joseph,Vazquez,75,38873,MT,2016-08-28
9914,Catherine,Wright,38,213838,DC,2022-09-20
9915,Henry,Foster,24,195012,TN,2019-05-29
9916,Patrick,Jennings,40,32070,WA,2017-05-22
9917,Sheila,Smith,28,140469,GA,2020-04-05
9918,Jessica,Duncan,48,117742,MH,2016-12-16
9919,Carrie,Wells,39,199838,SD,2022-07-27
9920,Christopher,Gonzales,75,56268,FM,2018-09-09
9921,Carol,Nash,29,123848,MS,2019-07-07
9922,Kevin,Riley,37,72662,LA,2024-10-23
9923,Vincent,Rich,47,173334,MH,2019-10-08
9924,Allison,Wallace,29,227144,AK,2020-06-30
9925,Bryan,Ellis,19,145083,FM,2019-10-31
9926,Michael,Campbell,69,191641,MI,2019-01-14
9927,Stephen,Thompson,47,185602,ID,2022-06-10
9928,Ryan,Hoffman,54,212058,MT,2017-01-14
9929,Jonathan,Wilson,45,221615,ID,2022-06-16
9930,April,Hall,43,154144,IL,2018-08-22
9931,Brandon,Martinez,71,93855,CT,2026-04-14
9932,Heather,Reynolds,34,219627,KS,2020-12-26
9933,Richard,Chavez,41,187533,NC,2023-05-19
9934,Zachary,Young,39,156499,MH,2016-08-06
9935,Susan,White,61,135159,DC,2021-05-31
9936,Adam,Willis,37,40519,AL,2022-10-30
9937,Amy,Watts,80,91421,MA,2016-06-15
9938,Laura,Oneill,66,162896,UT,2023-11-02
9939,Anne,Johnson,24,140358,ME,2018-07-08
9940,Grace,Hayes,45,232918,MP,2017-09-15
9941,Shawn,Flores,35,181385,CA,2017-05-03
9942,Valerie,Martinez,43,185471,MH,2022-03-07
9943,Holly,Dickson,19,72998,CA,2022-09-09
9944,Tyler,Perez,50,73616,TX,2022-08-10
9945,Samantha,Cox,77,108795,AK,2019-03-05
9946,Holly,Ramirez,74,186460,LA,2018-07-14
9947,Linda,Peterson,79,212879,GU,2016-10-25
9948,Javier,Jordan,78,167385,AL,2021-03-19
9949,Debbie,Watson,30,178894,IN,2018-06-02
9950,Brian,Patel,66,66581,AR,2022-10-16
9951,Jonathan,Robinson,26,203908,VI,2021-11-14
9952,Heather,Scott,39,236718,MT,2017-05-23
9953,Adam,Allen,79,44103,AL,2019-04-02
9954,Kayla,Long,80,53697,AL,2022-02-26
9955,Ebony,Chan,37,237844,LA,2021-03-29
9956,Carolyn,James,67,67083,MP,2021-01-16
9957,Jonathan,Nichols,69,120728,ND,2016-10-10
9958,Joshua,Silva,47,133807,ID,2022-01-16
9959,Annette,Santana,28,150740,UT,2026-02-05
9960,Madeline,Elliott,18,202650,VA,2023-01-18
9961,Thomas,Miller,27,82535,MT,2021-03-30
9962,Jennifer,Martinez,74,75106,DC,2019-01-29
9963,Paul,Fowler,37,110616,WI,2024-07-30
9964,Sara,Lowery,23,78390,CO,2024-12-21
9965,Allison,Peterson,33,83299,ID,2026-04-29
9966,Eric,Colon,45,53636,WA,2020-01-24
9967,Lisa,Robertson,64,94155,FL,2019-03-18
9968,April,Navarro,27,209493,CO,2018-10-30
9969,John,Shaffer,53,233321,MI,2025-02-21
9970,Amy,Silva,41,31296,WI,2021-01-28
9971,Brittany,Perez,48,71767,NE,2019-03-06
9972,Jennifer,Garner,40,56191,OH,2023-03-04
9973,Kimberly,White,48,174134,PW,2016-11-21
9974,Ashley,Wagner,61,133297,ME,2022-07-31
9975,Kristie,Hood,62,85703,KS,2022-07-04
9976,Matthew,Wilson,76,153812,NE,2020-05-11
9977,Gary,Glenn,60,128642,OH,2020-07-27
9978,Eric,Valenzuela,71,151499,MD,2019-04-29
9979,Mary,Contreras,63,93633,IN,2017-11-21
9980,Casey,Leonard,66,55119,WI,2022-12-10
9981,Natalie,Guzman,42,63686,TN,2022-01-31
9982,Eric,Rice,38,230027,NY,2019-07-19
9983,Damon,Henderson,77,65003,AL,2024-08-22
9984,Kimberly,Lewis,43,232705,NJ,2021-02-19
9985,Sarah,Rojas,38,104237,AR,2016-08-19
9986,Judith,Baker,70,206881,MT,2016-11-14
9987,Steven,Finley,64,141304,CT,2018-11-09
9988,Marie,Sanders,56,133245,MS,2016-07-04
9989,Valerie,Munoz,52,48784,MI,2018-09-25
9990,Steven,Wyatt,40,158007,NJ,2023-02-21
9991,David,Johnson,60,224099,OH,2025-10-05
9992,Julie,Coleman,80,183728,NC,2017-06-24
9993,Carrie,Bell,19,88115,AL,2025-01-19
9994,Matthew,Rogers,74,189520,UT,2024-01-10
9995,Jessica,Mathis,29,231285,AZ,2025-06-16
9996,Joseph,Garcia,33,126765,MA,2023-03-07
9997,Kurt,Miller,41,119089,NE,2022-07-11
9998,Harold,Clayton,50,245806,AK,2019-09-19
9999,Bill,Cooper,18,190056,AL,2018-04-16
10000,Shelley,Smith,56,227049,FL,2025-03-22
